Department,PI_Name,Total_GPU_Hours_FY2026,Total_CPU_Hours_FY2026,Storage_Used_TB,Peak_Concurrent_GPUs,Avg_Queue_Wait_Min,Avg_Job_Duration_Hr,Total_Jobs,Job_Success_PCT,Satisfaction,Budget_Contribution,_Sheet,Month,Month_Num,GPU_Hours,CPU_Hours,Jobs,Avg_Wait_Min,Peak_GPUs,Storage_Delta_TB,Avg_GPU_Util_PCT,Avg_Mem_Util_PCT,Preempted_Jobs,Failed_Jobs,Energy_kWh,Min_GPUs_Per_Node,Min_GPU_Memory_GB,Min_Network_Gbps,Min_Storage_GBps,Special_Requirements,Preferred_Priority,Files_M,New_Data_TB,Deleted_TB,Avg_File_KB,Software,Avg_Monthly_Sessions,Peak_Concurrent,Avg_Session_Hours,GPU_Hours_Monthly,CPU_Hours_Monthly,Avg_Wait_GPU_Min,Avg_Wait_CPU_Min,P95_Wait_GPU_Min,P99_Wait_GPU_Min,Jobs_Timed_Out,Jobs_Preempted,Category,Avg_Runtime_Hr,Avg_GPU_Util,Avg_Mem_GB,Avg_IB_GBps,Avg_Energy_kWh,Response_ID,Role,Top_Issue,Comment,Date,User_ID,Jobs_Submitted,Jobs_Completed,Jobs_Failed,Max_Wait_Min,GPU_Util_Avg_PCT,Mem_Used_Avg_GB,Storage_Read_GB,Storage_Write_GB,IO_Wait_PCT,Network_GB,Overall_Score,Queue_Wait_Score,Storage_Score,Support_Score,GPU_Avail_Score,Comments,Sessions,Peak_Memory_GB
Physics,Dr. Elena Vasquez,312500.0,543410.0,85.0,64.0,52.0,18.5,187421.0,94.2,3.8,125000.0,Usage Summary,,,,,,,,,,,,,,,,,,,,,,,,,,,,,,,,,,,,,,,,,,,,,,,,,,,,,,,,,,,,,,,,,
Chemistry,,,,,,,,,,,,Monthly GPU Hours,May,5.0,16780.0,28198.0,1511.0,51.0,20.0,0.7,94.6,61.3,6.0,18.0,92295.0,,,,,,,,,,,,,,,,,,,,,,,,,,,,,,,,,,,,,,,,,,,,,,,,,,,,
Mathematics,,,,,,,,,,,,Monthly GPU Hours,May,5.0,4613.0,7899.0,236.0,50.0,44.0,-1.4,52.8,63.3,21.0,11.0,25377.0,,,,,,,,,,,,,,,,,,,,,,,,,,,,,,,,,,,,,,,,,,,,,,,,,,,,
Earth Sciences,,,,,,,,,,,,Infrastructure Requirements,,,,,,,,,,,,,,8.0,40.0,200.0,60.0,WRF needs parallel I/O; MPI collective optimization critical,Low,,,,,,,,,,,,,,,,,,,,,,,,,,,,,,,,,,,,,,,,,,,,,,
Chemistry,,,,51.8,,,,,,,,Storage Growth,Sep,,,,,,,,,,,,,,,,,,,34.2,2.0,2.3,38517.0,,,,,,,,,,,,,,,,,,,,,,,,,,,,,,,,,,,,,,,,,,
Mathematics,,,,14.2,,,,,,,,Storage Growth,Sep,,,,,,,,,,,,,,,,,,,15.1,2.4,2.7,4701.0,,,,,,,,,,,,,,,,,,,,,,,,,,,,,,,,,,,,,,,,,,
Physics,,,,,,,,,,,,Software Usage,,,,,,,,,,,,,,,,,,,,,,,,MATLAB,162.0,2.0,22.5,2991.0,6943.0,,,,,,,,,,,,,,,,,,,,,,,,,,,,,,,,,,,,
Physics,,,,,,,,,,,,Software Usage,,,,,,,,,,,,,,,,,,,,,,,,ANSYS,43.0,9.0,18.1,4839.0,6590.0,,,,,,,,,,,,,,,,,,,,,,,,,,,,,,,,,,,,
Physics,,,,,,,,,,,,Software Usage,,,,,,,,,,,,,,,,,,,,,,,,Gaussian,93.0,32.0,6.9,3293.0,7101.0,,,,,,,,,,,,,,,,,,,,,,,,,,,,,,,,,,,,
Physics,,,,,,,,,,,,Software Usage,,,,,,,,,,,,,,,,,,,,,,,,GROMACS,94.0,10.0,19.5,166.0,1075.0,,,,,,,,,,,,,,,,,,,,,,,,,,,,,,,,,,,,
Physics,,,,,,,,,,,,Software Usage,,,,,,,,,,,,,,,,,,,,,,,,VASP,196.0,10.0,5.2,209.0,9900.0,,,,,,,,,,,,,,,,,,,,,,,,,,,,,,,,,,,,
Physics,,,,,,,,,,,,Software Usage,,,,,,,,,,,,,,,,,,,,,,,,TensorFlow,10.0,40.0,13.6,972.0,403.0,,,,,,,,,,,,,,,,,,,,,,,,,,,,,,,,,,,,
Physics,,,,,,,,,,,,Software Usage,,,,,,,,,,,,,,,,,,,,,,,,PyTorch,109.0,25.0,1.9,860.0,4147.0,,,,,,,,,,,,,,,,,,,,,,,,,,,,,,,,,,,,
Physics,,,,,,,,,,,,Software Usage,,,,,,,,,,,,,,,,,,,,,,,,RELION,64.0,40.0,12.9,1633.0,2574.0,,,,,,,,,,,,,,,,,,,,,,,,,,,,,,,,,,,,
Physics,,,,,,,,,,,,Software Usage,,,,,,,,,,,,,,,,,,,,,,,,WRF,32.0,49.0,22.8,1750.0,3511.0,,,,,,,,,,,,,,,,,,,,,,,,,,,,,,,,,,,,
Physics,,,,,,,,,,,,Software Usage,,,,,,,,,,,,,,,,,,,,,,,,Mathematica,52.0,34.0,12.8,1360.0,7375.0,,,,,,,,,,,,,,,,,,,,,,,,,,,,,,,,,,,,
Physics,,,,,,,,,,,,Software Usage,,,,,,,,,,,,,,,,,,,,,,,,Abaqus,126.0,5.0,4.5,1299.0,8473.0,,,,,,,,,,,,,,,,,,,,,,,,,,,,,,,,,,,,
Physics,,,,,,,,,,,,Software Usage,,,,,,,,,,,,,,,,,,,,,,,,COMSOL,66.0,28.0,6.4,3942.0,1939.0,,,,,,,,,,,,,,,,,,,,,,,,,,,,,,,,,,,,
Physics,,,,,,,,,,,,Software Usage,,,,,,,,,,,,,,,,,,,,,,,,LAMMPS,35.0,15.0,19.2,4626.0,3040.0,,,,,,,,,,,,,,,,,,,,,,,,,,,,,,,,,,,,
Physics,,,,,,,,,,,,Software Usage,,,,,,,,,,,,,,,,,,,,,,,,Amber,146.0,30.0,20.0,2052.0,6554.0,,,,,,,,,,,,,,,,,,,,,,,,,,,,,,,,,,,,
Physics,,,,,,,,,,,,Software Usage,,,,,,,,,,,,,,,,,,,,,,,,NAMD,13.0,34.0,0.6,1635.0,7438.0,,,,,,,,,,,,,,,,,,,,,,,,,,,,,,,,,,,,
Physics,,,,,,,,,,,,Software Usage,,,,,,,,,,,,,,,,,,,,,,,,OpenFOAM,193.0,41.0,3.1,284.0,2513.0,,,,,,,,,,,,,,,,,,,,,,,,,,,,,,,,,,,,
Physics,,,,,,,,,,,,Software Usage,,,,,,,,,,,,,,,,,,,,,,,,CP2K,108.0,4.0,12.6,1269.0,6435.0,,,,,,,,,,,,,,,,,,,,,,,,,,,,,,,,,,,,
Physics,,,,,,,,,,,,Software Usage,,,,,,,,,,,,,,,,,,,,,,,,Quantum ESPRESSO,195.0,4.0,23.6,2778.0,8317.0,,,,,,,,,,,,,,,,,,,,,,,,,,,,,,,,,,,,
Physics,,,,,,,,,,,,Software Usage,,,,,,,,,,,,,,,,,,,,,,,,ParaView,95.0,34.0,5.3,1025.0,5822.0,,,,,,,,,,,,,,,,,,,,,,,,,,,,,,,,,,,,
Physics,,,,,,,,,,,,Software Usage,,,,,,,,,,,,,,,,,,,,,,,,VMD,45.0,43.0,9.6,1472.0,275.0,,,,,,,,,,,,,,,,,,,,,,,,,,,,,,,,,,,,
Physics,,,,,,,,,,,,Software Usage,,,,,,,,,,,,,,,,,,,,,,,,Schrodinger,160.0,26.0,19.9,3510.0,4162.0,,,,,,,,,,,,,,,,,,,,,,,,,,,,,,,,,,,,
Physics,,,,,,,,,,,,Software Usage,,,,,,,,,,,,,,,,,,,,,,,,R,118.0,21.0,3.8,120.0,4770.0,,,,,,,,,,,,,,,,,,,,,,,,,,,,,,,,,,,,
Physics,,,,,,,,,,,,Software Usage,,,,,,,,,,,,,,,,,,,,,,,,Jupyter,129.0,21.0,7.7,968.0,6272.0,,,,,,,,,,,,,,,,,,,,,,,,,,,,,,,,,,,,
Physics,,,,,,,,,,,,Software Usage,,,,,,,,,,,,,,,,,,,,,,,,STATA,43.0,33.0,1.5,4738.0,6595.0,,,,,,,,,,,,,,,,,,,,,,,,,,,,,,,,,,,,
Physics,,,,,,,,,,,,Software Usage,,,,,,,,,,,,,,,,,,,,,,,,CUDA Toolkit,20.0,17.0,17.7,2505.0,3984.0,,,,,,,,,,,,,,,,,,,,,,,,,,,,,,,,,,,,
Physics,,,,,,,,,,,,Software Usage,,,,,,,,,,,,,,,,,,,,,,,,Intel OneAPI,170.0,46.0,19.7,3852.0,2527.0,,,,,,,,,,,,,,,,,,,,,,,,,,,,,,,,,,,,
Physics,,,,,,,,,,,,Software Usage,,,,,,,,,,,,,,,,,,,,,,,,ARM Forge,68.0,49.0,4.3,361.0,2200.0,,,,,,,,,,,,,,,,,,,,,,,,,,,,,,,,,,,,
Physics,,,,,,,,,,,,Software Usage,,,,,,,,,,,,,,,,,,,,,,,,TotalView,146.0,41.0,18.2,2754.0,1572.0,,,,,,,,,,,,,,,,,,,,,,,,,,,,,,,,,,,,
Physics,,,,,,,,,,,,Software Usage,,,,,,,,,,,,,,,,,,,,,,,,GenomicsToolkit,83.0,6.0,11.6,1803.0,8372.0,,,,,,,,,,,,,,,,,,,,,,,,,,,,,,,,,,,,
Physics,,,,,,,,,,,,Software Usage,,,,,,,,,,,,,,,,,,,,,,,,Custom CUDA,2.0,25.0,20.9,3739.0,3088.0,,,,,,,,,,,,,,,,,,,,,,,,,,,,,,,,,,,,
Biology,,,,,,,,,,,,Software Usage,,,,,,,,,,,,,,,,,,,,,,,,MATLAB,37.0,37.0,21.8,2361.0,1334.0,,,,,,,,,,,,,,,,,,,,,,,,,,,,,,,,,,,,
Biology,,,,,,,,,,,,Software Usage,,,,,,,,,,,,,,,,,,,,,,,,ANSYS,4.0,39.0,4.2,746.0,5008.0,,,,,,,,,,,,,,,,,,,,,,,,,,,,,,,,,,,,
Biology,,,,,,,,,,,,Software Usage,,,,,,,,,,,,,,,,,,,,,,,,Gaussian,108.0,30.0,20.7,1719.0,2302.0,,,,,,,,,,,,,,,,,,,,,,,,,,,,,,,,,,,,
Biology,,,,,,,,,,,,Software Usage,,,,,,,,,,,,,,,,,,,,,,,,GROMACS,32.0,42.0,4.9,3485.0,1889.0,,,,,,,,,,,,,,,,,,,,,,,,,,,,,,,,,,,,
Biology,,,,,,,,,,,,Software Usage,,,,,,,,,,,,,,,,,,,,,,,,VASP,146.0,37.0,2.8,4682.0,359.0,,,,,,,,,,,,,,,,,,,,,,,,,,,,,,,,,,,,
Biology,,,,,,,,,,,,Software Usage,,,,,,,,,,,,,,,,,,,,,,,,TensorFlow,127.0,41.0,17.5,1786.0,7352.0,,,,,,,,,,,,,,,,,,,,,,,,,,,,,,,,,,,,
Biology,,,,,,,,,,,,Software Usage,,,,,,,,,,,,,,,,,,,,,,,,PyTorch,63.0,36.0,16.8,2342.0,8191.0,,,,,,,,,,,,,,,,,,,,,,,,,,,,,,,,,,,,
Biology,,,,,,,,,,,,Software Usage,,,,,,,,,,,,,,,,,,,,,,,,RELION,162.0,33.0,3.6,327.0,9643.0,,,,,,,,,,,,,,,,,,,,,,,,,,,,,,,,,,,,
Biology,,,,,,,,,,,,Software Usage,,,,,,,,,,,,,,,,,,,,,,,,WRF,42.0,22.0,17.9,4554.0,1508.0,,,,,,,,,,,,,,,,,,,,,,,,,,,,,,,,,,,,
Biology,,,,,,,,,,,,Software Usage,,,,,,,,,,,,,,,,,,,,,,,,Mathematica,91.0,8.0,4.0,3186.0,3339.0,,,,,,,,,,,,,,,,,,,,,,,,,,,,,,,,,,,,
Biology,,,,,,,,,,,,Software Usage,,,,,,,,,,,,,,,,,,,,,,,,Abaqus,179.0,36.0,12.3,3817.0,7289.0,,,,,,,,,,,,,,,,,,,,,,,,,,,,,,,,,,,,
Biology,,,,,,,,,,,,Software Usage,,,,,,,,,,,,,,,,,,,,,,,,COMSOL,68.0,8.0,5.4,2012.0,9997.0,,,,,,,,,,,,,,,,,,,,,,,,,,,,,,,,,,,,
Biology,,,,,,,,,,,,Software Usage,,,,,,,,,,,,,,,,,,,,,,,,LAMMPS,167.0,35.0,2.1,3679.0,4010.0,,,,,,,,,,,,,,,,,,,,,,,,,,,,,,,,,,,,
Biology,,,,,,,,,,,,Software Usage,,,,,,,,,,,,,,,,,,,,,,,,Amber,44.0,33.0,1.6,4378.0,1705.0,,,,,,,,,,,,,,,,,,,,,,,,,,,,,,,,,,,,
Biology,,,,,,,,,,,,Software Usage,,,,,,,,,,,,,,,,,,,,,,,,NAMD,66.0,7.0,5.1,1004.0,6067.0,,,,,,,,,,,,,,,,,,,,,,,,,,,,,,,,,,,,
Biology,,,,,,,,,,,,Software Usage,,,,,,,,,,,,,,,,,,,,,,,,OpenFOAM,29.0,31.0,17.9,3764.0,1837.0,,,,,,,,,,,,,,,,,,,,,,,,,,,,,,,,,,,,
Biology,,,,,,,,,,,,Software Usage,,,,,,,,,,,,,,,,,,,,,,,,CP2K,68.0,25.0,12.5,2444.0,436.0,,,,,,,,,,,,,,,,,,,,,,,,,,,,,,,,,,,,
Biology,,,,,,,,,,,,Software Usage,,,,,,,,,,,,,,,,,,,,,,,,Quantum ESPRESSO,168.0,8.0,18.5,671.0,9595.0,,,,,,,,,,,,,,,,,,,,,,,,,,,,,,,,,,,,
Biology,,,,,,,,,,,,Software Usage,,,,,,,,,,,,,,,,,,,,,,,,ParaView,1.0,47.0,13.3,1714.0,2695.0,,,,,,,,,,,,,,,,,,,,,,,,,,,,,,,,,,,,
Biology,,,,,,,,,,,,Software Usage,,,,,,,,,,,,,,,,,,,,,,,,VMD,155.0,6.0,13.3,843.0,1725.0,,,,,,,,,,,,,,,,,,,,,,,,,,,,,,,,,,,,
Biology,,,,,,,,,,,,Software Usage,,,,,,,,,,,,,,,,,,,,,,,,Schrodinger,89.0,4.0,14.7,109.0,9697.0,,,,,,,,,,,,,,,,,,,,,,,,,,,,,,,,,,,,
Biology,,,,,,,,,,,,Software Usage,,,,,,,,,,,,,,,,,,,,,,,,R,141.0,25.0,18.4,3042.0,2936.0,,,,,,,,,,,,,,,,,,,,,,,,,,,,,,,,,,,,
Biology,,,,,,,,,,,,Software Usage,,,,,,,,,,,,,,,,,,,,,,,,Jupyter,143.0,3.0,10.3,2041.0,8402.0,,,,,,,,,,,,,,,,,,,,,,,,,,,,,,,,,,,,
Biology,,,,,,,,,,,,Software Usage,,,,,,,,,,,,,,,,,,,,,,,,STATA,183.0,35.0,20.4,2375.0,6103.0,,,,,,,,,,,,,,,,,,,,,,,,,,,,,,,,,,,,
Biology,,,,,,,,,,,,Software Usage,,,,,,,,,,,,,,,,,,,,,,,,CUDA Toolkit,11.0,24.0,21.8,2301.0,9881.0,,,,,,,,,,,,,,,,,,,,,,,,,,,,,,,,,,,,
Biology,,,,,,,,,,,,Software Usage,,,,,,,,,,,,,,,,,,,,,,,,Intel OneAPI,129.0,34.0,3.3,289.0,5788.0,,,,,,,,,,,,,,,,,,,,,,,,,,,,,,,,,,,,
Biology,,,,,,,,,,,,Software Usage,,,,,,,,,,,,,,,,,,,,,,,,ARM Forge,141.0,6.0,14.8,1370.0,8474.0,,,,,,,,,,,,,,,,,,,,,,,,,,,,,,,,,,,,
Biology,,,,,,,,,,,,Software Usage,,,,,,,,,,,,,,,,,,,,,,,,TotalView,95.0,3.0,17.1,2755.0,5684.0,,,,,,,,,,,,,,,,,,,,,,,,,,,,,,,,,,,,
Biology,,,,,,,,,,,,Software Usage,,,,,,,,,,,,,,,,,,,,,,,,GenomicsToolkit,166.0,34.0,23.8,4206.0,6504.0,,,,,,,,,,,,,,,,,,,,,,,,,,,,,,,,,,,,
Biology,,,,,,,,,,,,Software Usage,,,,,,,,,,,,,,,,,,,,,,,,Custom CUDA,128.0,24.0,7.2,3488.0,1995.0,,,,,,,,,,,,,,,,,,,,,,,,,,,,,,,,,,,,
Chemistry,,,,,,,,,,,,Software Usage,,,,,,,,,,,,,,,,,,,,,,,,MATLAB,93.0,4.0,12.7,1943.0,4099.0,,,,,,,,,,,,,,,,,,,,,,,,,,,,,,,,,,,,
Chemistry,,,,,,,,,,,,Software Usage,,,,,,,,,,,,,,,,,,,,,,,,ANSYS,73.0,47.0,12.2,349.0,7108.0,,,,,,,,,,,,,,,,,,,,,,,,,,,,,,,,,,,,
Chemistry,,,,,,,,,,,,Software Usage,,,,,,,,,,,,,,,,,,,,,,,,Gaussian,159.0,45.0,3.5,4508.0,7706.0,,,,,,,,,,,,,,,,,,,,,,,,,,,,,,,,,,,,
Chemistry,,,,,,,,,,,,Software Usage,,,,,,,,,,,,,,,,,,,,,,,,GROMACS,37.0,36.0,1.9,2234.0,2062.0,,,,,,,,,,,,,,,,,,,,,,,,,,,,,,,,,,,,
Chemistry,,,,,,,,,,,,Software Usage,,,,,,,,,,,,,,,,,,,,,,,,VASP,118.0,42.0,23.8,4415.0,6718.0,,,,,,,,,,,,,,,,,,,,,,,,,,,,,,,,,,,,
Chemistry,,,,,,,,,,,,Software Usage,,,,,,,,,,,,,,,,,,,,,,,,TensorFlow,58.0,2.0,1.3,2512.0,4919.0,,,,,,,,,,,,,,,,,,,,,,,,,,,,,,,,,,,,
Chemistry,,,,,,,,,,,,Software Usage,,,,,,,,,,,,,,,,,,,,,,,,PyTorch,8.0,20.0,19.6,4876.0,5514.0,,,,,,,,,,,,,,,,,,,,,,,,,,,,,,,,,,,,
Chemistry,,,,,,,,,,,,Software Usage,,,,,,,,,,,,,,,,,,,,,,,,RELION,102.0,17.0,15.2,2946.0,5836.0,,,,,,,,,,,,,,,,,,,,,,,,,,,,,,,,,,,,
Chemistry,,,,,,,,,,,,Software Usage,,,,,,,,,,,,,,,,,,,,,,,,WRF,53.0,28.0,21.1,3065.0,9394.0,,,,,,,,,,,,,,,,,,,,,,,,,,,,,,,,,,,,
Chemistry,,,,,,,,,,,,Software Usage,,,,,,,,,,,,,,,,,,,,,,,,Mathematica,1.0,40.0,19.6,4533.0,4147.0,,,,,,,,,,,,,,,,,,,,,,,,,,,,,,,,,,,,
Chemistry,,,,,,,,,,,,Software Usage,,,,,,,,,,,,,,,,,,,,,,,,Abaqus,178.0,4.0,16.8,9.0,6563.0,,,,,,,,,,,,,,,,,,,,,,,,,,,,,,,,,,,,
Chemistry,,,,,,,,,,,,Software Usage,,,,,,,,,,,,,,,,,,,,,,,,COMSOL,108.0,10.0,16.4,673.0,7834.0,,,,,,,,,,,,,,,,,,,,,,,,,,,,,,,,,,,,
Chemistry,,,,,,,,,,,,Software Usage,,,,,,,,,,,,,,,,,,,,,,,,LAMMPS,83.0,44.0,21.6,43.0,7426.0,,,,,,,,,,,,,,,,,,,,,,,,,,,,,,,,,,,,
Chemistry,,,,,,,,,,,,Software Usage,,,,,,,,,,,,,,,,,,,,,,,,Amber,48.0,35.0,15.5,1894.0,7876.0,,,,,,,,,,,,,,,,,,,,,,,,,,,,,,,,,,,,
Chemistry,,,,,,,,,,,,Software Usage,,,,,,,,,,,,,,,,,,,,,,,,NAMD,12.0,45.0,3.4,1862.0,1333.0,,,,,,,,,,,,,,,,,,,,,,,,,,,,,,,,,,,,
Chemistry,,,,,,,,,,,,Software Usage,,,,,,,,,,,,,,,,,,,,,,,,OpenFOAM,54.0,40.0,21.7,9.0,6799.0,,,,,,,,,,,,,,,,,,,,,,,,,,,,,,,,,,,,
Chemistry,,,,,,,,,,,,Software Usage,,,,,,,,,,,,,,,,,,,,,,,,CP2K,112.0,12.0,21.2,2714.0,4646.0,,,,,,,,,,,,,,,,,,,,,,,,,,,,,,,,,,,,
Chemistry,,,,,,,,,,,,Software Usage,,,,,,,,,,,,,,,,,,,,,,,,Quantum ESPRESSO,82.0,5.0,19.0,3806.0,7736.0,,,,,,,,,,,,,,,,,,,,,,,,,,,,,,,,,,,,
Chemistry,,,,,,,,,,,,Software Usage,,,,,,,,,,,,,,,,,,,,,,,,ParaView,112.0,38.0,1.7,4964.0,4305.0,,,,,,,,,,,,,,,,,,,,,,,,,,,,,,,,,,,,
Chemistry,,,,,,,,,,,,Software Usage,,,,,,,,,,,,,,,,,,,,,,,,VMD,30.0,43.0,2.3,3923.0,6184.0,,,,,,,,,,,,,,,,,,,,,,,,,,,,,,,,,,,,
Chemistry,,,,,,,,,,,,Software Usage,,,,,,,,,,,,,,,,,,,,,,,,Schrodinger,95.0,29.0,3.1,844.0,9999.0,,,,,,,,,,,,,,,,,,,,,,,,,,,,,,,,,,,,
Chemistry,,,,,,,,,,,,Software Usage,,,,,,,,,,,,,,,,,,,,,,,,R,79.0,24.0,1.3,4434.0,6952.0,,,,,,,,,,,,,,,,,,,,,,,,,,,,,,,,,,,,
Chemistry,,,,,,,,,,,,Software Usage,,,,,,,,,,,,,,,,,,,,,,,,Jupyter,189.0,4.0,14.3,4809.0,2364.0,,,,,,,,,,,,,,,,,,,,,,,,,,,,,,,,,,,,
Chemistry,,,,,,,,,,,,Software Usage,,,,,,,,,,,,,,,,,,,,,,,,STATA,6.0,30.0,15.3,1418.0,1886.0,,,,,,,,,,,,,,,,,,,,,,,,,,,,,,,,,,,,
Chemistry,,,,,,,,,,,,Software Usage,,,,,,,,,,,,,,,,,,,,,,,,CUDA Toolkit,48.0,46.0,21.5,1877.0,8671.0,,,,,,,,,,,,,,,,,,,,,,,,,,,,,,,,,,,,
Chemistry,,,,,,,,,,,,Software Usage,,,,,,,,,,,,,,,,,,,,,,,,Intel OneAPI,196.0,37.0,21.7,4145.0,9739.0,,,,,,,,,,,,,,,,,,,,,,,,,,,,,,,,,,,,
Chemistry,,,,,,,,,,,,Software Usage,,,,,,,,,,,,,,,,,,,,,,,,ARM Forge,100.0,23.0,15.4,3084.0,947.0,,,,,,,,,,,,,,,,,,,,,,,,,,,,,,,,,,,,
Chemistry,,,,,,,,,,,,Software Usage,,,,,,,,,,,,,,,,,,,,,,,,TotalView,156.0,30.0,6.9,3902.0,5578.0,,,,,,,,,,,,,,,,,,,,,,,,,,,,,,,,,,,,
Chemistry,,,,,,,,,,,,Software Usage,,,,,,,,,,,,,,,,,,,,,,,,GenomicsToolkit,106.0,27.0,23.3,3320.0,2557.0,,,,,,,,,,,,,,,,,,,,,,,,,,,,,,,,,,,,
Chemistry,,,,,,,,,,,,Software Usage,,,,,,,,,,,,,,,,,,,,,,,,Custom CUDA,135.0,35.0,9.1,4308.0,518.0,,,,,,,,,,,,,,,,,,,,,,,,,,,,,,,,,,,,
Computer Science,,,,,,,,,,,,Software Usage,,,,,,,,,,,,,,,,,,,,,,,,MATLAB,84.0,20.0,3.1,4872.0,3918.0,,,,,,,,,,,,,,,,,,,,,,,,,,,,,,,,,,,,
Computer Science,,,,,,,,,,,,Software Usage,,,,,,,,,,,,,,,,,,,,,,,,ANSYS,176.0,8.0,23.8,4630.0,6968.0,,,,,,,,,,,,,,,,,,,,,,,,,,,,,,,,,,,,
Computer Science,,,,,,,,,,,,Software Usage,,,,,,,,,,,,,,,,,,,,,,,,Gaussian,138.0,38.0,11.0,4419.0,8376.0,,,,,,,,,,,,,,,,,,,,,,,,,,,,,,,,,,,,
Computer Science,,,,,,,,,,,,Software Usage,,,,,,,,,,,,,,,,,,,,,,,,GROMACS,119.0,43.0,4.0,2675.0,2897.0,,,,,,,,,,,,,,,,,,,,,,,,,,,,,,,,,,,,
Computer Science,,,,,,,,,,,,Software Usage,,,,,,,,,,,,,,,,,,,,,,,,VASP,142.0,20.0,15.8,2778.0,9032.0,,,,,,,,,,,,,,,,,,,,,,,,,,,,,,,,,,,,
Computer Science,,,,,,,,,,,,Software Usage,,,,,,,,,,,,,,,,,,,,,,,,TensorFlow,61.0,41.0,12.2,55.0,3462.0,,,,,,,,,,,,,,,,,,,,,,,,,,,,,,,,,,,,
Computer Science,,,,,,,,,,,,Software Usage,,,,,,,,,,,,,,,,,,,,,,,,PyTorch,44.0,39.0,13.6,1006.0,5103.0,,,,,,,,,,,,,,,,,,,,,,,,,,,,,,,,,,,,
Computer Science,,,,,,,,,,,,Software Usage,,,,,,,,,,,,,,,,,,,,,,,,RELION,117.0,34.0,17.4,1781.0,1089.0,,,,,,,,,,,,,,,,,,,,,,,,,,,,,,,,,,,,
Computer Science,,,,,,,,,,,,Software Usage,,,,,,,,,,,,,,,,,,,,,,,,WRF,67.0,30.0,11.8,3369.0,477.0,,,,,,,,,,,,,,,,,,,,,,,,,,,,,,,,,,,,
Computer Science,,,,,,,,,,,,Software Usage,,,,,,,,,,,,,,,,,,,,,,,,Mathematica,74.0,30.0,23.7,4734.0,3019.0,,,,,,,,,,,,,,,,,,,,,,,,,,,,,,,,,,,,
Computer Science,,,,,,,,,,,,Software Usage,,,,,,,,,,,,,,,,,,,,,,,,Abaqus,187.0,5.0,9.0,1838.0,6670.0,,,,,,,,,,,,,,,,,,,,,,,,,,,,,,,,,,,,
Computer Science,,,,,,,,,,,,Software Usage,,,,,,,,,,,,,,,,,,,,,,,,COMSOL,77.0,17.0,19.2,4518.0,2220.0,,,,,,,,,,,,,,,,,,,,,,,,,,,,,,,,,,,,
Computer Science,,,,,,,,,,,,Software Usage,,,,,,,,,,,,,,,,,,,,,,,,LAMMPS,55.0,18.0,12.7,1689.0,9548.0,,,,,,,,,,,,,,,,,,,,,,,,,,,,,,,,,,,,
Computer Science,,,,,,,,,,,,Software Usage,,,,,,,,,,,,,,,,,,,,,,,,Amber,41.0,42.0,7.9,4534.0,9629.0,,,,,,,,,,,,,,,,,,,,,,,,,,,,,,,,,,,,
Computer Science,,,,,,,,,,,,Software Usage,,,,,,,,,,,,,,,,,,,,,,,,NAMD,138.0,28.0,7.6,2121.0,9972.0,,,,,,,,,,,,,,,,,,,,,,,,,,,,,,,,,,,,
Computer Science,,,,,,,,,,,,Software Usage,,,,,,,,,,,,,,,,,,,,,,,,OpenFOAM,162.0,14.0,13.0,1441.0,7255.0,,,,,,,,,,,,,,,,,,,,,,,,,,,,,,,,,,,,
Computer Science,,,,,,,,,,,,Software Usage,,,,,,,,,,,,,,,,,,,,,,,,CP2K,24.0,31.0,20.7,422.0,8412.0,,,,,,,,,,,,,,,,,,,,,,,,,,,,,,,,,,,,
Computer Science,,,,,,,,,,,,Software Usage,,,,,,,,,,,,,,,,,,,,,,,,Quantum ESPRESSO,173.0,34.0,12.1,4640.0,3792.0,,,,,,,,,,,,,,,,,,,,,,,,,,,,,,,,,,,,
Computer Science,,,,,,,,,,,,Software Usage,,,,,,,,,,,,,,,,,,,,,,,,ParaView,23.0,18.0,7.0,3900.0,8562.0,,,,,,,,,,,,,,,,,,,,,,,,,,,,,,,,,,,,
Computer Science,,,,,,,,,,,,Software Usage,,,,,,,,,,,,,,,,,,,,,,,,VMD,5.0,46.0,9.1,522.0,2917.0,,,,,,,,,,,,,,,,,,,,,,,,,,,,,,,,,,,,
Computer Science,,,,,,,,,,,,Software Usage,,,,,,,,,,,,,,,,,,,,,,,,Schrodinger,87.0,24.0,16.7,442.0,6494.0,,,,,,,,,,,,,,,,,,,,,,,,,,,,,,,,,,,,
Computer Science,,,,,,,,,,,,Software Usage,,,,,,,,,,,,,,,,,,,,,,,,R,67.0,32.0,20.4,2927.0,9513.0,,,,,,,,,,,,,,,,,,,,,,,,,,,,,,,,,,,,
Computer Science,,,,,,,,,,,,Software Usage,,,,,,,,,,,,,,,,,,,,,,,,Jupyter,194.0,9.0,16.9,2362.0,994.0,,,,,,,,,,,,,,,,,,,,,,,,,,,,,,,,,,,,
Computer Science,,,,,,,,,,,,Software Usage,,,,,,,,,,,,,,,,,,,,,,,,STATA,63.0,14.0,13.3,2010.0,6957.0,,,,,,,,,,,,,,,,,,,,,,,,,,,,,,,,,,,,
Computer Science,,,,,,,,,,,,Software Usage,,,,,,,,,,,,,,,,,,,,,,,,CUDA Toolkit,107.0,2.0,12.1,3215.0,7908.0,,,,,,,,,,,,,,,,,,,,,,,,,,,,,,,,,,,,
Computer Science,,,,,,,,,,,,Software Usage,,,,,,,,,,,,,,,,,,,,,,,,Intel OneAPI,86.0,1.0,4.3,4833.0,3034.0,,,,,,,,,,,,,,,,,,,,,,,,,,,,,,,,,,,,
Computer Science,,,,,,,,,,,,Software Usage,,,,,,,,,,,,,,,,,,,,,,,,ARM Forge,28.0,12.0,1.2,1403.0,4702.0,,,,,,,,,,,,,,,,,,,,,,,,,,,,,,,,,,,,
Computer Science,,,,,,,,,,,,Software Usage,,,,,,,,,,,,,,,,,,,,,,,,TotalView,107.0,2.0,9.8,4673.0,1107.0,,,,,,,,,,,,,,,,,,,,,,,,,,,,,,,,,,,,
Computer Science,,,,,,,,,,,,Software Usage,,,,,,,,,,,,,,,,,,,,,,,,GenomicsToolkit,19.0,28.0,13.7,3966.0,4468.0,,,,,,,,,,,,,,,,,,,,,,,,,,,,,,,,,,,,
Computer Science,,,,,,,,,,,,Software Usage,,,,,,,,,,,,,,,,,,,,,,,,Custom CUDA,198.0,15.0,20.1,4833.0,5992.0,,,,,,,,,,,,,,,,,,,,,,,,,,,,,,,,,,,,
Earth Sciences,,,,,,,,,,,,Software Usage,,,,,,,,,,,,,,,,,,,,,,,,MATLAB,23.0,5.0,16.4,777.0,9127.0,,,,,,,,,,,,,,,,,,,,,,,,,,,,,,,,,,,,
Earth Sciences,,,,,,,,,,,,Software Usage,,,,,,,,,,,,,,,,,,,,,,,,ANSYS,140.0,47.0,4.5,836.0,8816.0,,,,,,,,,,,,,,,,,,,,,,,,,,,,,,,,,,,,
Earth Sciences,,,,,,,,,,,,Software Usage,,,,,,,,,,,,,,,,,,,,,,,,Gaussian,9.0,18.0,12.0,168.0,9440.0,,,,,,,,,,,,,,,,,,,,,,,,,,,,,,,,,,,,
Earth Sciences,,,,,,,,,,,,Software Usage,,,,,,,,,,,,,,,,,,,,,,,,GROMACS,44.0,42.0,20.9,617.0,8593.0,,,,,,,,,,,,,,,,,,,,,,,,,,,,,,,,,,,,
Earth Sciences,,,,,,,,,,,,Software Usage,,,,,,,,,,,,,,,,,,,,,,,,VASP,141.0,38.0,23.4,2279.0,9914.0,,,,,,,,,,,,,,,,,,,,,,,,,,,,,,,,,,,,
Earth Sciences,,,,,,,,,,,,Software Usage,,,,,,,,,,,,,,,,,,,,,,,,TensorFlow,183.0,18.0,5.6,3706.0,1060.0,,,,,,,,,,,,,,,,,,,,,,,,,,,,,,,,,,,,
Earth Sciences,,,,,,,,,,,,Software Usage,,,,,,,,,,,,,,,,,,,,,,,,PyTorch,64.0,12.0,15.3,4714.0,6128.0,,,,,,,,,,,,,,,,,,,,,,,,,,,,,,,,,,,,
Earth Sciences,,,,,,,,,,,,Software Usage,,,,,,,,,,,,,,,,,,,,,,,,RELION,196.0,25.0,11.8,56.0,6224.0,,,,,,,,,,,,,,,,,,,,,,,,,,,,,,,,,,,,
Earth Sciences,,,,,,,,,,,,Software Usage,,,,,,,,,,,,,,,,,,,,,,,,WRF,38.0,36.0,12.6,1912.0,4321.0,,,,,,,,,,,,,,,,,,,,,,,,,,,,,,,,,,,,
Earth Sciences,,,,,,,,,,,,Software Usage,,,,,,,,,,,,,,,,,,,,,,,,Mathematica,11.0,34.0,6.6,1680.0,1631.0,,,,,,,,,,,,,,,,,,,,,,,,,,,,,,,,,,,,
Earth Sciences,,,,,,,,,,,,Software Usage,,,,,,,,,,,,,,,,,,,,,,,,Abaqus,98.0,21.0,12.2,3450.0,7255.0,,,,,,,,,,,,,,,,,,,,,,,,,,,,,,,,,,,,
Earth Sciences,,,,,,,,,,,,Software Usage,,,,,,,,,,,,,,,,,,,,,,,,COMSOL,81.0,1.0,1.9,450.0,1843.0,,,,,,,,,,,,,,,,,,,,,,,,,,,,,,,,,,,,
Earth Sciences,,,,,,,,,,,,Software Usage,,,,,,,,,,,,,,,,,,,,,,,,LAMMPS,44.0,41.0,6.6,3051.0,4764.0,,,,,,,,,,,,,,,,,,,,,,,,,,,,,,,,,,,,
Earth Sciences,,,,,,,,,,,,Software Usage,,,,,,,,,,,,,,,,,,,,,,,,Amber,48.0,17.0,21.8,2640.0,7476.0,,,,,,,,,,,,,,,,,,,,,,,,,,,,,,,,,,,,
Earth Sciences,,,,,,,,,,,,Software Usage,,,,,,,,,,,,,,,,,,,,,,,,NAMD,183.0,30.0,22.5,1768.0,8383.0,,,,,,,,,,,,,,,,,,,,,,,,,,,,,,,,,,,,
Earth Sciences,,,,,,,,,,,,Software Usage,,,,,,,,,,,,,,,,,,,,,,,,OpenFOAM,73.0,44.0,10.5,620.0,5314.0,,,,,,,,,,,,,,,,,,,,,,,,,,,,,,,,,,,,
Earth Sciences,,,,,,,,,,,,Software Usage,,,,,,,,,,,,,,,,,,,,,,,,CP2K,77.0,23.0,19.8,2175.0,5955.0,,,,,,,,,,,,,,,,,,,,,,,,,,,,,,,,,,,,
Earth Sciences,,,,,,,,,,,,Software Usage,,,,,,,,,,,,,,,,,,,,,,,,Quantum ESPRESSO,184.0,49.0,19.8,3612.0,2957.0,,,,,,,,,,,,,,,,,,,,,,,,,,,,,,,,,,,,
Earth Sciences,,,,,,,,,,,,Software Usage,,,,,,,,,,,,,,,,,,,,,,,,ParaView,18.0,3.0,4.5,2665.0,3840.0,,,,,,,,,,,,,,,,,,,,,,,,,,,,,,,,,,,,
Earth Sciences,,,,,,,,,,,,Software Usage,,,,,,,,,,,,,,,,,,,,,,,,VMD,194.0,28.0,19.5,1074.0,3304.0,,,,,,,,,,,,,,,,,,,,,,,,,,,,,,,,,,,,
Earth Sciences,,,,,,,,,,,,Software Usage,,,,,,,,,,,,,,,,,,,,,,,,Schrodinger,167.0,41.0,12.9,4833.0,5403.0,,,,,,,,,,,,,,,,,,,,,,,,,,,,,,,,,,,,
Earth Sciences,,,,,,,,,,,,Software Usage,,,,,,,,,,,,,,,,,,,,,,,,R,153.0,27.0,13.1,902.0,4167.0,,,,,,,,,,,,,,,,,,,,,,,,,,,,,,,,,,,,
Earth Sciences,,,,,,,,,,,,Software Usage,,,,,,,,,,,,,,,,,,,,,,,,Jupyter,47.0,18.0,2.2,489.0,5352.0,,,,,,,,,,,,,,,,,,,,,,,,,,,,,,,,,,,,
Earth Sciences,,,,,,,,,,,,Software Usage,,,,,,,,,,,,,,,,,,,,,,,,STATA,172.0,42.0,21.3,2731.0,4091.0,,,,,,,,,,,,,,,,,,,,,,,,,,,,,,,,,,,,
Earth Sciences,,,,,,,,,,,,Software Usage,,,,,,,,,,,,,,,,,,,,,,,,CUDA Toolkit,128.0,33.0,13.4,1214.0,4042.0,,,,,,,,,,,,,,,,,,,,,,,,,,,,,,,,,,,,
Earth Sciences,,,,,,,,,,,,Software Usage,,,,,,,,,,,,,,,,,,,,,,,,Intel OneAPI,9.0,15.0,9.5,4460.0,2477.0,,,,,,,,,,,,,,,,,,,,,,,,,,,,,,,,,,,,
Earth Sciences,,,,,,,,,,,,Software Usage,,,,,,,,,,,,,,,,,,,,,,,,ARM Forge,156.0,35.0,21.0,4356.0,534.0,,,,,,,,,,,,,,,,,,,,,,,,,,,,,,,,,,,,
Earth Sciences,,,,,,,,,,,,Software Usage,,,,,,,,,,,,,,,,,,,,,,,,TotalView,15.0,30.0,3.7,534.0,8672.0,,,,,,,,,,,,,,,,,,,,,,,,,,,,,,,,,,,,
Earth Sciences,,,,,,,,,,,,Software Usage,,,,,,,,,,,,,,,,,,,,,,,,GenomicsToolkit,103.0,29.0,6.9,3128.0,5267.0,,,,,,,,,,,,,,,,,,,,,,,,,,,,,,,,,,,,
Earth Sciences,,,,,,,,,,,,Software Usage,,,,,,,,,,,,,,,,,,,,,,,,Custom CUDA,111.0,18.0,15.9,3616.0,4522.0,,,,,,,,,,,,,,,,,,,,,,,,,,,,,,,,,,,,
Mathematics,,,,,,,,,,,,Software Usage,,,,,,,,,,,,,,,,,,,,,,,,MATLAB,10.0,24.0,23.2,3115.0,318.0,,,,,,,,,,,,,,,,,,,,,,,,,,,,,,,,,,,,
Mathematics,,,,,,,,,,,,Software Usage,,,,,,,,,,,,,,,,,,,,,,,,ANSYS,126.0,6.0,1.2,1328.0,9515.0,,,,,,,,,,,,,,,,,,,,,,,,,,,,,,,,,,,,
Mathematics,,,,,,,,,,,,Software Usage,,,,,,,,,,,,,,,,,,,,,,,,Gaussian,85.0,41.0,13.2,1574.0,2042.0,,,,,,,,,,,,,,,,,,,,,,,,,,,,,,,,,,,,
Mathematics,,,,,,,,,,,,Software Usage,,,,,,,,,,,,,,,,,,,,,,,,GROMACS,13.0,42.0,15.0,1254.0,1087.0,,,,,,,,,,,,,,,,,,,,,,,,,,,,,,,,,,,,
Mathematics,,,,,,,,,,,,Software Usage,,,,,,,,,,,,,,,,,,,,,,,,VASP,70.0,12.0,1.7,3901.0,9609.0,,,,,,,,,,,,,,,,,,,,,,,,,,,,,,,,,,,,
Mathematics,,,,,,,,,,,,Software Usage,,,,,,,,,,,,,,,,,,,,,,,,TensorFlow,92.0,35.0,11.5,357.0,7884.0,,,,,,,,,,,,,,,,,,,,,,,,,,,,,,,,,,,,
Mathematics,,,,,,,,,,,,Software Usage,,,,,,,,,,,,,,,,,,,,,,,,PyTorch,153.0,32.0,5.3,2228.0,3949.0,,,,,,,,,,,,,,,,,,,,,,,,,,,,,,,,,,,,
Mathematics,,,,,,,,,,,,Software Usage,,,,,,,,,,,,,,,,,,,,,,,,RELION,189.0,35.0,9.2,4417.0,7886.0,,,,,,,,,,,,,,,,,,,,,,,,,,,,,,,,,,,,
Mathematics,,,,,,,,,,,,Software Usage,,,,,,,,,,,,,,,,,,,,,,,,WRF,110.0,47.0,2.1,2283.0,6336.0,,,,,,,,,,,,,,,,,,,,,,,,,,,,,,,,,,,,
Mathematics,,,,,,,,,,,,Software Usage,,,,,,,,,,,,,,,,,,,,,,,,Mathematica,130.0,34.0,19.4,1838.0,8513.0,,,,,,,,,,,,,,,,,,,,,,,,,,,,,,,,,,,,
Mathematics,,,,,,,,,,,,Software Usage,,,,,,,,,,,,,,,,,,,,,,,,Abaqus,118.0,42.0,1.2,3008.0,9276.0,,,,,,,,,,,,,,,,,,,,,,,,,,,,,,,,,,,,
Mathematics,,,,,,,,,,,,Software Usage,,,,,,,,,,,,,,,,,,,,,,,,COMSOL,97.0,23.0,22.2,2043.0,6385.0,,,,,,,,,,,,,,,,,,,,,,,,,,,,,,,,,,,,
Mathematics,,,,,,,,,,,,Software Usage,,,,,,,,,,,,,,,,,,,,,,,,LAMMPS,55.0,1.0,2.5,1335.0,7546.0,,,,,,,,,,,,,,,,,,,,,,,,,,,,,,,,,,,,
Mathematics,,,,,,,,,,,,Software Usage,,,,,,,,,,,,,,,,,,,,,,,,Amber,54.0,26.0,7.9,3600.0,7171.0,,,,,,,,,,,,,,,,,,,,,,,,,,,,,,,,,,,,
Mathematics,,,,,,,,,,,,Software Usage,,,,,,,,,,,,,,,,,,,,,,,,NAMD,93.0,23.0,16.9,1375.0,6397.0,,,,,,,,,,,,,,,,,,,,,,,,,,,,,,,,,,,,
Mathematics,,,,,,,,,,,,Software Usage,,,,,,,,,,,,,,,,,,,,,,,,OpenFOAM,161.0,48.0,6.1,3496.0,3572.0,,,,,,,,,,,,,,,,,,,,,,,,,,,,,,,,,,,,
Mathematics,,,,,,,,,,,,Software Usage,,,,,,,,,,,,,,,,,,,,,,,,CP2K,102.0,14.0,20.4,2358.0,8350.0,,,,,,,,,,,,,,,,,,,,,,,,,,,,,,,,,,,,
Mathematics,,,,,,,,,,,,Software Usage,,,,,,,,,,,,,,,,,,,,,,,,Quantum ESPRESSO,90.0,6.0,6.7,2619.0,9972.0,,,,,,,,,,,,,,,,,,,,,,,,,,,,,,,,,,,,
Mathematics,,,,,,,,,,,,Software Usage,,,,,,,,,,,,,,,,,,,,,,,,ParaView,168.0,2.0,3.0,4277.0,8362.0,,,,,,,,,,,,,,,,,,,,,,,,,,,,,,,,,,,,
Mathematics,,,,,,,,,,,,Software Usage,,,,,,,,,,,,,,,,,,,,,,,,VMD,44.0,20.0,2.8,1912.0,2830.0,,,,,,,,,,,,,,,,,,,,,,,,,,,,,,,,,,,,
Mathematics,,,,,,,,,,,,Software Usage,,,,,,,,,,,,,,,,,,,,,,,,Schrodinger,44.0,19.0,10.2,266.0,4016.0,,,,,,,,,,,,,,,,,,,,,,,,,,,,,,,,,,,,
Mathematics,,,,,,,,,,,,Software Usage,,,,,,,,,,,,,,,,,,,,,,,,R,120.0,33.0,18.3,1400.0,2426.0,,,,,,,,,,,,,,,,,,,,,,,,,,,,,,,,,,,,
Mathematics,,,,,,,,,,,,Software Usage,,,,,,,,,,,,,,,,,,,,,,,,Jupyter,177.0,20.0,11.1,2830.0,7553.0,,,,,,,,,,,,,,,,,,,,,,,,,,,,,,,,,,,,
Mathematics,,,,,,,,,,,,Software Usage,,,,,,,,,,,,,,,,,,,,,,,,STATA,4.0,1.0,19.4,1023.0,3997.0,,,,,,,,,,,,,,,,,,,,,,,,,,,,,,,,,,,,
Mathematics,,,,,,,,,,,,Software Usage,,,,,,,,,,,,,,,,,,,,,,,,CUDA Toolkit,11.0,24.0,23.6,2075.0,4042.0,,,,,,,,,,,,,,,,,,,,,,,,,,,,,,,,,,,,
Mathematics,,,,,,,,,,,,Software Usage,,,,,,,,,,,,,,,,,,,,,,,,Intel OneAPI,16.0,36.0,20.2,189.0,8837.0,,,,,,,,,,,,,,,,,,,,,,,,,,,,,,,,,,,,
Mathematics,,,,,,,,,,,,Software Usage,,,,,,,,,,,,,,,,,,,,,,,,ARM Forge,38.0,20.0,17.9,4943.0,4966.0,,,,,,,,,,,,,,,,,,,,,,,,,,,,,,,,,,,,
Mathematics,,,,,,,,,,,,Software Usage,,,,,,,,,,,,,,,,,,,,,,,,TotalView,1.0,44.0,13.4,4798.0,564.0,,,,,,,,,,,,,,,,,,,,,,,,,,,,,,,,,,,,
Mathematics,,,,,,,,,,,,Software Usage,,,,,,,,,,,,,,,,,,,,,,,,GenomicsToolkit,41.0,21.0,19.3,3468.0,165.0,,,,,,,,,,,,,,,,,,,,,,,,,,,,,,,,,,,,
Mathematics,,,,,,,,,,,,Software Usage,,,,,,,,,,,,,,,,,,,,,,,,Custom CUDA,43.0,25.0,16.7,1904.0,7293.0,,,,,,,,,,,,,,,,,,,,,,,,,,,,,,,,,,,,
Engineering,,,,,,,,,,,,Software Usage,,,,,,,,,,,,,,,,,,,,,,,,MATLAB,99.0,28.0,12.2,2809.0,9178.0,,,,,,,,,,,,,,,,,,,,,,,,,,,,,,,,,,,,
Engineering,,,,,,,,,,,,Software Usage,,,,,,,,,,,,,,,,,,,,,,,,ANSYS,62.0,33.0,0.8,1960.0,2847.0,,,,,,,,,,,,,,,,,,,,,,,,,,,,,,,,,,,,
Engineering,,,,,,,,,,,,Software Usage,,,,,,,,,,,,,,,,,,,,,,,,Gaussian,137.0,44.0,12.1,3842.0,4805.0,,,,,,,,,,,,,,,,,,,,,,,,,,,,,,,,,,,,
Engineering,,,,,,,,,,,,Software Usage,,,,,,,,,,,,,,,,,,,,,,,,GROMACS,97.0,27.0,12.2,3892.0,5983.0,,,,,,,,,,,,,,,,,,,,,,,,,,,,,,,,,,,,
Engineering,,,,,,,,,,,,Software Usage,,,,,,,,,,,,,,,,,,,,,,,,VASP,179.0,42.0,15.9,109.0,4658.0,,,,,,,,,,,,,,,,,,,,,,,,,,,,,,,,,,,,
Engineering,,,,,,,,,,,,Software Usage,,,,,,,,,,,,,,,,,,,,,,,,TensorFlow,92.0,3.0,5.1,3328.0,5412.0,,,,,,,,,,,,,,,,,,,,,,,,,,,,,,,,,,,,
Engineering,,,,,,,,,,,,Software Usage,,,,,,,,,,,,,,,,,,,,,,,,PyTorch,115.0,6.0,19.1,3889.0,5713.0,,,,,,,,,,,,,,,,,,,,,,,,,,,,,,,,,,,,
Engineering,,,,,,,,,,,,Software Usage,,,,,,,,,,,,,,,,,,,,,,,,RELION,80.0,33.0,20.4,4319.0,6061.0,,,,,,,,,,,,,,,,,,,,,,,,,,,,,,,,,,,,
Engineering,,,,,,,,,,,,Software Usage,,,,,,,,,,,,,,,,,,,,,,,,WRF,63.0,25.0,18.5,1634.0,2643.0,,,,,,,,,,,,,,,,,,,,,,,,,,,,,,,,,,,,
Engineering,,,,,,,,,,,,Software Usage,,,,,,,,,,,,,,,,,,,,,,,,Mathematica,186.0,38.0,10.2,2603.0,1091.0,,,,,,,,,,,,,,,,,,,,,,,,,,,,,,,,,,,,
Engineering,,,,,,,,,,,,Software Usage,,,,,,,,,,,,,,,,,,,,,,,,Abaqus,193.0,45.0,21.7,4152.0,611.0,,,,,,,,,,,,,,,,,,,,,,,,,,,,,,,,,,,,
Engineering,,,,,,,,,,,,Software Usage,,,,,,,,,,,,,,,,,,,,,,,,COMSOL,104.0,45.0,22.7,734.0,5778.0,,,,,,,,,,,,,,,,,,,,,,,,,,,,,,,,,,,,
Engineering,,,,,,,,,,,,Software Usage,,,,,,,,,,,,,,,,,,,,,,,,LAMMPS,115.0,26.0,14.0,4701.0,1959.0,,,,,,,,,,,,,,,,,,,,,,,,,,,,,,,,,,,,
Engineering,,,,,,,,,,,,Software Usage,,,,,,,,,,,,,,,,,,,,,,,,Amber,40.0,36.0,8.4,3175.0,2762.0,,,,,,,,,,,,,,,,,,,,,,,,,,,,,,,,,,,,
Engineering,,,,,,,,,,,,Software Usage,,,,,,,,,,,,,,,,,,,,,,,,NAMD,75.0,21.0,23.1,2160.0,1435.0,,,,,,,,,,,,,,,,,,,,,,,,,,,,,,,,,,,,
Engineering,,,,,,,,,,,,Software Usage,,,,,,,,,,,,,,,,,,,,,,,,OpenFOAM,57.0,37.0,17.5,2700.0,2231.0,,,,,,,,,,,,,,,,,,,,,,,,,,,,,,,,,,,,
Engineering,,,,,,,,,,,,Software Usage,,,,,,,,,,,,,,,,,,,,,,,,CP2K,162.0,36.0,9.3,4024.0,7840.0,,,,,,,,,,,,,,,,,,,,,,,,,,,,,,,,,,,,
Engineering,,,,,,,,,,,,Software Usage,,,,,,,,,,,,,,,,,,,,,,,,Quantum ESPRESSO,56.0,29.0,15.2,2701.0,9767.0,,,,,,,,,,,,,,,,,,,,,,,,,,,,,,,,,,,,
Engineering,,,,,,,,,,,,Software Usage,,,,,,,,,,,,,,,,,,,,,,,,ParaView,102.0,7.0,3.5,668.0,2228.0,,,,,,,,,,,,,,,,,,,,,,,,,,,,,,,,,,,,
Engineering,,,,,,,,,,,,Software Usage,,,,,,,,,,,,,,,,,,,,,,,,VMD,100.0,19.0,3.9,748.0,4320.0,,,,,,,,,,,,,,,,,,,,,,,,,,,,,,,,,,,,
Engineering,,,,,,,,,,,,Software Usage,,,,,,,,,,,,,,,,,,,,,,,,Schrodinger,2.0,20.0,23.0,951.0,1981.0,,,,,,,,,,,,,,,,,,,,,,,,,,,,,,,,,,,,
Engineering,,,,,,,,,,,,Software Usage,,,,,,,,,,,,,,,,,,,,,,,,R,180.0,25.0,23.3,1776.0,7277.0,,,,,,,,,,,,,,,,,,,,,,,,,,,,,,,,,,,,
Engineering,,,,,,,,,,,,Software Usage,,,,,,,,,,,,,,,,,,,,,,,,Jupyter,187.0,25.0,20.8,459.0,9376.0,,,,,,,,,,,,,,,,,,,,,,,,,,,,,,,,,,,,
Engineering,,,,,,,,,,,,Software Usage,,,,,,,,,,,,,,,,,,,,,,,,STATA,58.0,44.0,20.5,1275.0,9722.0,,,,,,,,,,,,,,,,,,,,,,,,,,,,,,,,,,,,
Engineering,,,,,,,,,,,,Software Usage,,,,,,,,,,,,,,,,,,,,,,,,CUDA Toolkit,125.0,17.0,8.9,1821.0,6531.0,,,,,,,,,,,,,,,,,,,,,,,,,,,,,,,,,,,,
Engineering,,,,,,,,,,,,Software Usage,,,,,,,,,,,,,,,,,,,,,,,,Intel OneAPI,20.0,38.0,16.6,3619.0,6664.0,,,,,,,,,,,,,,,,,,,,,,,,,,,,,,,,,,,,
Engineering,,,,,,,,,,,,Software Usage,,,,,,,,,,,,,,,,,,,,,,,,ARM Forge,62.0,22.0,7.8,2524.0,789.0,,,,,,,,,,,,,,,,,,,,,,,,,,,,,,,,,,,,
Engineering,,,,,,,,,,,,Software Usage,,,,,,,,,,,,,,,,,,,,,,,,TotalView,52.0,17.0,14.6,118.0,5401.0,,,,,,,,,,,,,,,,,,,,,,,,,,,,,,,,,,,,
Engineering,,,,,,,,,,,,Software Usage,,,,,,,,,,,,,,,,,,,,,,,,GenomicsToolkit,138.0,25.0,19.0,496.0,4274.0,,,,,,,,,,,,,,,,,,,,,,,,,,,,,,,,,,,,
Engineering,,,,,,,,,,,,Software Usage,,,,,,,,,,,,,,,,,,,,,,,,Custom CUDA,59.0,27.0,1.5,3132.0,1753.0,,,,,,,,,,,,,,,,,,,,,,,,,,,,,,,,,,,,
Medical Research,,,,,,,,,,,,Software Usage,,,,,,,,,,,,,,,,,,,,,,,,MATLAB,79.0,45.0,9.1,243.0,2355.0,,,,,,,,,,,,,,,,,,,,,,,,,,,,,,,,,,,,
Medical Research,,,,,,,,,,,,Software Usage,,,,,,,,,,,,,,,,,,,,,,,,ANSYS,88.0,23.0,22.1,2692.0,6173.0,,,,,,,,,,,,,,,,,,,,,,,,,,,,,,,,,,,,
Medical Research,,,,,,,,,,,,Software Usage,,,,,,,,,,,,,,,,,,,,,,,,Gaussian,39.0,48.0,5.6,19.0,320.0,,,,,,,,,,,,,,,,,,,,,,,,,,,,,,,,,,,,
Medical Research,,,,,,,,,,,,Software Usage,,,,,,,,,,,,,,,,,,,,,,,,GROMACS,81.0,19.0,15.8,250.0,7928.0,,,,,,,,,,,,,,,,,,,,,,,,,,,,,,,,,,,,
Medical Research,,,,,,,,,,,,Software Usage,,,,,,,,,,,,,,,,,,,,,,,,VASP,175.0,35.0,11.3,4741.0,9160.0,,,,,,,,,,,,,,,,,,,,,,,,,,,,,,,,,,,,
Medical Research,,,,,,,,,,,,Software Usage,,,,,,,,,,,,,,,,,,,,,,,,TensorFlow,151.0,44.0,19.3,1169.0,5457.0,,,,,,,,,,,,,,,,,,,,,,,,,,,,,,,,,,,,
Medical Research,,,,,,,,,,,,Software Usage,,,,,,,,,,,,,,,,,,,,,,,,PyTorch,168.0,48.0,15.8,1983.0,4022.0,,,,,,,,,,,,,,,,,,,,,,,,,,,,,,,,,,,,
Medical Research,,,,,,,,,,,,Software Usage,,,,,,,,,,,,,,,,,,,,,,,,RELION,94.0,38.0,20.9,1789.0,6501.0,,,,,,,,,,,,,,,,,,,,,,,,,,,,,,,,,,,,
Medical Research,,,,,,,,,,,,Software Usage,,,,,,,,,,,,,,,,,,,,,,,,WRF,73.0,35.0,2.9,1342.0,4290.0,,,,,,,,,,,,,,,,,,,,,,,,,,,,,,,,,,,,
Medical Research,,,,,,,,,,,,Software Usage,,,,,,,,,,,,,,,,,,,,,,,,Mathematica,45.0,37.0,9.0,2447.0,4885.0,,,,,,,,,,,,,,,,,,,,,,,,,,,,,,,,,,,,
Medical Research,,,,,,,,,,,,Software Usage,,,,,,,,,,,,,,,,,,,,,,,,Abaqus,142.0,33.0,9.6,4756.0,6125.0,,,,,,,,,,,,,,,,,,,,,,,,,,,,,,,,,,,,
Medical Research,,,,,,,,,,,,Software Usage,,,,,,,,,,,,,,,,,,,,,,,,COMSOL,32.0,6.0,7.5,4400.0,8817.0,,,,,,,,,,,,,,,,,,,,,,,,,,,,,,,,,,,,
Medical Research,,,,,,,,,,,,Software Usage,,,,,,,,,,,,,,,,,,,,,,,,LAMMPS,151.0,39.0,12.3,4968.0,6166.0,,,,,,,,,,,,,,,,,,,,,,,,,,,,,,,,,,,,
Medical Research,,,,,,,,,,,,Software Usage,,,,,,,,,,,,,,,,,,,,,,,,Amber,25.0,24.0,20.8,1987.0,4167.0,,,,,,,,,,,,,,,,,,,,,,,,,,,,,,,,,,,,
Medical Research,,,,,,,,,,,,Software Usage,,,,,,,,,,,,,,,,,,,,,,,,NAMD,9.0,28.0,17.2,2549.0,3834.0,,,,,,,,,,,,,,,,,,,,,,,,,,,,,,,,,,,,
Medical Research,,,,,,,,,,,,Software Usage,,,,,,,,,,,,,,,,,,,,,,,,OpenFOAM,149.0,26.0,22.0,2050.0,5830.0,,,,,,,,,,,,,,,,,,,,,,,,,,,,,,,,,,,,
Medical Research,,,,,,,,,,,,Software Usage,,,,,,,,,,,,,,,,,,,,,,,,CP2K,7.0,27.0,9.3,3843.0,4925.0,,,,,,,,,,,,,,,,,,,,,,,,,,,,,,,,,,,,
Medical Research,,,,,,,,,,,,Software Usage,,,,,,,,,,,,,,,,,,,,,,,,Quantum ESPRESSO,190.0,8.0,22.8,1982.0,5355.0,,,,,,,,,,,,,,,,,,,,,,,,,,,,,,,,,,,,
Medical Research,,,,,,,,,,,,Software Usage,,,,,,,,,,,,,,,,,,,,,,,,ParaView,7.0,37.0,0.7,4674.0,8171.0,,,,,,,,,,,,,,,,,,,,,,,,,,,,,,,,,,,,
Medical Research,,,,,,,,,,,,Software Usage,,,,,,,,,,,,,,,,,,,,,,,,VMD,69.0,5.0,22.6,1081.0,7202.0,,,,,,,,,,,,,,,,,,,,,,,,,,,,,,,,,,,,
Medical Research,,,,,,,,,,,,Software Usage,,,,,,,,,,,,,,,,,,,,,,,,Schrodinger,155.0,40.0,22.1,3675.0,1879.0,,,,,,,,,,,,,,,,,,,,,,,,,,,,,,,,,,,,
Medical Research,,,,,,,,,,,,Software Usage,,,,,,,,,,,,,,,,,,,,,,,,R,28.0,25.0,10.0,227.0,973.0,,,,,,,,,,,,,,,,,,,,,,,,,,,,,,,,,,,,
Medical Research,,,,,,,,,,,,Software Usage,,,,,,,,,,,,,,,,,,,,,,,,Jupyter,67.0,31.0,5.2,4790.0,5704.0,,,,,,,,,,,,,,,,,,,,,,,,,,,,,,,,,,,,
Medical Research,,,,,,,,,,,,Software Usage,,,,,,,,,,,,,,,,,,,,,,,,STATA,101.0,4.0,8.0,741.0,3981.0,,,,,,,,,,,,,,,,,,,,,,,,,,,,,,,,,,,,
Medical Research,,,,,,,,,,,,Software Usage,,,,,,,,,,,,,,,,,,,,,,,,CUDA Toolkit,182.0,22.0,3.6,2090.0,7159.0,,,,,,,,,,,,,,,,,,,,,,,,,,,,,,,,,,,,
Medical Research,,,,,,,,,,,,Software Usage,,,,,,,,,,,,,,,,,,,,,,,,Intel OneAPI,18.0,6.0,8.2,3764.0,7417.0,,,,,,,,,,,,,,,,,,,,,,,,,,,,,,,,,,,,
Medical Research,,,,,,,,,,,,Software Usage,,,,,,,,,,,,,,,,,,,,,,,,ARM Forge,82.0,10.0,4.3,1405.0,5608.0,,,,,,,,,,,,,,,,,,,,,,,,,,,,,,,,,,,,
Medical Research,,,,,,,,,,,,Software Usage,,,,,,,,,,,,,,,,,,,,,,,,TotalView,154.0,36.0,21.2,3076.0,9213.0,,,,,,,,,,,,,,,,,,,,,,,,,,,,,,,,,,,,
Medical Research,,,,,,,,,,,,Software Usage,,,,,,,,,,,,,,,,,,,,,,,,GenomicsToolkit,83.0,6.0,15.4,3238.0,1593.0,,,,,,,,,,,,,,,,,,,,,,,,,,,,,,,,,,,,
Medical Research,,,,,,,,,,,,Software Usage,,,,,,,,,,,,,,,,,,,,,,,,Custom CUDA,78.0,28.0,8.6,2428.0,412.0,,,,,,,,,,,,,,,,,,,,,,,,,,,,,,,,,,,,
Physics,,,,,,,,,,,,Wait Time Analysis,Sep,,,,,,,,,,,,,,,,,,,,,,,,,,,,,20.0,11.0,107.0,150.0,6.0,5.0,,,,,,,,,,,,,,,,,,,,,,,,,,,,,,
Computer Science,,,,,,,,,,,,Wait Time Analysis,Sep,,,,,,,,,,,,,,,,,,,,,,,,,,,,,23.0,5.0,78.0,178.0,13.0,0.0,,,,,,,,,,,,,,,,,,,,,,,,,,,,,,
Engineering,,,,,,,,,,,,Wait Time Analysis,Sep,,,,,,,,,,,,,,,,,,,,,,,,,,,,,35.0,6.0,100.0,196.0,8.0,13.0,,,,,,,,,,,,,,,,,,,,,,,,,,,,,,
Computer Science,,,,,,,,,,,,Job Size Distribution,,,,,30160.0,,,,,,,,,,,,,,,,,,,,,,,,,,,,,,,5-8_GPU,16.8,47.9,55.0,120.2,2750.0,,,,,,,,,,,,,,,,,,,,,,,,
Engineering,,,,,,,,,,3.0,,User Feedback,,,,,,,,,,,,,,,,,,,,,,,,,,,,,,,,,,,,,,,,,,FB-010,Lab Manager,Storage I/O,The Lustre storage performance degrades significantly during peak hours (10am-4pm). Checkpoint I/O for our 64-GPU WRF simulations takes 3x longer than off-peak.,2026-05-11,,,,,,,,,,,,,,,,,,,
Computer Science,,,,,,,,,,3.0,,User Feedback,,,,,,,,,,,,,,,,,,,,,,,,,,,,,,,,,,,,,,,,,,FB-046,Lab Manager,Queue waits,"MATLAB license availability is frequently a bottleneck. We often have 45 concurrent users competing for seats, but the system shows only 350 budgeted for FY2027.",2026-05-28,,,,,,,,,,,,,,,,,,,
Computer Science,,,,,,,,,,2.0,,User Feedback,,,,,,,,,,,,,,,,,,,,,,,,,,,,,,,,,,,,,,,,,,FB-082,Lab Manager,GPU memory,The fair-share scheduling weights do not seem to reflect our department research expenditure. We contribute 22.1% of research funding but get lower priority than Physics.,2026-04-09,,,,,,,,,,,,,,,,,,,
Physics,,,,,,,,,,,,User_Monthly_Detail,Jun,6.0,2288.0,4871.0,,98.0,,,,,3.0,,12584.0,,,,,,,,,,,,,,,,,,,,,,,,2.8,,,,,,,,,,user_phy_02,19.0,18.0,1.0,211.0,69.8,466.0,373.0,746.0,9.9,7962.0,,,,,,,,
Physics,,,,,,,,,,,,User_Monthly_Detail,Jun,6.0,89.0,4919.0,,89.0,,,,,14.0,,489.5,,,,,,,,,,,,,,,,,,,,,,,,34.9,,,,,,,,,,user_phy_05,228.0,210.0,23.0,189.0,43.9,307.0,989.0,689.0,7.5,4300.0,,,,,,,,
Physics,,,,,,,,,,,,User_Monthly_Detail,Jun,6.0,2849.0,3969.0,,117.0,,,,,2.0,,15669.5,,,,,,,,,,,,,,,,,,,,,,,,33.8,,,,,,,,,,user_phy_08,185.0,157.0,5.0,406.0,69.1,472.0,1125.0,692.0,22.9,7875.0,,,,,,,,
Physics,,,,,,,,,,,,User_Monthly_Detail,Jun,6.0,2354.0,7061.0,,111.0,,,,,4.0,,12947.0,,,,,,,,,,,,,,,,,,,,,,,,6.0,,,,,,,,,,user_phy_11,18.0,15.0,0.0,207.0,68.1,102.0,4388.0,1970.0,18.0,9857.0,,,,,,,,
Physics,,,,,,,,,,,,User_Monthly_Detail,Jun,6.0,380.0,5791.0,,70.0,,,,,3.0,,2090.0,,,,,,,,,,,,,,,,,,,,,,,,5.2,,,,,,,,,,user_phy_14,176.0,161.0,15.0,151.0,76.6,417.0,1369.0,1568.0,25.0,4988.0,,,,,,,,
Physics,,,,,,,,,,,,User_Monthly_Detail,Jun,6.0,2991.0,3152.0,,65.0,,,,,12.0,,16450.5,,,,,,,,,,,,,,,,,,,,,,,,47.3,,,,,,,,,,user_phy_17,231.0,215.0,5.0,352.0,85.6,458.0,3320.0,1930.0,3.6,7029.0,,,,,,,,
Biology,,,,,,,,,,,,User_Monthly_Detail,Jun,6.0,2773.0,6989.0,,79.0,,,,,10.0,,15251.5,,,,,,,,,,,,,,,,,,,,,,,,6.4,,,,,,,,,,user_bio_02,297.0,270.0,10.0,475.0,62.3,590.0,3299.0,1848.0,1.9,5578.0,,,,,,,,
Biology,,,,,,,,,,,,User_Monthly_Detail,Jul,7.0,6.0,6061.0,,106.0,,,,,10.0,,33.0,,,,,,,,,,,,,,,,,,,,,,,,2.9,,,,,,,,,,user_bio_05,88.0,84.0,9.0,264.0,61.4,155.0,2455.0,2051.0,4.4,6592.0,,,,,,,,
Biology,,,,,,,,,,,,User_Monthly_Detail,Jul,7.0,910.0,2183.0,,115.0,,,,,2.0,,5005.0,,,,,,,,,,,,,,,,,,,,,,,,23.3,,,,,,,,,,user_bio_08,12.0,10.0,0.0,311.0,33.4,390.0,780.0,1725.0,29.7,7830.0,,,,,,,,
Biology,,,,,,,,,,,,User_Monthly_Detail,Jul,7.0,2497.0,3017.0,,33.0,,,,,12.0,,13733.5,,,,,,,,,,,,,,,,,,,,,,,,19.3,,,,,,,,,,user_bio_11,246.0,230.0,14.0,456.0,86.1,258.0,4053.0,1581.0,26.3,2790.0,,,,,,,,
Biology,,,,,,,,,,,,User_Monthly_Detail,Jul,7.0,1764.0,7767.0,,77.0,,,,,5.0,,9702.0,,,,,,,,,,,,,,,,,,,,,,,,28.5,,,,,,,,,,user_bio_14,209.0,188.0,12.0,470.0,85.5,332.0,4876.0,1089.0,19.8,9436.0,,,,,,,,
Chemistry,,,,,,,,,,,,User_Monthly_Detail,Jul,7.0,2517.0,668.0,,73.0,,,,,11.0,,13843.5,,,,,,,,,,,,,,,,,,,,,,,,16.5,,,,,,,,,,user_che_02,43.0,39.0,4.0,117.0,82.1,406.0,2242.0,941.0,12.6,1753.0,,,,,,,,
Chemistry,,,,,,,,,,,,User_Monthly_Detail,Jul,7.0,1592.0,7405.0,,67.0,,,,,6.0,,8756.0,,,,,,,,,,,,,,,,,,,,,,,,19.3,,,,,,,,,,user_che_05,61.0,56.0,2.0,142.0,39.3,585.0,919.0,362.0,18.8,1813.0,,,,,,,,
Chemistry,,,,,,,,,,,,User_Monthly_Detail,Jul,7.0,1647.0,5088.0,,15.0,,,,,12.0,,9058.5,,,,,,,,,,,,,,,,,,,,,,,,26.3,,,,,,,,,,user_che_08,143.0,124.0,12.0,286.0,78.0,439.0,1058.0,1267.0,18.4,5352.0,,,,,,,,
Chemistry,,,,,,,,,,,,User_Monthly_Detail,Jul,7.0,995.0,1028.0,,57.0,,,,,0.0,,5472.5,,,,,,,,,,,,,,,,,,,,,,,,38.0,,,,,,,,,,user_che_11,118.0,101.0,6.0,177.0,27.4,671.0,3726.0,371.0,8.4,7187.0,,,,,,,,
Computer Science,,,,,,,,,,,,User_Monthly_Detail,Jul,7.0,2706.0,4729.0,,66.0,,,,,1.0,,14883.0,,,,,,,,,,,,,,,,,,,,,,,,11.6,,,,,,,,,,user_com_02,292.0,255.0,13.0,452.0,28.3,554.0,2544.0,1400.0,5.7,675.0,,,,,,,,
Computer Science,,,,,,,,,,,,User_Monthly_Detail,Aug,8.0,2665.0,6960.0,,20.0,,,,,4.0,,14657.5,,,,,,,,,,,,,,,,,,,,,,,,37.9,,,,,,,,,,user_com_05,264.0,243.0,10.0,287.0,62.9,639.0,3280.0,1840.0,26.7,3322.0,,,,,,,,
Computer Science,,,,,,,,,,,,User_Monthly_Detail,Aug,8.0,985.0,7361.0,,80.0,,,,,11.0,,5417.5,,,,,,,,,,,,,,,,,,,,,,,,4.6,,,,,,,,,,user_com_08,225.0,203.0,19.0,292.0,53.9,386.0,1788.0,1843.0,29.8,2803.0,,,,,,,,
Computer Science,,,,,,,,,,,,User_Monthly_Detail,Aug,8.0,1183.0,7416.0,,113.0,,,,,4.0,,6506.5,,,,,,,,,,,,,,,,,,,,,,,,11.7,,,,,,,,,,user_com_11,119.0,108.0,13.0,151.0,47.1,456.0,4917.0,1262.0,1.2,6296.0,,,,,,,,
Computer Science,,,,,,,,,,,,User_Monthly_Detail,Aug,8.0,1819.0,5656.0,,92.0,,,,,11.0,,10004.5,,,,,,,,,,,,,,,,,,,,,,,,8.0,,,,,,,,,,user_com_14,46.0,42.0,4.0,281.0,76.5,333.0,3425.0,1479.0,22.9,4894.0,,,,,,,,
Computer Science,,,,,,,,,,,,User_Monthly_Detail,Aug,8.0,2065.0,6796.0,,56.0,,,,,1.0,,11357.5,,,,,,,,,,,,,,,,,,,,,,,,7.3,,,,,,,,,,user_com_17,77.0,65.0,2.0,186.0,33.0,202.0,1969.0,1171.0,8.3,9440.0,,,,,,,,
Computer Science,,,,,,,,,,,,User_Monthly_Detail,Aug,8.0,1110.0,4047.0,,63.0,,,,,1.0,,6105.0,,,,,,,,,,,,,,,,,,,,,,,,0.5,,,,,,,,,,user_com_20,291.0,278.0,20.0,180.0,86.4,681.0,2254.0,1375.0,1.2,8105.0,,,,,,,,
Earth Sciences,,,,,,,,,,,,User_Monthly_Detail,Aug,8.0,473.0,1411.0,,37.0,,,,,14.0,,2601.5,,,,,,,,,,,,,,,,,,,,,,,,32.2,,,,,,,,,,user_ear_03,212.0,191.0,4.0,26.0,39.4,61.0,1793.0,665.0,19.1,4245.0,,,,,,,,
Earth Sciences,,,,,,,,,,,,User_Monthly_Detail,Aug,8.0,1064.0,7756.0,,44.0,,,,,0.0,,5852.0,,,,,,,,,,,,,,,,,,,,,,,,1.0,,,,,,,,,,user_ear_06,70.0,62.0,7.0,17.0,70.9,300.0,3175.0,141.0,20.2,6840.0,,,,,,,,
Mathematics,,,,,,,,,,,,User_Monthly_Detail,Aug,8.0,1818.0,7526.0,,20.0,,,,,1.0,,9999.0,,,,,,,,,,,,,,,,,,,,,,,,36.0,,,,,,,,,,user_mat_01,22.0,19.0,1.0,423.0,49.2,415.0,3814.0,1735.0,26.8,4685.0,,,,,,,,
Mathematics,,,,,,,,,,,,User_Monthly_Detail,Aug,8.0,240.0,6513.0,,83.0,,,,,10.0,,1320.0,,,,,,,,,,,,,,,,,,,,,,,,18.1,,,,,,,,,,user_mat_04,55.0,47.0,6.0,406.0,43.1,584.0,4895.0,2236.0,22.8,3161.0,,,,,,,,
Engineering,,,,,,,,,,,,User_Monthly_Detail,Sep,9.0,726.0,889.0,,73.0,,,,,5.0,,3993.0,,,,,,,,,,,,,,,,,,,,,,,,46.3,,,,,,,,,,user_eng_01,147.0,128.0,11.0,423.0,50.7,352.0,568.0,551.0,27.8,7785.0,,,,,,,,
Engineering,,,,,,,,,,,,User_Monthly_Detail,Sep,9.0,2577.0,3665.0,,119.0,,,,,6.0,,14173.5,,,,,,,,,,,,,,,,,,,,,,,,40.3,,,,,,,,,,user_eng_04,138.0,123.0,5.0,404.0,82.3,324.0,1630.0,2012.0,12.1,4712.0,,,,,,,,
Engineering,,,,,,,,,,,,User_Monthly_Detail,Sep,9.0,1861.0,1742.0,,49.0,,,,,7.0,,10235.5,,,,,,,,,,,,,,,,,,,,,,,,39.8,,,,,,,,,,user_eng_07,63.0,53.0,4.0,222.0,60.6,53.0,2658.0,1876.0,19.2,1169.0,,,,,,,,
Engineering,,,,,,,,,,,,User_Monthly_Detail,Sep,9.0,1180.0,3242.0,,54.0,,,,,11.0,,6490.0,,,,,,,,,,,,,,,,,,,,,,,,32.5,,,,,,,,,,user_eng_10,7.0,6.0,0.0,218.0,49.3,379.0,812.0,1957.0,21.9,9367.0,,,,,,,,
Engineering,,,,,,,,,,,,User_Monthly_Detail,Sep,9.0,2489.0,5103.0,,60.0,,,,,6.0,,13689.5,,,,,,,,,,,,,,,,,,,,,,,,23.2,,,,,,,,,,user_eng_13,207.0,186.0,8.0,227.0,33.9,178.0,33.0,890.0,14.0,151.0,,,,,,,,
Medical Research,,,,,,,,,,,,User_Monthly_Detail,Sep,9.0,2958.0,5024.0,,82.0,,,,,0.0,,16269.0,,,,,,,,,,,,,,,,,,,,,,,,39.6,,,,,,,,,,user_med_02,150.0,146.0,9.0,400.0,32.0,632.0,2336.0,2460.0,12.7,1048.0,,,,,,,,
Medical Research,,,,,,,,,,,,User_Monthly_Detail,Sep,9.0,1994.0,7782.0,,114.0,,,,,14.0,,10967.0,,,,,,,,,,,,,,,,,,,,,,,,3.7,,,,,,,,,,user_med_05,62.0,57.0,3.0,203.0,40.7,128.0,3088.0,1571.0,22.3,1560.0,,,,,,,,
Medical Research,,,,,,,,,,,,User_Monthly_Detail,Sep,9.0,1842.0,3537.0,,111.0,,,,,13.0,,10131.0,,,,,,,,,,,,,,,,,,,,,,,,37.0,,,,,,,,,,user_med_08,222.0,216.0,17.0,361.0,32.0,158.0,2243.0,1249.0,17.7,3330.0,,,,,,,,
Medical Research,,,,,,,,,,,,Satisfaction_Survey,,,,,,,,,,,,,,,,,,,,,,,,,,,,,,,,,,,,,,,,,,,,Network latency,,,anon_009,,,,,,,,,,,5.0,4.0,2.0,5.0,4.0,MATLAB license availability is frequently a bottleneck.,,
Chemistry,,,,,,,,,,,,Satisfaction_Survey,,,,,,,,,,,,,,,,,,,,,,,,,,,,,,,,,,,,,,,,,,,,Scheduling fairness,,,anon_046,,,,,,,,,,,3.0,4.0,4.0,4.0,5.0,Need at least 15-minute grace for checkpointing before preemption.,,
Biology,,,,,,,,,,,,Satisfaction_Survey,,,,,,,,,,,,,,,,,,,,,,,,,,,,,,,,,,,,,,,,,,,,Storage I/O,,,anon_082,,,,,,,,,,,3.0,1.0,4.0,3.0,4.0,Our simulations assume 8-GPU node topology. Fewer GPUs would require code refactoring.,,
Biology,,,,,,,,,,,,Satisfaction_Survey,,,,,,,,,,,,,,,,,,,,,,,,,,,,,,,,,,,,,,,,,,,,Licensing,,,anon_118,,,,,,,,,,,3.0,4.0,4.0,4.0,4.0,Need better real-time GPU monitoring tools per job.,,
Physics,,,,,,,,,,,,Software_Usage_Per_User,Feb,,44.0,571.0,,,,,,,,,,,,,,,,,,,,PyTorch,,,,,,,,,,,,,,52.6,,,,,,,,,usr_phy_01,,,,,,,,,,,,,,,,,45.0,378.0
Physics,,,,,,,,,,,,Software_Usage_Per_User,Apr,,282.0,713.0,,,,,,,,,,,,,,,,,,,,ANSYS,,,,,,,,,,,,,,77.1,,,,,,,,,usr_phy_01,,,,,,,,,,,,,,,,,12.0,686.0
Physics,,,,,,,,,,,,Software_Usage_Per_User,Feb,,471.0,1581.0,,,,,,,,,,,,,,,,,,,,Amber,,,,,,,,,,,,,,26.8,,,,,,,,,usr_phy_02,,,,,,,,,,,,,,,,,38.0,104.0
Physics,,,,,,,,,,,,Software_Usage_Per_User,May,,279.0,31.0,,,,,,,,,,,,,,,,,,,,ANSYS,,,,,,,,,,,,,,61.9,,,,,,,,,usr_phy_02,,,,,,,,,,,,,,,,,38.0,582.0
Physics,,,,,,,,,,,,Software_Usage_Per_User,Feb,,463.0,1157.0,,,,,,,,,,,,,,,,,,,,Abaqus,,,,,,,,,,,,,,26.7,,,,,,,,,usr_phy_03,,,,,,,,,,,,,,,,,41.0,296.0
Physics,,,,,,,,,,,,Software_Usage_Per_User,Feb,,196.0,1590.0,,,,,,,,,,,,,,,,,,,,MATLAB,,,,,,,,,,,,,,57.1,,,,,,,,,usr_phy_04,,,,,,,,,,,,,,,,,4.0,237.0
Physics,,,,,,,,,,,,Software_Usage_Per_User,Apr,,280.0,288.0,,,,,,,,,,,,,,,,,,,,ANSYS,,,,,,,,,,,,,,23.9,,,,,,,,,usr_phy_04,,,,,,,,,,,,,,,,,18.0,14.0
Physics,,,,,,,,,,,,Software_Usage_Per_User,Jan,,252.0,1057.0,,,,,,,,,,,,,,,,,,,,ANSYS,,,,,,,,,,,,,,77.1,,,,,,,,,usr_phy_05,,,,,,,,,,,,,,,,,22.0,651.0
Physics,,,,,,,,,,,,Software_Usage_Per_User,Mar,,415.0,1893.0,,,,,,,,,,,,,,,,,,,,MATLAB,,,,,,,,,,,,,,92.9,,,,,,,,,usr_phy_05,,,,,,,,,,,,,,,,,31.0,519.0
Physics,,,,,,,,,,,,Software_Usage_Per_User,Nov,,373.0,1299.0,,,,,,,,,,,,,,,,,,,,ANSYS,,,,,,,,,,,,,,29.0,,,,,,,,,usr_phy_05,,,,,,,,,,,,,,,,,31.0,612.0
Physics,,,,,,,,,,,,Software_Usage_Per_User,Mar,,223.0,639.0,,,,,,,,,,,,,,,,,,,,WRF,,,,,,,,,,,,,,63.8,,,,,,,,,usr_phy_06,,,,,,,,,,,,,,,,,25.0,388.0
Physics,,,,,,,,,,,,Software_Usage_Per_User,Aug,,486.0,249.0,,,,,,,,,,,,,,,,,,,,ANSYS,,,,,,,,,,,,,,93.8,,,,,,,,,usr_phy_06,,,,,,,,,,,,,,,,,9.0,676.0
Physics,,,,,,,,,,,,Software_Usage_Per_User,Oct,,205.0,1167.0,,,,,,,,,,,,,,,,,,,,ANSYS,,,,,,,,,,,,,,81.6,,,,,,,,,usr_phy_06,,,,,,,,,,,,,,,,,39.0,408.0
Physics,,,,,,,,,,,,Software_Usage_Per_User,Apr,,492.0,664.0,,,,,,,,,,,,,,,,,,,,TensorFlow,,,,,,,,,,,,,,22.7,,,,,,,,,usr_phy_07,,,,,,,,,,,,,,,,,42.0,523.0
Physics,,,,,,,,,,,,Software_Usage_Per_User,Dec,,448.0,1681.0,,,,,,,,,,,,,,,,,,,,ANSYS,,,,,,,,,,,,,,48.7,,,,,,,,,usr_phy_07,,,,,,,,,,,,,,,,,42.0,474.0
Physics,,,,,,,,,,,,Software_Usage_Per_User,Mar,,4.0,482.0,,,,,,,,,,,,,,,,,,,,ANSYS,,,,,,,,,,,,,,39.1,,,,,,,,,usr_phy_08,,,,,,,,,,,,,,,,,6.0,163.0
Physics,,,,,,,,,,,,Software_Usage_Per_User,May,,296.0,1175.0,,,,,,,,,,,,,,,,,,,,VASP,,,,,,,,,,,,,,61.5,,,,,,,,,usr_phy_08,,,,,,,,,,,,,,,,,5.0,338.0
Physics,,,,,,,,,,,,Software_Usage_Per_User,Sep,,247.0,1967.0,,,,,,,,,,,,,,,,,,,,ANSYS,,,,,,,,,,,,,,40.6,,,,,,,,,usr_phy_08,,,,,,,,,,,,,,,,,36.0,611.0
Physics,,,,,,,,,,,,Software_Usage_Per_User,May,,73.0,1836.0,,,,,,,,,,,,,,,,,,,,LAMMPS,,,,,,,,,,,,,,30.5,,,,,,,,,usr_phy_09,,,,,,,,,,,,,,,,,37.0,268.0
Physics,,,,,,,,,,,,Software_Usage_Per_User,Sep,,201.0,356.0,,,,,,,,,,,,,,,,,,,,ANSYS,,,,,,,,,,,,,,22.4,,,,,,,,,usr_phy_09,,,,,,,,,,,,,,,,,30.0,82.0
Physics,,,,,,,,,,,,Software_Usage_Per_User,Apr,,347.0,1292.0,,,,,,,,,,,,,,,,,,,,ANSYS,,,,,,,,,,,,,,23.1,,,,,,,,,usr_phy_10,,,,,,,,,,,,,,,,,18.0,79.0
Physics,,,,,,,,,,,,Software_Usage_Per_User,Jun,,236.0,35.0,,,,,,,,,,,,,,,,,,,,Schrodinger,,,,,,,,,,,,,,54.8,,,,,,,,,usr_phy_10,,,,,,,,,,,,,,,,,31.0,421.0
Physics,,,,,,,,,,,,Software_Usage_Per_User,Jun,,198.0,1226.0,,,,,,,,,,,,,,,,,,,,TensorFlow,,,,,,,,,,,,,,69.0,,,,,,,,,usr_phy_11,,,,,,,,,,,,,,,,,24.0,159.0
Physics,,,,,,,,,,,,Software_Usage_Per_User,Dec,,39.0,1956.0,,,,,,,,,,,,,,,,,,,,ANSYS,,,,,,,,,,,,,,92.2,,,,,,,,,usr_phy_11,,,,,,,,,,,,,,,,,27.0,402.0
Physics,,,,,,,,,,,,Software_Usage_Per_User,Jun,,221.0,216.0,,,,,,,,,,,,,,,,,,,,Amber,,,,,,,,,,,,,,41.9,,,,,,,,,usr_phy_12,,,,,,,,,,,,,,,,,18.0,49.0
Physics,,,,,,,,,,,,Software_Usage_Per_User,Jul,,2.0,1133.0,,,,,,,,,,,,,,,,,,,,ANSYS,,,,,,,,,,,,,,78.1,,,,,,,,,usr_phy_12,,,,,,,,,,,,,,,,,23.0,641.0
Physics,,,,,,,,,,,,Software_Usage_Per_User,Dec,,111.0,810.0,,,,,,,,,,,,,,,,,,,,ANSYS,,,,,,,,,,,,,,73.2,,,,,,,,,usr_phy_12,,,,,,,,,,,,,,,,,38.0,629.0
Physics,,,,,,,,,,,,Software_Usage_Per_User,Feb,,282.0,1892.0,,,,,,,,,,,,,,,,,,,,ANSYS,,,,,,,,,,,,,,57.0,,,,,,,,,usr_phy_13,,,,,,,,,,,,,,,,,34.0,248.0
Physics,,,,,,,,,,,,Software_Usage_Per_User,Jul,,112.0,1074.0,,,,,,,,,,,,,,,,,,,,COMSOL,,,,,,,,,,,,,,91.3,,,,,,,,,usr_phy_13,,,,,,,,,,,,,,,,,11.0,432.0
Physics,,,,,,,,,,,,Software_Usage_Per_User,Jan,,98.0,1691.0,,,,,,,,,,,,,,,,,,,,ANSYS,,,,,,,,,,,,,,64.4,,,,,,,,,usr_phy_14,,,,,,,,,,,,,,,,,19.0,430.0
Physics,,,,,,,,,,,,Software_Usage_Per_User,Aug,,78.0,922.0,,,,,,,,,,,,,,,,,,,,COMSOL,,,,,,,,,,,,,,77.4,,,,,,,,,usr_phy_14,,,,,,,,,,,,,,,,,20.0,69.0
Physics,,,,,,,,,,,,Software_Usage_Per_User,Sep,,386.0,622.0,,,,,,,,,,,,,,,,,,,,ANSYS,,,,,,,,,,,,,,68.3,,,,,,,,,usr_phy_14,,,,,,,,,,,,,,,,,4.0,176.0
Physics,,,,,,,,,,,,Software_Usage_Per_User,Oct,,288.0,629.0,,,,,,,,,,,,,,,,,,,,ANSYS,,,,,,,,,,,,,,56.0,,,,,,,,,usr_phy_14,,,,,,,,,,,,,,,,,38.0,172.0
Physics,,,,,,,,,,,,Software_Usage_Per_User,May,,191.0,703.0,,,,,,,,,,,,,,,,,,,,ANSYS,,,,,,,,,,,,,,40.2,,,,,,,,,usr_phy_15,,,,,,,,,,,,,,,,,16.0,631.0
Physics,,,,,,,,,,,,Software_Usage_Per_User,Sep,,472.0,1906.0,,,,,,,,,,,,,,,,,,,,WRF,,,,,,,,,,,,,,68.8,,,,,,,,,usr_phy_15,,,,,,,,,,,,,,,,,43.0,23.0
Physics,,,,,,,,,,,,Software_Usage_Per_User,Oct,,272.0,673.0,,,,,,,,,,,,,,,,,,,,ANSYS,,,,,,,,,,,,,,47.7,,,,,,,,,usr_phy_15,,,,,,,,,,,,,,,,,24.0,385.0
Physics,,,,,,,,,,,,Software_Usage_Per_User,May,,443.0,1264.0,,,,,,,,,,,,,,,,,,,,ANSYS,,,,,,,,,,,,,,28.0,,,,,,,,,usr_phy_16,,,,,,,,,,,,,,,,,16.0,493.0
Physics,,,,,,,,,,,,Software_Usage_Per_User,Aug,,279.0,1546.0,,,,,,,,,,,,,,,,,,,,ANSYS,,,,,,,,,,,,,,37.8,,,,,,,,,usr_phy_16,,,,,,,,,,,,,,,,,12.0,639.0
Physics,,,,,,,,,,,,Software_Usage_Per_User,Oct,,360.0,1565.0,,,,,,,,,,,,,,,,,,,,Amber,,,,,,,,,,,,,,57.0,,,,,,,,,usr_phy_16,,,,,,,,,,,,,,,,,45.0,186.0
Physics,,,,,,,,,,,,Software_Usage_Per_User,Oct,,440.0,931.0,,,,,,,,,,,,,,,,,,,,TensorFlow,,,,,,,,,,,,,,23.0,,,,,,,,,usr_phy_17,,,,,,,,,,,,,,,,,4.0,477.0
Physics,,,,,,,,,,,,Software_Usage_Per_User,Jan,,142.0,746.0,,,,,,,,,,,,,,,,,,,,ANSYS,,,,,,,,,,,,,,77.8,,,,,,,,,usr_phy_18,,,,,,,,,,,,,,,,,36.0,186.0
Physics,,,,,,,,,,,,Software_Usage_Per_User,Mar,,173.0,579.0,,,,,,,,,,,,,,,,,,,,ANSYS,,,,,,,,,,,,,,55.7,,,,,,,,,usr_phy_18,,,,,,,,,,,,,,,,,4.0,102.0
Physics,,,,,,,,,,,,Software_Usage_Per_User,Nov,,37.0,1662.0,,,,,,,,,,,,,,,,,,,,COMSOL,,,,,,,,,,,,,,56.0,,,,,,,,,usr_phy_18,,,,,,,,,,,,,,,,,28.0,299.0
Physics,,,,,,,,,,,,Software_Usage_Per_User,Mar,,325.0,1992.0,,,,,,,,,,,,,,,,,,,,ANSYS,,,,,,,,,,,,,,75.8,,,,,,,,,usr_phy_19,,,,,,,,,,,,,,,,,7.0,25.0
Physics,,,,,,,,,,,,Software_Usage_Per_User,Nov,,341.0,244.0,,,,,,,,,,,,,,,,,,,,VASP,,,,,,,,,,,,,,45.9,,,,,,,,,usr_phy_19,,,,,,,,,,,,,,,,,33.0,682.0
Physics,,,,,,,,,,,,Software_Usage_Per_User,Feb,,61.0,340.0,,,,,,,,,,,,,,,,,,,,ANSYS,,,,,,,,,,,,,,60.7,,,,,,,,,usr_phy_20,,,,,,,,,,,,,,,,,47.0,412.0
Physics,,,,,,,,,,,,Software_Usage_Per_User,May,,73.0,81.0,,,,,,,,,,,,,,,,,,,,ANSYS,,,,,,,,,,,,,,58.3,,,,,,,,,usr_phy_20,,,,,,,,,,,,,,,,,21.0,183.0
Physics,,,,,,,,,,,,Software_Usage_Per_User,Aug,,180.0,188.0,,,,,,,,,,,,,,,,,,,,ANSYS,,,,,,,,,,,,,,39.9,,,,,,,,,usr_phy_20,,,,,,,,,,,,,,,,,5.0,579.0
Physics,,,,,,,,,,,,Software_Usage_Per_User,Sep,,220.0,1423.0,,,,,,,,,,,,,,,,,,,,ANSYS,,,,,,,,,,,,,,65.9,,,,,,,,,usr_phy_20,,,,,,,,,,,,,,,,,5.0,632.0
Physics,,,,,,,,,,,,Software_Usage_Per_User,Oct,,85.0,816.0,,,,,,,,,,,,,,,,,,,,ANSYS,,,,,,,,,,,,,,22.1,,,,,,,,,usr_phy_20,,,,,,,,,,,,,,,,,43.0,296.0
Biology,,,,,,,,,,,,Software_Usage_Per_User,Jan,,457.0,1460.0,,,,,,,,,,,,,,,,,,,,PyTorch,,,,,,,,,,,,,,29.5,,,,,,,,,usr_bio_01,,,,,,,,,,,,,,,,,41.0,473.0
Biology,,,,,,,,,,,,Software_Usage_Per_User,May,,96.0,477.0,,,,,,,,,,,,,,,,,,,,ANSYS,,,,,,,,,,,,,,70.3,,,,,,,,,usr_bio_01,,,,,,,,,,,,,,,,,29.0,331.0
Biology,,,,,,,,,,,,Software_Usage_Per_User,Nov,,492.0,1268.0,,,,,,,,,,,,,,,,,,,,ANSYS,,,,,,,,,,,,,,34.4,,,,,,,,,usr_bio_01,,,,,,,,,,,,,,,,,29.0,502.0
Biology,,,,,,,,,,,,Software_Usage_Per_User,Jan,,215.0,680.0,,,,,,,,,,,,,,,,,,,,PyTorch,,,,,,,,,,,,,,83.6,,,,,,,,,usr_bio_02,,,,,,,,,,,,,,,,,43.0,45.0
Biology,,,,,,,,,,,,Software_Usage_Per_User,Jul,,212.0,884.0,,,,,,,,,,,,,,,,,,,,ANSYS,,,,,,,,,,,,,,86.2,,,,,,,,,usr_bio_02,,,,,,,,,,,,,,,,,39.0,212.0
Biology,,,,,,,,,,,,Software_Usage_Per_User,Sep,,43.0,1070.0,,,,,,,,,,,,,,,,,,,,ANSYS,,,,,,,,,,,,,,29.4,,,,,,,,,usr_bio_02,,,,,,,,,,,,,,,,,43.0,17.0
Biology,,,,,,,,,,,,Software_Usage_Per_User,Feb,,77.0,403.0,,,,,,,,,,,,,,,,,,,,Schrodinger,,,,,,,,,,,,,,86.7,,,,,,,,,usr_bio_03,,,,,,,,,,,,,,,,,33.0,259.0
Biology,,,,,,,,,,,,Software_Usage_Per_User,Mar,,252.0,1489.0,,,,,,,,,,,,,,,,,,,,ANSYS,,,,,,,,,,,,,,54.5,,,,,,,,,usr_bio_03,,,,,,,,,,,,,,,,,4.0,244.0
Biology,,,,,,,,,,,,Software_Usage_Per_User,Jan,,385.0,1863.0,,,,,,,,,,,,,,,,,,,,ANSYS,,,,,,,,,,,,,,73.9,,,,,,,,,usr_bio_04,,,,,,,,,,,,,,,,,33.0,628.0
Biology,,,,,,,,,,,,Software_Usage_Per_User,Mar,,2.0,1123.0,,,,,,,,,,,,,,,,,,,,CP2K,,,,,,,,,,,,,,39.0,,,,,,,,,usr_bio_04,,,,,,,,,,,,,,,,,13.0,111.0
Biology,,,,,,,,,,,,Software_Usage_Per_User,May,,191.0,1710.0,,,,,,,,,,,,,,,,,,,,ANSYS,,,,,,,,,,,,,,86.4,,,,,,,,,usr_bio_04,,,,,,,,,,,,,,,,,31.0,415.0
Biology,,,,,,,,,,,,Software_Usage_Per_User,Jun,,126.0,1137.0,,,,,,,,,,,,,,,,,,,,ANSYS,,,,,,,,,,,,,,57.7,,,,,,,,,usr_bio_04,,,,,,,,,,,,,,,,,11.0,195.0
Biology,,,,,,,,,,,,Software_Usage_Per_User,Aug,,20.0,1990.0,,,,,,,,,,,,,,,,,,,,ANSYS,,,,,,,,,,,,,,45.3,,,,,,,,,usr_bio_04,,,,,,,,,,,,,,,,,44.0,568.0
Biology,,,,,,,,,,,,Software_Usage_Per_User,Nov,,399.0,572.0,,,,,,,,,,,,,,,,,,,,ANSYS,,,,,,,,,,,,,,51.7,,,,,,,,,usr_bio_04,,,,,,,,,,,,,,,,,14.0,283.0
Biology,,,,,,,,,,,,Software_Usage_Per_User,Apr,,460.0,1788.0,,,,,,,,,,,,,,,,,,,,ANSYS,,,,,,,,,,,,,,22.7,,,,,,,,,usr_bio_05,,,,,,,,,,,,,,,,,44.0,684.0
Biology,,,,,,,,,,,,Software_Usage_Per_User,Apr,,466.0,1994.0,,,,,,,,,,,,,,,,,,,,PyTorch,,,,,,,,,,,,,,81.4,,,,,,,,,usr_bio_05,,,,,,,,,,,,,,,,,13.0,698.0
Biology,,,,,,,,,,,,Software_Usage_Per_User,Sep,,432.0,1402.0,,,,,,,,,,,,,,,,,,,,ANSYS,,,,,,,,,,,,,,20.0,,,,,,,,,usr_bio_05,,,,,,,,,,,,,,,,,13.0,478.0
Biology,,,,,,,,,,,,Software_Usage_Per_User,Apr,,257.0,291.0,,,,,,,,,,,,,,,,,,,,ANSYS,,,,,,,,,,,,,,33.8,,,,,,,,,usr_bio_06,,,,,,,,,,,,,,,,,2.0,324.0
Biology,,,,,,,,,,,,Software_Usage_Per_User,May,,307.0,1245.0,,,,,,,,,,,,,,,,,,,,PyTorch,,,,,,,,,,,,,,29.7,,,,,,,,,usr_bio_06,,,,,,,,,,,,,,,,,5.0,576.0
Biology,,,,,,,,,,,,Software_Usage_Per_User,Sep,,487.0,363.0,,,,,,,,,,,,,,,,,,,,ANSYS,,,,,,,,,,,,,,91.2,,,,,,,,,usr_bio_06,,,,,,,,,,,,,,,,,16.0,35.0
Biology,,,,,,,,,,,,Software_Usage_Per_User,Dec,,400.0,547.0,,,,,,,,,,,,,,,,,,,,ANSYS,,,,,,,,,,,,,,60.5,,,,,,,,,usr_bio_06,,,,,,,,,,,,,,,,,4.0,172.0
Biology,,,,,,,,,,,,Software_Usage_Per_User,Jun,,448.0,469.0,,,,,,,,,,,,,,,,,,,,GROMACS,,,,,,,,,,,,,,71.3,,,,,,,,,usr_bio_07,,,,,,,,,,,,,,,,,4.0,242.0
Biology,,,,,,,,,,,,Software_Usage_Per_User,Aug,,151.0,1099.0,,,,,,,,,,,,,,,,,,,,ANSYS,,,,,,,,,,,,,,70.6,,,,,,,,,usr_bio_07,,,,,,,,,,,,,,,,,15.0,188.0
Biology,,,,,,,,,,,,Software_Usage_Per_User,Sep,,43.0,367.0,,,,,,,,,,,,,,,,,,,,ANSYS,,,,,,,,,,,,,,40.9,,,,,,,,,usr_bio_07,,,,,,,,,,,,,,,,,20.0,316.0
Biology,,,,,,,,,,,,Software_Usage_Per_User,Feb,,256.0,540.0,,,,,,,,,,,,,,,,,,,,ANSYS,,,,,,,,,,,,,,28.0,,,,,,,,,usr_bio_08,,,,,,,,,,,,,,,,,26.0,464.0
Biology,,,,,,,,,,,,Software_Usage_Per_User,Jul,,96.0,280.0,,,,,,,,,,,,,,,,,,,,ANSYS,,,,,,,,,,,,,,53.0,,,,,,,,,usr_bio_08,,,,,,,,,,,,,,,,,11.0,17.0
Biology,,,,,,,,,,,,Software_Usage_Per_User,Jul,,188.0,177.0,,,,,,,,,,,,,,,,,,,,Abaqus,,,,,,,,,,,,,,26.5,,,,,,,,,usr_bio_08,,,,,,,,,,,,,,,,,8.0,152.0
Biology,,,,,,,,,,,,Software_Usage_Per_User,Oct,,122.0,1680.0,,,,,,,,,,,,,,,,,,,,ANSYS,,,,,,,,,,,,,,91.9,,,,,,,,,usr_bio_08,,,,,,,,,,,,,,,,,27.0,620.0
Biology,,,,,,,,,,,,Software_Usage_Per_User,Dec,,20.0,1231.0,,,,,,,,,,,,,,,,,,,,ANSYS,,,,,,,,,,,,,,43.5,,,,,,,,,usr_bio_08,,,,,,,,,,,,,,,,,8.0,561.0
Biology,,,,,,,,,,,,Software_Usage_Per_User,Mar,,248.0,704.0,,,,,,,,,,,,,,,,,,,,ANSYS,,,,,,,,,,,,,,27.8,,,,,,,,,usr_bio_09,,,,,,,,,,,,,,,,,5.0,126.0
Biology,,,,,,,,,,,,Software_Usage_Per_User,Jul,,166.0,573.0,,,,,,,,,,,,,,,,,,,,ANSYS,,,,,,,,,,,,,,89.4,,,,,,,,,usr_bio_09,,,,,,,,,,,,,,,,,18.0,240.0
Biology,,,,,,,,,,,,Software_Usage_Per_User,Sep,,491.0,876.0,,,,,,,,,,,,,,,,,,,,Schrodinger,,,,,,,,,,,,,,26.0,,,,,,,,,usr_bio_09,,,,,,,,,,,,,,,,,39.0,287.0
Biology,,,,,,,,,,,,Software_Usage_Per_User,Mar,,253.0,727.0,,,,,,,,,,,,,,,,,,,,ANSYS,,,,,,,,,,,,,,49.3,,,,,,,,,usr_bio_10,,,,,,,,,,,,,,,,,3.0,73.0
Biology,,,,,,,,,,,,Software_Usage_Per_User,Jul,,399.0,814.0,,,,,,,,,,,,,,,,,,,,ANSYS,,,,,,,,,,,,,,83.5,,,,,,,,,usr_bio_10,,,,,,,,,,,,,,,,,46.0,74.0
Biology,,,,,,,,,,,,Software_Usage_Per_User,Aug,,394.0,1512.0,,,,,,,,,,,,,,,,,,,,ANSYS,,,,,,,,,,,,,,83.8,,,,,,,,,usr_bio_10,,,,,,,,,,,,,,,,,11.0,689.0
Biology,,,,,,,,,,,,Software_Usage_Per_User,Oct,,341.0,143.0,,,,,,,,,,,,,,,,,,,,Gaussian,,,,,,,,,,,,,,30.7,,,,,,,,,usr_bio_10,,,,,,,,,,,,,,,,,22.0,156.0
Biology,,,,,,,,,,,,Software_Usage_Per_User,Mar,,27.0,78.0,,,,,,,,,,,,,,,,,,,,ANSYS,,,,,,,,,,,,,,82.0,,,,,,,,,usr_bio_11,,,,,,,,,,,,,,,,,5.0,286.0
Biology,,,,,,,,,,,,Software_Usage_Per_User,Oct,,253.0,520.0,,,,,,,,,,,,,,,,,,,,CP2K,,,,,,,,,,,,,,66.7,,,,,,,,,usr_bio_11,,,,,,,,,,,,,,,,,35.0,395.0
Biology,,,,,,,,,,,,Software_Usage_Per_User,Nov,,303.0,942.0,,,,,,,,,,,,,,,,,,,,ANSYS,,,,,,,,,,,,,,59.4,,,,,,,,,usr_bio_11,,,,,,,,,,,,,,,,,42.0,682.0
Biology,,,,,,,,,,,,Software_Usage_Per_User,Dec,,491.0,1171.0,,,,,,,,,,,,,,,,,,,,ANSYS,,,,,,,,,,,,,,60.3,,,,,,,,,usr_bio_11,,,,,,,,,,,,,,,,,37.0,13.0
Biology,,,,,,,,,,,,Software_Usage_Per_User,Jun,,456.0,601.0,,,,,,,,,,,,,,,,,,,,ANSYS,,,,,,,,,,,,,,28.7,,,,,,,,,usr_bio_12,,,,,,,,,,,,,,,,,39.0,320.0
Biology,,,,,,,,,,,,Software_Usage_Per_User,Oct,,87.0,1212.0,,,,,,,,,,,,,,,,,,,,ANSYS,,,,,,,,,,,,,,44.1,,,,,,,,,usr_bio_12,,,,,,,,,,,,,,,,,6.0,119.0
Biology,,,,,,,,,,,,Software_Usage_Per_User,Nov,,38.0,1231.0,,,,,,,,,,,,,,,,,,,,WRF,,,,,,,,,,,,,,66.0,,,,,,,,,usr_bio_12,,,,,,,,,,,,,,,,,5.0,247.0
Biology,,,,,,,,,,,,Software_Usage_Per_User,May,,263.0,514.0,,,,,,,,,,,,,,,,,,,,ANSYS,,,,,,,,,,,,,,43.1,,,,,,,,,usr_bio_13,,,,,,,,,,,,,,,,,15.0,575.0
Biology,,,,,,,,,,,,Software_Usage_Per_User,Dec,,227.0,1351.0,,,,,,,,,,,,,,,,,,,,WRF,,,,,,,,,,,,,,55.4,,,,,,,,,usr_bio_13,,,,,,,,,,,,,,,,,33.0,164.0
Biology,,,,,,,,,,,,Software_Usage_Per_User,Mar,,146.0,1704.0,,,,,,,,,,,,,,,,,,,,ANSYS,,,,,,,,,,,,,,79.3,,,,,,,,,usr_bio_14,,,,,,,,,,,,,,,,,3.0,167.0
Biology,,,,,,,,,,,,Software_Usage_Per_User,Aug,,300.0,1012.0,,,,,,,,,,,,,,,,,,,,ANSYS,,,,,,,,,,,,,,53.3,,,,,,,,,usr_bio_14,,,,,,,,,,,,,,,,,49.0,228.0
Biology,,,,,,,,,,,,Software_Usage_Per_User,Nov,,133.0,818.0,,,,,,,,,,,,,,,,,,,,ANSYS,,,,,,,,,,,,,,83.3,,,,,,,,,usr_bio_14,,,,,,,,,,,,,,,,,24.0,624.0
Biology,,,,,,,,,,,,Software_Usage_Per_User,Jan,,11.0,793.0,,,,,,,,,,,,,,,,,,,,RELION,,,,,,,,,,,,,,42.0,,,,,,,,,usr_bio_15,,,,,,,,,,,,,,,,,10.0,633.0
Biology,,,,,,,,,,,,Software_Usage_Per_User,May,,164.0,1533.0,,,,,,,,,,,,,,,,,,,,ANSYS,,,,,,,,,,,,,,83.4,,,,,,,,,usr_bio_15,,,,,,,,,,,,,,,,,21.0,360.0
Biology,,,,,,,,,,,,Software_Usage_Per_User,Jan,,46.0,1367.0,,,,,,,,,,,,,,,,,,,,VASP,,,,,,,,,,,,,,37.0,,,,,,,,,usr_bio_16,,,,,,,,,,,,,,,,,20.0,297.0
Biology,,,,,,,,,,,,Software_Usage_Per_User,Oct,,82.0,1984.0,,,,,,,,,,,,,,,,,,,,ANSYS,,,,,,,,,,,,,,69.2,,,,,,,,,usr_bio_16,,,,,,,,,,,,,,,,,2.0,479.0
Biology,,,,,,,,,,,,Software_Usage_Per_User,Jan,,127.0,1448.0,,,,,,,,,,,,,,,,,,,,MATLAB,,,,,,,,,,,,,,49.6,,,,,,,,,usr_bio_17,,,,,,,,,,,,,,,,,45.0,568.0
Biology,,,,,,,,,,,,Software_Usage_Per_User,Oct,,87.0,119.0,,,,,,,,,,,,,,,,,,,,ANSYS,,,,,,,,,,,,,,42.2,,,,,,,,,usr_bio_17,,,,,,,,,,,,,,,,,14.0,454.0
Biology,,,,,,,,,,,,Software_Usage_Per_User,Nov,,189.0,1543.0,,,,,,,,,,,,,,,,,,,,ANSYS,,,,,,,,,,,,,,76.5,,,,,,,,,usr_bio_17,,,,,,,,,,,,,,,,,29.0,644.0
Biology,,,,,,,,,,,,Software_Usage_Per_User,Feb,,397.0,1538.0,,,,,,,,,,,,,,,,,,,,Gaussian,,,,,,,,,,,,,,27.5,,,,,,,,,usr_bio_18,,,,,,,,,,,,,,,,,28.0,219.0
Biology,,,,,,,,,,,,Software_Usage_Per_User,Apr,,426.0,369.0,,,,,,,,,,,,,,,,,,,,ANSYS,,,,,,,,,,,,,,85.8,,,,,,,,,usr_bio_18,,,,,,,,,,,,,,,,,29.0,27.0
Biology,,,,,,,,,,,,Software_Usage_Per_User,Jun,,119.0,267.0,,,,,,,,,,,,,,,,,,,,ANSYS,,,,,,,,,,,,,,84.7,,,,,,,,,usr_bio_18,,,,,,,,,,,,,,,,,45.0,417.0
Biology,,,,,,,,,,,,Software_Usage_Per_User,Jul,,479.0,1985.0,,,,,,,,,,,,,,,,,,,,ANSYS,,,,,,,,,,,,,,71.2,,,,,,,,,usr_bio_18,,,,,,,,,,,,,,,,,24.0,371.0
Biology,,,,,,,,,,,,Software_Usage_Per_User,Aug,,334.0,1262.0,,,,,,,,,,,,,,,,,,,,ANSYS,,,,,,,,,,,,,,64.9,,,,,,,,,usr_bio_18,,,,,,,,,,,,,,,,,30.0,177.0
Biology,,,,,,,,,,,,Software_Usage_Per_User,Dec,,395.0,1691.0,,,,,,,,,,,,,,,,,,,,ANSYS,,,,,,,,,,,,,,76.1,,,,,,,,,usr_bio_18,,,,,,,,,,,,,,,,,47.0,483.0
Biology,,,,,,,,,,,,Software_Usage_Per_User,Apr,,241.0,1420.0,,,,,,,,,,,,,,,,,,,,Gaussian,,,,,,,,,,,,,,39.9,,,,,,,,,usr_bio_19,,,,,,,,,,,,,,,,,18.0,601.0
Biology,,,,,,,,,,,,Software_Usage_Per_User,Oct,,21.0,664.0,,,,,,,,,,,,,,,,,,,,ANSYS,,,,,,,,,,,,,,81.2,,,,,,,,,usr_bio_19,,,,,,,,,,,,,,,,,11.0,647.0
Biology,,,,,,,,,,,,Software_Usage_Per_User,Mar,,301.0,449.0,,,,,,,,,,,,,,,,,,,,ANSYS,,,,,,,,,,,,,,29.2,,,,,,,,,usr_bio_20,,,,,,,,,,,,,,,,,6.0,452.0
Biology,,,,,,,,,,,,Software_Usage_Per_User,May,,219.0,1874.0,,,,,,,,,,,,,,,,,,,,COMSOL,,,,,,,,,,,,,,65.4,,,,,,,,,usr_bio_20,,,,,,,,,,,,,,,,,48.0,407.0
Biology,,,,,,,,,,,,Software_Usage_Per_User,Oct,,188.0,126.0,,,,,,,,,,,,,,,,,,,,ANSYS,,,,,,,,,,,,,,84.0,,,,,,,,,usr_bio_20,,,,,,,,,,,,,,,,,35.0,417.0
Biology,,,,,,,,,,,,Software_Usage_Per_User,Dec,,233.0,1965.0,,,,,,,,,,,,,,,,,,,,ANSYS,,,,,,,,,,,,,,40.8,,,,,,,,,usr_bio_20,,,,,,,,,,,,,,,,,6.0,42.0
Chemistry,,,,,,,,,,,,Software_Usage_Per_User,Apr,,276.0,1824.0,,,,,,,,,,,,,,,,,,,,ANSYS,,,,,,,,,,,,,,91.6,,,,,,,,,usr_che_01,,,,,,,,,,,,,,,,,46.0,551.0
Chemistry,,,,,,,,,,,,Software_Usage_Per_User,Jun,,53.0,613.0,,,,,,,,,,,,,,,,,,,,RELION,,,,,,,,,,,,,,65.1,,,,,,,,,usr_che_01,,,,,,,,,,,,,,,,,31.0,387.0
Chemistry,,,,,,,,,,,,Software_Usage_Per_User,Dec,,289.0,368.0,,,,,,,,,,,,,,,,,,,,ANSYS,,,,,,,,,,,,,,20.7,,,,,,,,,usr_che_01,,,,,,,,,,,,,,,,,13.0,536.0
Chemistry,,,,,,,,,,,,Software_Usage_Per_User,Jun,,268.0,653.0,,,,,,,,,,,,,,,,,,,,MATLAB,,,,,,,,,,,,,,39.8,,,,,,,,,usr_che_02,,,,,,,,,,,,,,,,,49.0,448.0
Chemistry,,,,,,,,,,,,Software_Usage_Per_User,Sep,,117.0,50.0,,,,,,,,,,,,,,,,,,,,ANSYS,,,,,,,,,,,,,,85.2,,,,,,,,,usr_che_02,,,,,,,,,,,,,,,,,1.0,79.0
Chemistry,,,,,,,,,,,,Software_Usage_Per_User,Feb,,435.0,1575.0,,,,,,,,,,,,,,,,,,,,ANSYS,,,,,,,,,,,,,,59.2,,,,,,,,,usr_che_03,,,,,,,,,,,,,,,,,17.0,108.0
Chemistry,,,,,,,,,,,,Software_Usage_Per_User,Apr,,222.0,74.0,,,,,,,,,,,,,,,,,,,,ANSYS,,,,,,,,,,,,,,36.5,,,,,,,,,usr_che_03,,,,,,,,,,,,,,,,,35.0,464.0
Chemistry,,,,,,,,,,,,Software_Usage_Per_User,Jun,,455.0,956.0,,,,,,,,,,,,,,,,,,,,ANSYS,,,,,,,,,,,,,,62.6,,,,,,,,,usr_che_03,,,,,,,,,,,,,,,,,35.0,650.0
Chemistry,,,,,,,,,,,,Software_Usage_Per_User,Jul,,232.0,1489.0,,,,,,,,,,,,,,,,,,,,VASP,,,,,,,,,,,,,,74.2,,,,,,,,,usr_che_03,,,,,,,,,,,,,,,,,30.0,273.0
Chemistry,,,,,,,,,,,,Software_Usage_Per_User,Nov,,57.0,1929.0,,,,,,,,,,,,,,,,,,,,ANSYS,,,,,,,,,,,,,,47.2,,,,,,,,,usr_che_03,,,,,,,,,,,,,,,,,41.0,320.0
Chemistry,,,,,,,,,,,,Software_Usage_Per_User,Apr,,406.0,705.0,,,,,,,,,,,,,,,,,,,,ANSYS,,,,,,,,,,,,,,81.1,,,,,,,,,usr_che_04,,,,,,,,,,,,,,,,,17.0,392.0
Chemistry,,,,,,,,,,,,Software_Usage_Per_User,Aug,,465.0,1494.0,,,,,,,,,,,,,,,,,,,,Schrodinger,,,,,,,,,,,,,,49.8,,,,,,,,,usr_che_04,,,,,,,,,,,,,,,,,5.0,67.0
Chemistry,,,,,,,,,,,,Software_Usage_Per_User,May,,266.0,123.0,,,,,,,,,,,,,,,,,,,,ANSYS,,,,,,,,,,,,,,34.7,,,,,,,,,usr_che_05,,,,,,,,,,,,,,,,,35.0,339.0
Chemistry,,,,,,,,,,,,Software_Usage_Per_User,Aug,,135.0,1488.0,,,,,,,,,,,,,,,,,,,,WRF,,,,,,,,,,,,,,33.2,,,,,,,,,usr_che_05,,,,,,,,,,,,,,,,,38.0,351.0
Chemistry,,,,,,,,,,,,Software_Usage_Per_User,Dec,,410.0,863.0,,,,,,,,,,,,,,,,,,,,ANSYS,,,,,,,,,,,,,,33.5,,,,,,,,,usr_che_05,,,,,,,,,,,,,,,,,35.0,347.0
Chemistry,,,,,,,,,,,,Software_Usage_Per_User,Sep,,420.0,452.0,,,,,,,,,,,,,,,,,,,,MATLAB,,,,,,,,,,,,,,48.6,,,,,,,,,usr_che_06,,,,,,,,,,,,,,,,,20.0,695.0
Chemistry,,,,,,,,,,,,Software_Usage_Per_User,Sep,,467.0,1241.0,,,,,,,,,,,,,,,,,,,,ANSYS,,,,,,,,,,,,,,94.9,,,,,,,,,usr_che_06,,,,,,,,,,,,,,,,,3.0,123.0
Chemistry,,,,,,,,,,,,Software_Usage_Per_User,Sep,,488.0,1416.0,,,,,,,,,,,,,,,,,,,,ANSYS,,,,,,,,,,,,,,71.3,,,,,,,,,usr_che_07,,,,,,,,,,,,,,,,,26.0,188.0
Chemistry,,,,,,,,,,,,Software_Usage_Per_User,Sep,,154.0,1289.0,,,,,,,,,,,,,,,,,,,,TensorFlow,,,,,,,,,,,,,,29.1,,,,,,,,,usr_che_07,,,,,,,,,,,,,,,,,18.0,589.0
Chemistry,,,,,,,,,,,,Software_Usage_Per_User,Oct,,177.0,1065.0,,,,,,,,,,,,,,,,,,,,CP2K,,,,,,,,,,,,,,91.4,,,,,,,,,usr_che_08,,,,,,,,,,,,,,,,,48.0,313.0
Chemistry,,,,,,,,,,,,Software_Usage_Per_User,Oct,,101.0,727.0,,,,,,,,,,,,,,,,,,,,ANSYS,,,,,,,,,,,,,,93.8,,,,,,,,,usr_che_08,,,,,,,,,,,,,,,,,22.0,587.0
Chemistry,,,,,,,,,,,,Software_Usage_Per_User,Mar,,354.0,1647.0,,,,,,,,,,,,,,,,,,,,ANSYS,,,,,,,,,,,,,,74.1,,,,,,,,,usr_che_09,,,,,,,,,,,,,,,,,4.0,558.0
Chemistry,,,,,,,,,,,,Software_Usage_Per_User,Oct,,67.0,1587.0,,,,,,,,,,,,,,,,,,,,WRF,,,,,,,,,,,,,,61.7,,,,,,,,,usr_che_09,,,,,,,,,,,,,,,,,41.0,74.0
Chemistry,,,,,,,,,,,,Software_Usage_Per_User,Nov,,285.0,1274.0,,,,,,,,,,,,,,,,,,,,ANSYS,,,,,,,,,,,,,,65.1,,,,,,,,,usr_che_09,,,,,,,,,,,,,,,,,48.0,699.0
Chemistry,,,,,,,,,,,,Software_Usage_Per_User,Jan,,149.0,565.0,,,,,,,,,,,,,,,,,,,,ANSYS,,,,,,,,,,,,,,79.3,,,,,,,,,usr_che_10,,,,,,,,,,,,,,,,,41.0,170.0
Chemistry,,,,,,,,,,,,Software_Usage_Per_User,Feb,,444.0,487.0,,,,,,,,,,,,,,,,,,,,ANSYS,,,,,,,,,,,,,,45.5,,,,,,,,,usr_che_10,,,,,,,,,,,,,,,,,1.0,486.0
Chemistry,,,,,,,,,,,,Software_Usage_Per_User,Nov,,453.0,1432.0,,,,,,,,,,,,,,,,,,,,ANSYS,,,,,,,,,,,,,,22.1,,,,,,,,,usr_che_10,,,,,,,,,,,,,,,,,13.0,125.0
Chemistry,,,,,,,,,,,,Software_Usage_Per_User,Dec,,123.0,113.0,,,,,,,,,,,,,,,,,,,,COMSOL,,,,,,,,,,,,,,69.7,,,,,,,,,usr_che_10,,,,,,,,,,,,,,,,,17.0,378.0
Chemistry,,,,,,,,,,,,Software_Usage_Per_User,Jan,,220.0,53.0,,,,,,,,,,,,,,,,,,,,ANSYS,,,,,,,,,,,,,,47.0,,,,,,,,,usr_che_11,,,,,,,,,,,,,,,,,10.0,170.0
Chemistry,,,,,,,,,,,,Software_Usage_Per_User,Feb,,218.0,666.0,,,,,,,,,,,,,,,,,,,,ANSYS,,,,,,,,,,,,,,44.3,,,,,,,,,usr_che_11,,,,,,,,,,,,,,,,,15.0,680.0
Chemistry,,,,,,,,,,,,Software_Usage_Per_User,Mar,,51.0,1117.0,,,,,,,,,,,,,,,,,,,,ANSYS,,,,,,,,,,,,,,84.1,,,,,,,,,usr_che_11,,,,,,,,,,,,,,,,,5.0,108.0
Chemistry,,,,,,,,,,,,Software_Usage_Per_User,Jan,,371.0,772.0,,,,,,,,,,,,,,,,,,,,WRF,,,,,,,,,,,,,,24.8,,,,,,,,,usr_che_12,,,,,,,,,,,,,,,,,18.0,392.0
Chemistry,,,,,,,,,,,,Software_Usage_Per_User,Mar,,299.0,820.0,,,,,,,,,,,,,,,,,,,,ANSYS,,,,,,,,,,,,,,46.9,,,,,,,,,usr_che_12,,,,,,,,,,,,,,,,,7.0,598.0
Chemistry,,,,,,,,,,,,Software_Usage_Per_User,Jun,,141.0,748.0,,,,,,,,,,,,,,,,,,,,ANSYS,,,,,,,,,,,,,,67.6,,,,,,,,,usr_che_12,,,,,,,,,,,,,,,,,5.0,514.0
Chemistry,,,,,,,,,,,,Software_Usage_Per_User,Aug,,37.0,1275.0,,,,,,,,,,,,,,,,,,,,ANSYS,,,,,,,,,,,,,,56.2,,,,,,,,,usr_che_12,,,,,,,,,,,,,,,,,43.0,639.0
Chemistry,,,,,,,,,,,,Software_Usage_Per_User,Jan,,248.0,627.0,,,,,,,,,,,,,,,,,,,,ANSYS,,,,,,,,,,,,,,88.4,,,,,,,,,usr_che_13,,,,,,,,,,,,,,,,,31.0,292.0
Chemistry,,,,,,,,,,,,Software_Usage_Per_User,Feb,,398.0,633.0,,,,,,,,,,,,,,,,,,,,COMSOL,,,,,,,,,,,,,,75.9,,,,,,,,,usr_che_13,,,,,,,,,,,,,,,,,2.0,364.0
Chemistry,,,,,,,,,,,,Software_Usage_Per_User,Jun,,282.0,1444.0,,,,,,,,,,,,,,,,,,,,ANSYS,,,,,,,,,,,,,,66.4,,,,,,,,,usr_che_13,,,,,,,,,,,,,,,,,43.0,668.0
Chemistry,,,,,,,,,,,,Software_Usage_Per_User,Jul,,410.0,1666.0,,,,,,,,,,,,,,,,,,,,ANSYS,,,,,,,,,,,,,,45.3,,,,,,,,,usr_che_13,,,,,,,,,,,,,,,,,29.0,90.0
Chemistry,,,,,,,,,,,,Software_Usage_Per_User,Aug,,235.0,1746.0,,,,,,,,,,,,,,,,,,,,ANSYS,,,,,,,,,,,,,,21.1,,,,,,,,,usr_che_13,,,,,,,,,,,,,,,,,7.0,258.0
Chemistry,,,,,,,,,,,,Software_Usage_Per_User,Nov,,124.0,841.0,,,,,,,,,,,,,,,,,,,,ANSYS,,,,,,,,,,,,,,81.4,,,,,,,,,usr_che_13,,,,,,,,,,,,,,,,,37.0,168.0
Chemistry,,,,,,,,,,,,Software_Usage_Per_User,Dec,,110.0,134.0,,,,,,,,,,,,,,,,,,,,ANSYS,,,,,,,,,,,,,,40.2,,,,,,,,,usr_che_13,,,,,,,,,,,,,,,,,41.0,22.0
Chemistry,,,,,,,,,,,,Software_Usage_Per_User,Apr,,66.0,1238.0,,,,,,,,,,,,,,,,,,,,LAMMPS,,,,,,,,,,,,,,55.0,,,,,,,,,usr_che_14,,,,,,,,,,,,,,,,,25.0,558.0
Chemistry,,,,,,,,,,,,Software_Usage_Per_User,Apr,,432.0,1441.0,,,,,,,,,,,,,,,,,,,,ANSYS,,,,,,,,,,,,,,94.7,,,,,,,,,usr_che_14,,,,,,,,,,,,,,,,,22.0,359.0
Chemistry,,,,,,,,,,,,Software_Usage_Per_User,Jun,,413.0,112.0,,,,,,,,,,,,,,,,,,,,ANSYS,,,,,,,,,,,,,,52.9,,,,,,,,,usr_che_14,,,,,,,,,,,,,,,,,25.0,622.0
Chemistry,,,,,,,,,,,,Software_Usage_Per_User,Jul,,194.0,1227.0,,,,,,,,,,,,,,,,,,,,ANSYS,,,,,,,,,,,,,,42.4,,,,,,,,,usr_che_14,,,,,,,,,,,,,,,,,1.0,15.0
Chemistry,,,,,,,,,,,,Software_Usage_Per_User,Sep,,412.0,145.0,,,,,,,,,,,,,,,,,,,,ANSYS,,,,,,,,,,,,,,72.6,,,,,,,,,usr_che_14,,,,,,,,,,,,,,,,,30.0,268.0
Chemistry,,,,,,,,,,,,Software_Usage_Per_User,Nov,,172.0,1844.0,,,,,,,,,,,,,,,,,,,,ANSYS,,,,,,,,,,,,,,39.4,,,,,,,,,usr_che_14,,,,,,,,,,,,,,,,,26.0,478.0
Chemistry,,,,,,,,,,,,Software_Usage_Per_User,Jan,,63.0,572.0,,,,,,,,,,,,,,,,,,,,ANSYS,,,,,,,,,,,,,,48.8,,,,,,,,,usr_che_15,,,,,,,,,,,,,,,,,29.0,244.0
Chemistry,,,,,,,,,,,,Software_Usage_Per_User,Jun,,358.0,814.0,,,,,,,,,,,,,,,,,,,,LAMMPS,,,,,,,,,,,,,,55.9,,,,,,,,,usr_che_15,,,,,,,,,,,,,,,,,34.0,162.0
Chemistry,,,,,,,,,,,,Software_Usage_Per_User,Jan,,162.0,86.0,,,,,,,,,,,,,,,,,,,,ANSYS,,,,,,,,,,,,,,25.2,,,,,,,,,usr_che_16,,,,,,,,,,,,,,,,,12.0,545.0
Chemistry,,,,,,,,,,,,Software_Usage_Per_User,Feb,,489.0,1645.0,,,,,,,,,,,,,,,,,,,,ANSYS,,,,,,,,,,,,,,90.6,,,,,,,,,usr_che_16,,,,,,,,,,,,,,,,,42.0,170.0
Chemistry,,,,,,,,,,,,Software_Usage_Per_User,Jun,,402.0,1947.0,,,,,,,,,,,,,,,,,,,,GROMACS,,,,,,,,,,,,,,35.0,,,,,,,,,usr_che_16,,,,,,,,,,,,,,,,,13.0,113.0
Chemistry,,,,,,,,,,,,Software_Usage_Per_User,Sep,,436.0,736.0,,,,,,,,,,,,,,,,,,,,ANSYS,,,,,,,,,,,,,,52.2,,,,,,,,,usr_che_16,,,,,,,,,,,,,,,,,9.0,613.0
Chemistry,,,,,,,,,,,,Software_Usage_Per_User,Oct,,22.0,80.0,,,,,,,,,,,,,,,,,,,,ANSYS,,,,,,,,,,,,,,26.4,,,,,,,,,usr_che_16,,,,,,,,,,,,,,,,,39.0,510.0
Chemistry,,,,,,,,,,,,Software_Usage_Per_User,Apr,,224.0,1918.0,,,,,,,,,,,,,,,,,,,,ANSYS,,,,,,,,,,,,,,25.9,,,,,,,,,usr_che_17,,,,,,,,,,,,,,,,,35.0,404.0
Chemistry,,,,,,,,,,,,Software_Usage_Per_User,Jun,,395.0,823.0,,,,,,,,,,,,,,,,,,,,ANSYS,,,,,,,,,,,,,,20.3,,,,,,,,,usr_che_17,,,,,,,,,,,,,,,,,26.0,448.0
Chemistry,,,,,,,,,,,,Software_Usage_Per_User,Jul,,369.0,169.0,,,,,,,,,,,,,,,,,,,,ANSYS,,,,,,,,,,,,,,53.8,,,,,,,,,usr_che_17,,,,,,,,,,,,,,,,,33.0,312.0
Chemistry,,,,,,,,,,,,Software_Usage_Per_User,Aug,,29.0,786.0,,,,,,,,,,,,,,,,,,,,PyTorch,,,,,,,,,,,,,,81.8,,,,,,,,,usr_che_17,,,,,,,,,,,,,,,,,13.0,693.0
Chemistry,,,,,,,,,,,,Software_Usage_Per_User,Dec,,352.0,114.0,,,,,,,,,,,,,,,,,,,,ANSYS,,,,,,,,,,,,,,71.2,,,,,,,,,usr_che_17,,,,,,,,,,,,,,,,,35.0,333.0
Chemistry,,,,,,,,,,,,Software_Usage_Per_User,Mar,,66.0,736.0,,,,,,,,,,,,,,,,,,,,ANSYS,,,,,,,,,,,,,,34.4,,,,,,,,,usr_che_18,,,,,,,,,,,,,,,,,4.0,214.0
Chemistry,,,,,,,,,,,,Software_Usage_Per_User,May,,483.0,481.0,,,,,,,,,,,,,,,,,,,,ANSYS,,,,,,,,,,,,,,83.5,,,,,,,,,usr_che_18,,,,,,,,,,,,,,,,,18.0,236.0
Chemistry,,,,,,,,,,,,Software_Usage_Per_User,Sep,,175.0,1961.0,,,,,,,,,,,,,,,,,,,,PyTorch,,,,,,,,,,,,,,70.0,,,,,,,,,usr_che_18,,,,,,,,,,,,,,,,,31.0,631.0
Chemistry,,,,,,,,,,,,Software_Usage_Per_User,Feb,,375.0,614.0,,,,,,,,,,,,,,,,,,,,ANSYS,,,,,,,,,,,,,,60.4,,,,,,,,,usr_che_19,,,,,,,,,,,,,,,,,17.0,143.0
Chemistry,,,,,,,,,,,,Software_Usage_Per_User,Mar,,237.0,133.0,,,,,,,,,,,,,,,,,,,,ANSYS,,,,,,,,,,,,,,23.4,,,,,,,,,usr_che_19,,,,,,,,,,,,,,,,,6.0,460.0
Chemistry,,,,,,,,,,,,Software_Usage_Per_User,May,,440.0,84.0,,,,,,,,,,,,,,,,,,,,ANSYS,,,,,,,,,,,,,,53.0,,,,,,,,,usr_che_19,,,,,,,,,,,,,,,,,27.0,625.0
Chemistry,,,,,,,,,,,,Software_Usage_Per_User,Oct,,416.0,955.0,,,,,,,,,,,,,,,,,,,,MATLAB,,,,,,,,,,,,,,65.1,,,,,,,,,usr_che_19,,,,,,,,,,,,,,,,,16.0,180.0
Chemistry,,,,,,,,,,,,Software_Usage_Per_User,Apr,,129.0,1072.0,,,,,,,,,,,,,,,,,,,,ANSYS,,,,,,,,,,,,,,60.1,,,,,,,,,usr_che_20,,,,,,,,,,,,,,,,,23.0,504.0
Chemistry,,,,,,,,,,,,Software_Usage_Per_User,Nov,,405.0,723.0,,,,,,,,,,,,,,,,,,,,GROMACS,,,,,,,,,,,,,,23.0,,,,,,,,,usr_che_20,,,,,,,,,,,,,,,,,28.0,410.0
Computer Science,,,,,,,,,,,,Software_Usage_Per_User,Feb,,493.0,868.0,,,,,,,,,,,,,,,,,,,,ANSYS,,,,,,,,,,,,,,39.5,,,,,,,,,usr_com_01,,,,,,,,,,,,,,,,,31.0,196.0
Computer Science,,,,,,,,,,,,Software_Usage_Per_User,Mar,,421.0,1286.0,,,,,,,,,,,,,,,,,,,,ANSYS,,,,,,,,,,,,,,53.2,,,,,,,,,usr_com_01,,,,,,,,,,,,,,,,,5.0,678.0
Computer Science,,,,,,,,,,,,Software_Usage_Per_User,Nov,,359.0,1583.0,,,,,,,,,,,,,,,,,,,,MATLAB,,,,,,,,,,,,,,33.2,,,,,,,,,usr_com_01,,,,,,,,,,,,,,,,,5.0,14.0
Computer Science,,,,,,,,,,,,Software_Usage_Per_User,Dec,,101.0,1140.0,,,,,,,,,,,,,,,,,,,,ANSYS,,,,,,,,,,,,,,24.0,,,,,,,,,usr_com_01,,,,,,,,,,,,,,,,,27.0,223.0
Computer Science,,,,,,,,,,,,Software_Usage_Per_User,Sep,,80.0,119.0,,,,,,,,,,,,,,,,,,,,ANSYS,,,,,,,,,,,,,,43.5,,,,,,,,,usr_com_02,,,,,,,,,,,,,,,,,5.0,17.0
Computer Science,,,,,,,,,,,,Software_Usage_Per_User,Nov,,274.0,705.0,,,,,,,,,,,,,,,,,,,,ANSYS,,,,,,,,,,,,,,84.2,,,,,,,,,usr_com_02,,,,,,,,,,,,,,,,,30.0,167.0
Computer Science,,,,,,,,,,,,Software_Usage_Per_User,Dec,,472.0,1579.0,,,,,,,,,,,,,,,,,,,,VASP,,,,,,,,,,,,,,64.3,,,,,,,,,usr_com_02,,,,,,,,,,,,,,,,,35.0,161.0
Computer Science,,,,,,,,,,,,Software_Usage_Per_User,Apr,,471.0,87.0,,,,,,,,,,,,,,,,,,,,ANSYS,,,,,,,,,,,,,,47.0,,,,,,,,,usr_com_03,,,,,,,,,,,,,,,,,26.0,573.0
Computer Science,,,,,,,,,,,,Software_Usage_Per_User,May,,346.0,1478.0,,,,,,,,,,,,,,,,,,,,ANSYS,,,,,,,,,,,,,,90.5,,,,,,,,,usr_com_03,,,,,,,,,,,,,,,,,43.0,364.0
Computer Science,,,,,,,,,,,,Software_Usage_Per_User,Jun,,275.0,65.0,,,,,,,,,,,,,,,,,,,,ANSYS,,,,,,,,,,,,,,40.2,,,,,,,,,usr_com_03,,,,,,,,,,,,,,,,,23.0,150.0
Computer Science,,,,,,,,,,,,Software_Usage_Per_User,Jan,,497.0,327.0,,,,,,,,,,,,,,,,,,,,Schrodinger,,,,,,,,,,,,,,63.6,,,,,,,,,usr_com_04,,,,,,,,,,,,,,,,,42.0,600.0
Computer Science,,,,,,,,,,,,Software_Usage_Per_User,Apr,,297.0,935.0,,,,,,,,,,,,,,,,,,,,ANSYS,,,,,,,,,,,,,,39.4,,,,,,,,,usr_com_04,,,,,,,,,,,,,,,,,35.0,686.0
Computer Science,,,,,,,,,,,,Software_Usage_Per_User,Aug,,31.0,1024.0,,,,,,,,,,,,,,,,,,,,ANSYS,,,,,,,,,,,,,,29.8,,,,,,,,,usr_com_04,,,,,,,,,,,,,,,,,22.0,100.0
Computer Science,,,,,,,,,,,,Software_Usage_Per_User,Dec,,429.0,131.0,,,,,,,,,,,,,,,,,,,,ANSYS,,,,,,,,,,,,,,93.6,,,,,,,,,usr_com_04,,,,,,,,,,,,,,,,,2.0,280.0
Computer Science,,,,,,,,,,,,Software_Usage_Per_User,Feb,,305.0,1803.0,,,,,,,,,,,,,,,,,,,,VASP,,,,,,,,,,,,,,86.0,,,,,,,,,usr_com_05,,,,,,,,,,,,,,,,,7.0,443.0
Computer Science,,,,,,,,,,,,Software_Usage_Per_User,Apr,,312.0,306.0,,,,,,,,,,,,,,,,,,,,ANSYS,,,,,,,,,,,,,,63.4,,,,,,,,,usr_com_05,,,,,,,,,,,,,,,,,48.0,296.0
Computer Science,,,,,,,,,,,,Software_Usage_Per_User,Dec,,8.0,1499.0,,,,,,,,,,,,,,,,,,,,ANSYS,,,,,,,,,,,,,,64.8,,,,,,,,,usr_com_05,,,,,,,,,,,,,,,,,10.0,265.0
Computer Science,,,,,,,,,,,,Software_Usage_Per_User,Mar,,252.0,1079.0,,,,,,,,,,,,,,,,,,,,ANSYS,,,,,,,,,,,,,,58.7,,,,,,,,,usr_com_06,,,,,,,,,,,,,,,,,3.0,263.0
Computer Science,,,,,,,,,,,,Software_Usage_Per_User,Mar,,68.0,895.0,,,,,,,,,,,,,,,,,,,,MATLAB,,,,,,,,,,,,,,30.5,,,,,,,,,usr_com_06,,,,,,,,,,,,,,,,,27.0,639.0
Computer Science,,,,,,,,,,,,Software_Usage_Per_User,Aug,,418.0,985.0,,,,,,,,,,,,,,,,,,,,ANSYS,,,,,,,,,,,,,,93.3,,,,,,,,,usr_com_06,,,,,,,,,,,,,,,,,31.0,333.0
Computer Science,,,,,,,,,,,,Software_Usage_Per_User,Sep,,436.0,1461.0,,,,,,,,,,,,,,,,,,,,ANSYS,,,,,,,,,,,,,,87.5,,,,,,,,,usr_com_06,,,,,,,,,,,,,,,,,20.0,486.0
Computer Science,,,,,,,,,,,,Software_Usage_Per_User,Apr,,237.0,615.0,,,,,,,,,,,,,,,,,,,,VASP,,,,,,,,,,,,,,27.5,,,,,,,,,usr_com_07,,,,,,,,,,,,,,,,,46.0,628.0
Computer Science,,,,,,,,,,,,Software_Usage_Per_User,May,,52.0,1390.0,,,,,,,,,,,,,,,,,,,,ANSYS,,,,,,,,,,,,,,44.0,,,,,,,,,usr_com_07,,,,,,,,,,,,,,,,,29.0,282.0
Computer Science,,,,,,,,,,,,Software_Usage_Per_User,Mar,,157.0,1411.0,,,,,,,,,,,,,,,,,,,,ANSYS,,,,,,,,,,,,,,71.4,,,,,,,,,usr_com_08,,,,,,,,,,,,,,,,,49.0,614.0
Computer Science,,,,,,,,,,,,Software_Usage_Per_User,May,,149.0,1805.0,,,,,,,,,,,,,,,,,,,,COMSOL,,,,,,,,,,,,,,43.3,,,,,,,,,usr_com_08,,,,,,,,,,,,,,,,,15.0,682.0
Computer Science,,,,,,,,,,,,Software_Usage_Per_User,Jan,,377.0,250.0,,,,,,,,,,,,,,,,,,,,ANSYS,,,,,,,,,,,,,,78.9,,,,,,,,,usr_com_09,,,,,,,,,,,,,,,,,14.0,558.0
Computer Science,,,,,,,,,,,,Software_Usage_Per_User,Apr,,110.0,980.0,,,,,,,,,,,,,,,,,,,,ANSYS,,,,,,,,,,,,,,63.1,,,,,,,,,usr_com_09,,,,,,,,,,,,,,,,,10.0,682.0
Computer Science,,,,,,,,,,,,Software_Usage_Per_User,May,,352.0,1828.0,,,,,,,,,,,,,,,,,,,,ANSYS,,,,,,,,,,,,,,39.5,,,,,,,,,usr_com_09,,,,,,,,,,,,,,,,,13.0,662.0
Computer Science,,,,,,,,,,,,Software_Usage_Per_User,Jun,,472.0,1612.0,,,,,,,,,,,,,,,,,,,,WRF,,,,,,,,,,,,,,42.8,,,,,,,,,usr_com_09,,,,,,,,,,,,,,,,,19.0,364.0
Computer Science,,,,,,,,,,,,Software_Usage_Per_User,Sep,,197.0,1983.0,,,,,,,,,,,,,,,,,,,,ANSYS,,,,,,,,,,,,,,34.8,,,,,,,,,usr_com_09,,,,,,,,,,,,,,,,,38.0,403.0
Computer Science,,,,,,,,,,,,Software_Usage_Per_User,Jun,,310.0,1481.0,,,,,,,,,,,,,,,,,,,,Amber,,,,,,,,,,,,,,84.9,,,,,,,,,usr_com_10,,,,,,,,,,,,,,,,,9.0,457.0
Computer Science,,,,,,,,,,,,Software_Usage_Per_User,Aug,,65.0,1725.0,,,,,,,,,,,,,,,,,,,,ANSYS,,,,,,,,,,,,,,60.3,,,,,,,,,usr_com_10,,,,,,,,,,,,,,,,,36.0,416.0
Computer Science,,,,,,,,,,,,Software_Usage_Per_User,Sep,,59.0,54.0,,,,,,,,,,,,,,,,,,,,ANSYS,,,,,,,,,,,,,,72.3,,,,,,,,,usr_com_10,,,,,,,,,,,,,,,,,11.0,597.0
Computer Science,,,,,,,,,,,,Software_Usage_Per_User,Oct,,494.0,1224.0,,,,,,,,,,,,,,,,,,,,ANSYS,,,,,,,,,,,,,,87.3,,,,,,,,,usr_com_10,,,,,,,,,,,,,,,,,26.0,116.0
Computer Science,,,,,,,,,,,,Software_Usage_Per_User,Apr,,305.0,544.0,,,,,,,,,,,,,,,,,,,,ANSYS,,,,,,,,,,,,,,74.7,,,,,,,,,usr_com_11,,,,,,,,,,,,,,,,,34.0,381.0
Computer Science,,,,,,,,,,,,Software_Usage_Per_User,Aug,,45.0,1202.0,,,,,,,,,,,,,,,,,,,,Gaussian,,,,,,,,,,,,,,61.0,,,,,,,,,usr_com_11,,,,,,,,,,,,,,,,,12.0,110.0
Computer Science,,,,,,,,,,,,Software_Usage_Per_User,Nov,,122.0,1595.0,,,,,,,,,,,,,,,,,,,,ANSYS,,,,,,,,,,,,,,51.1,,,,,,,,,usr_com_11,,,,,,,,,,,,,,,,,18.0,325.0
Computer Science,,,,,,,,,,,,Software_Usage_Per_User,Apr,,374.0,1501.0,,,,,,,,,,,,,,,,,,,,ANSYS,,,,,,,,,,,,,,72.1,,,,,,,,,usr_com_12,,,,,,,,,,,,,,,,,24.0,419.0
Computer Science,,,,,,,,,,,,Software_Usage_Per_User,Aug,,367.0,647.0,,,,,,,,,,,,,,,,,,,,LAMMPS,,,,,,,,,,,,,,49.2,,,,,,,,,usr_com_12,,,,,,,,,,,,,,,,,1.0,500.0
Computer Science,,,,,,,,,,,,Software_Usage_Per_User,Dec,,277.0,928.0,,,,,,,,,,,,,,,,,,,,ANSYS,,,,,,,,,,,,,,35.0,,,,,,,,,usr_com_12,,,,,,,,,,,,,,,,,49.0,570.0
Computer Science,,,,,,,,,,,,Software_Usage_Per_User,Apr,,17.0,922.0,,,,,,,,,,,,,,,,,,,,ANSYS,,,,,,,,,,,,,,34.8,,,,,,,,,usr_com_13,,,,,,,,,,,,,,,,,40.0,217.0
Computer Science,,,,,,,,,,,,Software_Usage_Per_User,Jul,,475.0,1760.0,,,,,,,,,,,,,,,,,,,,ANSYS,,,,,,,,,,,,,,91.5,,,,,,,,,usr_com_13,,,,,,,,,,,,,,,,,4.0,665.0
Computer Science,,,,,,,,,,,,Software_Usage_Per_User,Sep,,184.0,87.0,,,,,,,,,,,,,,,,,,,,RELION,,,,,,,,,,,,,,30.7,,,,,,,,,usr_com_13,,,,,,,,,,,,,,,,,20.0,434.0
Computer Science,,,,,,,,,,,,Software_Usage_Per_User,Nov,,419.0,1437.0,,,,,,,,,,,,,,,,,,,,ANSYS,,,,,,,,,,,,,,62.9,,,,,,,,,usr_com_13,,,,,,,,,,,,,,,,,49.0,451.0
Computer Science,,,,,,,,,,,,Software_Usage_Per_User,May,,102.0,955.0,,,,,,,,,,,,,,,,,,,,ANSYS,,,,,,,,,,,,,,49.9,,,,,,,,,usr_com_14,,,,,,,,,,,,,,,,,18.0,305.0
Computer Science,,,,,,,,,,,,Software_Usage_Per_User,Aug,,288.0,343.0,,,,,,,,,,,,,,,,,,,,ANSYS,,,,,,,,,,,,,,42.6,,,,,,,,,usr_com_14,,,,,,,,,,,,,,,,,27.0,651.0
Computer Science,,,,,,,,,,,,Software_Usage_Per_User,Oct,,93.0,1796.0,,,,,,,,,,,,,,,,,,,,LAMMPS,,,,,,,,,,,,,,87.9,,,,,,,,,usr_com_14,,,,,,,,,,,,,,,,,38.0,562.0
Computer Science,,,,,,,,,,,,Software_Usage_Per_User,Jun,,498.0,1989.0,,,,,,,,,,,,,,,,,,,,ANSYS,,,,,,,,,,,,,,71.1,,,,,,,,,usr_com_15,,,,,,,,,,,,,,,,,17.0,540.0
Computer Science,,,,,,,,,,,,Software_Usage_Per_User,Aug,,295.0,1829.0,,,,,,,,,,,,,,,,,,,,ANSYS,,,,,,,,,,,,,,55.3,,,,,,,,,usr_com_15,,,,,,,,,,,,,,,,,44.0,438.0
Computer Science,,,,,,,,,,,,Software_Usage_Per_User,Nov,,332.0,1203.0,,,,,,,,,,,,,,,,,,,,Amber,,,,,,,,,,,,,,75.0,,,,,,,,,usr_com_15,,,,,,,,,,,,,,,,,24.0,183.0
Computer Science,,,,,,,,,,,,Software_Usage_Per_User,May,,325.0,115.0,,,,,,,,,,,,,,,,,,,,ANSYS,,,,,,,,,,,,,,49.1,,,,,,,,,usr_com_16,,,,,,,,,,,,,,,,,10.0,312.0
Computer Science,,,,,,,,,,,,Software_Usage_Per_User,Sep,,404.0,858.0,,,,,,,,,,,,,,,,,,,,ANSYS,,,,,,,,,,,,,,41.1,,,,,,,,,usr_com_16,,,,,,,,,,,,,,,,,24.0,481.0
Computer Science,,,,,,,,,,,,Software_Usage_Per_User,Nov,,114.0,1831.0,,,,,,,,,,,,,,,,,,,,ANSYS,,,,,,,,,,,,,,93.5,,,,,,,,,usr_com_16,,,,,,,,,,,,,,,,,8.0,327.0
Computer Science,,,,,,,,,,,,Software_Usage_Per_User,Dec,,350.0,1560.0,,,,,,,,,,,,,,,,,,,,CP2K,,,,,,,,,,,,,,28.1,,,,,,,,,usr_com_16,,,,,,,,,,,,,,,,,22.0,357.0
Computer Science,,,,,,,,,,,,Software_Usage_Per_User,Feb,,239.0,1090.0,,,,,,,,,,,,,,,,,,,,ANSYS,,,,,,,,,,,,,,80.9,,,,,,,,,usr_com_17,,,,,,,,,,,,,,,,,16.0,348.0
Computer Science,,,,,,,,,,,,Software_Usage_Per_User,Jun,,31.0,971.0,,,,,,,,,,,,,,,,,,,,ANSYS,,,,,,,,,,,,,,40.6,,,,,,,,,usr_com_17,,,,,,,,,,,,,,,,,1.0,334.0
Computer Science,,,,,,,,,,,,Software_Usage_Per_User,Nov,,245.0,1881.0,,,,,,,,,,,,,,,,,,,,ANSYS,,,,,,,,,,,,,,74.4,,,,,,,,,usr_com_17,,,,,,,,,,,,,,,,,7.0,93.0
Computer Science,,,,,,,,,,,,Software_Usage_Per_User,Jan,,196.0,579.0,,,,,,,,,,,,,,,,,,,,Schrodinger,,,,,,,,,,,,,,61.3,,,,,,,,,usr_com_18,,,,,,,,,,,,,,,,,48.0,424.0
Computer Science,,,,,,,,,,,,Software_Usage_Per_User,Jan,,494.0,197.0,,,,,,,,,,,,,,,,,,,,LAMMPS,,,,,,,,,,,,,,20.1,,,,,,,,,usr_com_19,,,,,,,,,,,,,,,,,29.0,504.0
Computer Science,,,,,,,,,,,,Software_Usage_Per_User,Feb,,205.0,295.0,,,,,,,,,,,,,,,,,,,,ANSYS,,,,,,,,,,,,,,79.6,,,,,,,,,usr_com_19,,,,,,,,,,,,,,,,,45.0,680.0
Computer Science,,,,,,,,,,,,Software_Usage_Per_User,Mar,,43.0,1430.0,,,,,,,,,,,,,,,,,,,,ANSYS,,,,,,,,,,,,,,37.5,,,,,,,,,usr_com_19,,,,,,,,,,,,,,,,,26.0,43.0
Computer Science,,,,,,,,,,,,Software_Usage_Per_User,Jul,,18.0,619.0,,,,,,,,,,,,,,,,,,,,ANSYS,,,,,,,,,,,,,,40.1,,,,,,,,,usr_com_19,,,,,,,,,,,,,,,,,43.0,165.0
Computer Science,,,,,,,,,,,,Software_Usage_Per_User,Feb,,271.0,1897.0,,,,,,,,,,,,,,,,,,,,GROMACS,,,,,,,,,,,,,,29.3,,,,,,,,,usr_com_20,,,,,,,,,,,,,,,,,25.0,513.0
Computer Science,,,,,,,,,,,,Software_Usage_Per_User,May,,145.0,827.0,,,,,,,,,,,,,,,,,,,,ANSYS,,,,,,,,,,,,,,30.5,,,,,,,,,usr_com_20,,,,,,,,,,,,,,,,,38.0,394.0
Earth Sciences,,,,,,,,,,,,Software_Usage_Per_User,Jan,,255.0,624.0,,,,,,,,,,,,,,,,,,,,ANSYS,,,,,,,,,,,,,,55.6,,,,,,,,,usr_ear_01,,,,,,,,,,,,,,,,,37.0,599.0
Earth Sciences,,,,,,,,,,,,Software_Usage_Per_User,Mar,,109.0,930.0,,,,,,,,,,,,,,,,,,,,Schrodinger,,,,,,,,,,,,,,73.4,,,,,,,,,usr_ear_01,,,,,,,,,,,,,,,,,9.0,648.0
Earth Sciences,,,,,,,,,,,,Software_Usage_Per_User,Aug,,29.0,211.0,,,,,,,,,,,,,,,,,,,,ANSYS,,,,,,,,,,,,,,25.5,,,,,,,,,usr_ear_01,,,,,,,,,,,,,,,,,28.0,110.0
Earth Sciences,,,,,,,,,,,,Software_Usage_Per_User,Mar,,471.0,1639.0,,,,,,,,,,,,,,,,,,,,TensorFlow,,,,,,,,,,,,,,84.4,,,,,,,,,usr_ear_02,,,,,,,,,,,,,,,,,3.0,201.0
Earth Sciences,,,,,,,,,,,,Software_Usage_Per_User,Aug,,96.0,1348.0,,,,,,,,,,,,,,,,,,,,ANSYS,,,,,,,,,,,,,,59.9,,,,,,,,,usr_ear_02,,,,,,,,,,,,,,,,,31.0,416.0
Earth Sciences,,,,,,,,,,,,Software_Usage_Per_User,Sep,,324.0,351.0,,,,,,,,,,,,,,,,,,,,ANSYS,,,,,,,,,,,,,,35.9,,,,,,,,,usr_ear_02,,,,,,,,,,,,,,,,,19.0,238.0
Earth Sciences,,,,,,,,,,,,Software_Usage_Per_User,Feb,,253.0,659.0,,,,,,,,,,,,,,,,,,,,ANSYS,,,,,,,,,,,,,,90.5,,,,,,,,,usr_ear_03,,,,,,,,,,,,,,,,,26.0,461.0
Earth Sciences,,,,,,,,,,,,Software_Usage_Per_User,Apr,,296.0,993.0,,,,,,,,,,,,,,,,,,,,Abaqus,,,,,,,,,,,,,,60.3,,,,,,,,,usr_ear_03,,,,,,,,,,,,,,,,,35.0,197.0
Earth Sciences,,,,,,,,,,,,Software_Usage_Per_User,Jun,,176.0,1539.0,,,,,,,,,,,,,,,,,,,,ANSYS,,,,,,,,,,,,,,35.6,,,,,,,,,usr_ear_03,,,,,,,,,,,,,,,,,3.0,450.0
Earth Sciences,,,,,,,,,,,,Software_Usage_Per_User,Nov,,71.0,1414.0,,,,,,,,,,,,,,,,,,,,ANSYS,,,,,,,,,,,,,,38.0,,,,,,,,,usr_ear_03,,,,,,,,,,,,,,,,,42.0,145.0
Earth Sciences,,,,,,,,,,,,Software_Usage_Per_User,May,,126.0,1542.0,,,,,,,,,,,,,,,,,,,,VASP,,,,,,,,,,,,,,42.7,,,,,,,,,usr_ear_04,,,,,,,,,,,,,,,,,46.0,603.0
Earth Sciences,,,,,,,,,,,,Software_Usage_Per_User,Feb,,93.0,20.0,,,,,,,,,,,,,,,,,,,,ANSYS,,,,,,,,,,,,,,93.3,,,,,,,,,usr_ear_05,,,,,,,,,,,,,,,,,34.0,82.0
Earth Sciences,,,,,,,,,,,,Software_Usage_Per_User,Apr,,376.0,1024.0,,,,,,,,,,,,,,,,,,,,ANSYS,,,,,,,,,,,,,,52.9,,,,,,,,,usr_ear_05,,,,,,,,,,,,,,,,,4.0,511.0
Earth Sciences,,,,,,,,,,,,Software_Usage_Per_User,Jun,,197.0,422.0,,,,,,,,,,,,,,,,,,,,CP2K,,,,,,,,,,,,,,55.6,,,,,,,,,usr_ear_05,,,,,,,,,,,,,,,,,8.0,290.0
Earth Sciences,,,,,,,,,,,,Software_Usage_Per_User,Dec,,127.0,645.0,,,,,,,,,,,,,,,,,,,,ANSYS,,,,,,,,,,,,,,37.9,,,,,,,,,usr_ear_05,,,,,,,,,,,,,,,,,40.0,227.0
Earth Sciences,,,,,,,,,,,,Software_Usage_Per_User,Apr,,481.0,637.0,,,,,,,,,,,,,,,,,,,,ANSYS,,,,,,,,,,,,,,70.1,,,,,,,,,usr_ear_06,,,,,,,,,,,,,,,,,11.0,100.0
Earth Sciences,,,,,,,,,,,,Software_Usage_Per_User,Jun,,293.0,438.0,,,,,,,,,,,,,,,,,,,,WRF,,,,,,,,,,,,,,33.5,,,,,,,,,usr_ear_06,,,,,,,,,,,,,,,,,31.0,572.0
Earth Sciences,,,,,,,,,,,,Software_Usage_Per_User,Feb,,362.0,745.0,,,,,,,,,,,,,,,,,,,,ANSYS,,,,,,,,,,,,,,67.0,,,,,,,,,usr_ear_07,,,,,,,,,,,,,,,,,41.0,694.0
Earth Sciences,,,,,,,,,,,,Software_Usage_Per_User,Jun,,170.0,863.0,,,,,,,,,,,,,,,,,,,,ANSYS,,,,,,,,,,,,,,92.5,,,,,,,,,usr_ear_07,,,,,,,,,,,,,,,,,14.0,476.0
Earth Sciences,,,,,,,,,,,,Software_Usage_Per_User,Jul,,463.0,853.0,,,,,,,,,,,,,,,,,,,,PyTorch,,,,,,,,,,,,,,35.0,,,,,,,,,usr_ear_07,,,,,,,,,,,,,,,,,7.0,224.0
Earth Sciences,,,,,,,,,,,,Software_Usage_Per_User,Aug,,153.0,1789.0,,,,,,,,,,,,,,,,,,,,ANSYS,,,,,,,,,,,,,,86.7,,,,,,,,,usr_ear_07,,,,,,,,,,,,,,,,,6.0,605.0
Earth Sciences,,,,,,,,,,,,Software_Usage_Per_User,Jul,,499.0,1362.0,,,,,,,,,,,,,,,,,,,,Schrodinger,,,,,,,,,,,,,,26.2,,,,,,,,,usr_ear_08,,,,,,,,,,,,,,,,,42.0,196.0
Earth Sciences,,,,,,,,,,,,Software_Usage_Per_User,Aug,,300.0,545.0,,,,,,,,,,,,,,,,,,,,ANSYS,,,,,,,,,,,,,,37.9,,,,,,,,,usr_ear_08,,,,,,,,,,,,,,,,,43.0,472.0
Earth Sciences,,,,,,,,,,,,Software_Usage_Per_User,Jul,,105.0,1133.0,,,,,,,,,,,,,,,,,,,,ANSYS,,,,,,,,,,,,,,71.2,,,,,,,,,usr_ear_09,,,,,,,,,,,,,,,,,45.0,345.0
Earth Sciences,,,,,,,,,,,,Software_Usage_Per_User,Aug,,273.0,956.0,,,,,,,,,,,,,,,,,,,,ANSYS,,,,,,,,,,,,,,57.2,,,,,,,,,usr_ear_09,,,,,,,,,,,,,,,,,2.0,419.0
Earth Sciences,,,,,,,,,,,,Software_Usage_Per_User,Sep,,36.0,239.0,,,,,,,,,,,,,,,,,,,,Gaussian,,,,,,,,,,,,,,43.6,,,,,,,,,usr_ear_09,,,,,,,,,,,,,,,,,3.0,603.0
Earth Sciences,,,,,,,,,,,,Software_Usage_Per_User,Nov,,297.0,1774.0,,,,,,,,,,,,,,,,,,,,ANSYS,,,,,,,,,,,,,,37.3,,,,,,,,,usr_ear_09,,,,,,,,,,,,,,,,,4.0,27.0
Earth Sciences,,,,,,,,,,,,Software_Usage_Per_User,Jan,,134.0,80.0,,,,,,,,,,,,,,,,,,,,ANSYS,,,,,,,,,,,,,,34.8,,,,,,,,,usr_ear_10,,,,,,,,,,,,,,,,,37.0,511.0
Earth Sciences,,,,,,,,,,,,Software_Usage_Per_User,Sep,,434.0,1746.0,,,,,,,,,,,,,,,,,,,,Schrodinger,,,,,,,,,,,,,,63.6,,,,,,,,,usr_ear_10,,,,,,,,,,,,,,,,,39.0,198.0
Earth Sciences,,,,,,,,,,,,Software_Usage_Per_User,Dec,,99.0,1642.0,,,,,,,,,,,,,,,,,,,,ANSYS,,,,,,,,,,,,,,49.5,,,,,,,,,usr_ear_10,,,,,,,,,,,,,,,,,15.0,530.0
Earth Sciences,,,,,,,,,,,,Software_Usage_Per_User,Feb,,488.0,1202.0,,,,,,,,,,,,,,,,,,,,ANSYS,,,,,,,,,,,,,,32.8,,,,,,,,,usr_ear_11,,,,,,,,,,,,,,,,,46.0,86.0
Earth Sciences,,,,,,,,,,,,Software_Usage_Per_User,Apr,,74.0,1431.0,,,,,,,,,,,,,,,,,,,,ANSYS,,,,,,,,,,,,,,65.5,,,,,,,,,usr_ear_11,,,,,,,,,,,,,,,,,32.0,260.0
Earth Sciences,,,,,,,,,,,,Software_Usage_Per_User,Oct,,385.0,713.0,,,,,,,,,,,,,,,,,,,,RELION,,,,,,,,,,,,,,69.4,,,,,,,,,usr_ear_11,,,,,,,,,,,,,,,,,17.0,297.0
Earth Sciences,,,,,,,,,,,,Software_Usage_Per_User,Oct,,38.0,317.0,,,,,,,,,,,,,,,,,,,,WRF,,,,,,,,,,,,,,35.8,,,,,,,,,usr_ear_12,,,,,,,,,,,,,,,,,15.0,598.0
Earth Sciences,,,,,,,,,,,,Software_Usage_Per_User,Feb,,211.0,1830.0,,,,,,,,,,,,,,,,,,,,ANSYS,,,,,,,,,,,,,,67.5,,,,,,,,,usr_ear_13,,,,,,,,,,,,,,,,,32.0,558.0
Earth Sciences,,,,,,,,,,,,Software_Usage_Per_User,Mar,,249.0,710.0,,,,,,,,,,,,,,,,,,,,ANSYS,,,,,,,,,,,,,,23.2,,,,,,,,,usr_ear_13,,,,,,,,,,,,,,,,,37.0,291.0
Earth Sciences,,,,,,,,,,,,Software_Usage_Per_User,Jun,,410.0,1863.0,,,,,,,,,,,,,,,,,,,,ANSYS,,,,,,,,,,,,,,69.3,,,,,,,,,usr_ear_13,,,,,,,,,,,,,,,,,28.0,451.0
Earth Sciences,,,,,,,,,,,,Software_Usage_Per_User,Aug,,6.0,1189.0,,,,,,,,,,,,,,,,,,,,ANSYS,,,,,,,,,,,,,,64.8,,,,,,,,,usr_ear_13,,,,,,,,,,,,,,,,,41.0,406.0
Earth Sciences,,,,,,,,,,,,Software_Usage_Per_User,Oct,,431.0,821.0,,,,,,,,,,,,,,,,,,,,ANSYS,,,,,,,,,,,,,,26.1,,,,,,,,,usr_ear_13,,,,,,,,,,,,,,,,,12.0,641.0
Earth Sciences,,,,,,,,,,,,Software_Usage_Per_User,Nov,,427.0,1251.0,,,,,,,,,,,,,,,,,,,,ANSYS,,,,,,,,,,,,,,91.3,,,,,,,,,usr_ear_13,,,,,,,,,,,,,,,,,22.0,72.0
Earth Sciences,,,,,,,,,,,,Software_Usage_Per_User,Dec,,398.0,201.0,,,,,,,,,,,,,,,,,,,,COMSOL,,,,,,,,,,,,,,55.3,,,,,,,,,usr_ear_13,,,,,,,,,,,,,,,,,9.0,389.0
Earth Sciences,,,,,,,,,,,,Software_Usage_Per_User,Jan,,376.0,741.0,,,,,,,,,,,,,,,,,,,,ANSYS,,,,,,,,,,,,,,53.3,,,,,,,,,usr_ear_14,,,,,,,,,,,,,,,,,14.0,105.0
Earth Sciences,,,,,,,,,,,,Software_Usage_Per_User,Apr,,271.0,1534.0,,,,,,,,,,,,,,,,,,,,ANSYS,,,,,,,,,,,,,,67.2,,,,,,,,,usr_ear_14,,,,,,,,,,,,,,,,,44.0,502.0
Earth Sciences,,,,,,,,,,,,Software_Usage_Per_User,Jun,,84.0,553.0,,,,,,,,,,,,,,,,,,,,ANSYS,,,,,,,,,,,,,,70.5,,,,,,,,,usr_ear_14,,,,,,,,,,,,,,,,,19.0,369.0
Earth Sciences,,,,,,,,,,,,Software_Usage_Per_User,Aug,,35.0,1941.0,,,,,,,,,,,,,,,,,,,,ANSYS,,,,,,,,,,,,,,47.5,,,,,,,,,usr_ear_14,,,,,,,,,,,,,,,,,2.0,508.0
Earth Sciences,,,,,,,,,,,,Software_Usage_Per_User,Sep,,314.0,553.0,,,,,,,,,,,,,,,,,,,,ANSYS,,,,,,,,,,,,,,47.1,,,,,,,,,usr_ear_14,,,,,,,,,,,,,,,,,26.0,423.0
Earth Sciences,,,,,,,,,,,,Software_Usage_Per_User,Dec,,400.0,773.0,,,,,,,,,,,,,,,,,,,,ANSYS,,,,,,,,,,,,,,69.6,,,,,,,,,usr_ear_14,,,,,,,,,,,,,,,,,28.0,354.0
Earth Sciences,,,,,,,,,,,,Software_Usage_Per_User,Feb,,192.0,684.0,,,,,,,,,,,,,,,,,,,,PyTorch,,,,,,,,,,,,,,64.3,,,,,,,,,usr_ear_15,,,,,,,,,,,,,,,,,41.0,613.0
Earth Sciences,,,,,,,,,,,,Software_Usage_Per_User,Mar,,388.0,237.0,,,,,,,,,,,,,,,,,,,,ANSYS,,,,,,,,,,,,,,43.1,,,,,,,,,usr_ear_15,,,,,,,,,,,,,,,,,26.0,664.0
Earth Sciences,,,,,,,,,,,,Software_Usage_Per_User,May,,403.0,1503.0,,,,,,,,,,,,,,,,,,,,ANSYS,,,,,,,,,,,,,,59.3,,,,,,,,,usr_ear_15,,,,,,,,,,,,,,,,,32.0,548.0
Earth Sciences,,,,,,,,,,,,Software_Usage_Per_User,Jun,,127.0,1706.0,,,,,,,,,,,,,,,,,,,,ANSYS,,,,,,,,,,,,,,75.4,,,,,,,,,usr_ear_15,,,,,,,,,,,,,,,,,6.0,129.0
Earth Sciences,,,,,,,,,,,,Software_Usage_Per_User,Mar,,426.0,932.0,,,,,,,,,,,,,,,,,,,,CP2K,,,,,,,,,,,,,,69.1,,,,,,,,,usr_ear_16,,,,,,,,,,,,,,,,,41.0,217.0
Earth Sciences,,,,,,,,,,,,Software_Usage_Per_User,Oct,,141.0,1017.0,,,,,,,,,,,,,,,,,,,,ANSYS,,,,,,,,,,,,,,72.4,,,,,,,,,usr_ear_16,,,,,,,,,,,,,,,,,33.0,134.0
Earth Sciences,,,,,,,,,,,,Software_Usage_Per_User,Nov,,122.0,1816.0,,,,,,,,,,,,,,,,,,,,ANSYS,,,,,,,,,,,,,,38.5,,,,,,,,,usr_ear_16,,,,,,,,,,,,,,,,,33.0,498.0
Earth Sciences,,,,,,,,,,,,Software_Usage_Per_User,Dec,,176.0,1155.0,,,,,,,,,,,,,,,,,,,,ANSYS,,,,,,,,,,,,,,29.2,,,,,,,,,usr_ear_16,,,,,,,,,,,,,,,,,11.0,36.0
Earth Sciences,,,,,,,,,,,,Software_Usage_Per_User,Jan,,150.0,1250.0,,,,,,,,,,,,,,,,,,,,ANSYS,,,,,,,,,,,,,,69.4,,,,,,,,,usr_ear_17,,,,,,,,,,,,,,,,,3.0,610.0
Earth Sciences,,,,,,,,,,,,Software_Usage_Per_User,Feb,,261.0,885.0,,,,,,,,,,,,,,,,,,,,ANSYS,,,,,,,,,,,,,,50.3,,,,,,,,,usr_ear_17,,,,,,,,,,,,,,,,,1.0,47.0
Earth Sciences,,,,,,,,,,,,Software_Usage_Per_User,May,,74.0,667.0,,,,,,,,,,,,,,,,,,,,ANSYS,,,,,,,,,,,,,,91.5,,,,,,,,,usr_ear_17,,,,,,,,,,,,,,,,,11.0,396.0
Earth Sciences,,,,,,,,,,,,Software_Usage_Per_User,May,,284.0,730.0,,,,,,,,,,,,,,,,,,,,TensorFlow,,,,,,,,,,,,,,64.2,,,,,,,,,usr_ear_17,,,,,,,,,,,,,,,,,6.0,326.0
Earth Sciences,,,,,,,,,,,,Software_Usage_Per_User,Oct,,212.0,436.0,,,,,,,,,,,,,,,,,,,,ANSYS,,,,,,,,,,,,,,23.8,,,,,,,,,usr_ear_17,,,,,,,,,,,,,,,,,31.0,302.0
Earth Sciences,,,,,,,,,,,,Software_Usage_Per_User,Apr,,324.0,738.0,,,,,,,,,,,,,,,,,,,,ANSYS,,,,,,,,,,,,,,84.5,,,,,,,,,usr_ear_18,,,,,,,,,,,,,,,,,47.0,24.0
Earth Sciences,,,,,,,,,,,,Software_Usage_Per_User,Jun,,146.0,977.0,,,,,,,,,,,,,,,,,,,,LAMMPS,,,,,,,,,,,,,,71.4,,,,,,,,,usr_ear_18,,,,,,,,,,,,,,,,,27.0,652.0
Earth Sciences,,,,,,,,,,,,Software_Usage_Per_User,Sep,,17.0,1502.0,,,,,,,,,,,,,,,,,,,,ANSYS,,,,,,,,,,,,,,36.3,,,,,,,,,usr_ear_18,,,,,,,,,,,,,,,,,20.0,338.0
Earth Sciences,,,,,,,,,,,,Software_Usage_Per_User,Oct,,346.0,143.0,,,,,,,,,,,,,,,,,,,,ANSYS,,,,,,,,,,,,,,56.8,,,,,,,,,usr_ear_18,,,,,,,,,,,,,,,,,8.0,31.0
Earth Sciences,,,,,,,,,,,,Software_Usage_Per_User,Mar,,65.0,937.0,,,,,,,,,,,,,,,,,,,,ANSYS,,,,,,,,,,,,,,41.4,,,,,,,,,usr_ear_19,,,,,,,,,,,,,,,,,45.0,60.0
Earth Sciences,,,,,,,,,,,,Software_Usage_Per_User,Jul,,404.0,1823.0,,,,,,,,,,,,,,,,,,,,ANSYS,,,,,,,,,,,,,,29.8,,,,,,,,,usr_ear_19,,,,,,,,,,,,,,,,,24.0,299.0
Earth Sciences,,,,,,,,,,,,Software_Usage_Per_User,Jul,,41.0,37.0,,,,,,,,,,,,,,,,,,,,PyTorch,,,,,,,,,,,,,,67.9,,,,,,,,,usr_ear_19,,,,,,,,,,,,,,,,,39.0,169.0
Earth Sciences,,,,,,,,,,,,Software_Usage_Per_User,Nov,,321.0,1361.0,,,,,,,,,,,,,,,,,,,,ANSYS,,,,,,,,,,,,,,86.9,,,,,,,,,usr_ear_19,,,,,,,,,,,,,,,,,19.0,61.0
Earth Sciences,,,,,,,,,,,,Software_Usage_Per_User,May,,443.0,1073.0,,,,,,,,,,,,,,,,,,,,ANSYS,,,,,,,,,,,,,,76.1,,,,,,,,,usr_ear_20,,,,,,,,,,,,,,,,,44.0,308.0
Earth Sciences,,,,,,,,,,,,Software_Usage_Per_User,Aug,,386.0,876.0,,,,,,,,,,,,,,,,,,,,ANSYS,,,,,,,,,,,,,,73.6,,,,,,,,,usr_ear_20,,,,,,,,,,,,,,,,,9.0,294.0
Earth Sciences,,,,,,,,,,,,Software_Usage_Per_User,Sep,,398.0,1147.0,,,,,,,,,,,,,,,,,,,,LAMMPS,,,,,,,,,,,,,,30.9,,,,,,,,,usr_ear_20,,,,,,,,,,,,,,,,,25.0,584.0
Earth Sciences,,,,,,,,,,,,Software_Usage_Per_User,Sep,,106.0,288.0,,,,,,,,,,,,,,,,,,,,ANSYS,,,,,,,,,,,,,,44.2,,,,,,,,,usr_ear_20,,,,,,,,,,,,,,,,,12.0,435.0
Earth Sciences,,,,,,,,,,,,Software_Usage_Per_User,Nov,,63.0,1441.0,,,,,,,,,,,,,,,,,,,,ANSYS,,,,,,,,,,,,,,72.0,,,,,,,,,usr_ear_20,,,,,,,,,,,,,,,,,10.0,409.0
Mathematics,,,,,,,,,,,,Software_Usage_Per_User,Mar,,150.0,360.0,,,,,,,,,,,,,,,,,,,,ANSYS,,,,,,,,,,,,,,26.1,,,,,,,,,usr_mat_01,,,,,,,,,,,,,,,,,27.0,620.0
Mathematics,,,,,,,,,,,,Software_Usage_Per_User,May,,419.0,1021.0,,,,,,,,,,,,,,,,,,,,ANSYS,,,,,,,,,,,,,,49.3,,,,,,,,,usr_mat_01,,,,,,,,,,,,,,,,,42.0,549.0
Mathematics,,,,,,,,,,,,Software_Usage_Per_User,Sep,,367.0,318.0,,,,,,,,,,,,,,,,,,,,ANSYS,,,,,,,,,,,,,,74.4,,,,,,,,,usr_mat_01,,,,,,,,,,,,,,,,,26.0,613.0
Mathematics,,,,,,,,,,,,Software_Usage_Per_User,Oct,,474.0,1511.0,,,,,,,,,,,,,,,,,,,,WRF,,,,,,,,,,,,,,75.5,,,,,,,,,usr_mat_01,,,,,,,,,,,,,,,,,49.0,180.0
Mathematics,,,,,,,,,,,,Software_Usage_Per_User,Feb,,262.0,811.0,,,,,,,,,,,,,,,,,,,,ANSYS,,,,,,,,,,,,,,37.4,,,,,,,,,usr_mat_02,,,,,,,,,,,,,,,,,28.0,420.0
Mathematics,,,,,,,,,,,,Software_Usage_Per_User,Jun,,401.0,1451.0,,,,,,,,,,,,,,,,,,,,ANSYS,,,,,,,,,,,,,,55.9,,,,,,,,,usr_mat_02,,,,,,,,,,,,,,,,,7.0,530.0
Mathematics,,,,,,,,,,,,Software_Usage_Per_User,Nov,,54.0,1195.0,,,,,,,,,,,,,,,,,,,,WRF,,,,,,,,,,,,,,47.5,,,,,,,,,usr_mat_02,,,,,,,,,,,,,,,,,14.0,158.0
Mathematics,,,,,,,,,,,,Software_Usage_Per_User,Jan,,175.0,1412.0,,,,,,,,,,,,,,,,,,,,ANSYS,,,,,,,,,,,,,,57.6,,,,,,,,,usr_mat_03,,,,,,,,,,,,,,,,,27.0,156.0
Mathematics,,,,,,,,,,,,Software_Usage_Per_User,May,,296.0,1032.0,,,,,,,,,,,,,,,,,,,,ANSYS,,,,,,,,,,,,,,30.0,,,,,,,,,usr_mat_03,,,,,,,,,,,,,,,,,1.0,400.0
Mathematics,,,,,,,,,,,,Software_Usage_Per_User,Aug,,53.0,883.0,,,,,,,,,,,,,,,,,,,,ANSYS,,,,,,,,,,,,,,27.8,,,,,,,,,usr_mat_03,,,,,,,,,,,,,,,,,41.0,218.0
Mathematics,,,,,,,,,,,,Software_Usage_Per_User,Oct,,265.0,660.0,,,,,,,,,,,,,,,,,,,,ANSYS,,,,,,,,,,,,,,20.1,,,,,,,,,usr_mat_03,,,,,,,,,,,,,,,,,27.0,242.0
Mathematics,,,,,,,,,,,,Software_Usage_Per_User,Dec,,20.0,565.0,,,,,,,,,,,,,,,,,,,,ANSYS,,,,,,,,,,,,,,30.1,,,,,,,,,usr_mat_03,,,,,,,,,,,,,,,,,11.0,55.0
Mathematics,,,,,,,,,,,,Software_Usage_Per_User,Jan,,246.0,1079.0,,,,,,,,,,,,,,,,,,,,GROMACS,,,,,,,,,,,,,,58.2,,,,,,,,,usr_mat_04,,,,,,,,,,,,,,,,,37.0,473.0
Mathematics,,,,,,,,,,,,Software_Usage_Per_User,May,,171.0,711.0,,,,,,,,,,,,,,,,,,,,ANSYS,,,,,,,,,,,,,,86.4,,,,,,,,,usr_mat_04,,,,,,,,,,,,,,,,,30.0,314.0
Mathematics,,,,,,,,,,,,Software_Usage_Per_User,Oct,,414.0,1306.0,,,,,,,,,,,,,,,,,,,,ANSYS,,,,,,,,,,,,,,71.5,,,,,,,,,usr_mat_04,,,,,,,,,,,,,,,,,37.0,38.0
Mathematics,,,,,,,,,,,,Software_Usage_Per_User,Jan,,418.0,1627.0,,,,,,,,,,,,,,,,,,,,ANSYS,,,,,,,,,,,,,,42.6,,,,,,,,,usr_mat_05,,,,,,,,,,,,,,,,,32.0,634.0
Mathematics,,,,,,,,,,,,Software_Usage_Per_User,Feb,,483.0,1074.0,,,,,,,,,,,,,,,,,,,,CP2K,,,,,,,,,,,,,,66.4,,,,,,,,,usr_mat_05,,,,,,,,,,,,,,,,,33.0,532.0
Mathematics,,,,,,,,,,,,Software_Usage_Per_User,Mar,,370.0,169.0,,,,,,,,,,,,,,,,,,,,ANSYS,,,,,,,,,,,,,,92.6,,,,,,,,,usr_mat_05,,,,,,,,,,,,,,,,,32.0,11.0
Mathematics,,,,,,,,,,,,Software_Usage_Per_User,Feb,,145.0,985.0,,,,,,,,,,,,,,,,,,,,PyTorch,,,,,,,,,,,,,,56.2,,,,,,,,,usr_mat_06,,,,,,,,,,,,,,,,,30.0,497.0
Mathematics,,,,,,,,,,,,Software_Usage_Per_User,Mar,,433.0,914.0,,,,,,,,,,,,,,,,,,,,ANSYS,,,,,,,,,,,,,,24.8,,,,,,,,,usr_mat_06,,,,,,,,,,,,,,,,,33.0,292.0
Mathematics,,,,,,,,,,,,Software_Usage_Per_User,Oct,,419.0,1967.0,,,,,,,,,,,,,,,,,,,,ANSYS,,,,,,,,,,,,,,94.1,,,,,,,,,usr_mat_06,,,,,,,,,,,,,,,,,35.0,310.0
Mathematics,,,,,,,,,,,,Software_Usage_Per_User,Nov,,296.0,1983.0,,,,,,,,,,,,,,,,,,,,ANSYS,,,,,,,,,,,,,,43.4,,,,,,,,,usr_mat_06,,,,,,,,,,,,,,,,,46.0,567.0
Mathematics,,,,,,,,,,,,Software_Usage_Per_User,Feb,,138.0,630.0,,,,,,,,,,,,,,,,,,,,ANSYS,,,,,,,,,,,,,,24.7,,,,,,,,,usr_mat_07,,,,,,,,,,,,,,,,,17.0,299.0
Mathematics,,,,,,,,,,,,Software_Usage_Per_User,Mar,,30.0,1591.0,,,,,,,,,,,,,,,,,,,,ANSYS,,,,,,,,,,,,,,36.4,,,,,,,,,usr_mat_07,,,,,,,,,,,,,,,,,26.0,326.0
Mathematics,,,,,,,,,,,,Software_Usage_Per_User,Apr,,445.0,1787.0,,,,,,,,,,,,,,,,,,,,ANSYS,,,,,,,,,,,,,,50.9,,,,,,,,,usr_mat_07,,,,,,,,,,,,,,,,,24.0,36.0
Mathematics,,,,,,,,,,,,Software_Usage_Per_User,Apr,,210.0,1721.0,,,,,,,,,,,,,,,,,,,,RELION,,,,,,,,,,,,,,28.1,,,,,,,,,usr_mat_07,,,,,,,,,,,,,,,,,15.0,618.0
Mathematics,,,,,,,,,,,,Software_Usage_Per_User,Jun,,277.0,1606.0,,,,,,,,,,,,,,,,,,,,ANSYS,,,,,,,,,,,,,,90.9,,,,,,,,,usr_mat_07,,,,,,,,,,,,,,,,,21.0,555.0
Mathematics,,,,,,,,,,,,Software_Usage_Per_User,Aug,,57.0,1810.0,,,,,,,,,,,,,,,,,,,,ANSYS,,,,,,,,,,,,,,53.5,,,,,,,,,usr_mat_07,,,,,,,,,,,,,,,,,9.0,522.0
Mathematics,,,,,,,,,,,,Software_Usage_Per_User,May,,413.0,1846.0,,,,,,,,,,,,,,,,,,,,Gaussian,,,,,,,,,,,,,,34.5,,,,,,,,,usr_mat_08,,,,,,,,,,,,,,,,,42.0,395.0
Mathematics,,,,,,,,,,,,Software_Usage_Per_User,Nov,,360.0,1200.0,,,,,,,,,,,,,,,,,,,,ANSYS,,,,,,,,,,,,,,65.4,,,,,,,,,usr_mat_08,,,,,,,,,,,,,,,,,19.0,695.0
Mathematics,,,,,,,,,,,,Software_Usage_Per_User,Dec,,448.0,1178.0,,,,,,,,,,,,,,,,,,,,ANSYS,,,,,,,,,,,,,,51.7,,,,,,,,,usr_mat_08,,,,,,,,,,,,,,,,,4.0,20.0
Mathematics,,,,,,,,,,,,Software_Usage_Per_User,May,,80.0,1574.0,,,,,,,,,,,,,,,,,,,,ANSYS,,,,,,,,,,,,,,25.4,,,,,,,,,usr_mat_09,,,,,,,,,,,,,,,,,44.0,484.0
Mathematics,,,,,,,,,,,,Software_Usage_Per_User,Jun,,220.0,321.0,,,,,,,,,,,,,,,,,,,,ANSYS,,,,,,,,,,,,,,50.4,,,,,,,,,usr_mat_09,,,,,,,,,,,,,,,,,35.0,162.0
Mathematics,,,,,,,,,,,,Software_Usage_Per_User,Jun,,444.0,456.0,,,,,,,,,,,,,,,,,,,,Gaussian,,,,,,,,,,,,,,85.0,,,,,,,,,usr_mat_09,,,,,,,,,,,,,,,,,1.0,17.0
Mathematics,,,,,,,,,,,,Software_Usage_Per_User,Jun,,196.0,528.0,,,,,,,,,,,,,,,,,,,,GROMACS,,,,,,,,,,,,,,65.1,,,,,,,,,usr_mat_10,,,,,,,,,,,,,,,,,3.0,220.0
Mathematics,,,,,,,,,,,,Software_Usage_Per_User,Sep,,250.0,1602.0,,,,,,,,,,,,,,,,,,,,ANSYS,,,,,,,,,,,,,,62.2,,,,,,,,,usr_mat_10,,,,,,,,,,,,,,,,,41.0,187.0
Mathematics,,,,,,,,,,,,Software_Usage_Per_User,Feb,,27.0,449.0,,,,,,,,,,,,,,,,,,,,ANSYS,,,,,,,,,,,,,,77.9,,,,,,,,,usr_mat_11,,,,,,,,,,,,,,,,,8.0,687.0
Mathematics,,,,,,,,,,,,Software_Usage_Per_User,Jul,,126.0,507.0,,,,,,,,,,,,,,,,,,,,VASP,,,,,,,,,,,,,,36.2,,,,,,,,,usr_mat_11,,,,,,,,,,,,,,,,,43.0,646.0
Mathematics,,,,,,,,,,,,Software_Usage_Per_User,Feb,,28.0,942.0,,,,,,,,,,,,,,,,,,,,ANSYS,,,,,,,,,,,,,,48.1,,,,,,,,,usr_mat_12,,,,,,,,,,,,,,,,,17.0,423.0
Mathematics,,,,,,,,,,,,Software_Usage_Per_User,Mar,,59.0,996.0,,,,,,,,,,,,,,,,,,,,ANSYS,,,,,,,,,,,,,,24.0,,,,,,,,,usr_mat_12,,,,,,,,,,,,,,,,,30.0,309.0
Mathematics,,,,,,,,,,,,Software_Usage_Per_User,Jun,,351.0,245.0,,,,,,,,,,,,,,,,,,,,ANSYS,,,,,,,,,,,,,,23.0,,,,,,,,,usr_mat_12,,,,,,,,,,,,,,,,,6.0,353.0
Mathematics,,,,,,,,,,,,Software_Usage_Per_User,Aug,,240.0,1512.0,,,,,,,,,,,,,,,,,,,,LAMMPS,,,,,,,,,,,,,,29.6,,,,,,,,,usr_mat_12,,,,,,,,,,,,,,,,,6.0,152.0
Mathematics,,,,,,,,,,,,Software_Usage_Per_User,Sep,,123.0,175.0,,,,,,,,,,,,,,,,,,,,ANSYS,,,,,,,,,,,,,,32.4,,,,,,,,,usr_mat_12,,,,,,,,,,,,,,,,,12.0,583.0
Mathematics,,,,,,,,,,,,Software_Usage_Per_User,Dec,,318.0,809.0,,,,,,,,,,,,,,,,,,,,ANSYS,,,,,,,,,,,,,,91.2,,,,,,,,,usr_mat_12,,,,,,,,,,,,,,,,,13.0,283.0
Mathematics,,,,,,,,,,,,Software_Usage_Per_User,Feb,,430.0,292.0,,,,,,,,,,,,,,,,,,,,ANSYS,,,,,,,,,,,,,,25.8,,,,,,,,,usr_mat_13,,,,,,,,,,,,,,,,,29.0,37.0
Mathematics,,,,,,,,,,,,Software_Usage_Per_User,May,,161.0,1363.0,,,,,,,,,,,,,,,,,,,,ANSYS,,,,,,,,,,,,,,82.3,,,,,,,,,usr_mat_13,,,,,,,,,,,,,,,,,39.0,104.0
Mathematics,,,,,,,,,,,,Software_Usage_Per_User,Sep,,296.0,645.0,,,,,,,,,,,,,,,,,,,,ANSYS,,,,,,,,,,,,,,35.4,,,,,,,,,usr_mat_13,,,,,,,,,,,,,,,,,21.0,643.0
Mathematics,,,,,,,,,,,,Software_Usage_Per_User,Oct,,361.0,68.0,,,,,,,,,,,,,,,,,,,,TensorFlow,,,,,,,,,,,,,,43.5,,,,,,,,,usr_mat_13,,,,,,,,,,,,,,,,,29.0,486.0
Mathematics,,,,,,,,,,,,Software_Usage_Per_User,Apr,,248.0,696.0,,,,,,,,,,,,,,,,,,,,ANSYS,,,,,,,,,,,,,,58.8,,,,,,,,,usr_mat_14,,,,,,,,,,,,,,,,,25.0,411.0
Mathematics,,,,,,,,,,,,Software_Usage_Per_User,Oct,,48.0,498.0,,,,,,,,,,,,,,,,,,,,Amber,,,,,,,,,,,,,,58.2,,,,,,,,,usr_mat_14,,,,,,,,,,,,,,,,,17.0,67.0
Mathematics,,,,,,,,,,,,Software_Usage_Per_User,Oct,,321.0,456.0,,,,,,,,,,,,,,,,,,,,GROMACS,,,,,,,,,,,,,,43.9,,,,,,,,,usr_mat_15,,,,,,,,,,,,,,,,,48.0,617.0
Mathematics,,,,,,,,,,,,Software_Usage_Per_User,Nov,,490.0,1943.0,,,,,,,,,,,,,,,,,,,,ANSYS,,,,,,,,,,,,,,36.3,,,,,,,,,usr_mat_15,,,,,,,,,,,,,,,,,43.0,369.0
Mathematics,,,,,,,,,,,,Software_Usage_Per_User,Jul,,230.0,907.0,,,,,,,,,,,,,,,,,,,,ANSYS,,,,,,,,,,,,,,89.7,,,,,,,,,usr_mat_16,,,,,,,,,,,,,,,,,5.0,685.0
Mathematics,,,,,,,,,,,,Software_Usage_Per_User,Sep,,346.0,1860.0,,,,,,,,,,,,,,,,,,,,ANSYS,,,,,,,,,,,,,,44.8,,,,,,,,,usr_mat_16,,,,,,,,,,,,,,,,,35.0,511.0
Mathematics,,,,,,,,,,,,Software_Usage_Per_User,Nov,,298.0,1689.0,,,,,,,,,,,,,,,,,,,,Abaqus,,,,,,,,,,,,,,51.5,,,,,,,,,usr_mat_16,,,,,,,,,,,,,,,,,9.0,16.0
Mathematics,,,,,,,,,,,,Software_Usage_Per_User,Mar,,467.0,986.0,,,,,,,,,,,,,,,,,,,,ANSYS,,,,,,,,,,,,,,78.0,,,,,,,,,usr_mat_17,,,,,,,,,,,,,,,,,27.0,477.0
Mathematics,,,,,,,,,,,,Software_Usage_Per_User,Apr,,393.0,1683.0,,,,,,,,,,,,,,,,,,,,ANSYS,,,,,,,,,,,,,,61.2,,,,,,,,,usr_mat_17,,,,,,,,,,,,,,,,,27.0,383.0
Mathematics,,,,,,,,,,,,Software_Usage_Per_User,May,,90.0,1348.0,,,,,,,,,,,,,,,,,,,,ANSYS,,,,,,,,,,,,,,50.5,,,,,,,,,usr_mat_17,,,,,,,,,,,,,,,,,29.0,60.0
Mathematics,,,,,,,,,,,,Software_Usage_Per_User,Dec,,198.0,914.0,,,,,,,,,,,,,,,,,,,,GROMACS,,,,,,,,,,,,,,34.1,,,,,,,,,usr_mat_17,,,,,,,,,,,,,,,,,48.0,406.0
Mathematics,,,,,,,,,,,,Software_Usage_Per_User,Jan,,411.0,215.0,,,,,,,,,,,,,,,,,,,,ANSYS,,,,,,,,,,,,,,71.9,,,,,,,,,usr_mat_18,,,,,,,,,,,,,,,,,15.0,399.0
Mathematics,,,,,,,,,,,,Software_Usage_Per_User,Mar,,139.0,467.0,,,,,,,,,,,,,,,,,,,,ANSYS,,,,,,,,,,,,,,80.6,,,,,,,,,usr_mat_18,,,,,,,,,,,,,,,,,13.0,553.0
Mathematics,,,,,,,,,,,,Software_Usage_Per_User,Nov,,55.0,1195.0,,,,,,,,,,,,,,,,,,,,ANSYS,,,,,,,,,,,,,,21.8,,,,,,,,,usr_mat_18,,,,,,,,,,,,,,,,,43.0,262.0
Mathematics,,,,,,,,,,,,Software_Usage_Per_User,Jan,,337.0,1185.0,,,,,,,,,,,,,,,,,,,,Schrodinger,,,,,,,,,,,,,,52.2,,,,,,,,,usr_mat_19,,,,,,,,,,,,,,,,,12.0,351.0
Mathematics,,,,,,,,,,,,Software_Usage_Per_User,Mar,,94.0,1200.0,,,,,,,,,,,,,,,,,,,,ANSYS,,,,,,,,,,,,,,50.2,,,,,,,,,usr_mat_19,,,,,,,,,,,,,,,,,27.0,218.0
Mathematics,,,,,,,,,,,,Software_Usage_Per_User,May,,433.0,903.0,,,,,,,,,,,,,,,,,,,,ANSYS,,,,,,,,,,,,,,77.9,,,,,,,,,usr_mat_19,,,,,,,,,,,,,,,,,2.0,420.0
Mathematics,,,,,,,,,,,,Software_Usage_Per_User,Jun,,59.0,40.0,,,,,,,,,,,,,,,,,,,,ANSYS,,,,,,,,,,,,,,29.2,,,,,,,,,usr_mat_19,,,,,,,,,,,,,,,,,8.0,272.0
Mathematics,,,,,,,,,,,,Software_Usage_Per_User,Sep,,345.0,296.0,,,,,,,,,,,,,,,,,,,,ANSYS,,,,,,,,,,,,,,77.8,,,,,,,,,usr_mat_19,,,,,,,,,,,,,,,,,42.0,546.0
Mathematics,,,,,,,,,,,,Software_Usage_Per_User,Feb,,499.0,987.0,,,,,,,,,,,,,,,,,,,,ANSYS,,,,,,,,,,,,,,70.8,,,,,,,,,usr_mat_20,,,,,,,,,,,,,,,,,9.0,84.0
Mathematics,,,,,,,,,,,,Software_Usage_Per_User,Mar,,372.0,38.0,,,,,,,,,,,,,,,,,,,,Abaqus,,,,,,,,,,,,,,47.2,,,,,,,,,usr_mat_20,,,,,,,,,,,,,,,,,33.0,278.0
Mathematics,,,,,,,,,,,,Software_Usage_Per_User,Mar,,109.0,1498.0,,,,,,,,,,,,,,,,,,,,ANSYS,,,,,,,,,,,,,,68.3,,,,,,,,,usr_mat_20,,,,,,,,,,,,,,,,,12.0,110.0
Engineering,,,,,,,,,,,,Software_Usage_Per_User,Jan,,491.0,1262.0,,,,,,,,,,,,,,,,,,,,ANSYS,,,,,,,,,,,,,,87.6,,,,,,,,,usr_eng_01,,,,,,,,,,,,,,,,,26.0,695.0
Engineering,,,,,,,,,,,,Software_Usage_Per_User,Feb,,7.0,1464.0,,,,,,,,,,,,,,,,,,,,ANSYS,,,,,,,,,,,,,,64.7,,,,,,,,,usr_eng_01,,,,,,,,,,,,,,,,,21.0,557.0
Engineering,,,,,,,,,,,,Software_Usage_Per_User,Apr,,293.0,259.0,,,,,,,,,,,,,,,,,,,,Abaqus,,,,,,,,,,,,,,65.1,,,,,,,,,usr_eng_01,,,,,,,,,,,,,,,,,33.0,370.0
Engineering,,,,,,,,,,,,Software_Usage_Per_User,Jun,,256.0,502.0,,,,,,,,,,,,,,,,,,,,ANSYS,,,,,,,,,,,,,,52.5,,,,,,,,,usr_eng_01,,,,,,,,,,,,,,,,,42.0,216.0
Engineering,,,,,,,,,,,,Software_Usage_Per_User,Feb,,60.0,1003.0,,,,,,,,,,,,,,,,,,,,ANSYS,,,,,,,,,,,,,,73.1,,,,,,,,,usr_eng_02,,,,,,,,,,,,,,,,,5.0,653.0
Engineering,,,,,,,,,,,,Software_Usage_Per_User,Mar,,148.0,1827.0,,,,,,,,,,,,,,,,,,,,ANSYS,,,,,,,,,,,,,,78.5,,,,,,,,,usr_eng_02,,,,,,,,,,,,,,,,,2.0,288.0
Engineering,,,,,,,,,,,,Software_Usage_Per_User,May,,56.0,1856.0,,,,,,,,,,,,,,,,,,,,Gaussian,,,,,,,,,,,,,,31.6,,,,,,,,,usr_eng_02,,,,,,,,,,,,,,,,,46.0,316.0
Engineering,,,,,,,,,,,,Software_Usage_Per_User,Jul,,382.0,754.0,,,,,,,,,,,,,,,,,,,,ANSYS,,,,,,,,,,,,,,67.3,,,,,,,,,usr_eng_02,,,,,,,,,,,,,,,,,22.0,690.0
Engineering,,,,,,,,,,,,Software_Usage_Per_User,Nov,,322.0,676.0,,,,,,,,,,,,,,,,,,,,ANSYS,,,,,,,,,,,,,,80.6,,,,,,,,,usr_eng_02,,,,,,,,,,,,,,,,,22.0,574.0
Engineering,,,,,,,,,,,,Software_Usage_Per_User,Jun,,466.0,652.0,,,,,,,,,,,,,,,,,,,,MATLAB,,,,,,,,,,,,,,72.1,,,,,,,,,usr_eng_03,,,,,,,,,,,,,,,,,8.0,662.0
Engineering,,,,,,,,,,,,Software_Usage_Per_User,Dec,,156.0,880.0,,,,,,,,,,,,,,,,,,,,ANSYS,,,,,,,,,,,,,,57.5,,,,,,,,,usr_eng_03,,,,,,,,,,,,,,,,,44.0,167.0
Engineering,,,,,,,,,,,,Software_Usage_Per_User,Jan,,389.0,178.0,,,,,,,,,,,,,,,,,,,,ANSYS,,,,,,,,,,,,,,57.1,,,,,,,,,usr_eng_04,,,,,,,,,,,,,,,,,37.0,409.0
Engineering,,,,,,,,,,,,Software_Usage_Per_User,Mar,,313.0,513.0,,,,,,,,,,,,,,,,,,,,ANSYS,,,,,,,,,,,,,,52.4,,,,,,,,,usr_eng_04,,,,,,,,,,,,,,,,,5.0,374.0
Engineering,,,,,,,,,,,,Software_Usage_Per_User,Jul,,411.0,581.0,,,,,,,,,,,,,,,,,,,,LAMMPS,,,,,,,,,,,,,,55.3,,,,,,,,,usr_eng_04,,,,,,,,,,,,,,,,,35.0,409.0
Engineering,,,,,,,,,,,,Software_Usage_Per_User,May,,225.0,1499.0,,,,,,,,,,,,,,,,,,,,ANSYS,,,,,,,,,,,,,,45.5,,,,,,,,,usr_eng_05,,,,,,,,,,,,,,,,,13.0,410.0
Engineering,,,,,,,,,,,,Software_Usage_Per_User,Jul,,281.0,182.0,,,,,,,,,,,,,,,,,,,,VASP,,,,,,,,,,,,,,50.6,,,,,,,,,usr_eng_05,,,,,,,,,,,,,,,,,25.0,442.0
Engineering,,,,,,,,,,,,Software_Usage_Per_User,Jan,,170.0,1392.0,,,,,,,,,,,,,,,,,,,,ANSYS,,,,,,,,,,,,,,80.4,,,,,,,,,usr_eng_06,,,,,,,,,,,,,,,,,14.0,91.0
Engineering,,,,,,,,,,,,Software_Usage_Per_User,Mar,,270.0,86.0,,,,,,,,,,,,,,,,,,,,ANSYS,,,,,,,,,,,,,,84.9,,,,,,,,,usr_eng_06,,,,,,,,,,,,,,,,,26.0,616.0
Engineering,,,,,,,,,,,,Software_Usage_Per_User,Jun,,36.0,889.0,,,,,,,,,,,,,,,,,,,,ANSYS,,,,,,,,,,,,,,34.7,,,,,,,,,usr_eng_06,,,,,,,,,,,,,,,,,14.0,624.0
Engineering,,,,,,,,,,,,Software_Usage_Per_User,Aug,,407.0,794.0,,,,,,,,,,,,,,,,,,,,ANSYS,,,,,,,,,,,,,,66.8,,,,,,,,,usr_eng_06,,,,,,,,,,,,,,,,,45.0,657.0
Engineering,,,,,,,,,,,,Software_Usage_Per_User,Aug,,439.0,17.0,,,,,,,,,,,,,,,,,,,,Gaussian,,,,,,,,,,,,,,68.2,,,,,,,,,usr_eng_06,,,,,,,,,,,,,,,,,34.0,18.0
Engineering,,,,,,,,,,,,Software_Usage_Per_User,Dec,,66.0,1767.0,,,,,,,,,,,,,,,,,,,,ANSYS,,,,,,,,,,,,,,67.0,,,,,,,,,usr_eng_06,,,,,,,,,,,,,,,,,4.0,368.0
Engineering,,,,,,,,,,,,Software_Usage_Per_User,Sep,,89.0,1495.0,,,,,,,,,,,,,,,,,,,,WRF,,,,,,,,,,,,,,27.0,,,,,,,,,usr_eng_07,,,,,,,,,,,,,,,,,25.0,457.0
Engineering,,,,,,,,,,,,Software_Usage_Per_User,Nov,,350.0,295.0,,,,,,,,,,,,,,,,,,,,ANSYS,,,,,,,,,,,,,,66.0,,,,,,,,,usr_eng_07,,,,,,,,,,,,,,,,,6.0,174.0
Engineering,,,,,,,,,,,,Software_Usage_Per_User,Sep,,256.0,504.0,,,,,,,,,,,,,,,,,,,,ANSYS,,,,,,,,,,,,,,49.9,,,,,,,,,usr_eng_08,,,,,,,,,,,,,,,,,23.0,260.0
Engineering,,,,,,,,,,,,Software_Usage_Per_User,Sep,,11.0,1132.0,,,,,,,,,,,,,,,,,,,,PyTorch,,,,,,,,,,,,,,72.2,,,,,,,,,usr_eng_08,,,,,,,,,,,,,,,,,5.0,457.0
Engineering,,,,,,,,,,,,Software_Usage_Per_User,Oct,,16.0,1070.0,,,,,,,,,,,,,,,,,,,,ANSYS,,,,,,,,,,,,,,51.5,,,,,,,,,usr_eng_08,,,,,,,,,,,,,,,,,8.0,34.0
Engineering,,,,,,,,,,,,Software_Usage_Per_User,Nov,,129.0,554.0,,,,,,,,,,,,,,,,,,,,ANSYS,,,,,,,,,,,,,,24.6,,,,,,,,,usr_eng_08,,,,,,,,,,,,,,,,,9.0,551.0
Engineering,,,,,,,,,,,,Software_Usage_Per_User,Dec,,72.0,778.0,,,,,,,,,,,,,,,,,,,,ANSYS,,,,,,,,,,,,,,64.7,,,,,,,,,usr_eng_08,,,,,,,,,,,,,,,,,37.0,322.0
Engineering,,,,,,,,,,,,Software_Usage_Per_User,Sep,,45.0,915.0,,,,,,,,,,,,,,,,,,,,ANSYS,,,,,,,,,,,,,,77.8,,,,,,,,,usr_eng_09,,,,,,,,,,,,,,,,,23.0,583.0
Engineering,,,,,,,,,,,,Software_Usage_Per_User,Nov,,201.0,903.0,,,,,,,,,,,,,,,,,,,,Abaqus,,,,,,,,,,,,,,52.3,,,,,,,,,usr_eng_09,,,,,,,,,,,,,,,,,20.0,673.0
Engineering,,,,,,,,,,,,Software_Usage_Per_User,Dec,,295.0,1971.0,,,,,,,,,,,,,,,,,,,,ANSYS,,,,,,,,,,,,,,59.7,,,,,,,,,usr_eng_09,,,,,,,,,,,,,,,,,22.0,404.0
Engineering,,,,,,,,,,,,Software_Usage_Per_User,Apr,,8.0,352.0,,,,,,,,,,,,,,,,,,,,ANSYS,,,,,,,,,,,,,,64.5,,,,,,,,,usr_eng_10,,,,,,,,,,,,,,,,,1.0,628.0
Engineering,,,,,,,,,,,,Software_Usage_Per_User,Aug,,61.0,437.0,,,,,,,,,,,,,,,,,,,,ANSYS,,,,,,,,,,,,,,22.1,,,,,,,,,usr_eng_10,,,,,,,,,,,,,,,,,15.0,610.0
Engineering,,,,,,,,,,,,Software_Usage_Per_User,Sep,,477.0,1757.0,,,,,,,,,,,,,,,,,,,,ANSYS,,,,,,,,,,,,,,74.0,,,,,,,,,usr_eng_10,,,,,,,,,,,,,,,,,18.0,354.0
Engineering,,,,,,,,,,,,Software_Usage_Per_User,Dec,,170.0,887.0,,,,,,,,,,,,,,,,,,,,CP2K,,,,,,,,,,,,,,84.8,,,,,,,,,usr_eng_10,,,,,,,,,,,,,,,,,6.0,604.0
Engineering,,,,,,,,,,,,Software_Usage_Per_User,Jun,,300.0,652.0,,,,,,,,,,,,,,,,,,,,ANSYS,,,,,,,,,,,,,,55.9,,,,,,,,,usr_eng_11,,,,,,,,,,,,,,,,,17.0,519.0
Engineering,,,,,,,,,,,,Software_Usage_Per_User,Oct,,348.0,1193.0,,,,,,,,,,,,,,,,,,,,ANSYS,,,,,,,,,,,,,,89.7,,,,,,,,,usr_eng_11,,,,,,,,,,,,,,,,,21.0,348.0
Engineering,,,,,,,,,,,,Software_Usage_Per_User,Nov,,158.0,1632.0,,,,,,,,,,,,,,,,,,,,ANSYS,,,,,,,,,,,,,,53.4,,,,,,,,,usr_eng_11,,,,,,,,,,,,,,,,,24.0,221.0
Engineering,,,,,,,,,,,,Software_Usage_Per_User,Jan,,348.0,1521.0,,,,,,,,,,,,,,,,,,,,WRF,,,,,,,,,,,,,,81.2,,,,,,,,,usr_eng_12,,,,,,,,,,,,,,,,,23.0,42.0
Engineering,,,,,,,,,,,,Software_Usage_Per_User,Mar,,158.0,675.0,,,,,,,,,,,,,,,,,,,,ANSYS,,,,,,,,,,,,,,44.7,,,,,,,,,usr_eng_12,,,,,,,,,,,,,,,,,49.0,34.0
Engineering,,,,,,,,,,,,Software_Usage_Per_User,Aug,,474.0,1850.0,,,,,,,,,,,,,,,,,,,,ANSYS,,,,,,,,,,,,,,32.9,,,,,,,,,usr_eng_12,,,,,,,,,,,,,,,,,24.0,336.0
Engineering,,,,,,,,,,,,Software_Usage_Per_User,Nov,,275.0,717.0,,,,,,,,,,,,,,,,,,,,ANSYS,,,,,,,,,,,,,,80.2,,,,,,,,,usr_eng_12,,,,,,,,,,,,,,,,,32.0,289.0
Engineering,,,,,,,,,,,,Software_Usage_Per_User,Feb,,368.0,42.0,,,,,,,,,,,,,,,,,,,,COMSOL,,,,,,,,,,,,,,89.9,,,,,,,,,usr_eng_13,,,,,,,,,,,,,,,,,38.0,254.0
Engineering,,,,,,,,,,,,Software_Usage_Per_User,Jul,,182.0,1600.0,,,,,,,,,,,,,,,,,,,,ANSYS,,,,,,,,,,,,,,20.9,,,,,,,,,usr_eng_13,,,,,,,,,,,,,,,,,42.0,157.0
Engineering,,,,,,,,,,,,Software_Usage_Per_User,Jan,,29.0,897.0,,,,,,,,,,,,,,,,,,,,ANSYS,,,,,,,,,,,,,,73.3,,,,,,,,,usr_eng_14,,,,,,,,,,,,,,,,,28.0,604.0
Engineering,,,,,,,,,,,,Software_Usage_Per_User,Mar,,197.0,1566.0,,,,,,,,,,,,,,,,,,,,CP2K,,,,,,,,,,,,,,63.4,,,,,,,,,usr_eng_14,,,,,,,,,,,,,,,,,16.0,607.0
Engineering,,,,,,,,,,,,Software_Usage_Per_User,Apr,,183.0,495.0,,,,,,,,,,,,,,,,,,,,ANSYS,,,,,,,,,,,,,,30.5,,,,,,,,,usr_eng_14,,,,,,,,,,,,,,,,,2.0,128.0
Engineering,,,,,,,,,,,,Software_Usage_Per_User,Jun,,401.0,1547.0,,,,,,,,,,,,,,,,,,,,ANSYS,,,,,,,,,,,,,,80.6,,,,,,,,,usr_eng_14,,,,,,,,,,,,,,,,,44.0,177.0
Engineering,,,,,,,,,,,,Software_Usage_Per_User,Nov,,422.0,1866.0,,,,,,,,,,,,,,,,,,,,ANSYS,,,,,,,,,,,,,,41.8,,,,,,,,,usr_eng_14,,,,,,,,,,,,,,,,,23.0,571.0
Engineering,,,,,,,,,,,,Software_Usage_Per_User,Jan,,262.0,1834.0,,,,,,,,,,,,,,,,,,,,ANSYS,,,,,,,,,,,,,,75.0,,,,,,,,,usr_eng_15,,,,,,,,,,,,,,,,,19.0,268.0
Engineering,,,,,,,,,,,,Software_Usage_Per_User,Mar,,42.0,1116.0,,,,,,,,,,,,,,,,,,,,ANSYS,,,,,,,,,,,,,,38.8,,,,,,,,,usr_eng_15,,,,,,,,,,,,,,,,,28.0,590.0
Engineering,,,,,,,,,,,,Software_Usage_Per_User,May,,159.0,1168.0,,,,,,,,,,,,,,,,,,,,MATLAB,,,,,,,,,,,,,,51.8,,,,,,,,,usr_eng_15,,,,,,,,,,,,,,,,,22.0,667.0
Engineering,,,,,,,,,,,,Software_Usage_Per_User,Jan,,230.0,156.0,,,,,,,,,,,,,,,,,,,,ANSYS,,,,,,,,,,,,,,40.0,,,,,,,,,usr_eng_16,,,,,,,,,,,,,,,,,10.0,434.0
Engineering,,,,,,,,,,,,Software_Usage_Per_User,Feb,,283.0,1249.0,,,,,,,,,,,,,,,,,,,,ANSYS,,,,,,,,,,,,,,51.9,,,,,,,,,usr_eng_16,,,,,,,,,,,,,,,,,32.0,237.0
Engineering,,,,,,,,,,,,Software_Usage_Per_User,May,,63.0,499.0,,,,,,,,,,,,,,,,,,,,CP2K,,,,,,,,,,,,,,29.2,,,,,,,,,usr_eng_16,,,,,,,,,,,,,,,,,36.0,491.0
Engineering,,,,,,,,,,,,Software_Usage_Per_User,Jul,,46.0,1983.0,,,,,,,,,,,,,,,,,,,,ANSYS,,,,,,,,,,,,,,94.4,,,,,,,,,usr_eng_16,,,,,,,,,,,,,,,,,13.0,383.0
Engineering,,,,,,,,,,,,Software_Usage_Per_User,Oct,,479.0,1863.0,,,,,,,,,,,,,,,,,,,,ANSYS,,,,,,,,,,,,,,60.4,,,,,,,,,usr_eng_16,,,,,,,,,,,,,,,,,38.0,222.0
Engineering,,,,,,,,,,,,Software_Usage_Per_User,Nov,,430.0,1322.0,,,,,,,,,,,,,,,,,,,,ANSYS,,,,,,,,,,,,,,84.0,,,,,,,,,usr_eng_16,,,,,,,,,,,,,,,,,28.0,315.0
Engineering,,,,,,,,,,,,Software_Usage_Per_User,Feb,,479.0,1642.0,,,,,,,,,,,,,,,,,,,,ANSYS,,,,,,,,,,,,,,31.4,,,,,,,,,usr_eng_17,,,,,,,,,,,,,,,,,16.0,492.0
Engineering,,,,,,,,,,,,Software_Usage_Per_User,Jul,,362.0,710.0,,,,,,,,,,,,,,,,,,,,Amber,,,,,,,,,,,,,,39.0,,,,,,,,,usr_eng_17,,,,,,,,,,,,,,,,,49.0,37.0
Engineering,,,,,,,,,,,,Software_Usage_Per_User,Jul,,190.0,1909.0,,,,,,,,,,,,,,,,,,,,ANSYS,,,,,,,,,,,,,,87.3,,,,,,,,,usr_eng_17,,,,,,,,,,,,,,,,,26.0,678.0
Engineering,,,,,,,,,,,,Software_Usage_Per_User,Oct,,366.0,165.0,,,,,,,,,,,,,,,,,,,,ANSYS,,,,,,,,,,,,,,37.8,,,,,,,,,usr_eng_17,,,,,,,,,,,,,,,,,11.0,68.0
Engineering,,,,,,,,,,,,Software_Usage_Per_User,Dec,,367.0,1021.0,,,,,,,,,,,,,,,,,,,,ANSYS,,,,,,,,,,,,,,39.0,,,,,,,,,usr_eng_17,,,,,,,,,,,,,,,,,34.0,183.0
Engineering,,,,,,,,,,,,Software_Usage_Per_User,Jan,,53.0,1623.0,,,,,,,,,,,,,,,,,,,,ANSYS,,,,,,,,,,,,,,34.3,,,,,,,,,usr_eng_18,,,,,,,,,,,,,,,,,22.0,574.0
Engineering,,,,,,,,,,,,Software_Usage_Per_User,Mar,,319.0,121.0,,,,,,,,,,,,,,,,,,,,ANSYS,,,,,,,,,,,,,,74.9,,,,,,,,,usr_eng_18,,,,,,,,,,,,,,,,,47.0,189.0
Engineering,,,,,,,,,,,,Software_Usage_Per_User,Aug,,42.0,555.0,,,,,,,,,,,,,,,,,,,,Abaqus,,,,,,,,,,,,,,79.7,,,,,,,,,usr_eng_18,,,,,,,,,,,,,,,,,18.0,506.0
Engineering,,,,,,,,,,,,Software_Usage_Per_User,Nov,,496.0,1242.0,,,,,,,,,,,,,,,,,,,,ANSYS,,,,,,,,,,,,,,28.4,,,,,,,,,usr_eng_18,,,,,,,,,,,,,,,,,31.0,88.0
Engineering,,,,,,,,,,,,Software_Usage_Per_User,Dec,,430.0,39.0,,,,,,,,,,,,,,,,,,,,ANSYS,,,,,,,,,,,,,,47.7,,,,,,,,,usr_eng_18,,,,,,,,,,,,,,,,,29.0,499.0
Engineering,,,,,,,,,,,,Software_Usage_Per_User,Apr,,459.0,616.0,,,,,,,,,,,,,,,,,,,,ANSYS,,,,,,,,,,,,,,54.9,,,,,,,,,usr_eng_19,,,,,,,,,,,,,,,,,43.0,47.0
Engineering,,,,,,,,,,,,Software_Usage_Per_User,Jun,,262.0,1637.0,,,,,,,,,,,,,,,,,,,,ANSYS,,,,,,,,,,,,,,75.6,,,,,,,,,usr_eng_19,,,,,,,,,,,,,,,,,48.0,72.0
Engineering,,,,,,,,,,,,Software_Usage_Per_User,Oct,,203.0,1513.0,,,,,,,,,,,,,,,,,,,,PyTorch,,,,,,,,,,,,,,84.0,,,,,,,,,usr_eng_19,,,,,,,,,,,,,,,,,26.0,513.0
Engineering,,,,,,,,,,,,Software_Usage_Per_User,Mar,,323.0,1532.0,,,,,,,,,,,,,,,,,,,,ANSYS,,,,,,,,,,,,,,42.5,,,,,,,,,usr_eng_20,,,,,,,,,,,,,,,,,18.0,404.0
Engineering,,,,,,,,,,,,Software_Usage_Per_User,Aug,,235.0,703.0,,,,,,,,,,,,,,,,,,,,ANSYS,,,,,,,,,,,,,,72.5,,,,,,,,,usr_eng_20,,,,,,,,,,,,,,,,,47.0,130.0
Engineering,,,,,,,,,,,,Software_Usage_Per_User,Oct,,123.0,1683.0,,,,,,,,,,,,,,,,,,,,GROMACS,,,,,,,,,,,,,,76.8,,,,,,,,,usr_eng_20,,,,,,,,,,,,,,,,,6.0,470.0
Medical Research,,,,,,,,,,,,Software_Usage_Per_User,May,,190.0,144.0,,,,,,,,,,,,,,,,,,,,ANSYS,,,,,,,,,,,,,,80.0,,,,,,,,,usr_med_01,,,,,,,,,,,,,,,,,10.0,528.0
Medical Research,,,,,,,,,,,,Software_Usage_Per_User,Aug,,362.0,766.0,,,,,,,,,,,,,,,,,,,,ANSYS,,,,,,,,,,,,,,77.2,,,,,,,,,usr_med_01,,,,,,,,,,,,,,,,,38.0,413.0
Medical Research,,,,,,,,,,,,Software_Usage_Per_User,Nov,,379.0,957.0,,,,,,,,,,,,,,,,,,,,ANSYS,,,,,,,,,,,,,,53.2,,,,,,,,,usr_med_01,,,,,,,,,,,,,,,,,38.0,238.0
Medical Research,,,,,,,,,,,,Software_Usage_Per_User,Dec,,301.0,1743.0,,,,,,,,,,,,,,,,,,,,Gaussian,,,,,,,,,,,,,,71.3,,,,,,,,,usr_med_01,,,,,,,,,,,,,,,,,39.0,521.0
Medical Research,,,,,,,,,,,,Software_Usage_Per_User,Mar,,142.0,1887.0,,,,,,,,,,,,,,,,,,,,ANSYS,,,,,,,,,,,,,,39.9,,,,,,,,,usr_med_02,,,,,,,,,,,,,,,,,25.0,98.0
Medical Research,,,,,,,,,,,,Software_Usage_Per_User,Apr,,202.0,1643.0,,,,,,,,,,,,,,,,,,,,ANSYS,,,,,,,,,,,,,,44.3,,,,,,,,,usr_med_02,,,,,,,,,,,,,,,,,19.0,689.0
Medical Research,,,,,,,,,,,,Software_Usage_Per_User,Jun,,421.0,507.0,,,,,,,,,,,,,,,,,,,,ANSYS,,,,,,,,,,,,,,24.6,,,,,,,,,usr_med_02,,,,,,,,,,,,,,,,,4.0,392.0
Medical Research,,,,,,,,,,,,Software_Usage_Per_User,Sep,,387.0,1013.0,,,,,,,,,,,,,,,,,,,,ANSYS,,,,,,,,,,,,,,70.8,,,,,,,,,usr_med_02,,,,,,,,,,,,,,,,,28.0,56.0
Medical Research,,,,,,,,,,,,Software_Usage_Per_User,Jan,,112.0,1937.0,,,,,,,,,,,,,,,,,,,,Amber,,,,,,,,,,,,,,67.4,,,,,,,,,usr_med_03,,,,,,,,,,,,,,,,,20.0,211.0
Medical Research,,,,,,,,,,,,Software_Usage_Per_User,Feb,,258.0,1524.0,,,,,,,,,,,,,,,,,,,,ANSYS,,,,,,,,,,,,,,38.0,,,,,,,,,usr_med_03,,,,,,,,,,,,,,,,,7.0,512.0
Medical Research,,,,,,,,,,,,Software_Usage_Per_User,Sep,,240.0,1529.0,,,,,,,,,,,,,,,,,,,,ANSYS,,,,,,,,,,,,,,87.9,,,,,,,,,usr_med_03,,,,,,,,,,,,,,,,,38.0,526.0
Medical Research,,,,,,,,,,,,Software_Usage_Per_User,Dec,,174.0,1265.0,,,,,,,,,,,,,,,,,,,,ANSYS,,,,,,,,,,,,,,33.8,,,,,,,,,usr_med_03,,,,,,,,,,,,,,,,,3.0,226.0
Medical Research,,,,,,,,,,,,Software_Usage_Per_User,Feb,,279.0,1648.0,,,,,,,,,,,,,,,,,,,,RELION,,,,,,,,,,,,,,79.4,,,,,,,,,usr_med_04,,,,,,,,,,,,,,,,,46.0,537.0
Medical Research,,,,,,,,,,,,Software_Usage_Per_User,Mar,,221.0,1077.0,,,,,,,,,,,,,,,,,,,,ANSYS,,,,,,,,,,,,,,85.7,,,,,,,,,usr_med_04,,,,,,,,,,,,,,,,,31.0,348.0
Medical Research,,,,,,,,,,,,Software_Usage_Per_User,Jun,,304.0,437.0,,,,,,,,,,,,,,,,,,,,ANSYS,,,,,,,,,,,,,,47.4,,,,,,,,,usr_med_04,,,,,,,,,,,,,,,,,7.0,388.0
Medical Research,,,,,,,,,,,,Software_Usage_Per_User,Dec,,486.0,1111.0,,,,,,,,,,,,,,,,,,,,ANSYS,,,,,,,,,,,,,,26.2,,,,,,,,,usr_med_04,,,,,,,,,,,,,,,,,18.0,455.0
Medical Research,,,,,,,,,,,,Software_Usage_Per_User,Mar,,90.0,1013.0,,,,,,,,,,,,,,,,,,,,CP2K,,,,,,,,,,,,,,72.2,,,,,,,,,usr_med_05,,,,,,,,,,,,,,,,,38.0,175.0
Medical Research,,,,,,,,,,,,Software_Usage_Per_User,Apr,,216.0,80.0,,,,,,,,,,,,,,,,,,,,ANSYS,,,,,,,,,,,,,,20.3,,,,,,,,,usr_med_05,,,,,,,,,,,,,,,,,5.0,279.0
Medical Research,,,,,,,,,,,,Software_Usage_Per_User,May,,11.0,667.0,,,,,,,,,,,,,,,,,,,,ANSYS,,,,,,,,,,,,,,87.3,,,,,,,,,usr_med_05,,,,,,,,,,,,,,,,,46.0,12.0
Medical Research,,,,,,,,,,,,Software_Usage_Per_User,Apr,,260.0,413.0,,,,,,,,,,,,,,,,,,,,RELION,,,,,,,,,,,,,,24.4,,,,,,,,,usr_med_06,,,,,,,,,,,,,,,,,38.0,354.0
Medical Research,,,,,,,,,,,,Software_Usage_Per_User,Mar,,203.0,1774.0,,,,,,,,,,,,,,,,,,,,ANSYS,,,,,,,,,,,,,,57.5,,,,,,,,,usr_med_07,,,,,,,,,,,,,,,,,26.0,133.0
Medical Research,,,,,,,,,,,,Software_Usage_Per_User,Apr,,467.0,132.0,,,,,,,,,,,,,,,,,,,,ANSYS,,,,,,,,,,,,,,33.3,,,,,,,,,usr_med_07,,,,,,,,,,,,,,,,,33.0,620.0
Medical Research,,,,,,,,,,,,Software_Usage_Per_User,Apr,,71.0,401.0,,,,,,,,,,,,,,,,,,,,WRF,,,,,,,,,,,,,,26.3,,,,,,,,,usr_med_07,,,,,,,,,,,,,,,,,5.0,524.0
Medical Research,,,,,,,,,,,,Software_Usage_Per_User,Apr,,311.0,1627.0,,,,,,,,,,,,,,,,,,,,RELION,,,,,,,,,,,,,,28.9,,,,,,,,,usr_med_08,,,,,,,,,,,,,,,,,16.0,544.0
Medical Research,,,,,,,,,,,,Software_Usage_Per_User,May,,476.0,922.0,,,,,,,,,,,,,,,,,,,,ANSYS,,,,,,,,,,,,,,58.7,,,,,,,,,usr_med_08,,,,,,,,,,,,,,,,,31.0,396.0
Medical Research,,,,,,,,,,,,Software_Usage_Per_User,Feb,,196.0,753.0,,,,,,,,,,,,,,,,,,,,ANSYS,,,,,,,,,,,,,,50.8,,,,,,,,,usr_med_09,,,,,,,,,,,,,,,,,40.0,446.0
Medical Research,,,,,,,,,,,,Software_Usage_Per_User,May,,212.0,1032.0,,,,,,,,,,,,,,,,,,,,Gaussian,,,,,,,,,,,,,,30.0,,,,,,,,,usr_med_09,,,,,,,,,,,,,,,,,30.0,545.0
Medical Research,,,,,,,,,,,,Software_Usage_Per_User,May,,373.0,1276.0,,,,,,,,,,,,,,,,,,,,ANSYS,,,,,,,,,,,,,,26.8,,,,,,,,,usr_med_09,,,,,,,,,,,,,,,,,11.0,268.0
Medical Research,,,,,,,,,,,,Software_Usage_Per_User,Jul,,221.0,1196.0,,,,,,,,,,,,,,,,,,,,ANSYS,,,,,,,,,,,,,,38.9,,,,,,,,,usr_med_09,,,,,,,,,,,,,,,,,28.0,589.0
Medical Research,,,,,,,,,,,,Software_Usage_Per_User,Jun,,35.0,514.0,,,,,,,,,,,,,,,,,,,,COMSOL,,,,,,,,,,,,,,90.1,,,,,,,,,usr_med_10,,,,,,,,,,,,,,,,,44.0,699.0
Medical Research,,,,,,,,,,,,Software_Usage_Per_User,Sep,,347.0,1852.0,,,,,,,,,,,,,,,,,,,,ANSYS,,,,,,,,,,,,,,59.5,,,,,,,,,usr_med_10,,,,,,,,,,,,,,,,,16.0,491.0
Medical Research,,,,,,,,,,,,Software_Usage_Per_User,Jun,,28.0,994.0,,,,,,,,,,,,,,,,,,,,COMSOL,,,,,,,,,,,,,,35.2,,,,,,,,,usr_med_11,,,,,,,,,,,,,,,,,33.0,435.0
Medical Research,,,,,,,,,,,,Software_Usage_Per_User,Jul,,158.0,1367.0,,,,,,,,,,,,,,,,,,,,ANSYS,,,,,,,,,,,,,,80.9,,,,,,,,,usr_med_11,,,,,,,,,,,,,,,,,4.0,620.0
Medical Research,,,,,,,,,,,,Software_Usage_Per_User,Jul,,98.0,1731.0,,,,,,,,,,,,,,,,,,,,VASP,,,,,,,,,,,,,,46.8,,,,,,,,,usr_med_12,,,,,,,,,,,,,,,,,30.0,23.0
Medical Research,,,,,,,,,,,,Software_Usage_Per_User,Jul,,111.0,327.0,,,,,,,,,,,,,,,,,,,,ANSYS,,,,,,,,,,,,,,22.5,,,,,,,,,usr_med_13,,,,,,,,,,,,,,,,,40.0,453.0
Medical Research,,,,,,,,,,,,Software_Usage_Per_User,Jul,,456.0,108.0,,,,,,,,,,,,,,,,,,,,LAMMPS,,,,,,,,,,,,,,77.3,,,,,,,,,usr_med_13,,,,,,,,,,,,,,,,,16.0,212.0
Medical Research,,,,,,,,,,,,Software_Usage_Per_User,Oct,,399.0,1288.0,,,,,,,,,,,,,,,,,,,,ANSYS,,,,,,,,,,,,,,89.4,,,,,,,,,usr_med_13,,,,,,,,,,,,,,,,,15.0,431.0
Medical Research,,,,,,,,,,,,Software_Usage_Per_User,Jan,,128.0,1614.0,,,,,,,,,,,,,,,,,,,,ANSYS,,,,,,,,,,,,,,31.6,,,,,,,,,usr_med_14,,,,,,,,,,,,,,,,,24.0,436.0
Medical Research,,,,,,,,,,,,Software_Usage_Per_User,Apr,,309.0,1869.0,,,,,,,,,,,,,,,,,,,,ANSYS,,,,,,,,,,,,,,93.9,,,,,,,,,usr_med_14,,,,,,,,,,,,,,,,,35.0,682.0
Medical Research,,,,,,,,,,,,Software_Usage_Per_User,May,,341.0,422.0,,,,,,,,,,,,,,,,,,,,ANSYS,,,,,,,,,,,,,,94.6,,,,,,,,,usr_med_14,,,,,,,,,,,,,,,,,13.0,22.0
Medical Research,,,,,,,,,,,,Software_Usage_Per_User,Jul,,110.0,390.0,,,,,,,,,,,,,,,,,,,,ANSYS,,,,,,,,,,,,,,20.4,,,,,,,,,usr_med_14,,,,,,,,,,,,,,,,,20.0,118.0
Medical Research,,,,,,,,,,,,Software_Usage_Per_User,Aug,,3.0,1210.0,,,,,,,,,,,,,,,,,,,,ANSYS,,,,,,,,,,,,,,72.8,,,,,,,,,usr_med_14,,,,,,,,,,,,,,,,,14.0,438.0
Medical Research,,,,,,,,,,,,Software_Usage_Per_User,Sep,,135.0,466.0,,,,,,,,,,,,,,,,,,,,COMSOL,,,,,,,,,,,,,,85.4,,,,,,,,,usr_med_14,,,,,,,,,,,,,,,,,22.0,232.0
Medical Research,,,,,,,,,,,,Software_Usage_Per_User,Feb,,148.0,10.0,,,,,,,,,,,,,,,,,,,,ANSYS,,,,,,,,,,,,,,76.5,,,,,,,,,usr_med_15,,,,,,,,,,,,,,,,,20.0,215.0
Medical Research,,,,,,,,,,,,Software_Usage_Per_User,May,,130.0,627.0,,,,,,,,,,,,,,,,,,,,ANSYS,,,,,,,,,,,,,,50.0,,,,,,,,,usr_med_15,,,,,,,,,,,,,,,,,19.0,561.0
Medical Research,,,,,,,,,,,,Software_Usage_Per_User,Jul,,6.0,1316.0,,,,,,,,,,,,,,,,,,,,ANSYS,,,,,,,,,,,,,,89.2,,,,,,,,,usr_med_15,,,,,,,,,,,,,,,,,25.0,475.0
Medical Research,,,,,,,,,,,,Software_Usage_Per_User,Oct,,125.0,1594.0,,,,,,,,,,,,,,,,,,,,Amber,,,,,,,,,,,,,,70.4,,,,,,,,,usr_med_15,,,,,,,,,,,,,,,,,6.0,89.0
Medical Research,,,,,,,,,,,,Software_Usage_Per_User,Sep,,273.0,627.0,,,,,,,,,,,,,,,,,,,,ANSYS,,,,,,,,,,,,,,74.4,,,,,,,,,usr_med_16,,,,,,,,,,,,,,,,,9.0,169.0
Medical Research,,,,,,,,,,,,Software_Usage_Per_User,Oct,,316.0,989.0,,,,,,,,,,,,,,,,,,,,COMSOL,,,,,,,,,,,,,,58.5,,,,,,,,,usr_med_16,,,,,,,,,,,,,,,,,42.0,265.0
Medical Research,,,,,,,,,,,,Software_Usage_Per_User,Oct,,460.0,1872.0,,,,,,,,,,,,,,,,,,,,Amber,,,,,,,,,,,,,,24.6,,,,,,,,,usr_med_17,,,,,,,,,,,,,,,,,6.0,251.0
Medical Research,,,,,,,,,,,,Software_Usage_Per_User,Jan,,341.0,1142.0,,,,,,,,,,,,,,,,,,,,ANSYS,,,,,,,,,,,,,,54.1,,,,,,,,,usr_med_18,,,,,,,,,,,,,,,,,47.0,340.0
Medical Research,,,,,,,,,,,,Software_Usage_Per_User,Apr,,134.0,1593.0,,,,,,,,,,,,,,,,,,,,ANSYS,,,,,,,,,,,,,,43.3,,,,,,,,,usr_med_18,,,,,,,,,,,,,,,,,31.0,375.0
Medical Research,,,,,,,,,,,,Software_Usage_Per_User,Nov,,233.0,1299.0,,,,,,,,,,,,,,,,,,,,LAMMPS,,,,,,,,,,,,,,80.4,,,,,,,,,usr_med_18,,,,,,,,,,,,,,,,,22.0,675.0
Medical Research,,,,,,,,,,,,Software_Usage_Per_User,May,,259.0,256.0,,,,,,,,,,,,,,,,,,,,ANSYS,,,,,,,,,,,,,,94.5,,,,,,,,,usr_med_19,,,,,,,,,,,,,,,,,13.0,458.0
Medical Research,,,,,,,,,,,,Software_Usage_Per_User,Oct,,27.0,263.0,,,,,,,,,,,,,,,,,,,,ANSYS,,,,,,,,,,,,,,29.6,,,,,,,,,usr_med_19,,,,,,,,,,,,,,,,,19.0,227.0
Medical Research,,,,,,,,,,,,Software_Usage_Per_User,Dec,,116.0,1755.0,,,,,,,,,,,,,,,,,,,,PyTorch,,,,,,,,,,,,,,69.8,,,,,,,,,usr_med_19,,,,,,,,,,,,,,,,,27.0,600.0
Medical Research,,,,,,,,,,,,Software_Usage_Per_User,Aug,,54.0,437.0,,,,,,,,,,,,,,,,,,,,ANSYS,,,,,,,,,,,,,,38.6,,,,,,,,,usr_med_20,,,,,,,,,,,,,,,,,18.0,60.0
Medical Research,,,,,,,,,,,,Software_Usage_Per_User,Sep,,182.0,1572.0,,,,,,,,,,,,,,,,,,,,ANSYS,,,,,,,,,,,,,,80.6,,,,,,,,,usr_med_20,,,,,,,,,,,,,,,,,49.0,313.0
Medical Research,,,,,,,,,,,,Software_Usage_Per_User,Dec,,174.0,567.0,,,,,,,,,,,,,,,,,,,,TensorFlow,,,,,,,,,,,,,,59.6,,,,,,,,,usr_med_20,,,,,,,,,,,,,,,,,17.0,540.0
ALL,,,,,,,,,,,,Peak_Concurrent_Summary,Mar,,4250.0,12800.0,,,,,,,,,,,,,,,,,,,,ANSYS,,,,,,,,,,,,,,78.5,,,,,,,,,,,,,,,,,,,,,,,,,,62.0,512.0
ALL,,,,,,,,,,,,Peak_Concurrent_Summary,Jan,,4898.0,13682.0,,,,,,,,,,,,,,,,,,,,ANSYS,,,,,,,,,,,,,,84.1,,,,,,,,,,,,,,,,,,,,,,,,,,48.0,502.0
ALL,,,,,,,,,,,,Peak_Concurrent_Summary,Feb,,2888.0,11712.0,,,,,,,,,,,,,,,,,,,,ANSYS,,,,,,,,,,,,,,69.3,,,,,,,,,,,,,,,,,,,,,,,,,,52.0,486.0
ALL,,,,,,,,,,,,Peak_Concurrent_Summary,Apr,,4403.0,14381.0,,,,,,,,,,,,,,,,,,,,ANSYS,,,,,,,,,,,,,,70.1,,,,,,,,,,,,,,,,,,,,,,,,,,55.0,415.0
ALL,,,,,,,,,,,,Peak_Concurrent_Summary,May,,4432.0,12542.0,,,,,,,,,,,,,,,,,,,,ANSYS,,,,,,,,,,,,,,65.8,,,,,,,,,,,,,,,,,,,,,,,,,,58.0,338.0
ALL,,,,,,,,,,,,Peak_Concurrent_Summary,Jun,,2028.0,13365.0,,,,,,,,,,,,,,,,,,,,ANSYS,,,,,,,,,,,,,,81.4,,,,,,,,,,,,,,,,,,,,,,,,,,42.0,392.0
ALL,,,,,,,,,,,,Peak_Concurrent_Summary,Jul,,4269.0,12321.0,,,,,,,,,,,,,,,,,,,,ANSYS,,,,,,,,,,,,,,65.3,,,,,,,,,,,,,,,,,,,,,,,,,,35.0,576.0
ALL,,,,,,,,,,,,Peak_Concurrent_Summary,Aug,,3914.0,12938.0,,,,,,,,,,,,,,,,,,,,ANSYS,,,,,,,,,,,,,,80.4,,,,,,,,,,,,,,,,,,,,,,,,,,28.0,304.0
ALL,,,,,,,,,,,,Peak_Concurrent_Summary,Sep,,3380.0,12213.0,,,,,,,,,,,,,,,,,,,,ANSYS,,,,,,,,,,,,,,80.6,,,,,,,,,,,,,,,,,,,,,,,,,,50.0,316.0
ALL,,,,,,,,,,,,Peak_Concurrent_Summary,Oct,,2000.0,9982.0,,,,,,,,,,,,,,,,,,,,ANSYS,,,,,,,,,,,,,,80.4,,,,,,,,,,,,,,,,,,,,,,,,,,54.0,483.0
ALL,,,,,,,,,,,,Peak_Concurrent_Summary,Nov,,4862.0,13821.0,,,,,,,,,,,,,,,,,,,,ANSYS,,,,,,,,,,,,,,83.8,,,,,,,,,,,,,,,,,,,,,,,,,,56.0,416.0
ALL,,,,,,,,,,,,Peak_Concurrent_Summary,Dec,,3288.0,9289.0,,,,,,,,,,,,,,,,,,,,ANSYS,,,,,,,,,,,,,,80.8,,,,,,,,,,,,,,,,,,,,,,,,,,44.0,408.0
