Date,Department,Partition,Jobs_Submitted,Jobs_Completed,Jobs_Failed,GPU_Hours,CPU_Hours,Memory_GB_Hours,Storage_Read_GB,Storage_Write_GB,Avg_Wait_Min,Max_Wait_Min,Avg_GPU_Util_PCT,Energy_kWh
2025-01-01,Physics,gpu,32,29,1,401,598,138686,4365,355,95,157,30.7,2205.5
2025-01-02,Physics,priority,38,35,2,84,11,12115,2225,739,21,421,54.9,462.0
2025-01-04,Physics,interactive,3,2,0,45,590,13092,1750,702,99,416,45.5,247.5
2025-01-06,Physics,interactive,41,39,2,370,664,51715,1980,1866,20,419,54.6,2035.0
2025-01-08,Physics,debug,22,21,0,43,709,18987,3523,2047,115,176,94.0,236.5
2025-01-10,Physics,debug,41,36,1,263,322,103147,3363,549,101,42,53.2,1446.5
2025-01-12,Physics,cpu,46,44,1,200,579,96148,4118,2268,32,475,62.1,1100.0
2025-01-14,Physics,cpu,29,26,0,98,441,17911,3245,1115,28,361,64.4,539.0
2025-01-16,Physics,gpu,48,46,3,439,817,76925,1255,1124,59,68,56.8,2414.5
2025-01-18,Physics,gpu,14,12,0,359,554,131798,1892,265,104,261,57.3,1974.5
2025-01-19,Physics,priority,20,17,0,252,206,82786,4502,2202,1,229,39.5,1386.0
2025-01-21,Physics,priority,10,9,0,212,433,45058,167,1756,115,220,66.7,1166.0
2025-01-23,Physics,interactive,19,16,1,292,121,71257,4288,116,34,450,32.4,1606.0
2025-01-25,Physics,interactive,29,27,0,105,836,45797,1141,1335,43,295,38.8,577.5
2025-01-27,Physics,debug,10,9,0,408,32,79184,532,559,106,298,41.7,2244.0
2025-01-28,Physics,debug,13,11,0,10,477,2650,1175,1945,8,24,35.3,55.0
2025-02-01,Physics,cpu,14,13,0,332,602,65219,218,776,4,371,41.8,1826.0
2025-02-03,Physics,cpu,45,41,3,321,272,170862,550,1298,61,65,46.0,1765.5
2025-02-05,Physics,gpu,39,36,1,408,573,198808,1149,1517,34,466,68.9,2244.0
2025-02-07,Physics,gpu,28,27,0,478,526,118133,1617,2356,73,318,67.1,2629.0
2025-02-08,Physics,priority,26,24,0,361,113,210017,1472,898,68,434,50.1,1985.5
2025-02-10,Physics,interactive,10,8,0,335,389,99155,1232,1130,33,315,37.0,1842.5
2025-02-12,Physics,interactive,46,42,0,391,94,190080,330,1995,73,182,36.9,2150.5
2025-02-14,Physics,debug,36,34,2,437,340,199558,1665,1668,45,220,44.9,2403.5
2025-02-16,Physics,debug,34,33,2,344,634,92875,3437,2444,72,85,43.7,1892.0
2025-02-18,Physics,cpu,48,45,3,400,925,178709,361,2181,97,378,71.8,2200.0
2025-02-20,Physics,cpu,19,16,0,83,760,31372,1433,1290,43,264,55.0,456.5
2025-02-22,Physics,gpu,24,21,0,480,731,103881,3649,2287,73,430,76.6,2640.0
2025-02-24,Physics,gpu,2,1,0,56,815,20890,3391,1729,87,228,77.4,308.0
2025-02-25,Physics,priority,2,1,0,95,568,51561,2169,2231,119,128,63.6,522.5
2025-02-27,Physics,priority,25,23,1,356,942,194814,1820,913,20,182,63.5,1958.0
2025-02-28,Physics,interactive,25,23,0,353,526,69610,4417,395,65,332,50.1,1941.5
2025-03-01,Physics,interactive,46,43,1,413,332,44543,2585,1863,115,343,69.6,2271.5
2025-03-03,Physics,debug,28,23,2,329,848,175904,3213,74,21,47,67.9,1809.5
2025-03-05,Physics,debug,6,5,0,80,928,14747,735,2457,21,30,54.6,440.0
2025-03-07,Physics,cpu,4,3,0,105,773,18050,444,1814,82,233,66.7,577.5
2025-03-09,Physics,cpu,11,10,0,140,943,19272,3330,805,49,369,31.3,770.0
2025-03-11,Physics,gpu,44,40,0,416,609,114171,1866,1197,52,175,49.0,2288.0
2025-03-13,Physics,gpu,2,1,0,302,270,81001,340,1329,50,204,81.6,1661.0
2025-03-14,Physics,priority,36,31,2,455,755,86933,1598,804,36,166,35.7,2502.5
2025-03-16,Physics,interactive,6,5,0,222,937,64706,4987,536,83,172,62.0,1221.0
2025-03-18,Physics,interactive,17,15,0,462,891,221014,1140,1724,113,241,68.5,2541.0
2025-03-20,Physics,debug,47,41,2,89,375,46883,1815,156,56,76,80.4,489.5
2025-03-22,Physics,debug,46,44,1,483,617,73457,1452,171,63,15,66.2,2656.5
2025-03-24,Physics,cpu,31,28,1,489,557,119645,1796,2226,19,145,93.5,2689.5
2025-03-26,Physics,cpu,48,44,2,428,860,84484,1260,736,115,23,81.9,2354.0
2025-03-28,Physics,gpu,35,32,1,86,170,8853,2741,2038,103,297,82.0,473.0
2025-03-28,Physics,gpu,32,31,0,191,451,100144,4969,1178,19,346,30.7,1050.5
2025-04-01,Physics,priority,31,29,1,403,601,169472,2651,730,22,168,44.6,2216.5
2025-04-03,Physics,priority,32,29,1,333,90,104934,3174,292,114,293,32.3,1831.5
2025-04-05,Physics,interactive,29,26,1,237,359,71481,3773,1362,55,470,66.2,1303.5
2025-04-07,Physics,interactive,38,32,1,380,883,201910,787,2109,106,272,87.2,2090.0
2025-04-09,Physics,debug,25,21,1,213,169,126913,694,2068,22,401,53.3,1171.5
2025-04-11,Physics,debug,25,22,0,174,874,60214,4616,698,21,31,72.3,957.0
2025-04-13,Physics,cpu,38,36,1,168,326,82233,284,774,117,268,54.7,924.0
2025-04-15,Physics,cpu,5,4,0,261,863,126100,4684,1290,23,326,59.5,1435.5
2025-04-17,Physics,gpu,13,12,0,325,792,178008,2536,1724,28,201,69.0,1787.5
2025-04-19,Physics,gpu,22,20,0,250,30,47479,1602,2140,87,132,88.8,1375.0
2025-04-20,Physics,priority,16,14,0,456,92,64562,1660,1434,118,317,35.1,2508.0
2025-04-22,Physics,interactive,16,14,0,313,671,170135,1303,368,9,423,67.2,1721.5
2025-04-24,Physics,interactive,28,24,1,376,749,185559,3641,1311,38,446,76.3,2068.0
2025-04-26,Physics,debug,43,41,2,439,200,229756,4034,1026,46,438,57.2,2414.5
2025-04-28,Physics,debug,20,18,0,387,123,227000,3354,237,44,374,63.0,2128.5
2025-04-28,Physics,cpu,39,37,0,375,445,148995,2240,1150,30,160,37.3,2062.5
2025-05-02,Physics,cpu,29,25,1,221,258,110300,3107,1965,67,383,79.9,1215.5
2025-05-04,Physics,gpu,42,35,1,289,338,40065,1732,459,13,170,92.6,1589.5
2025-05-06,Physics,gpu,40,35,2,416,203,105035,3657,2278,106,116,71.6,2288.0
2025-05-07,Physics,priority,36,32,2,276,600,105707,4602,1481,81,322,75.4,1518.0
2025-05-09,Physics,priority,14,12,1,132,285,55203,3474,2463,95,293,45.9,726.0
2025-05-11,Physics,interactive,30,27,1,250,179,60930,2275,2096,2,101,77.5,1375.0
2025-05-13,Physics,interactive,10,9,0,390,133,41958,860,1589,24,388,55.7,2145.0
2025-05-15,Physics,debug,16,14,1,484,300,168257,2416,196,34,51,85.5,2662.0
2025-05-17,Physics,debug,44,38,3,484,422,53514,3173,2447,47,422,62.0,2662.0
2025-05-19,Physics,cpu,11,9,0,456,772,119988,1397,1365,38,199,83.0,2508.0
2025-05-21,Physics,cpu,26,24,1,361,819,158045,4642,1071,52,419,61.1,1985.5
2025-05-23,Physics,gpu,18,17,1,420,312,154214,1063,44,51,287,84.9,2310.0
2025-05-25,Physics,gpu,35,34,2,137,173,24415,509,514,6,378,45.6,753.5
2025-05-26,Physics,priority,7,6,0,114,50,60234,190,2425,80,284,34.1,627.0
2025-05-28,Physics,interactive,49,47,3,446,532,226253,2749,158,100,102,91.3,2453.0
2025-05-28,Physics,interactive,12,10,0,0,312,0,3640,423,12,447,67.3,0.0
2025-06-02,Physics,debug,41,36,3,294,165,80007,177,1094,63,351,77.4,1617.0
2025-06-04,Physics,debug,29,27,2,84,49,33440,1040,1488,24,130,78.8,462.0
2025-06-06,Physics,cpu,33,29,1,477,327,225756,1825,126,69,141,40.2,2623.5
2025-06-08,Physics,cpu,47,40,1,316,770,59145,556,436,45,471,68.4,1738.0
2025-06-10,Physics,gpu,11,10,0,36,918,14941,2803,322,118,272,41.2,198.0
2025-06-12,Physics,gpu,12,10,0,101,440,50535,2664,730,102,387,83.9,555.5
2025-06-13,Physics,priority,2,1,0,113,89,45999,2427,1711,3,344,90.2,621.5
2025-06-15,Physics,priority,26,25,0,144,843,69111,1043,976,17,26,30.1,792.0
2025-06-17,Physics,interactive,11,9,0,354,333,127424,2285,1486,24,327,35.2,1947.0
2025-06-19,Physics,interactive,28,24,0,478,268,213550,2507,1090,41,190,37.7,2629.0
2025-06-21,Physics,debug,21,18,0,116,134,37646,359,2416,89,15,33.6,638.0
2025-06-23,Physics,debug,36,34,2,279,725,124123,2948,586,116,222,85.0,1534.5
2025-06-25,Physics,cpu,40,34,2,105,371,47759,1793,2397,19,121,90.0,577.5
2025-06-27,Physics,cpu,12,10,0,59,888,12022,4005,116,37,11,68.5,324.5
2025-06-28,Physics,gpu,5,4,0,107,263,20313,4187,1941,13,356,45.3,588.5
2025-06-28,Physics,priority,45,39,2,289,641,32449,2955,1571,42,271,86.2,1589.5
2025-07-02,Physics,priority,38,33,2,259,402,151475,1048,520,110,67,68.0,1424.5
2025-07-04,Physics,interactive,17,15,1,309,218,131648,505,1511,65,407,71.7,1699.5
2025-07-06,Physics,interactive,43,41,3,345,808,149341,4314,222,71,444,60.7,1897.5
2025-07-08,Physics,debug,18,16,0,91,144,42182,3594,84,12,260,50.7,500.5
2025-07-10,Physics,debug,42,37,0,441,443,165361,4535,2295,70,45,83.8,2425.5
2025-07-12,Physics,cpu,30,28,1,381,613,126630,2654,2436,72,423,61.1,2095.5
2025-07-14,Physics,cpu,46,42,0,249,866,144095,1434,1475,65,20,34.9,1369.5
2025-07-16,Physics,gpu,31,26,0,453,609,90654,2555,12,107,357,89.4,2491.5
2025-07-18,Physics,gpu,36,35,1,269,112,82489,941,1493,9,61,52.6,1479.5
2025-07-19,Physics,priority,44,40,1,392,57,199546,439,1750,94,274,67.4,2156.0
2025-07-21,Physics,priority,34,31,1,265,587,103321,2957,41,21,44,91.6,1457.5
2025-07-23,Physics,interactive,24,21,1,151,127,40536,3127,1295,51,29,51.1,830.5
2025-07-25,Physics,interactive,34,31,0,151,975,64041,4291,1138,12,94,36.7,830.5
2025-07-27,Physics,debug,22,20,0,303,693,155781,2210,622,57,339,64.9,1666.5
2025-07-28,Physics,debug,8,6,0,78,799,10618,2517,1209,11,358,80.9,429.0
2025-08-01,Physics,cpu,20,18,1,85,589,26551,3301,645,87,317,51.0,467.5
2025-08-03,Physics,cpu,35,33,0,67,229,25260,698,1127,99,35,36.2,368.5
2025-08-05,Physics,gpu,44,41,0,1,251,104,525,2320,47,260,74.7,5.5
2025-08-07,Physics,gpu,8,7,0,411,897,43759,1085,2084,109,80,81.0,2260.5
2025-08-08,Physics,priority,38,34,2,248,59,130737,140,782,56,206,82.5,1364.0
2025-08-10,Physics,interactive,18,16,1,393,53,48607,2060,118,82,95,51.0,2161.5
2025-08-12,Physics,interactive,7,6,0,139,974,16145,1590,1562,79,162,74.6,764.5
2025-08-14,Physics,debug,42,36,1,419,69,152487,3596,11,14,404,44.0,2304.5
2025-08-16,Physics,debug,42,36,2,409,16,120959,2875,1264,83,254,90.7,2249.5
2025-08-18,Physics,cpu,9,8,0,39,569,18579,4934,1125,64,404,81.2,214.5
2025-08-20,Physics,cpu,31,28,1,124,535,33450,4756,440,15,367,66.0,682.0
2025-08-22,Physics,gpu,5,4,0,143,842,63891,4060,2121,59,135,85.5,786.5
2025-08-24,Physics,gpu,32,30,2,350,49,92146,3153,970,3,186,66.0,1925.0
2025-08-25,Physics,priority,37,31,2,72,117,8661,1796,2399,93,455,42.7,396.0
2025-08-27,Physics,priority,27,23,1,49,91,5230,3797,1774,51,450,42.4,269.5
2025-08-28,Physics,interactive,42,40,2,33,891,6104,956,343,108,265,50.3,181.5
2025-09-01,Physics,interactive,8,7,0,395,764,67755,264,1588,71,357,70.4,2172.5
2025-09-03,Physics,debug,40,35,1,252,18,95462,4284,2180,92,199,74.5,1386.0
2025-09-05,Physics,debug,38,37,2,97,928,18830,889,750,72,320,89.0,533.5
2025-09-07,Physics,cpu,35,31,1,318,888,65288,376,1819,45,249,87.9,1749.0
2025-09-09,Physics,cpu,6,5,0,294,223,164655,4619,2468,54,434,33.6,1617.0
2025-09-11,Physics,gpu,3,2,0,4,856,883,4666,470,114,317,90.0,22.0
2025-09-13,Physics,gpu,20,17,0,376,404,48254,240,1688,82,245,56.6,2068.0
2025-09-14,Physics,priority,30,25,1,139,32,14737,3317,1151,76,198,47.3,764.5
2025-09-16,Physics,interactive,37,34,0,278,541,36018,3238,975,7,380,31.2,1529.0
2025-09-18,Physics,interactive,32,28,1,53,821,7311,3157,44,81,23,62.9,291.5
2025-09-20,Physics,debug,8,7,0,286,695,120103,998,1537,56,126,56.8,1573.0
2025-09-22,Physics,debug,21,18,1,190,564,111487,1858,2027,31,24,30.9,1045.0
2025-09-24,Physics,cpu,32,28,2,414,685,52053,2908,537,12,416,61.6,2277.0
2025-09-26,Physics,cpu,11,10,0,474,633,67060,631,1598,84,389,60.3,2607.0
2025-09-28,Physics,gpu,4,3,0,354,640,43967,779,2025,3,318,45.6,1947.0
2025-09-28,Physics,gpu,4,3,0,335,578,68482,826,2190,32,265,38.6,1842.5
2025-10-01,Physics,priority,28,27,0,409,68,80633,2181,234,115,421,71.5,2249.5
2025-10-03,Physics,priority,40,36,3,373,939,180761,2596,1700,91,44,39.5,2051.5
2025-10-05,Physics,interactive,4,3,0,243,598,44336,1267,1674,15,77,47.8,1336.5
2025-10-07,Physics,interactive,48,46,3,360,341,102175,1692,118,68,161,78.1,1980.0
2025-10-09,Physics,debug,14,12,0,299,13,35968,1447,1256,28,386,58.7,1644.5
2025-10-11,Physics,debug,9,8,0,111,234,60496,1662,2210,43,182,36.4,610.5
2025-10-13,Physics,cpu,24,23,0,433,423,187202,18,1406,28,324,57.0,2381.5
2025-10-15,Physics,cpu,18,16,0,297,159,150695,4732,1531,53,51,60.3,1633.5
2025-10-17,Physics,gpu,10,9,0,413,733,245513,4026,1089,107,353,69.9,2271.5
2025-10-19,Physics,gpu,26,22,0,0,49,0,2028,437,22,50,30.0,0.0
2025-10-20,Physics,priority,22,21,1,62,349,19998,2543,1946,8,454,73.8,341.0
2025-10-22,Physics,interactive,44,38,1,257,471,45242,319,1310,13,403,47.8,1413.5
2025-10-24,Physics,interactive,34,29,2,140,280,30668,664,2440,29,372,47.9,770.0
2025-10-26,Physics,debug,7,6,0,378,759,217523,4964,724,8,395,36.7,2079.0
2025-10-28,Physics,debug,26,22,0,173,685,27851,3270,1535,21,360,92.8,951.5
2025-10-28,Physics,cpu,31,26,0,161,539,95709,4541,1388,2,123,83.0,885.5
2025-11-02,Physics,cpu,17,15,0,116,388,25113,2520,640,40,342,43.9,638.0
2025-11-04,Physics,gpu,31,30,0,226,519,77398,2121,716,91,379,37.5,1243.0
2025-11-06,Physics,gpu,17,15,0,214,618,121690,1710,1574,49,284,57.9,1177.0
2025-11-07,Physics,priority,19,17,0,410,979,240687,99,1056,100,159,73.6,2255.0
2025-11-09,Physics,priority,14,13,0,312,412,32337,1322,2081,16,26,50.9,1716.0
2025-11-11,Physics,interactive,5,4,0,322,941,100882,1517,363,111,17,79.0,1771.0
2025-11-13,Physics,interactive,29,28,0,128,851,49808,498,70,3,86,62.0,704.0
2025-11-15,Physics,debug,24,22,1,436,271,213971,2543,844,39,331,81.8,2398.0
2025-11-17,Physics,debug,28,25,1,164,660,41333,3774,528,7,456,73.3,902.0
2025-11-19,Physics,cpu,20,17,0,266,894,30920,2567,2465,9,19,35.2,1463.0
2025-11-21,Physics,cpu,4,3,0,330,430,72176,3706,1181,6,97,79.2,1815.0
2025-11-23,Physics,gpu,49,47,2,281,36,94077,149,1822,28,210,43.1,1545.5
2025-11-24,Physics,priority,2,1,0,62,964,32353,4765,420,34,80,60.6,341.0
2025-11-26,Physics,priority,37,34,0,136,364,65173,3180,1468,55,257,92.6,748.0
2025-11-28,Physics,interactive,19,17,1,229,593,25945,4025,1885,40,328,75.3,1259.5
2025-11-28,Physics,interactive,31,28,1,401,141,215239,3196,2247,63,410,88.4,2205.5
2025-12-02,Physics,debug,12,11,0,20,881,4093,888,1457,53,468,58.4,110.0
2025-12-04,Physics,debug,12,10,0,50,203,13126,3033,2431,89,336,31.0,275.0
2025-12-06,Physics,cpu,33,28,0,28,883,6744,3629,478,115,272,52.3,154.0
2025-12-08,Physics,cpu,24,22,1,484,199,234967,4163,268,1,156,35.8,2662.0
2025-12-10,Physics,gpu,41,36,1,289,230,83848,4116,1603,91,93,55.6,1589.5
2025-12-12,Physics,gpu,38,36,2,281,271,75254,3094,2113,51,243,58.1,1545.5
2025-12-13,Physics,priority,28,26,1,223,349,89345,3323,2083,55,363,86.8,1226.5
2025-12-15,Physics,priority,10,9,0,269,507,111496,1465,514,12,162,35.4,1479.5
2025-12-17,Physics,interactive,46,40,1,36,303,13272,3239,1976,84,333,59.5,198.0
2025-12-19,Physics,interactive,26,24,1,291,483,167243,78,327,84,113,69.0,1600.5
2025-12-21,Physics,debug,10,9,0,40,599,6137,4611,2029,119,455,31.9,220.0
2025-12-23,Physics,debug,19,16,0,241,933,104651,770,635,41,36,93.5,1325.5
2025-12-25,Physics,cpu,30,29,1,12,781,2510,2411,1977,31,436,50.2,66.0
2025-12-27,Physics,cpu,19,16,0,155,190,72317,2700,519,73,344,72.7,852.5
2025-12-28,Physics,gpu,43,39,2,88,703,28990,1926,1856,22,268,47.3,484.0
2025-12-28,Physics,priority,29,26,0,325,873,144160,3731,469,89,382,32.8,1787.5
2025-01-02,Biology,priority,24,21,0,203,121,28746,540,476,20,468,47.6,1116.5
2025-01-04,Biology,interactive,16,13,0,240,239,81400,4715,841,66,246,60.4,1320.0
2025-01-06,Biology,interactive,7,6,0,495,630,204442,4108,1043,16,327,90.9,2722.5
2025-01-08,Biology,debug,44,41,0,134,83,29920,4205,1964,7,260,69.8,737.0
2025-01-10,Biology,debug,40,37,1,13,279,4570,4436,559,100,279,41.1,71.5
2025-01-12,Biology,cpu,44,42,1,178,999,32683,938,2251,101,33,47.2,979.0
2025-01-14,Biology,cpu,15,13,1,428,169,86449,499,1218,4,384,69.0,2354.0
2025-01-16,Biology,gpu,24,23,1,188,966,22726,2372,2119,66,98,81.0,1034.0
2025-01-18,Biology,gpu,15,13,1,456,932,155118,2626,1367,11,222,86.0,2508.0
2025-01-19,Biology,priority,6,5,0,482,383,101224,178,30,118,167,78.1,2651.0
2025-01-21,Biology,priority,13,11,0,477,485,156818,4980,178,114,432,73.1,2623.5
2025-01-23,Biology,interactive,3,2,0,147,278,50276,4166,2365,102,110,42.5,808.5
2025-01-25,Biology,interactive,45,41,2,257,749,147856,166,669,25,14,57.6,1413.5
2025-01-27,Biology,debug,25,21,1,237,790,51404,2231,737,11,63,54.0,1303.5
2025-01-28,Biology,debug,11,9,0,103,346,27819,3936,2334,71,32,93.2,566.5
2025-02-01,Biology,cpu,14,13,0,40,72,20840,2929,149,108,158,70.5,220.0
2025-02-03,Biology,cpu,25,22,1,463,784,126901,4495,838,110,274,81.3,2546.5
2025-02-05,Biology,gpu,28,24,1,145,757,55456,2455,337,18,311,67.4,797.5
2025-02-06,Biology,priority,9,7,0,208,811,70252,1679,1722,50,171,56.4,1144.0
2025-02-08,Biology,priority,46,41,2,396,318,68673,3790,468,46,374,86.7,2178.0
2025-02-10,Biology,interactive,40,37,2,125,757,46540,3218,1946,48,216,87.2,687.5
2025-02-12,Biology,interactive,39,33,0,238,396,73812,2924,448,108,19,69.2,1309.0
2025-02-14,Biology,debug,24,23,1,231,605,52874,1941,2427,53,100,92.9,1270.5
2025-02-16,Biology,debug,14,12,0,271,420,98369,2762,703,6,194,89.5,1490.5
2025-02-18,Biology,cpu,17,16,0,322,327,109810,2811,140,28,18,86.5,1771.0
2025-02-20,Biology,cpu,2,1,0,310,973,118906,4526,1047,107,460,38.3,1705.0
2025-02-22,Biology,gpu,6,5,0,175,220,73441,593,583,92,121,72.0,962.5
2025-02-24,Biology,gpu,45,40,0,203,931,45293,546,739,19,332,38.5,1116.5
2025-02-25,Biology,priority,42,36,1,118,954,58471,701,695,50,215,34.3,649.0
2025-02-27,Biology,priority,33,31,1,203,748,56811,1618,352,62,182,47.0,1116.5
2025-02-28,Biology,interactive,29,25,0,25,786,9751,2805,1543,72,313,54.7,137.5
2025-03-01,Biology,interactive,18,17,1,130,109,32918,1129,80,6,108,33.4,715.0
2025-03-03,Biology,debug,20,17,1,499,166,212894,3511,1397,76,265,78.0,2744.5
2025-03-05,Biology,debug,30,26,0,7,976,3811,4615,1909,91,327,47.0,38.5
2025-03-07,Biology,cpu,32,28,2,10,160,5457,3582,970,87,302,87.5,55.0
2025-03-09,Biology,cpu,36,31,1,64,75,23810,4558,575,5,43,47.3,352.0
2025-03-11,Biology,gpu,47,41,2,84,59,43132,3848,1736,97,64,35.4,462.0
2025-03-13,Biology,gpu,5,4,0,348,355,135928,111,285,74,264,81.6,1914.0
2025-03-14,Biology,priority,18,16,0,310,456,107866,1830,61,78,46,87.8,1705.0
2025-03-16,Biology,interactive,19,18,0,451,381,75567,1396,1435,38,374,89.9,2480.5
2025-03-18,Biology,interactive,20,19,1,203,990,104198,2738,1128,7,234,64.4,1116.5
2025-03-20,Biology,debug,30,26,1,103,217,12102,3983,1291,19,307,58.2,566.5
2025-03-22,Biology,debug,1,0,0,300,643,152813,4416,8,61,383,42.5,1650.0
2025-03-24,Biology,cpu,35,32,0,496,543,260388,3506,888,35,117,87.9,2728.0
2025-03-26,Biology,cpu,42,38,0,279,383,157254,4993,192,50,101,77.4,1534.5
2025-03-28,Biology,gpu,21,19,0,336,184,63097,4735,1483,63,171,70.2,1848.0
2025-03-28,Biology,gpu,9,7,0,76,49,29477,1661,358,40,71,67.6,418.0
2025-04-01,Biology,priority,2,1,0,249,350,69116,473,132,81,428,56.0,1369.5
2025-04-03,Biology,priority,34,29,1,442,868,88216,3202,220,42,103,87.6,2431.0
2025-04-05,Biology,interactive,18,15,0,73,810,11352,1138,1920,73,138,86.5,401.5
2025-04-07,Biology,interactive,19,17,1,363,123,129250,2408,328,32,137,94.6,1996.5
2025-04-09,Biology,debug,25,21,1,448,614,215291,3402,1886,66,41,67.9,2464.0
2025-04-11,Biology,debug,23,20,0,201,15,57229,481,1597,63,300,46.0,1105.5
2025-04-13,Biology,cpu,46,43,2,205,190,30693,1491,967,33,279,44.9,1127.5
2025-04-15,Biology,cpu,37,35,2,446,737,125725,4438,1022,42,397,56.2,2453.0
2025-04-17,Biology,gpu,33,31,1,337,156,129368,1235,1792,111,303,63.5,1853.5
2025-04-19,Biology,gpu,44,40,2,499,113,228398,2742,1153,60,239,84.3,2744.5
2025-04-20,Biology,priority,11,10,0,56,906,14040,1084,554,98,267,35.5,308.0
2025-04-22,Biology,interactive,6,5,0,178,492,92112,303,189,98,438,77.5,979.0
2025-04-24,Biology,interactive,46,41,0,30,195,17679,2700,1481,97,218,71.0,165.0
2025-04-26,Biology,debug,3,2,0,229,819,119756,1511,436,7,195,73.2,1259.5
2025-04-28,Biology,debug,35,29,1,118,99,65413,1992,2429,63,138,83.1,649.0
2025-04-28,Biology,cpu,17,16,0,297,948,133905,3969,257,92,186,80.3,1633.5
2025-05-02,Biology,cpu,13,12,0,238,124,102888,680,17,78,268,80.0,1309.0
2025-05-04,Biology,gpu,32,30,1,336,933,101622,1123,1104,57,75,57.4,1848.0
2025-05-06,Biology,gpu,49,42,3,394,564,67390,2593,808,117,112,65.0,2167.0
2025-05-07,Biology,priority,44,42,2,491,587,65765,4576,1718,1,287,59.6,2700.5
2025-05-09,Biology,priority,5,4,0,282,318,49887,1840,809,68,79,75.5,1551.0
2025-05-11,Biology,interactive,4,3,0,308,523,63387,756,584,3,476,91.8,1694.0
2025-05-13,Biology,interactive,8,7,0,209,79,52932,3296,737,82,458,61.3,1149.5
2025-05-15,Biology,debug,22,20,0,407,441,113588,4634,2391,53,44,65.3,2238.5
2025-05-17,Biology,debug,35,30,2,201,974,120364,342,843,13,90,62.8,1105.5
2025-05-19,Biology,cpu,39,36,0,491,571,159940,278,2400,118,433,67.3,2700.5
2025-05-21,Biology,cpu,32,29,1,157,467,65994,2006,2242,21,179,80.9,863.5
2025-05-23,Biology,gpu,6,5,0,249,422,67138,612,1533,18,453,72.5,1369.5
2025-05-25,Biology,gpu,44,38,3,413,978,137833,4482,503,98,254,65.7,2271.5
2025-05-26,Biology,priority,44,42,0,344,665,84806,4047,945,103,382,37.6,1892.0
2025-05-28,Biology,interactive,6,5,0,209,335,24710,1852,441,115,337,57.3,1149.5
2025-05-28,Biology,interactive,49,43,2,357,980,72046,3288,1808,18,418,42.7,1963.5
2025-06-02,Biology,debug,2,1,0,151,865,42647,3869,2067,47,426,91.6,830.5
2025-06-04,Biology,debug,43,40,0,210,693,113067,3558,2473,92,224,70.4,1155.0
2025-06-06,Biology,cpu,8,7,0,356,678,158176,2192,1684,32,175,39.6,1958.0
2025-06-08,Biology,cpu,29,25,2,223,414,118437,3551,282,92,281,57.1,1226.5
2025-06-10,Biology,gpu,39,34,0,451,817,199514,1696,841,104,38,36.9,2480.5
2025-06-12,Biology,gpu,6,5,0,0,824,0,317,708,10,206,58.3,0.0
2025-06-13,Biology,priority,37,33,1,113,501,19382,1394,1444,14,129,66.4,621.5
2025-06-15,Biology,priority,31,28,0,95,340,13498,4979,804,85,277,75.0,522.5
2025-06-17,Biology,interactive,46,40,3,202,489,102439,3653,2413,81,357,94.4,1111.0
2025-06-19,Biology,interactive,15,14,1,98,832,39565,3935,1171,106,292,88.3,539.0
2025-06-21,Biology,debug,15,13,0,62,234,36487,674,1424,26,319,36.3,341.0
2025-06-23,Biology,debug,47,40,1,350,90,47047,4340,2102,42,131,71.3,1925.0
2025-06-25,Biology,cpu,15,14,0,13,857,3242,470,2473,110,56,41.3,71.5
2025-06-27,Biology,cpu,48,41,3,296,843,119180,2102,656,81,416,63.0,1628.0
2025-06-28,Biology,gpu,12,10,0,477,346,70918,4348,590,100,328,66.0,2623.5
2025-07-01,Biology,gpu,48,43,1,37,361,7429,2094,1941,76,174,40.9,203.5
2025-07-02,Biology,priority,41,38,2,31,572,8745,1257,1997,103,333,36.3,170.5
2025-07-04,Biology,interactive,19,16,1,476,442,157512,1866,883,26,336,91.7,2618.0
2025-07-06,Biology,interactive,16,14,0,308,462,142604,1472,1267,34,183,80.9,1694.0
2025-07-08,Biology,debug,47,41,1,276,360,43629,497,2026,27,373,78.2,1518.0
2025-07-10,Biology,debug,16,13,1,341,482,145060,4310,415,56,168,93.7,1875.5
2025-07-12,Biology,cpu,31,27,0,461,516,137759,907,1103,21,219,54.5,2535.5
2025-07-14,Biology,cpu,15,12,0,300,549,66207,2985,2355,13,376,51.7,1650.0
2025-07-16,Biology,gpu,45,40,1,456,487,195096,4975,999,18,385,55.0,2508.0
2025-07-18,Biology,gpu,24,23,1,301,71,37292,3185,2286,77,302,85.2,1655.5
2025-07-19,Biology,priority,26,22,1,442,865,180892,2732,33,76,346,78.9,2431.0
2025-07-21,Biology,priority,26,22,1,415,881,118045,380,2158,23,57,44.5,2282.5
2025-07-23,Biology,interactive,46,41,1,210,110,83055,4628,706,80,80,33.8,1155.0
2025-07-25,Biology,interactive,22,19,1,34,218,8791,3362,456,36,86,64.0,187.0
2025-07-27,Biology,debug,42,36,0,418,397,152459,1570,1200,71,373,60.7,2299.0
2025-07-28,Biology,debug,16,14,0,361,50,82503,677,1382,82,104,67.9,1985.5
2025-08-01,Biology,cpu,14,12,0,181,785,71799,2756,1318,81,38,86.4,995.5
2025-08-03,Biology,cpu,33,32,0,387,279,61090,2808,1208,52,329,91.8,2128.5
2025-08-05,Biology,gpu,20,17,0,453,946,126239,1393,2189,90,165,76.7,2491.5
2025-08-07,Biology,gpu,4,3,0,125,83,30154,4362,784,55,391,63.0,687.5
2025-08-08,Biology,priority,6,5,0,447,808,139552,1949,2483,91,105,41.9,2458.5
2025-08-10,Biology,interactive,39,35,1,173,344,78206,678,1499,114,448,61.6,951.5
2025-08-12,Biology,interactive,42,36,1,38,648,20977,4198,624,22,474,65.7,209.0
2025-08-14,Biology,debug,35,29,0,378,706,135957,4024,1634,117,378,50.7,2079.0
2025-08-16,Biology,debug,34,31,1,71,473,7581,1169,1646,71,273,78.5,390.5
2025-08-18,Biology,cpu,29,26,0,382,480,146266,311,305,35,237,43.7,2101.0
2025-08-20,Biology,cpu,23,22,0,298,100,33763,738,1579,54,136,35.7,1639.0
2025-08-22,Biology,gpu,15,13,0,216,36,107185,2550,129,23,441,90.4,1188.0
2025-08-24,Biology,gpu,44,39,2,13,930,3136,2590,174,55,316,82.4,71.5
2025-08-25,Biology,priority,8,7,0,24,448,13306,1035,804,26,86,81.6,132.0
2025-08-27,Biology,priority,1,0,0,151,849,64596,1056,1630,43,198,94.8,830.5
2025-08-28,Biology,interactive,5,4,0,231,935,113765,2915,1267,105,236,92.4,1270.5
2025-09-01,Biology,interactive,7,6,0,106,856,17377,2718,331,19,95,34.9,583.0
2025-09-03,Biology,debug,44,39,3,58,705,18427,2439,656,31,368,93.8,319.0
2025-09-05,Biology,debug,27,25,0,349,606,169057,1605,1920,83,299,33.8,1919.5
2025-09-07,Biology,cpu,37,33,2,289,798,101644,324,676,24,17,34.9,1589.5
2025-09-09,Biology,cpu,43,38,2,275,632,114743,4770,576,8,406,46.9,1512.5
2025-09-11,Biology,gpu,49,43,2,415,854,104642,1699,140,42,375,80.6,2282.5
2025-09-12,Biology,priority,4,3,0,373,872,190305,2315,526,66,415,33.8,2051.5
2025-09-14,Biology,priority,6,5,0,279,965,98784,4209,831,46,35,51.7,1534.5
2025-09-16,Biology,interactive,35,32,0,472,533,202903,1887,2379,27,15,48.4,2596.0
2025-09-18,Biology,interactive,8,7,0,132,874,52138,4550,1622,50,43,79.1,726.0
2025-09-20,Biology,debug,10,8,0,481,116,66621,3826,912,71,310,85.5,2645.5
2025-09-22,Biology,debug,2,1,0,112,273,23449,224,1970,91,57,70.1,616.0
2025-09-24,Biology,cpu,30,28,0,179,363,65681,3942,1059,39,10,47.3,984.5
2025-09-26,Biology,cpu,8,7,0,60,107,18186,1932,1229,3,52,81.5,330.0
2025-09-28,Biology,gpu,47,45,2,64,676,15335,4342,1807,11,279,51.2,352.0
2025-09-28,Biology,gpu,46,41,0,95,962,30375,386,2013,24,96,46.4,522.5
2025-10-01,Biology,priority,13,11,0,231,725,39221,3977,1300,74,205,73.5,1270.5
2025-10-03,Biology,priority,41,35,2,184,243,103405,1885,2229,46,229,83.0,1012.0
2025-10-05,Biology,interactive,19,17,0,18,823,3883,3240,153,24,26,79.6,99.0
2025-10-07,Biology,interactive,44,39,2,492,96,111878,3472,2378,110,409,40.8,2706.0
2025-10-09,Biology,debug,42,37,0,183,557,66886,3707,2156,83,97,69.7,1006.5
2025-10-11,Biology,debug,23,20,0,245,867,113383,4323,2472,45,200,88.4,1347.5
2025-10-13,Biology,cpu,11,9,0,166,840,24709,4921,1989,117,56,31.5,913.0
2025-10-15,Biology,cpu,43,37,3,470,109,88182,3716,1554,19,332,93.7,2585.0
2025-10-17,Biology,gpu,48,43,0,4,726,913,4941,1646,58,275,34.3,22.0
2025-10-18,Biology,priority,23,22,0,352,361,64865,350,160,43,406,64.0,1936.0
2025-10-20,Biology,priority,40,38,0,194,427,33233,4914,2165,63,14,78.3,1067.0
2025-10-22,Biology,interactive,8,7,0,471,826,158830,1956,1726,91,207,87.0,2590.5
2025-10-24,Biology,interactive,47,40,1,10,330,4186,2124,1253,110,320,53.7,55.0
2025-10-26,Biology,debug,36,34,0,44,204,12615,4515,1041,94,156,48.9,242.0
2025-10-28,Biology,debug,19,17,1,193,465,105954,3857,1496,6,268,89.4,1061.5
2025-10-28,Biology,cpu,43,40,1,3,980,497,1283,273,84,473,42.4,16.5
2025-11-02,Biology,cpu,33,30,0,160,968,72434,2156,10,71,297,76.5,880.0
2025-11-04,Biology,gpu,12,11,0,488,706,138112,4500,258,68,476,81.9,2684.0
2025-11-06,Biology,gpu,31,28,1,133,445,41625,1564,1077,19,149,87.0,731.5
2025-11-07,Biology,priority,4,3,0,463,80,100576,1012,1571,83,104,83.2,2546.5
2025-11-09,Biology,priority,43,39,0,137,798,37798,2897,2177,3,315,42.1,753.5
2025-11-11,Biology,interactive,17,15,0,118,943,41601,4821,53,27,316,50.2,649.0
2025-11-13,Biology,interactive,3,2,0,164,340,23665,709,1413,90,223,78.2,902.0
2025-11-15,Biology,debug,25,22,1,63,219,37429,1064,630,78,337,67.3,346.5
2025-11-17,Biology,debug,18,17,0,108,723,29218,775,198,78,237,64.9,594.0
2025-11-19,Biology,cpu,46,39,3,317,440,113167,3627,1354,31,274,86.1,1743.5
2025-11-21,Biology,cpu,3,2,0,132,713,52952,1012,828,87,326,34.6,726.0
2025-11-23,Biology,gpu,18,17,0,77,768,35783,2805,423,18,303,72.6,423.5
2025-11-24,Biology,priority,27,24,1,497,154,161571,4786,1017,43,251,54.0,2733.5
2025-11-26,Biology,priority,7,6,0,485,708,263861,981,376,20,89,58.6,2667.5
2025-11-28,Biology,interactive,26,24,0,37,142,16835,3041,150,76,247,83.6,203.5
2025-11-28,Biology,interactive,13,11,0,137,407,16561,1938,75,7,44,56.6,753.5
2025-12-02,Biology,debug,44,42,2,124,248,65066,3769,942,104,48,71.5,682.0
2025-12-04,Biology,debug,6,5,0,395,820,232681,2914,2392,22,401,79.6,2172.5
2025-12-06,Biology,cpu,38,36,1,339,64,128455,263,2017,10,40,85.0,1864.5
2025-12-08,Biology,cpu,8,7,0,402,76,198772,4277,157,47,410,49.2,2211.0
2025-12-10,Biology,gpu,23,20,0,316,920,145636,3881,1915,91,470,36.7,1738.0
2025-12-12,Biology,gpu,1,0,0,145,957,54088,1715,2311,103,378,71.6,797.5
2025-12-13,Biology,priority,13,12,0,51,494,15770,4787,2420,46,92,43.2,280.5
2025-12-15,Biology,priority,21,20,1,313,473,130644,1604,2058,28,311,38.3,1721.5
2025-12-17,Biology,interactive,23,21,0,145,22,36545,654,1312,53,310,44.9,797.5
2025-12-19,Biology,interactive,15,12,0,314,365,176024,4432,1706,42,470,87.8,1727.0
2025-12-21,Biology,debug,3,2,0,271,389,66045,1268,209,70,28,39.2,1490.5
2025-12-23,Biology,debug,3,2,0,221,655,126747,3150,120,57,188,62.2,1215.5
2025-12-25,Biology,cpu,10,9,0,120,192,53369,2992,203,20,70,80.6,660.0
2025-12-27,Biology,cpu,18,15,0,59,541,28321,303,2272,112,147,80.4,324.5
2025-12-28,Biology,gpu,11,9,0,287,627,62562,4152,6,38,335,60.5,1578.5
2025-12-28,Biology,priority,20,17,1,463,850,206643,3165,1447,19,94,93.8,2546.5
2025-01-02,Chemistry,priority,11,9,0,353,47,45984,3927,1415,95,462,72.6,1941.5
2025-01-04,Chemistry,interactive,30,26,1,243,647,43727,4306,738,5,461,84.4,1336.5
2025-01-06,Chemistry,interactive,48,45,0,371,977,221443,2612,303,37,292,44.1,2040.5
2025-01-08,Chemistry,debug,47,42,0,326,678,124450,1736,2409,65,229,62.9,1793.0
2025-01-10,Chemistry,debug,9,8,0,401,933,163748,4999,1339,7,322,67.5,2205.5
2025-01-12,Chemistry,cpu,7,6,0,180,614,104529,99,1093,18,381,35.2,990.0
2025-01-14,Chemistry,cpu,7,6,0,187,986,35625,210,1872,32,93,34.3,1028.5
2025-01-16,Chemistry,gpu,38,35,2,436,154,89886,2309,1194,46,223,77.2,2398.0
2025-01-18,Chemistry,gpu,34,32,1,234,826,40677,645,358,88,336,74.6,1287.0
2025-01-19,Chemistry,priority,48,41,1,471,834,181146,2602,416,101,307,62.9,2590.5
2025-01-21,Chemistry,priority,7,6,0,481,949,93583,3357,1201,68,366,84.8,2645.5
2025-01-23,Chemistry,interactive,32,29,0,294,690,91462,3831,2087,105,158,76.7,1617.0
2025-01-25,Chemistry,interactive,29,24,1,13,989,3827,423,1968,83,15,86.2,71.5
2025-01-27,Chemistry,debug,35,31,1,99,696,14640,2146,1007,4,51,37.6,544.5
2025-01-28,Chemistry,debug,1,0,0,82,356,18725,1286,937,75,119,79.3,451.0
2025-02-01,Chemistry,cpu,31,28,1,422,111,187032,1276,437,41,363,40.6,2321.0
2025-02-03,Chemistry,cpu,23,20,0,263,361,87714,3758,434,19,380,57.4,1446.5
2025-02-05,Chemistry,gpu,12,10,0,468,622,128949,1728,768,30,361,65.7,2574.0
2025-02-06,Chemistry,priority,5,4,0,108,40,24708,2219,1060,76,309,93.8,594.0
2025-02-08,Chemistry,priority,10,8,0,371,618,53019,610,135,50,98,72.6,2040.5
2025-02-10,Chemistry,interactive,32,29,1,278,999,139515,1011,2152,21,406,66.6,1529.0
2025-02-12,Chemistry,interactive,48,44,2,192,605,97942,2367,1743,80,102,69.0,1056.0
2025-02-14,Chemistry,debug,34,30,0,338,535,83849,2623,249,54,137,32.6,1859.0
2025-02-16,Chemistry,debug,20,18,0,406,874,231040,533,1093,49,457,32.6,2233.0
2025-02-18,Chemistry,cpu,5,4,0,395,522,129504,466,1881,12,103,84.1,2172.5
2025-02-20,Chemistry,cpu,3,2,0,10,505,5980,4590,2236,39,130,79.4,55.0
2025-02-22,Chemistry,gpu,33,30,1,225,734,106906,1917,1012,113,225,32.9,1237.5
2025-02-24,Chemistry,gpu,24,21,0,157,144,77933,3876,870,45,23,35.8,863.5
2025-02-25,Chemistry,priority,34,33,2,408,370,241434,624,1574,46,98,55.8,2244.0
2025-02-27,Chemistry,priority,46,39,1,31,124,15533,14,154,53,63,45.3,170.5
2025-02-28,Chemistry,interactive,6,5,0,164,836,35011,4263,2071,75,184,44.1,902.0
2025-03-01,Chemistry,interactive,24,21,0,397,649,97460,119,2136,23,465,37.5,2183.5
2025-03-03,Chemistry,debug,42,36,1,276,118,149912,2851,1109,20,25,61.9,1518.0
2025-03-05,Chemistry,debug,29,27,1,311,196,88166,2106,564,47,172,75.8,1710.5
2025-03-07,Chemistry,cpu,1,0,0,209,31,53367,3230,65,17,190,53.9,1149.5
2025-03-09,Chemistry,cpu,36,34,2,174,241,43393,4341,659,6,371,56.0,957.0
2025-03-11,Chemistry,gpu,20,17,1,176,836,96381,4996,161,103,323,48.7,968.0
2025-03-12,Chemistry,priority,29,26,1,326,991,104974,1183,65,75,95,52.1,1793.0
2025-03-14,Chemistry,priority,32,29,0,195,234,38590,727,215,54,416,86.9,1072.5
2025-03-16,Chemistry,interactive,4,3,0,464,285,130675,2727,141,57,371,86.2,2552.0
2025-03-18,Chemistry,interactive,7,6,0,285,421,77576,1924,1242,92,37,76.6,1567.5
2025-03-20,Chemistry,debug,15,14,1,71,301,20816,768,2261,54,454,39.8,390.5
2025-03-22,Chemistry,debug,26,24,0,82,923,28381,2782,1644,109,315,92.7,451.0
2025-03-24,Chemistry,cpu,38,33,1,453,25,160319,3189,1215,18,92,61.2,2491.5
2025-03-26,Chemistry,cpu,36,31,0,19,880,9906,1725,2264,90,394,52.4,104.5
2025-03-28,Chemistry,gpu,17,16,0,343,842,104205,1039,878,51,336,47.6,1886.5
2025-03-28,Chemistry,gpu,1,0,0,396,527,63478,3009,2257,1,175,72.7,2178.0
2025-04-01,Chemistry,priority,32,30,1,271,279,162578,403,1833,32,101,37.8,1490.5
2025-04-03,Chemistry,priority,9,7,0,94,543,48490,2365,562,103,245,46.4,517.0
2025-04-05,Chemistry,interactive,29,28,1,421,278,241783,1305,1730,116,188,62.5,2315.5
2025-04-07,Chemistry,interactive,34,31,1,480,662,134725,821,1393,90,353,54.1,2640.0
2025-04-09,Chemistry,debug,5,4,0,60,396,32751,924,434,36,27,67.5,330.0
2025-04-11,Chemistry,debug,43,42,1,30,171,7428,1057,1116,117,159,34.9,165.0
2025-04-13,Chemistry,cpu,47,40,0,321,108,183438,3783,409,72,239,54.5,1765.5
2025-04-15,Chemistry,cpu,47,40,3,424,784,165485,4871,1752,26,124,33.4,2332.0
2025-04-17,Chemistry,gpu,35,31,1,325,625,38661,60,796,39,217,88.8,1787.5
2025-04-19,Chemistry,gpu,34,31,0,205,226,99711,1408,311,98,332,55.1,1127.5
2025-04-20,Chemistry,priority,5,4,0,69,608,11586,4970,299,66,460,82.9,379.5
2025-04-22,Chemistry,interactive,24,20,0,397,234,126141,2943,1098,38,246,70.1,2183.5
2025-04-24,Chemistry,interactive,21,17,1,423,493,100733,4108,126,11,324,76.1,2326.5
2025-04-26,Chemistry,debug,34,32,1,498,585,215780,1116,1002,64,270,78.5,2739.0
2025-04-28,Chemistry,debug,17,16,0,170,336,42624,806,1439,95,366,87.4,935.0
2025-04-28,Chemistry,cpu,2,1,0,165,75,35812,2139,763,84,332,54.3,907.5
2025-05-02,Chemistry,cpu,10,9,0,157,226,23058,3830,2257,47,45,46.4,863.5
2025-05-04,Chemistry,gpu,46,43,1,239,238,86604,2220,786,42,378,35.8,1314.5
2025-05-06,Chemistry,gpu,15,13,0,462,205,256989,2948,1079,47,288,92.9,2541.0
2025-05-07,Chemistry,priority,16,15,0,300,846,64414,4972,481,37,231,93.5,1650.0
2025-05-09,Chemistry,priority,16,14,1,111,990,25616,3527,2022,15,162,75.2,610.5
2025-05-11,Chemistry,interactive,1,0,0,217,227,44383,744,228,53,222,50.5,1193.5
2025-05-13,Chemistry,interactive,6,5,0,314,493,87706,1052,349,38,77,57.2,1727.0
2025-05-15,Chemistry,debug,13,11,0,417,106,172828,4520,2077,118,194,62.8,2293.5
2025-05-17,Chemistry,debug,11,10,0,290,316,114695,4501,1724,30,356,91.3,1595.0
2025-05-19,Chemistry,cpu,46,40,2,138,171,17495,2644,2301,61,68,88.3,759.0
2025-05-21,Chemistry,cpu,42,35,0,25,623,9604,2201,1788,119,18,49.1,137.5
2025-05-23,Chemistry,gpu,2,1,0,17,702,7015,4437,725,85,476,92.5,93.5
2025-05-25,Chemistry,gpu,36,31,1,194,914,91230,4788,146,106,146,62.5,1067.0
2025-05-26,Chemistry,priority,24,20,0,84,664,20331,3239,1441,116,157,44.6,462.0
2025-05-28,Chemistry,interactive,18,15,0,328,383,47561,2332,2385,66,227,61.1,1804.0
2025-05-28,Chemistry,interactive,28,24,1,182,995,30588,2018,2173,101,91,32.8,1001.0
2025-06-02,Chemistry,debug,14,12,0,26,295,7733,1550,1903,75,20,58.5,143.0
2025-06-04,Chemistry,debug,5,4,0,197,642,50265,3748,318,44,158,82.9,1083.5
2025-06-06,Chemistry,cpu,43,41,2,419,939,179237,2517,1095,84,425,86.9,2304.5
2025-06-08,Chemistry,cpu,11,9,0,63,570,35517,283,1361,46,374,77.4,346.5
2025-06-10,Chemistry,gpu,24,21,0,423,177,183490,4396,1811,118,243,57.0,2326.5
2025-06-12,Chemistry,gpu,26,24,1,12,438,6066,1211,1456,105,362,59.2,66.0
2025-06-13,Chemistry,priority,25,23,1,496,988,81024,2736,156,68,153,94.3,2728.0
2025-06-15,Chemistry,priority,34,33,0,253,620,111419,4158,78,33,352,35.3,1391.5
2025-06-17,Chemistry,interactive,15,14,1,177,548,49823,4715,990,6,181,76.8,973.5
2025-06-19,Chemistry,interactive,34,31,2,287,195,88569,811,361,47,156,83.3,1578.5
2025-06-21,Chemistry,debug,27,24,1,194,860,88576,3663,1077,68,97,32.6,1067.0
2025-06-23,Chemistry,debug,45,41,1,61,184,35435,3817,185,111,62,70.6,335.5
2025-06-25,Chemistry,cpu,3,2,0,388,408,44243,4738,2110,111,74,93.5,2134.0
2025-06-27,Chemistry,cpu,37,34,0,392,478,214811,3493,1186,109,324,46.5,2156.0
2025-06-28,Chemistry,gpu,37,33,0,205,335,106337,2877,1488,59,55,94.2,1127.5
2025-07-01,Chemistry,gpu,25,23,0,334,968,162093,1493,148,77,376,41.3,1837.0
2025-07-02,Chemistry,priority,11,10,0,67,173,7920,2306,2431,111,141,34.4,368.5
2025-07-04,Chemistry,interactive,6,5,0,120,67,53709,378,1070,49,132,74.5,660.0
2025-07-06,Chemistry,interactive,14,12,0,78,896,28564,3907,2216,67,330,40.1,429.0
2025-07-08,Chemistry,debug,4,3,0,239,341,56194,116,206,72,415,78.5,1314.5
2025-07-10,Chemistry,debug,15,14,0,227,384,102718,2299,698,71,288,64.2,1248.5
2025-07-12,Chemistry,cpu,21,20,0,168,910,80291,2642,372,32,389,68.6,924.0
2025-07-14,Chemistry,cpu,28,27,1,17,632,3372,2569,1765,2,406,92.5,93.5
2025-07-16,Chemistry,gpu,25,23,0,106,525,41671,911,1324,108,121,91.2,583.0
2025-07-18,Chemistry,gpu,11,9,0,200,361,27081,1813,1231,18,438,73.5,1100.0
2025-07-19,Chemistry,priority,19,16,0,284,10,108519,2694,132,38,98,54.3,1562.0
2025-07-21,Chemistry,priority,35,33,0,99,716,36494,2546,1815,40,50,72.8,544.5
2025-07-23,Chemistry,interactive,8,7,0,455,781,81783,1113,1173,104,46,35.7,2502.5
2025-07-25,Chemistry,interactive,7,6,0,124,523,45866,625,2110,56,225,38.9,682.0
2025-07-27,Chemistry,debug,41,34,2,173,381,49035,3002,2320,21,13,34.1,951.5
2025-07-28,Chemistry,debug,3,2,0,245,19,42567,160,141,54,288,92.5,1347.5
2025-08-01,Chemistry,cpu,48,45,2,240,225,126682,4105,174,82,192,72.2,1320.0
2025-08-03,Chemistry,cpu,10,9,0,463,639,59733,1736,1182,66,180,51.0,2546.5
2025-08-05,Chemistry,gpu,3,2,0,499,966,106227,408,2002,113,218,30.5,2744.5
2025-08-07,Chemistry,gpu,27,22,0,383,602,100812,84,1328,47,168,69.1,2106.5
2025-08-08,Chemistry,priority,29,26,0,432,855,83425,1117,1018,71,264,89.6,2376.0
2025-08-10,Chemistry,interactive,3,2,0,379,997,171915,4623,2114,85,333,92.2,2084.5
2025-08-12,Chemistry,interactive,49,44,0,249,461,144880,486,1927,92,477,54.7,1369.5
2025-08-14,Chemistry,debug,31,29,1,11,559,1980,2600,2330,115,393,94.3,60.5
2025-08-16,Chemistry,debug,16,13,0,348,692,69346,3010,880,94,152,44.9,1914.0
2025-08-18,Chemistry,cpu,49,46,0,389,133,174665,1622,1339,34,395,67.7,2139.5
2025-08-20,Chemistry,cpu,17,16,0,322,536,131288,2896,1307,106,33,40.4,1771.0
2025-08-22,Chemistry,gpu,18,16,1,66,867,12325,3365,250,55,379,40.6,363.0
2025-08-24,Chemistry,gpu,15,13,0,31,800,16749,2250,2306,64,121,61.9,170.5
2025-08-25,Chemistry,priority,25,24,0,415,341,248826,1425,446,47,460,87.4,2282.5
2025-08-27,Chemistry,priority,33,30,0,350,724,194230,1807,223,101,107,54.6,1925.0
2025-08-28,Chemistry,interactive,42,39,3,36,537,15253,2074,495,89,26,32.4,198.0
2025-09-01,Chemistry,interactive,28,24,0,373,135,187771,696,537,33,14,85.5,2051.5
2025-09-03,Chemistry,debug,1,0,0,489,987,158371,4877,143,82,416,62.3,2689.5
2025-09-05,Chemistry,debug,34,32,0,187,709,77101,4655,945,3,73,55.4,1028.5
2025-09-07,Chemistry,cpu,27,26,0,449,896,254328,1005,1941,118,471,73.7,2469.5
2025-09-09,Chemistry,cpu,32,29,0,361,903,81052,1184,399,18,310,31.3,1985.5
2025-09-11,Chemistry,gpu,48,46,0,343,943,99406,2709,481,47,420,33.2,1886.5
2025-09-13,Chemistry,gpu,46,44,1,434,944,230319,3736,1320,83,346,84.3,2387.0
2025-09-14,Chemistry,priority,4,3,0,471,153,134939,3641,53,55,317,73.9,2590.5
2025-09-16,Chemistry,interactive,22,20,1,308,459,164844,140,316,65,397,75.0,1694.0
2025-09-18,Chemistry,interactive,11,10,0,113,309,59677,3103,1029,2,24,70.8,621.5
2025-09-20,Chemistry,debug,26,22,1,188,634,49220,3459,59,48,187,37.9,1034.0
2025-09-22,Chemistry,debug,43,38,1,60,702,9918,1908,340,19,452,38.2,330.0
2025-09-24,Chemistry,cpu,10,8,0,254,130,112749,941,423,118,39,41.9,1397.0
2025-09-26,Chemistry,cpu,34,28,2,288,408,92186,1782,2233,75,305,58.8,1584.0
2025-09-28,Chemistry,gpu,4,3,0,385,685,132901,2363,2172,93,158,72.9,2117.5
2025-09-28,Chemistry,gpu,40,35,1,345,909,124188,54,1726,30,452,55.4,1897.5
2025-10-01,Chemistry,priority,7,6,0,224,561,79187,1115,365,91,23,68.9,1232.0
2025-10-03,Chemistry,priority,5,4,0,330,931,52450,546,1238,55,435,61.0,1815.0
2025-10-05,Chemistry,interactive,24,20,1,479,905,93261,3868,2446,23,86,85.4,2634.5
2025-10-07,Chemistry,interactive,41,37,1,165,149,40198,3872,497,84,232,42.3,907.5
2025-10-09,Chemistry,debug,44,40,2,456,837,94124,775,1419,85,415,61.3,2508.0
2025-10-11,Chemistry,debug,21,18,0,492,610,257353,4353,1006,107,84,83.2,2706.0
2025-10-13,Chemistry,cpu,14,13,0,455,825,272211,337,1453,55,59,59.7,2502.5
2025-10-15,Chemistry,cpu,34,30,1,72,448,18406,2454,384,30,419,67.8,396.0
2025-10-17,Chemistry,gpu,33,30,2,454,385,208273,2272,2039,11,196,33.4,2497.0
2025-10-19,Chemistry,gpu,30,29,1,143,704,68643,4047,639,39,108,73.9,786.5
2025-10-20,Chemistry,priority,39,37,1,419,585,216523,1133,1505,87,188,87.3,2304.5
2025-10-22,Chemistry,interactive,22,21,1,313,873,51156,2346,1446,7,398,76.3,1721.5
2025-10-24,Chemistry,interactive,11,9,0,141,651,66081,4631,54,76,378,94.8,775.5
2025-10-26,Chemistry,debug,5,4,0,13,295,6860,4396,1706,75,81,33.6,71.5
2025-10-28,Chemistry,debug,12,10,0,347,633,57580,325,1273,106,479,81.1,1908.5
2025-10-28,Chemistry,cpu,3,2,0,96,854,11658,2031,1722,4,388,36.8,528.0
2025-11-02,Chemistry,cpu,22,18,0,257,495,54204,200,453,81,302,46.7,1413.5
2025-11-04,Chemistry,gpu,19,16,0,376,539,96049,4533,90,91,162,44.1,2068.0
2025-11-06,Chemistry,gpu,15,13,0,26,725,13844,4548,974,57,154,67.7,143.0
2025-11-07,Chemistry,priority,9,7,0,188,49,58593,545,1477,26,150,92.9,1034.0
2025-11-09,Chemistry,priority,31,26,0,38,347,13783,1188,1963,99,17,87.3,209.0
2025-11-11,Chemistry,interactive,19,18,1,3,307,1440,61,2247,35,24,82.7,16.5
2025-11-13,Chemistry,interactive,47,44,2,448,167,189963,1975,662,19,136,75.9,2464.0
2025-11-15,Chemistry,debug,22,20,0,329,699,158434,2330,330,36,92,88.8,1809.5
2025-11-17,Chemistry,debug,32,29,0,266,588,107349,4527,1427,28,23,70.1,1463.0
2025-11-19,Chemistry,cpu,1,0,0,280,324,38723,297,455,30,100,69.1,1540.0
2025-11-21,Chemistry,cpu,23,20,1,250,767,81021,3300,154,98,280,76.1,1375.0
2025-11-23,Chemistry,gpu,33,28,0,378,967,152266,870,1682,22,326,88.6,2079.0
2025-11-25,Chemistry,gpu,21,20,0,427,26,190056,3027,2045,18,381,44.3,2348.5
2025-11-26,Chemistry,priority,36,32,0,148,199,46374,4186,2264,88,274,82.3,814.0
2025-11-28,Chemistry,interactive,36,32,2,431,389,207876,3530,2488,112,404,60.8,2370.5
2025-11-28,Chemistry,interactive,43,38,3,70,438,15015,3543,1695,63,426,45.1,385.0
2025-12-02,Chemistry,debug,30,26,1,408,267,42574,1954,697,42,393,31.6,2244.0
2025-12-04,Chemistry,debug,32,30,0,162,319,63320,199,1287,22,166,56.5,891.0
2025-12-06,Chemistry,cpu,46,43,1,57,189,24733,3909,1169,1,410,76.7,313.5
2025-12-08,Chemistry,cpu,3,2,0,15,829,2000,2628,1536,18,406,82.4,82.5
2025-12-10,Chemistry,gpu,9,8,0,295,880,76573,1870,2053,37,379,63.6,1622.5
2025-12-12,Chemistry,gpu,47,41,1,284,869,109610,1542,854,16,345,44.1,1562.0
2025-12-13,Chemistry,priority,15,12,1,284,256,139632,1534,2234,34,140,54.7,1562.0
2025-12-15,Chemistry,priority,43,39,1,63,965,24023,2389,1963,20,132,78.4,346.5
2025-12-17,Chemistry,interactive,26,22,1,209,585,29054,725,1346,16,271,43.7,1149.5
2025-12-19,Chemistry,interactive,16,14,1,437,482,122428,2187,220,16,444,49.4,2403.5
2025-12-21,Chemistry,debug,14,12,0,229,215,41508,802,1138,106,341,51.0,1259.5
2025-12-23,Chemistry,debug,6,5,0,391,418,206186,1430,1168,89,154,40.2,2150.5
2025-12-25,Chemistry,cpu,40,37,1,13,987,6580,1378,1562,105,283,52.4,71.5
2025-12-27,Chemistry,cpu,28,27,0,401,890,136141,2247,1059,86,401,90.3,2205.5
2025-12-28,Chemistry,gpu,11,9,0,6,956,2813,1061,1218,43,418,69.6,33.0
2025-01-01,Computer Science,gpu,28,24,1,224,128,41038,2228,632,53,108,41.6,1232.0
2025-01-02,Computer Science,priority,35,31,1,48,960,17756,472,23,64,325,58.2,264.0
2025-01-04,Computer Science,interactive,9,8,0,374,154,103681,4070,395,92,251,73.9,2057.0
2025-01-06,Computer Science,interactive,3,2,0,271,136,44890,4583,2087,108,388,83.6,1490.5
2025-01-08,Computer Science,debug,33,32,0,43,633,4589,3446,789,110,242,68.7,236.5
2025-01-10,Computer Science,debug,35,34,1,466,907,241916,663,668,29,173,91.6,2563.0
2025-01-12,Computer Science,cpu,15,14,0,477,755,176811,2269,1747,65,417,31.1,2623.5
2025-01-14,Computer Science,cpu,18,15,0,257,491,106621,4808,276,14,166,54.3,1413.5
2025-01-16,Computer Science,gpu,47,44,0,124,875,65342,4617,355,36,106,76.1,682.0
2025-01-18,Computer Science,gpu,19,16,0,89,442,34675,235,621,110,272,54.8,489.5
2025-01-19,Computer Science,priority,20,17,0,128,246,72510,4661,369,5,171,70.5,704.0
2025-01-21,Computer Science,priority,30,25,0,168,364,99454,1438,1490,60,279,85.9,924.0
2025-01-23,Computer Science,interactive,27,23,1,338,469,138397,1857,1061,62,444,33.4,1859.0
2025-01-25,Computer Science,interactive,8,7,0,419,443,190462,3855,2359,114,416,50.2,2304.5
2025-01-27,Computer Science,debug,37,33,2,277,800,154518,1144,2351,113,171,47.4,1523.5
2025-01-28,Computer Science,debug,24,20,0,95,873,17591,4176,976,32,431,66.0,522.5
2025-02-01,Computer Science,cpu,31,26,1,481,876,206445,4076,510,70,213,44.9,2645.5
2025-02-03,Computer Science,cpu,33,29,0,300,333,68466,63,1382,15,296,48.5,1650.0
2025-02-05,Computer Science,gpu,30,27,1,284,438,59221,2273,1242,24,439,41.9,1562.0
2025-02-07,Computer Science,gpu,20,17,0,485,446,133026,2935,547,6,388,77.7,2667.5
2025-02-08,Computer Science,priority,19,18,0,276,212,158332,3357,2166,25,471,36.0,1518.0
2025-02-10,Computer Science,interactive,48,44,1,446,283,94573,1729,659,48,202,33.3,2453.0
2025-02-12,Computer Science,interactive,3,2,0,314,493,66122,4612,1547,8,131,42.0,1727.0
2025-02-14,Computer Science,debug,14,12,0,269,729,133202,147,2154,29,458,42.5,1479.5
2025-02-16,Computer Science,debug,8,6,0,78,278,33641,3417,401,45,325,53.6,429.0
2025-02-18,Computer Science,cpu,31,27,2,457,784,272793,4368,1692,94,62,36.5,2513.5
2025-02-20,Computer Science,cpu,49,42,0,240,514,58400,4236,876,85,230,92.8,1320.0
2025-02-22,Computer Science,gpu,38,35,0,242,915,37402,73,1655,66,424,81.2,1331.0
2025-02-24,Computer Science,gpu,31,29,1,343,327,153249,1586,2489,63,329,65.6,1886.5
2025-02-25,Computer Science,priority,43,37,3,260,888,62603,4162,746,38,299,43.4,1430.0
2025-02-27,Computer Science,priority,4,3,0,152,977,68303,2808,2472,34,27,70.4,836.0
2025-02-28,Computer Science,interactive,6,5,0,124,296,40017,1785,681,52,12,34.5,682.0
2025-03-01,Computer Science,interactive,44,41,3,249,278,127180,4501,2267,38,348,46.1,1369.5
2025-03-03,Computer Science,debug,31,29,1,361,190,82637,4083,1892,93,102,82.5,1985.5
2025-03-05,Computer Science,debug,42,36,3,310,31,150210,1765,528,16,91,64.2,1705.0
2025-03-07,Computer Science,cpu,46,42,3,435,244,204623,467,1867,57,273,72.6,2392.5
2025-03-09,Computer Science,cpu,23,20,0,217,787,120444,3583,680,56,179,36.2,1193.5
2025-03-11,Computer Science,gpu,37,34,0,300,940,161845,1399,1136,92,255,39.2,1650.0
2025-03-13,Computer Science,gpu,24,20,1,424,407,223474,2482,2262,79,382,51.6,2332.0
2025-03-14,Computer Science,priority,15,12,0,378,191,73623,4471,550,112,59,61.1,2079.0
2025-03-16,Computer Science,interactive,16,13,1,431,746,140121,1496,435,12,180,51.0,2370.5
2025-03-18,Computer Science,interactive,5,4,0,300,228,85383,2254,1283,107,74,72.5,1650.0
2025-03-20,Computer Science,debug,17,16,0,109,80,15025,1255,1460,60,441,70.3,599.5
2025-03-22,Computer Science,debug,33,30,2,420,684,177258,1717,651,110,130,94.0,2310.0
2025-03-24,Computer Science,cpu,35,31,1,164,340,38523,4599,1078,63,125,31.2,902.0
2025-03-26,Computer Science,cpu,15,13,0,87,648,33559,1140,2375,111,478,65.7,478.5
2025-03-28,Computer Science,gpu,47,41,2,51,413,7820,2045,81,1,302,70.5,280.5
2025-03-28,Computer Science,gpu,14,13,0,472,752,178440,4929,1018,69,398,41.9,2596.0
2025-04-01,Computer Science,priority,31,26,1,467,412,195567,1546,2337,73,172,48.3,2568.5
2025-04-03,Computer Science,priority,26,23,1,226,212,106017,1043,1927,40,368,41.3,1243.0
2025-04-05,Computer Science,interactive,7,6,0,303,889,163670,294,328,43,413,66.8,1666.5
2025-04-07,Computer Science,interactive,40,38,0,127,614,48892,1868,2466,5,91,90.4,698.5
2025-04-09,Computer Science,debug,34,31,2,331,762,81252,456,1362,73,412,93.9,1820.5
2025-04-11,Computer Science,debug,39,33,1,99,353,54248,3191,135,44,349,57.1,544.5
2025-04-13,Computer Science,cpu,41,36,3,93,600,39836,3168,252,58,228,92.3,511.5
2025-04-15,Computer Science,cpu,3,2,0,96,467,54452,948,2462,49,45,43.3,528.0
2025-04-17,Computer Science,gpu,19,16,0,206,868,110730,1983,2110,2,181,85.7,1133.0
2025-04-18,Computer Science,priority,40,36,2,307,849,169253,3683,1224,18,474,35.3,1688.5
2025-04-20,Computer Science,priority,10,8,0,0,577,0,1453,2428,35,239,51.0,0.0
2025-04-22,Computer Science,interactive,34,31,1,110,991,28843,2157,1551,18,49,42.2,605.0
2025-04-24,Computer Science,interactive,38,34,2,460,602,104523,2517,2406,34,437,62.6,2530.0
2025-04-26,Computer Science,debug,16,14,0,144,793,26285,3169,1238,55,76,41.7,792.0
2025-04-28,Computer Science,debug,29,27,1,143,356,36699,4953,866,113,453,88.2,786.5
2025-04-28,Computer Science,cpu,36,35,0,112,917,13631,4616,2081,115,468,93.7,616.0
2025-05-02,Computer Science,cpu,15,14,0,324,121,122909,877,1448,23,458,59.3,1782.0
2025-05-04,Computer Science,gpu,39,33,1,257,110,68748,4515,495,42,214,52.5,1413.5
2025-05-06,Computer Science,gpu,29,27,1,481,42,276757,3095,1417,89,366,92.4,2645.5
2025-05-07,Computer Science,priority,18,16,0,75,869,13890,104,1973,30,432,89.7,412.5
2025-05-09,Computer Science,priority,37,35,0,177,129,49150,2101,648,81,467,77.7,973.5
2025-05-11,Computer Science,interactive,18,15,0,96,936,14737,2500,490,28,195,72.8,528.0
2025-05-13,Computer Science,interactive,2,1,0,345,239,68185,4603,751,35,265,33.0,1897.5
2025-05-15,Computer Science,debug,11,10,0,157,762,86920,4473,1547,70,384,87.2,863.5
2025-05-17,Computer Science,debug,21,19,0,492,531,290529,3950,1464,57,420,86.9,2706.0
2025-05-19,Computer Science,cpu,32,31,1,339,325,191693,430,2014,70,171,52.3,1864.5
2025-05-21,Computer Science,cpu,7,6,0,411,456,204147,4166,1016,97,213,62.2,2260.5
2025-05-23,Computer Science,gpu,23,22,1,41,863,7703,2295,535,2,296,44.5,225.5
2025-05-24,Computer Science,priority,22,21,1,6,128,1630,3368,1006,101,136,81.7,33.0
2025-05-26,Computer Science,priority,21,19,0,466,71,200731,2975,2153,118,250,66.8,2563.0
2025-05-28,Computer Science,interactive,41,35,3,425,696,171830,216,1089,117,297,50.4,2337.5
2025-05-28,Computer Science,interactive,42,40,2,421,737,68707,1787,958,54,43,90.1,2315.5
2025-06-02,Computer Science,debug,19,18,0,472,646,217955,1644,1841,22,30,59.2,2596.0
2025-06-04,Computer Science,debug,21,19,1,476,427,277334,2984,1931,1,474,49.7,2618.0
2025-06-06,Computer Science,cpu,33,29,0,455,382,170921,87,1612,61,210,78.2,2502.5
2025-06-08,Computer Science,cpu,10,8,0,457,621,166496,438,2111,59,251,92.5,2513.5
2025-06-10,Computer Science,gpu,15,13,0,453,601,165859,3252,1380,92,110,80.0,2491.5
2025-06-12,Computer Science,gpu,28,25,0,117,772,19758,1344,2282,107,366,48.7,643.5
2025-06-13,Computer Science,priority,17,14,0,300,658,81920,2170,1465,23,80,41.9,1650.0
2025-06-15,Computer Science,priority,11,10,0,299,629,39384,1863,795,73,268,46.6,1644.5
2025-06-17,Computer Science,interactive,17,15,1,419,861,86392,3082,904,50,392,67.1,2304.5
2025-06-19,Computer Science,interactive,10,9,0,132,18,40791,4673,1673,98,69,36.9,726.0
2025-06-21,Computer Science,debug,40,36,1,167,205,27668,412,685,102,283,79.6,918.5
2025-06-23,Computer Science,debug,7,6,0,154,196,19592,1175,1980,70,41,47.6,847.0
2025-06-25,Computer Science,cpu,43,39,0,131,29,52453,3547,1605,55,292,79.0,720.5
2025-06-27,Computer Science,cpu,37,33,0,12,826,5113,4711,2459,60,110,80.2,66.0
2025-06-28,Computer Science,gpu,13,11,0,123,690,23350,2588,703,68,467,36.8,676.5
2025-06-28,Computer Science,priority,30,26,1,142,692,79728,2638,2060,48,198,80.2,781.0
2025-07-02,Computer Science,priority,17,15,0,497,491,176678,2607,245,112,324,66.1,2733.5
2025-07-04,Computer Science,interactive,12,10,0,250,774,132766,3252,1402,17,39,33.3,1375.0
2025-07-06,Computer Science,interactive,35,31,1,464,920,175505,3837,1598,110,478,54.1,2552.0
2025-07-08,Computer Science,debug,34,29,0,288,752,49020,4245,831,107,18,71.3,1584.0
2025-07-10,Computer Science,debug,5,4,0,330,980,112194,3275,1518,3,286,38.2,1815.0
2025-07-12,Computer Science,cpu,24,21,0,228,647,89837,2122,708,30,188,66.9,1254.0
2025-07-14,Computer Science,cpu,46,42,1,134,413,24480,3935,1981,15,321,53.0,737.0
2025-07-16,Computer Science,gpu,47,44,3,197,768,23518,4526,997,73,163,82.5,1083.5
2025-07-18,Computer Science,gpu,39,34,2,266,242,84420,2868,1484,79,176,86.5,1463.0
2025-07-19,Computer Science,priority,12,11,0,383,414,187416,4327,2341,30,362,77.4,2106.5
2025-07-21,Computer Science,priority,45,38,0,74,689,25126,3809,862,21,188,54.7,407.0
2025-07-23,Computer Science,interactive,25,21,0,299,451,56740,1316,400,97,33,55.6,1644.5
2025-07-25,Computer Science,interactive,5,4,0,16,187,8996,3806,643,61,186,70.5,88.0
2025-07-27,Computer Science,debug,2,1,0,299,254,176358,3345,1042,70,236,79.6,1644.5
2025-07-28,Computer Science,debug,4,3,0,165,657,39643,4551,1682,30,117,52.0,907.5
2025-08-01,Computer Science,cpu,6,5,0,188,179,59873,1541,42,30,249,59.8,1034.0
2025-08-03,Computer Science,cpu,29,27,0,446,46,242014,4424,284,90,381,43.6,2453.0
2025-08-05,Computer Science,gpu,45,38,3,422,417,238904,2294,365,110,459,51.5,2321.0
2025-08-06,Computer Science,priority,22,20,0,298,16,116627,1381,1121,30,193,57.4,1639.0
2025-08-08,Computer Science,priority,48,45,3,298,796,102022,2981,1035,107,126,67.5,1639.0
2025-08-10,Computer Science,interactive,5,4,0,145,440,50331,3816,1057,61,111,74.3,797.5
2025-08-12,Computer Science,interactive,45,43,2,40,845,17517,4466,1200,27,331,43.2,220.0
2025-08-14,Computer Science,debug,22,21,1,149,622,24455,810,2345,45,413,75.6,819.5
2025-08-16,Computer Science,debug,30,26,1,459,365,194224,1153,1307,65,344,79.0,2524.5
2025-08-18,Computer Science,cpu,24,23,0,88,958,49770,344,1273,51,67,36.8,484.0
2025-08-20,Computer Science,cpu,48,46,2,217,721,75431,3994,674,31,412,62.6,1193.5
2025-08-22,Computer Science,gpu,4,3,0,164,573,61844,127,606,29,34,43.0,902.0
2025-08-24,Computer Science,gpu,19,17,1,65,223,17306,2735,1728,45,178,73.8,357.5
2025-08-25,Computer Science,priority,35,31,2,95,644,29776,4984,715,72,146,49.7,522.5
2025-08-27,Computer Science,priority,17,15,0,306,681,132076,2087,2377,45,469,58.3,1683.0
2025-08-28,Computer Science,interactive,48,46,2,290,319,74776,3538,98,80,315,88.5,1595.0
2025-09-01,Computer Science,interactive,35,32,2,83,903,23971,2949,474,84,157,70.2,456.5
2025-09-03,Computer Science,debug,28,25,1,269,499,54888,3946,181,61,444,94.4,1479.5
2025-09-05,Computer Science,debug,32,28,1,482,984,68288,1981,61,101,454,59.1,2651.0
2025-09-07,Computer Science,cpu,42,38,1,42,129,12291,1381,1060,2,68,80.1,231.0
2025-09-09,Computer Science,cpu,12,11,0,309,334,93572,1421,191,51,117,56.5,1699.5
2025-09-11,Computer Science,gpu,33,31,1,179,704,88186,3878,1541,31,419,94.5,984.5
2025-09-12,Computer Science,priority,22,19,1,153,896,23295,3218,1493,45,261,78.0,841.5
2025-09-14,Computer Science,priority,43,40,1,246,56,82761,728,1212,98,97,34.8,1353.0
2025-09-16,Computer Science,interactive,45,41,1,325,58,79860,821,10,61,390,90.2,1787.5
2025-09-18,Computer Science,interactive,9,7,0,87,777,33120,3875,27,62,35,49.1,478.5
2025-09-20,Computer Science,debug,49,46,1,426,112,146886,2491,1382,22,467,60.3,2343.0
2025-09-22,Computer Science,debug,48,47,3,393,708,206812,4270,2053,74,444,89.9,2161.5
2025-09-24,Computer Science,cpu,5,4,0,165,142,69687,3772,1499,94,61,79.5,907.5
2025-09-26,Computer Science,cpu,42,39,2,76,32,17737,1263,2157,90,426,31.7,418.0
2025-09-28,Computer Science,gpu,33,28,2,306,105,180308,3784,1851,15,80,70.2,1683.0
2025-09-28,Computer Science,gpu,44,37,2,92,78,14101,4851,1473,68,448,42.1,506.0
2025-10-01,Computer Science,priority,28,27,1,253,38,61673,718,139,69,21,76.6,1391.5
2025-10-03,Computer Science,priority,19,16,0,389,449,135683,1644,1477,99,301,46.3,2139.5
2025-10-05,Computer Science,interactive,45,40,2,319,539,99159,109,1792,4,384,60.7,1754.5
2025-10-07,Computer Science,interactive,24,21,0,407,679,77857,1244,1849,89,128,73.3,2238.5
2025-10-09,Computer Science,debug,3,2,0,36,995,10206,3441,2080,53,258,78.7,198.0
2025-10-11,Computer Science,debug,13,12,0,14,313,4387,2567,1772,31,226,83.8,77.0
2025-10-13,Computer Science,cpu,3,2,0,99,433,17032,3755,97,114,393,57.7,544.5
2025-10-15,Computer Science,cpu,46,39,2,241,814,104981,396,2216,89,406,64.0,1325.5
2025-10-17,Computer Science,gpu,46,40,3,360,509,113911,3949,2197,9,209,90.7,1980.0
2025-10-18,Computer Science,priority,24,22,0,68,426,30382,3091,1699,33,423,30.1,374.0
2025-10-20,Computer Science,priority,40,36,2,144,658,23520,1402,1969,119,380,85.3,792.0
2025-10-22,Computer Science,interactive,37,35,2,4,568,1793,3089,1584,119,180,31.0,22.0
2025-10-24,Computer Science,interactive,37,35,2,11,68,3843,493,2499,47,376,65.2,60.5
2025-10-26,Computer Science,debug,12,11,0,381,857,65493,3122,2203,17,115,58.6,2095.5
2025-10-28,Computer Science,debug,11,10,0,239,919,127613,2409,2120,32,319,43.4,1314.5
2025-10-28,Computer Science,cpu,44,41,3,237,10,72985,1923,174,106,315,64.8,1303.5
2025-11-02,Computer Science,cpu,40,37,0,491,823,102944,392,2470,23,17,76.3,2700.5
2025-11-04,Computer Science,gpu,26,23,1,208,488,33333,1165,883,102,153,87.1,1144.0
2025-11-06,Computer Science,gpu,26,24,1,389,193,93134,643,896,17,366,68.8,2139.5
2025-11-07,Computer Science,priority,46,39,1,313,92,92637,1513,1665,105,127,66.7,1721.5
2025-11-09,Computer Science,priority,49,47,2,163,745,89451,2075,922,90,325,71.0,896.5
2025-11-11,Computer Science,interactive,49,45,1,391,662,136886,3762,994,25,89,60.4,2150.5
2025-11-13,Computer Science,interactive,49,42,3,310,309,134295,725,1119,41,419,81.5,1705.0
2025-11-15,Computer Science,debug,5,4,0,48,397,16361,42,1314,115,197,33.5,264.0
2025-11-17,Computer Science,debug,44,39,3,327,307,164845,3235,1173,117,429,89.1,1798.5
2025-11-19,Computer Science,cpu,30,25,1,203,309,69841,776,413,112,181,75.2,1116.5
2025-11-21,Computer Science,cpu,1,0,0,184,647,52162,1841,1660,95,85,67.1,1012.0
2025-11-23,Computer Science,gpu,38,35,1,50,872,18975,109,2461,78,474,54.3,275.0
2025-11-24,Computer Science,priority,35,33,0,222,490,30521,143,527,115,239,45.9,1221.0
2025-11-26,Computer Science,priority,37,31,2,151,647,71739,4650,1325,26,269,52.7,830.5
2025-11-28,Computer Science,interactive,29,24,1,266,123,117227,2931,1751,73,44,94.8,1463.0
2025-11-28,Computer Science,interactive,42,39,1,287,753,60114,1704,18,28,303,83.4,1578.5
2025-12-02,Computer Science,debug,31,28,1,79,88,14419,4744,1379,73,10,93.2,434.5
2025-12-04,Computer Science,debug,40,37,1,497,444,127693,1984,1620,93,208,42.3,2733.5
2025-12-06,Computer Science,cpu,3,2,0,372,684,90042,264,2187,56,317,58.4,2046.0
2025-12-08,Computer Science,cpu,19,16,0,0,226,0,1087,955,100,362,81.0,0.0
2025-12-10,Computer Science,gpu,37,35,2,35,893,6624,2537,2106,32,56,94.1,192.5
2025-12-12,Computer Science,gpu,2,1,0,159,226,61597,509,2200,11,413,65.5,874.5
2025-12-13,Computer Science,priority,46,43,0,108,380,47580,3293,122,66,39,69.9,594.0
2025-12-15,Computer Science,priority,14,12,0,477,524,232996,3032,1876,1,260,76.4,2623.5
2025-12-17,Computer Science,interactive,25,21,1,17,567,7125,1695,294,107,302,73.3,93.5
2025-12-19,Computer Science,interactive,18,15,0,265,30,103993,1454,2484,38,384,63.8,1457.5
2025-12-21,Computer Science,debug,2,1,0,164,727,78979,3541,1648,99,12,76.5,902.0
2025-12-23,Computer Science,debug,12,10,0,74,720,17824,228,944,27,161,87.1,407.0
2025-12-25,Computer Science,cpu,8,6,0,286,857,170108,413,1613,8,340,71.2,1573.0
2025-12-27,Computer Science,cpu,17,15,1,342,443,179438,4257,565,15,93,76.1,1881.0
2025-12-28,Computer Science,gpu,30,29,1,214,311,57788,3153,1185,28,312,31.6,1177.0
2025-12-28,Computer Science,priority,2,1,0,49,840,23965,3863,1604,108,226,33.7,269.5
2025-01-02,Earth Sciences,priority,46,43,0,253,799,109117,2123,872,50,185,31.6,1391.5
2025-01-04,Earth Sciences,interactive,11,9,0,455,550,109346,1391,1492,74,447,75.1,2502.5
2025-01-06,Earth Sciences,interactive,41,37,1,79,995,27220,3227,1567,11,334,87.8,434.5
2025-01-08,Earth Sciences,debug,16,14,1,144,481,39190,432,74,114,203,47.1,792.0
2025-01-10,Earth Sciences,debug,29,25,1,61,421,28598,3942,631,18,175,79.3,335.5
2025-01-12,Earth Sciences,cpu,34,29,0,257,16,100091,3324,1560,87,43,69.9,1413.5
2025-01-14,Earth Sciences,cpu,20,17,1,259,157,142525,2875,113,116,82,54.3,1424.5
2025-01-16,Earth Sciences,gpu,49,44,2,58,62,25220,4562,2417,111,87,46.9,319.0
2025-01-18,Earth Sciences,gpu,44,42,1,32,965,7049,122,1433,83,476,76.6,176.0
2025-01-19,Earth Sciences,priority,1,0,0,196,33,93822,1675,1383,88,214,64.7,1078.0
2025-01-21,Earth Sciences,priority,40,34,0,56,308,24335,2062,1177,46,273,49.2,308.0
2025-01-23,Earth Sciences,interactive,20,18,1,28,884,6928,3515,645,114,87,37.1,154.0
2025-01-25,Earth Sciences,interactive,43,37,1,200,85,88576,1233,986,3,333,48.8,1100.0
2025-01-27,Earth Sciences,debug,40,37,0,20,397,3482,4079,195,102,427,52.0,110.0
2025-01-28,Earth Sciences,debug,16,14,0,208,505,95874,4695,1820,103,128,86.0,1144.0
2025-02-01,Earth Sciences,cpu,9,7,0,309,708,131496,505,1827,64,377,43.1,1699.5
2025-02-03,Earth Sciences,cpu,18,16,0,325,915,153821,4048,1827,72,78,94.8,1787.5
2025-02-05,Earth Sciences,gpu,48,42,1,133,235,75643,2755,87,84,160,80.6,731.5
2025-02-06,Earth Sciences,priority,10,9,0,213,285,25665,2163,2181,81,300,48.9,1171.5
2025-02-08,Earth Sciences,priority,8,7,0,433,308,190386,2554,211,49,433,73.5,2381.5
2025-02-10,Earth Sciences,interactive,28,24,0,67,498,35252,3078,670,24,443,39.2,368.5
2025-02-12,Earth Sciences,interactive,1,0,0,343,334,138559,2474,1418,82,94,41.7,1886.5
2025-02-14,Earth Sciences,debug,31,26,0,383,928,221630,2182,2052,74,231,78.2,2106.5
2025-02-16,Earth Sciences,debug,33,31,2,20,561,11757,4357,1451,6,462,63.4,110.0
2025-02-18,Earth Sciences,cpu,42,36,2,188,664,21222,4640,890,59,453,62.5,1034.0
2025-02-20,Earth Sciences,cpu,10,9,0,31,812,11394,4164,344,94,267,38.5,170.5
2025-02-22,Earth Sciences,gpu,41,38,1,226,137,64226,4799,103,68,60,34.3,1243.0
2025-02-24,Earth Sciences,gpu,10,8,0,236,946,90012,540,2027,2,22,40.9,1298.0
2025-02-25,Earth Sciences,priority,48,44,2,6,662,3217,2667,2131,31,310,67.5,33.0
2025-02-27,Earth Sciences,priority,44,40,0,22,973,2604,1167,1758,47,376,87.4,121.0
2025-02-28,Earth Sciences,interactive,46,43,3,312,567,87589,3767,2332,14,276,88.4,1716.0
2025-03-01,Earth Sciences,interactive,2,1,0,240,630,39757,4573,2207,79,364,77.5,1320.0
2025-03-03,Earth Sciences,debug,38,33,0,100,11,23689,2977,1752,32,303,87.2,550.0
2025-03-05,Earth Sciences,debug,14,12,0,108,453,54715,1284,908,56,373,77.6,594.0
2025-03-07,Earth Sciences,cpu,38,34,2,321,811,118329,1003,2277,79,391,91.1,1765.5
2025-03-09,Earth Sciences,cpu,36,32,0,411,987,53283,2122,2138,91,432,44.4,2260.5
2025-03-11,Earth Sciences,gpu,19,16,0,111,890,27187,4553,966,23,383,53.8,610.5
2025-03-12,Earth Sciences,priority,48,46,2,17,915,7277,1481,503,58,335,80.5,93.5
2025-03-14,Earth Sciences,priority,49,41,3,163,621,46058,1487,2467,70,133,48.0,896.5
2025-03-16,Earth Sciences,interactive,36,30,1,313,186,138045,4495,218,40,403,53.6,1721.5
2025-03-18,Earth Sciences,interactive,15,13,0,430,413,79476,4782,1179,2,423,75.9,2365.0
2025-03-20,Earth Sciences,debug,5,4,0,101,151,54771,1984,603,53,208,31.4,555.5
2025-03-22,Earth Sciences,debug,22,19,1,385,929,124637,1853,993,99,324,83.3,2117.5
2025-03-24,Earth Sciences,cpu,23,19,1,346,366,196060,2044,1048,87,244,80.1,1903.0
2025-03-26,Earth Sciences,cpu,15,14,0,139,592,44652,3888,251,67,434,81.7,764.5
2025-03-28,Earth Sciences,gpu,40,36,0,96,548,24243,4194,978,117,217,42.1,528.0
2025-03-28,Earth Sciences,gpu,44,42,1,290,221,83715,1361,1530,110,450,58.2,1595.0
2025-04-01,Earth Sciences,priority,11,9,0,138,652,77343,3316,889,36,373,62.5,759.0
2025-04-03,Earth Sciences,priority,35,30,1,146,637,25334,2503,40,40,394,70.8,803.0
2025-04-05,Earth Sciences,interactive,35,34,1,3,470,580,645,219,33,370,61.3,16.5
2025-04-07,Earth Sciences,interactive,40,36,0,416,581,108130,2630,1935,53,243,78.7,2288.0
2025-04-09,Earth Sciences,debug,29,27,0,309,86,92220,1597,141,38,235,71.0,1699.5
2025-04-11,Earth Sciences,debug,1,0,0,370,471,185237,68,120,72,14,75.1,2035.0
2025-04-13,Earth Sciences,cpu,30,26,2,450,919,152509,2325,986,71,219,82.2,2475.0
2025-04-15,Earth Sciences,cpu,36,33,0,215,505,53484,1558,672,36,337,54.4,1182.5
2025-04-17,Earth Sciences,gpu,30,26,1,371,98,62778,669,2181,81,49,78.3,2040.5
2025-04-18,Earth Sciences,priority,6,5,0,261,369,101932,4069,2485,22,244,81.0,1435.5
2025-04-20,Earth Sciences,priority,1,0,0,429,122,108733,4731,31,23,71,47.2,2359.5
2025-04-22,Earth Sciences,interactive,25,21,0,239,121,49584,1534,1199,73,62,82.4,1314.5
2025-04-24,Earth Sciences,interactive,19,16,0,369,391,42638,4969,2365,12,425,63.4,2029.5
2025-04-26,Earth Sciences,debug,35,31,2,189,614,31412,4622,679,33,216,73.3,1039.5
2025-04-28,Earth Sciences,debug,15,13,0,321,294,181337,3562,72,27,44,61.4,1765.5
2025-04-28,Earth Sciences,cpu,19,16,0,31,901,8808,4458,1551,28,380,32.2,170.5
2025-05-02,Earth Sciences,cpu,3,2,0,415,641,193803,292,1874,101,351,70.1,2282.5
2025-05-04,Earth Sciences,gpu,32,30,2,51,783,7809,2416,1264,24,419,31.2,280.5
2025-05-06,Earth Sciences,gpu,35,30,1,301,122,74292,1492,2201,97,178,46.8,1655.5
2025-05-07,Earth Sciences,priority,8,7,0,78,581,14582,4179,1524,17,177,89.1,429.0
2025-05-09,Earth Sciences,priority,15,13,0,460,978,82952,3383,1669,62,430,91.0,2530.0
2025-05-11,Earth Sciences,interactive,33,31,1,159,998,83760,441,524,77,284,35.1,874.5
2025-05-13,Earth Sciences,interactive,49,44,3,256,525,45567,2115,1923,11,158,65.3,1408.0
2025-05-15,Earth Sciences,debug,22,19,0,76,782,22556,2740,1346,71,42,59.7,418.0
2025-05-17,Earth Sciences,debug,12,11,0,128,954,40396,2808,1200,12,380,42.4,704.0
2025-05-19,Earth Sciences,cpu,18,15,0,237,102,77737,3081,2274,70,334,40.8,1303.5
2025-05-21,Earth Sciences,cpu,46,42,0,325,461,63953,4836,322,84,242,83.0,1787.5
2025-05-23,Earth Sciences,gpu,6,5,0,442,545,251752,4653,27,63,476,31.2,2431.0
2025-05-24,Earth Sciences,priority,3,2,0,332,764,181763,2074,1025,57,235,40.3,1826.0
2025-05-26,Earth Sciences,priority,15,13,0,465,842,172598,4544,1787,11,49,93.0,2557.5
2025-05-28,Earth Sciences,interactive,36,34,2,37,201,11374,3434,2340,42,363,66.6,203.5
2025-05-28,Earth Sciences,interactive,20,19,0,224,50,27817,4041,2140,110,109,78.4,1232.0
2025-06-02,Earth Sciences,debug,26,23,2,168,567,41359,1086,116,101,81,82.1,924.0
2025-06-04,Earth Sciences,debug,17,14,0,91,213,50204,4576,1643,17,134,80.1,500.5
2025-06-06,Earth Sciences,cpu,29,25,1,393,884,67969,3437,927,89,357,88.1,2161.5
2025-06-08,Earth Sciences,cpu,9,8,0,260,519,58412,2626,979,33,71,53.1,1430.0
2025-06-10,Earth Sciences,gpu,47,44,1,439,949,144573,2390,1738,85,343,49.8,2414.5
2025-06-12,Earth Sciences,gpu,31,28,1,165,272,37449,4628,1640,33,176,75.5,907.5
2025-06-13,Earth Sciences,priority,3,2,0,62,659,21883,268,912,96,119,48.2,341.0
2025-06-15,Earth Sciences,priority,21,18,0,427,246,204720,651,2269,12,125,46.9,2348.5
2025-06-17,Earth Sciences,interactive,15,13,0,31,194,11991,3187,911,49,186,54.4,170.5
2025-06-19,Earth Sciences,interactive,33,29,0,232,870,56965,3347,496,20,156,87.1,1276.0
2025-06-21,Earth Sciences,debug,9,8,0,378,224,101638,3048,1391,11,279,73.3,2079.0
2025-06-23,Earth Sciences,debug,48,42,0,404,235,159634,1240,2157,68,53,64.0,2222.0
2025-06-25,Earth Sciences,cpu,43,39,2,439,816,195082,1013,1284,16,107,64.5,2414.5
2025-06-27,Earth Sciences,cpu,29,28,0,495,371,63254,1127,1406,43,17,43.2,2722.5
2025-06-28,Earth Sciences,gpu,28,24,0,371,61,218078,4699,1158,41,326,48.3,2040.5
2025-06-28,Earth Sciences,priority,24,22,1,283,947,134251,4600,2314,18,126,75.1,1556.5
2025-07-02,Earth Sciences,priority,21,18,1,146,791,22949,468,472,76,168,48.3,803.0
2025-07-04,Earth Sciences,interactive,2,1,0,198,603,106628,454,1427,82,333,44.9,1089.0
2025-07-06,Earth Sciences,interactive,17,16,1,315,508,50397,4700,1496,83,406,83.1,1732.5
2025-07-08,Earth Sciences,debug,1,0,0,399,618,150876,314,1056,52,271,89.2,2194.5
2025-07-10,Earth Sciences,debug,27,25,0,70,702,33149,1499,1320,89,139,80.7,385.0
2025-07-12,Earth Sciences,cpu,42,37,1,194,143,85227,3388,1441,103,443,49.2,1067.0
2025-07-14,Earth Sciences,cpu,12,11,0,73,355,15704,673,1213,97,191,78.7,401.5
2025-07-16,Earth Sciences,gpu,2,1,0,453,814,108056,4208,362,101,281,86.6,2491.5
2025-07-18,Earth Sciences,gpu,30,25,2,208,994,62692,3224,2082,6,236,64.8,1144.0
2025-07-19,Earth Sciences,priority,40,34,2,49,596,9649,4062,325,82,381,89.7,269.5
2025-07-21,Earth Sciences,priority,38,33,2,142,743,82271,222,625,39,164,94.0,781.0
2025-07-23,Earth Sciences,interactive,19,18,0,27,136,13952,4278,46,54,449,46.5,148.5
2025-07-25,Earth Sciences,interactive,11,9,0,337,617,144413,4285,1157,103,106,39.8,1853.5
2025-07-27,Earth Sciences,debug,41,37,0,387,931,43257,2607,535,63,87,78.4,2128.5
2025-07-28,Earth Sciences,debug,28,24,1,466,343,178676,78,195,83,61,61.4,2563.0
2025-08-01,Earth Sciences,cpu,49,45,0,240,265,107309,637,1619,69,277,85.6,1320.0
2025-08-03,Earth Sciences,cpu,10,8,0,277,929,159286,1733,2340,108,102,34.8,1523.5
2025-08-05,Earth Sciences,gpu,10,9,0,313,696,80443,2083,1114,38,388,36.5,1721.5
2025-08-07,Earth Sciences,gpu,49,43,1,402,715,92512,2670,945,40,159,38.5,2211.0
2025-08-08,Earth Sciences,priority,5,4,0,102,358,23549,1074,1101,105,118,44.2,561.0
2025-08-10,Earth Sciences,interactive,8,7,0,20,321,11256,3624,1939,30,465,60.3,110.0
2025-08-12,Earth Sciences,interactive,25,21,1,279,884,136430,3808,478,69,320,55.0,1534.5
2025-08-14,Earth Sciences,debug,46,39,2,459,674,114437,3175,1798,98,290,52.4,2524.5
2025-08-16,Earth Sciences,debug,21,19,1,390,526,74780,232,1332,34,39,87.9,2145.0
2025-08-18,Earth Sciences,cpu,30,26,1,162,560,49100,3929,155,111,429,76.3,891.0
2025-08-20,Earth Sciences,cpu,31,28,2,460,864,72605,4069,1162,44,440,80.2,2530.0
2025-08-22,Earth Sciences,gpu,9,8,0,363,188,161686,2233,716,22,454,75.5,1996.5
2025-08-24,Earth Sciences,gpu,9,8,0,79,601,40535,3445,522,104,87,33.0,434.5
2025-08-25,Earth Sciences,priority,2,1,0,43,893,20332,2626,1042,65,165,89.0,236.5
2025-08-27,Earth Sciences,priority,31,27,0,118,174,36151,2553,1644,72,308,74.4,649.0
2025-08-28,Earth Sciences,interactive,19,18,1,207,606,68750,4413,206,102,316,85.6,1138.5
2025-09-01,Earth Sciences,interactive,10,9,0,136,550,56453,841,337,36,453,62.1,748.0
2025-09-03,Earth Sciences,debug,47,42,3,126,136,62581,2299,1972,58,389,72.3,693.0
2025-09-05,Earth Sciences,debug,40,37,0,477,695,269779,1356,1062,98,429,79.6,2623.5
2025-09-07,Earth Sciences,cpu,38,36,2,101,150,25883,4136,2422,28,327,50.6,555.5
2025-09-09,Earth Sciences,cpu,49,44,3,416,708,49872,4852,2010,102,219,94.1,2288.0
2025-09-11,Earth Sciences,gpu,37,31,2,317,413,105398,1086,353,62,327,88.4,1743.5
2025-09-13,Earth Sciences,gpu,36,31,2,4,702,1449,2466,684,11,329,37.0,22.0
2025-09-14,Earth Sciences,priority,31,28,1,32,141,12729,4385,9,11,69,47.4,176.0
2025-09-16,Earth Sciences,interactive,5,4,0,28,113,4792,1305,2271,71,159,59.9,154.0
2025-09-18,Earth Sciences,interactive,1,0,0,80,413,32091,1323,728,84,268,54.7,440.0
2025-09-20,Earth Sciences,debug,21,19,1,283,957,96111,4240,1108,11,158,67.4,1556.5
2025-09-22,Earth Sciences,debug,42,39,1,160,452,79238,926,351,91,220,38.6,880.0
2025-09-24,Earth Sciences,cpu,39,34,2,178,691,102683,562,1455,41,478,87.3,979.0
2025-09-26,Earth Sciences,cpu,12,11,0,21,432,7758,3979,1418,59,129,67.6,115.5
2025-09-28,Earth Sciences,gpu,7,6,0,167,952,39762,1245,1722,91,13,55.6,918.5
2025-09-28,Earth Sciences,gpu,19,16,0,338,87,41668,3497,796,25,256,45.4,1859.0
2025-10-01,Earth Sciences,priority,45,41,2,184,787,20295,4457,1470,37,123,54.5,1012.0
2025-10-03,Earth Sciences,priority,37,33,1,103,975,47479,4727,2401,90,347,72.3,566.5
2025-10-05,Earth Sciences,interactive,13,12,0,383,27,227543,2174,866,106,170,50.1,2106.5
2025-10-07,Earth Sciences,interactive,19,18,1,487,157,145401,1224,28,101,154,60.5,2678.5
2025-10-09,Earth Sciences,debug,9,8,0,125,720,74475,3518,837,88,246,87.1,687.5
2025-10-11,Earth Sciences,debug,47,41,2,191,625,19473,2850,1028,104,59,86.1,1050.5
2025-10-13,Earth Sciences,cpu,33,30,1,121,698,16953,604,2013,100,453,30.3,665.5
2025-10-15,Earth Sciences,cpu,33,30,2,282,813,91113,3692,2374,34,146,35.6,1551.0
2025-10-17,Earth Sciences,gpu,21,20,0,269,34,139639,701,530,72,259,52.1,1479.5
2025-10-19,Earth Sciences,gpu,10,9,0,229,513,52754,3935,2181,12,437,90.7,1259.5
2025-10-20,Earth Sciences,priority,34,32,1,130,945,64811,2548,828,41,79,56.1,715.0
2025-10-22,Earth Sciences,interactive,3,2,0,257,95,82599,1328,1946,69,143,83.8,1413.5
2025-10-24,Earth Sciences,interactive,4,3,0,81,132,10835,1105,834,63,315,60.5,445.5
2025-10-26,Earth Sciences,debug,16,15,0,473,640,101324,2316,1089,79,82,57.9,2601.5
2025-10-28,Earth Sciences,debug,18,15,0,147,722,80890,999,1372,46,376,33.8,808.5
2025-10-28,Earth Sciences,cpu,34,32,1,436,263,92375,171,685,71,172,73.7,2398.0
2025-11-02,Earth Sciences,cpu,34,32,2,203,166,86811,4980,2032,115,279,77.7,1116.5
2025-11-04,Earth Sciences,gpu,7,6,0,477,225,232551,4129,135,76,201,75.7,2623.5
2025-11-06,Earth Sciences,gpu,35,30,1,413,998,127662,1067,1238,56,338,43.6,2271.5
2025-11-07,Earth Sciences,priority,5,4,0,166,952,83681,3322,1014,109,258,38.9,913.0
2025-11-09,Earth Sciences,priority,7,6,0,491,31,278278,4142,185,30,76,50.6,2700.5
2025-11-11,Earth Sciences,interactive,25,23,0,66,892,21667,3262,1427,112,34,40.8,363.0
2025-11-13,Earth Sciences,interactive,47,43,2,364,392,175663,2871,269,92,110,84.1,2002.0
2025-11-15,Earth Sciences,debug,46,40,1,494,122,268883,2541,792,45,174,47.1,2717.0
2025-11-17,Earth Sciences,debug,12,11,0,243,23,138975,2314,260,26,24,53.9,1336.5
2025-11-19,Earth Sciences,cpu,3,2,0,40,493,9080,3205,2337,97,329,53.0,220.0
2025-11-21,Earth Sciences,cpu,41,39,3,293,914,159445,3283,2050,119,191,41.2,1611.5
2025-11-23,Earth Sciences,gpu,11,10,0,424,545,231553,4320,2446,27,290,71.4,2332.0
2025-11-25,Earth Sciences,gpu,21,18,0,265,69,92386,1723,1940,17,346,54.5,1457.5
2025-11-26,Earth Sciences,priority,29,25,0,403,193,103505,207,659,26,194,86.4,2216.5
2025-11-28,Earth Sciences,interactive,19,17,1,69,41,33285,4744,286,65,418,67.0,379.5
2025-11-28,Earth Sciences,interactive,36,33,1,145,45,51176,2080,657,9,326,81.3,797.5
2025-12-02,Earth Sciences,debug,38,34,1,381,983,93010,1279,2094,1,415,70.6,2095.5
2025-12-04,Earth Sciences,debug,3,2,0,86,824,46713,4853,2295,107,307,65.7,473.0
2025-12-06,Earth Sciences,cpu,31,28,1,245,344,26189,2665,1615,104,219,57.7,1347.5
2025-12-08,Earth Sciences,cpu,37,34,2,437,897,169788,2777,2270,42,304,82.5,2403.5
2025-12-10,Earth Sciences,gpu,48,45,0,312,330,43626,3607,1342,101,125,92.2,1716.0
2025-12-12,Earth Sciences,gpu,15,14,0,323,593,190345,420,444,12,292,92.6,1776.5
2025-12-13,Earth Sciences,priority,6,5,0,156,351,76984,3188,2028,83,78,35.1,858.0
2025-12-15,Earth Sciences,priority,44,38,1,288,46,51732,3279,594,35,429,79.2,1584.0
2025-12-17,Earth Sciences,interactive,36,34,0,285,238,133133,2862,910,92,252,59.2,1567.5
2025-12-19,Earth Sciences,interactive,39,33,2,301,832,53526,2012,888,59,333,31.8,1655.5
2025-12-21,Earth Sciences,debug,8,7,0,74,342,41929,4316,1485,32,138,66.0,407.0
2025-12-23,Earth Sciences,debug,15,14,1,411,567,41406,4116,1232,85,242,58.4,2260.5
2025-12-25,Earth Sciences,cpu,26,22,1,206,637,59129,2934,2415,1,266,67.8,1133.0
2025-12-27,Earth Sciences,cpu,2,1,0,370,118,115551,14,792,23,144,85.7,2035.0
2025-12-28,Earth Sciences,gpu,30,27,1,317,384,34087,2825,2284,12,413,71.7,1743.5
2025-01-01,Mathematics,gpu,11,9,0,140,169,16850,3773,2302,5,320,38.3,770.0
2025-01-02,Mathematics,priority,29,27,2,356,891,161647,97,1337,95,138,64.9,1958.0
2025-01-04,Mathematics,interactive,44,41,1,207,981,47571,1278,1957,84,283,35.7,1138.5
2025-01-06,Mathematics,interactive,20,18,1,165,626,42834,254,2361,82,381,70.9,907.5
2025-01-08,Mathematics,debug,36,33,0,447,44,237393,2347,1793,81,198,94.1,2458.5
2025-01-10,Mathematics,debug,34,32,2,193,675,94889,4729,1703,6,231,76.3,1061.5
2025-01-12,Mathematics,cpu,26,23,0,375,925,77174,2651,1143,58,161,94.5,2062.5
2025-01-14,Mathematics,cpu,10,9,0,115,456,50460,2475,1256,40,28,82.4,632.5
2025-01-16,Mathematics,gpu,2,1,0,208,505,85133,4171,1148,42,73,51.5,1144.0
2025-01-18,Mathematics,gpu,22,19,1,353,706,116983,1089,1502,100,449,78.2,1941.5
2025-01-19,Mathematics,priority,42,36,2,494,789,280931,4060,893,15,421,70.1,2717.0
2025-01-21,Mathematics,priority,20,18,1,15,412,2149,2267,1219,69,413,53.6,82.5
2025-01-23,Mathematics,interactive,22,20,0,143,546,44778,4994,1139,65,117,36.0,786.5
2025-01-25,Mathematics,interactive,11,9,0,423,235,234884,302,2103,71,391,80.4,2326.5
2025-01-27,Mathematics,debug,7,6,0,32,920,15534,890,2064,80,285,34.5,176.0
2025-01-28,Mathematics,debug,18,15,0,493,453,234233,401,1909,117,76,33.0,2711.5
2025-02-01,Mathematics,cpu,34,31,0,308,455,150302,1289,442,72,304,41.0,1694.0
2025-02-03,Mathematics,cpu,14,13,0,21,796,9560,800,2409,113,436,32.0,115.5
2025-02-05,Mathematics,gpu,26,22,0,431,768,77576,2996,478,3,23,50.0,2370.5
2025-02-07,Mathematics,gpu,23,20,1,36,891,7239,91,626,64,124,62.1,198.0
2025-02-08,Mathematics,priority,7,6,0,80,987,21100,1167,1292,78,227,94.5,440.0
2025-02-10,Mathematics,interactive,28,24,2,232,232,36303,2111,2102,23,66,37.3,1276.0
2025-02-12,Mathematics,interactive,16,15,0,456,955,110071,4185,930,38,315,93.5,2508.0
2025-02-14,Mathematics,debug,33,31,2,363,989,126098,2794,1717,26,366,63.5,1996.5
2025-02-16,Mathematics,debug,18,15,1,108,624,61448,2092,633,118,374,35.5,594.0
2025-02-18,Mathematics,cpu,31,30,1,482,691,198777,3551,1090,56,67,63.0,2651.0
2025-02-20,Mathematics,cpu,48,45,3,53,786,23778,4848,501,14,324,38.5,291.5
2025-02-22,Mathematics,gpu,6,5,0,410,43,231955,4742,2068,26,153,92.7,2255.0
2025-02-24,Mathematics,gpu,28,24,1,152,122,57386,4916,404,50,315,83.0,836.0
2025-02-25,Mathematics,priority,12,11,0,179,402,56325,3756,319,33,394,87.9,984.5
2025-02-27,Mathematics,priority,41,38,2,53,801,12010,2171,811,57,183,37.7,291.5
2025-02-28,Mathematics,interactive,4,3,0,43,422,22865,2230,855,79,132,70.6,236.5
2025-03-01,Mathematics,interactive,39,36,0,9,917,3910,1000,544,81,304,84.9,49.5
2025-03-03,Mathematics,debug,26,22,1,482,745,156051,3706,1871,73,165,53.8,2651.0
2025-03-05,Mathematics,debug,13,11,0,11,749,1974,1032,165,59,218,85.1,60.5
2025-03-07,Mathematics,cpu,27,25,1,299,71,39432,3253,132,67,186,59.7,1644.5
2025-03-09,Mathematics,cpu,37,31,1,362,927,173553,3691,1636,76,12,84.2,1991.0
2025-03-11,Mathematics,gpu,28,27,1,436,722,200509,1626,2285,44,479,88.0,2398.0
2025-03-13,Mathematics,gpu,39,33,0,385,871,135514,4162,970,10,265,33.5,2117.5
2025-03-14,Mathematics,priority,21,18,0,459,555,224646,4701,1397,105,408,65.8,2524.5
2025-03-16,Mathematics,interactive,27,24,1,254,813,48800,1907,1695,15,223,63.5,1397.0
2025-03-18,Mathematics,interactive,13,12,0,238,281,61899,1639,300,58,207,78.2,1309.0
2025-03-20,Mathematics,debug,15,13,0,294,222,124711,709,1085,115,212,56.7,1617.0
2025-03-22,Mathematics,debug,21,19,0,327,545,124904,402,1376,87,37,33.8,1798.5
2025-03-24,Mathematics,cpu,25,21,1,255,661,84836,284,614,40,232,65.7,1402.5
2025-03-26,Mathematics,cpu,19,16,0,253,138,147817,3041,954,111,418,50.1,1391.5
2025-03-28,Mathematics,gpu,38,33,1,397,680,114819,118,531,71,128,46.4,2183.5
2025-03-28,Mathematics,gpu,38,36,1,428,342,138101,2321,654,83,146,61.9,2354.0
2025-04-01,Mathematics,priority,21,19,0,273,118,43832,1597,602,39,22,93.6,1501.5
2025-04-03,Mathematics,priority,6,5,0,152,154,32317,3317,345,1,366,89.1,836.0
2025-04-05,Mathematics,interactive,31,29,2,364,707,194720,1623,118,84,269,52.7,2002.0
2025-04-07,Mathematics,interactive,11,10,0,87,717,45187,1957,942,54,278,35.1,478.5
2025-04-09,Mathematics,debug,30,25,0,63,41,27333,3650,1990,41,70,41.8,346.5
2025-04-11,Mathematics,debug,39,33,2,420,819,248343,2963,224,64,355,77.0,2310.0
2025-04-13,Mathematics,cpu,25,23,1,120,317,15546,4141,2492,56,185,51.2,660.0
2025-04-15,Mathematics,cpu,8,7,0,439,319,245921,2464,1632,35,144,87.9,2414.5
2025-04-17,Mathematics,gpu,43,41,1,433,518,192940,4594,522,88,176,46.2,2381.5
2025-04-19,Mathematics,gpu,11,9,0,161,469,57184,3415,399,29,381,72.9,885.5
2025-04-20,Mathematics,priority,16,14,0,145,479,49624,4594,1450,20,312,79.9,797.5
2025-04-22,Mathematics,interactive,41,39,2,67,815,20123,304,450,96,129,49.3,368.5
2025-04-24,Mathematics,interactive,33,30,2,198,512,57477,3323,2170,7,311,51.6,1089.0
2025-04-26,Mathematics,debug,41,40,2,127,28,36692,226,836,50,278,59.5,698.5
2025-04-28,Mathematics,debug,14,12,0,352,656,121468,450,1427,53,20,55.1,1936.0
2025-04-28,Mathematics,cpu,5,4,0,182,388,37382,3091,222,92,273,73.0,1001.0
2025-05-02,Mathematics,cpu,24,22,0,448,222,187154,501,2362,104,56,55.8,2464.0
2025-05-04,Mathematics,gpu,21,18,0,483,494,81842,2598,389,63,236,83.9,2656.5
2025-05-06,Mathematics,gpu,33,32,1,35,648,4441,4131,1305,116,407,34.3,192.5
2025-05-07,Mathematics,priority,3,2,0,171,885,54345,4301,1902,70,62,65.0,940.5
2025-05-09,Mathematics,priority,40,38,1,418,739,68395,3385,316,90,472,59.1,2299.0
2025-05-11,Mathematics,interactive,21,19,1,283,828,152985,4251,2046,71,334,59.0,1556.5
2025-05-13,Mathematics,interactive,48,46,3,431,478,53053,1336,695,51,114,80.9,2370.5
2025-05-15,Mathematics,debug,3,2,0,344,334,119708,3914,1569,3,91,39.0,1892.0
2025-05-17,Mathematics,debug,48,43,1,242,573,110658,3756,2470,46,318,60.1,1331.0
2025-05-19,Mathematics,cpu,8,7,0,391,903,195190,2648,1952,66,197,70.3,2150.5
2025-05-21,Mathematics,cpu,23,20,1,376,243,182043,4651,768,64,477,91.7,2068.0
2025-05-23,Mathematics,gpu,16,14,0,75,927,7624,616,51,81,306,81.5,412.5
2025-05-25,Mathematics,gpu,42,40,2,248,343,117074,220,548,4,265,81.7,1364.0
2025-05-26,Mathematics,priority,10,9,0,212,482,50983,1726,2128,55,86,68.8,1166.0
2025-05-28,Mathematics,interactive,26,23,1,444,977,186325,626,2371,66,463,86.4,2442.0
2025-05-28,Mathematics,interactive,38,35,0,196,984,109489,2011,1902,58,42,77.6,1078.0
2025-06-02,Mathematics,debug,47,42,2,478,167,80625,1029,1617,80,329,42.2,2629.0
2025-06-04,Mathematics,debug,48,41,0,73,194,21542,2916,1987,66,412,56.6,401.5
2025-06-06,Mathematics,cpu,44,41,2,255,96,143511,586,1381,55,175,71.1,1402.5
2025-06-08,Mathematics,cpu,41,38,3,160,541,52990,4222,1905,31,122,77.8,880.0
2025-06-10,Mathematics,gpu,18,15,0,330,822,132437,3208,2300,34,98,53.6,1815.0
2025-06-12,Mathematics,gpu,40,36,0,329,242,169845,2448,1490,16,22,58.1,1809.5
2025-06-13,Mathematics,priority,37,31,2,382,256,195724,1096,1735,30,336,34.8,2101.0
2025-06-15,Mathematics,priority,39,37,2,150,831,28391,569,1747,13,391,74.4,825.0
2025-06-17,Mathematics,interactive,31,27,0,435,783,182629,3400,2148,70,441,53.5,2392.5
2025-06-19,Mathematics,interactive,45,43,2,11,621,3635,1695,1618,1,36,74.5,60.5
2025-06-21,Mathematics,debug,6,5,0,468,714,118844,1384,147,70,437,50.0,2574.0
2025-06-23,Mathematics,debug,20,18,0,379,248,40938,4576,1468,74,36,89.9,2084.5
2025-06-25,Mathematics,cpu,11,9,0,335,670,41970,412,2242,2,63,38.5,1842.5
2025-06-27,Mathematics,cpu,16,14,0,358,978,77764,2536,1655,30,216,83.6,1969.0
2025-06-28,Mathematics,gpu,36,33,1,485,387,86094,2967,859,93,271,39.3,2667.5
2025-07-01,Mathematics,gpu,33,30,1,261,396,66671,2149,762,10,278,73.8,1435.5
2025-07-02,Mathematics,priority,8,7,0,222,365,95886,3089,1876,75,258,38.8,1221.0
2025-07-04,Mathematics,interactive,4,3,0,145,733,72378,4192,1687,58,334,67.5,797.5
2025-07-06,Mathematics,interactive,19,16,0,467,205,91010,3842,1110,45,436,56.8,2568.5
2025-07-08,Mathematics,debug,5,4,0,53,291,5466,1395,2459,27,202,77.0,291.5
2025-07-10,Mathematics,debug,10,9,0,298,819,153040,3778,733,13,27,90.8,1639.0
2025-07-12,Mathematics,cpu,15,13,1,409,155,132643,4077,1864,61,341,74.4,2249.5
2025-07-14,Mathematics,cpu,9,8,0,34,369,13042,2730,1919,7,14,58.9,187.0
2025-07-16,Mathematics,gpu,40,34,3,327,889,56870,2892,649,21,429,49.3,1798.5
2025-07-18,Mathematics,gpu,27,24,2,275,562,164792,2374,598,57,124,36.9,1512.5
2025-07-19,Mathematics,priority,25,22,1,136,361,54846,1250,654,3,163,94.1,748.0
2025-07-21,Mathematics,priority,11,10,0,14,434,2468,250,12,8,261,50.4,77.0
2025-07-23,Mathematics,interactive,5,4,0,23,747,10184,3630,2063,77,158,50.6,126.5
2025-07-25,Mathematics,interactive,14,13,0,280,677,50058,3743,1416,36,381,43.5,1540.0
2025-07-27,Mathematics,debug,47,41,1,174,304,98403,2548,1383,5,86,45.8,957.0
2025-07-28,Mathematics,debug,17,15,0,51,338,11374,1417,1501,77,184,86.8,280.5
2025-08-01,Mathematics,cpu,10,9,0,276,526,158294,3067,1446,49,111,64.7,1518.0
2025-08-03,Mathematics,cpu,6,5,0,16,532,8332,1406,281,39,468,88.8,88.0
2025-08-05,Mathematics,gpu,11,10,0,495,24,295158,2730,1399,10,139,58.8,2722.5
2025-08-07,Mathematics,gpu,15,13,0,416,311,72201,3632,370,53,428,33.8,2288.0
2025-08-08,Mathematics,priority,26,23,1,228,81,113099,1107,2452,51,349,71.2,1254.0
2025-08-10,Mathematics,interactive,37,34,1,340,65,185602,1668,2228,110,23,38.4,1870.0
2025-08-12,Mathematics,interactive,32,27,2,232,446,95498,1310,795,100,201,61.2,1276.0
2025-08-14,Mathematics,debug,32,30,1,482,743,57859,3333,1088,94,75,32.9,2651.0
2025-08-16,Mathematics,debug,45,39,1,168,812,94471,1055,1832,66,113,93.6,924.0
2025-08-18,Mathematics,cpu,7,6,0,273,955,117143,843,645,78,128,37.6,1501.5
2025-08-20,Mathematics,cpu,22,19,0,13,577,5410,3044,66,21,381,30.9,71.5
2025-08-22,Mathematics,gpu,34,31,0,65,243,9263,3830,1253,9,464,39.6,357.5
2025-08-24,Mathematics,gpu,40,37,1,14,944,4612,3304,1664,51,401,89.9,77.0
2025-08-25,Mathematics,priority,29,26,1,211,30,113726,4659,1880,119,150,83.4,1160.5
2025-08-27,Mathematics,priority,3,2,0,321,263,134374,2290,608,95,453,90.7,1765.5
2025-08-28,Mathematics,interactive,32,29,2,397,269,189787,4259,710,14,479,62.8,2183.5
2025-09-01,Mathematics,interactive,48,40,2,195,108,46218,2245,1329,104,315,32.3,1072.5
2025-09-03,Mathematics,debug,41,37,2,76,59,44133,2171,1841,17,217,92.4,418.0
2025-09-05,Mathematics,debug,19,17,0,429,99,73269,1190,1020,88,398,94.1,2359.5
2025-09-07,Mathematics,cpu,40,37,2,137,526,23496,2589,2218,114,28,87.9,753.5
2025-09-09,Mathematics,cpu,19,16,1,464,888,135949,4132,1899,12,385,48.6,2552.0
2025-09-11,Mathematics,gpu,7,6,0,393,534,167151,1161,1364,53,330,44.0,2161.5
2025-09-13,Mathematics,gpu,17,14,1,469,399,208728,360,1526,73,167,91.0,2579.5
2025-09-14,Mathematics,priority,45,40,3,487,128,82432,1441,1933,1,295,51.1,2678.5
2025-09-16,Mathematics,interactive,19,18,1,214,431,65308,1931,189,91,369,31.2,1177.0
2025-09-18,Mathematics,interactive,42,37,1,482,979,219137,997,1766,117,399,33.2,2651.0
2025-09-20,Mathematics,debug,15,13,0,338,330,138558,516,1293,21,81,58.3,1859.0
2025-09-22,Mathematics,debug,1,0,0,275,247,98853,894,1118,40,332,38.6,1512.5
2025-09-24,Mathematics,cpu,26,25,0,481,370,50731,2872,381,47,185,31.2,2645.5
2025-09-26,Mathematics,cpu,4,3,0,425,551,182106,2729,1978,12,178,58.1,2337.5
2025-09-28,Mathematics,gpu,15,14,1,405,662,168077,1648,655,57,84,94.7,2227.5
2025-09-28,Mathematics,gpu,10,8,0,408,737,97511,4439,19,27,144,90.4,2244.0
2025-10-01,Mathematics,priority,16,15,0,312,11,68813,4119,1759,26,377,81.6,1716.0
2025-10-03,Mathematics,priority,26,23,1,384,211,46895,2456,591,32,444,55.3,2112.0
2025-10-05,Mathematics,interactive,33,32,2,72,165,36928,201,1598,15,56,84.7,396.0
2025-10-07,Mathematics,interactive,41,37,3,489,537,54975,2001,2067,66,476,68.1,2689.5
2025-10-09,Mathematics,debug,20,17,0,62,201,7510,4159,1847,23,293,76.7,341.0
2025-10-11,Mathematics,debug,25,23,1,283,985,65938,3114,1156,39,369,94.1,1556.5
2025-10-13,Mathematics,cpu,29,27,0,375,259,184457,28,302,38,219,52.2,2062.5
2025-10-15,Mathematics,cpu,45,39,3,349,412,71250,127,2135,48,262,73.5,1919.5
2025-10-17,Mathematics,gpu,31,28,1,3,523,1462,4510,1023,56,235,75.7,16.5
2025-10-19,Mathematics,gpu,1,0,0,246,239,110580,236,2102,85,53,64.1,1353.0
2025-10-20,Mathematics,priority,5,4,0,483,172,149668,1544,298,44,464,71.1,2656.5
2025-10-22,Mathematics,interactive,38,35,2,107,575,56058,536,740,64,141,49.9,588.5
2025-10-24,Mathematics,interactive,34,29,0,329,56,34853,3444,914,64,475,73.0,1809.5
2025-10-26,Mathematics,debug,44,42,2,228,459,49746,2866,1258,45,267,81.5,1254.0
2025-10-28,Mathematics,debug,22,20,0,129,459,41849,1222,1772,88,345,59.4,709.5
2025-10-28,Mathematics,cpu,44,38,2,10,390,2744,544,345,90,84,63.1,55.0
2025-11-02,Mathematics,cpu,21,19,1,87,371,35542,4706,1593,115,370,66.5,478.5
2025-11-04,Mathematics,gpu,27,24,1,118,995,35652,394,1447,28,129,30.7,649.0
2025-11-06,Mathematics,gpu,31,27,1,324,722,140742,76,1308,65,388,47.5,1782.0
2025-11-07,Mathematics,priority,15,14,0,108,931,44848,4261,562,100,252,58.9,594.0
2025-11-09,Mathematics,priority,33,28,0,106,454,35269,1097,36,41,218,68.2,583.0
2025-11-11,Mathematics,interactive,3,2,0,278,319,63397,3053,765,91,240,62.5,1529.0
2025-11-13,Mathematics,interactive,37,35,0,369,751,87272,3393,705,3,109,58.9,2029.5
2025-11-15,Mathematics,debug,24,21,0,26,244,2870,4024,1423,39,202,94.1,143.0
2025-11-17,Mathematics,debug,6,5,0,184,294,84000,3952,2148,45,459,55.8,1012.0
2025-11-19,Mathematics,cpu,42,39,3,112,543,26087,1366,1363,53,116,36.4,616.0
2025-11-21,Mathematics,cpu,4,3,0,217,363,36320,3951,402,71,36,61.6,1193.5
2025-11-23,Mathematics,gpu,44,38,2,473,824,191615,3472,793,109,207,81.2,2601.5
2025-11-25,Mathematics,gpu,22,21,0,183,117,68611,4515,359,32,323,85.8,1006.5
2025-11-26,Mathematics,priority,20,19,1,10,269,2997,521,1662,8,220,87.3,55.0
2025-11-28,Mathematics,interactive,42,39,2,186,575,39190,1138,1307,107,136,30.6,1023.0
2025-11-28,Mathematics,interactive,31,28,2,183,389,95282,1600,1812,89,363,57.6,1006.5
2025-12-02,Mathematics,debug,2,1,0,419,580,50160,4693,1084,64,84,67.3,2304.5
2025-12-04,Mathematics,debug,14,13,1,450,171,100943,3074,1087,35,105,45.0,2475.0
2025-12-06,Mathematics,cpu,1,0,0,212,662,27626,2705,816,32,244,73.8,1166.0
2025-12-08,Mathematics,cpu,35,30,0,485,299,258904,2081,2058,65,423,85.2,2667.5
2025-12-10,Mathematics,gpu,1,0,0,373,651,98849,4452,779,59,212,74.0,2051.5
2025-12-12,Mathematics,gpu,7,6,0,117,774,18370,2968,771,11,353,67.2,643.5
2025-12-13,Mathematics,priority,19,18,1,177,161,86536,4738,1949,57,188,67.1,973.5
2025-12-15,Mathematics,priority,10,8,0,334,33,190771,2212,1483,12,114,42.9,1837.0
2025-12-17,Mathematics,interactive,37,35,1,292,563,105365,454,240,66,159,38.4,1606.0
2025-12-19,Mathematics,interactive,25,23,0,414,761,168161,3831,542,105,184,78.1,2277.0
2025-12-21,Mathematics,debug,18,16,1,23,648,2740,3067,2498,8,438,42.0,126.5
2025-12-23,Mathematics,debug,2,1,0,334,798,104291,3659,283,46,339,73.5,1837.0
2025-12-25,Mathematics,cpu,3,2,0,233,41,76080,4066,1953,59,365,46.8,1281.5
2025-12-27,Mathematics,cpu,15,14,0,245,616,109274,4126,1584,64,186,47.2,1347.5
2025-12-28,Mathematics,gpu,21,19,1,68,59,35188,203,2094,38,417,83.3,374.0
2025-01-01,Engineering,gpu,45,41,2,32,882,18142,3416,391,103,38,52.7,176.0
2025-01-02,Engineering,priority,30,28,1,402,57,81351,697,293,68,203,61.0,2211.0
2025-01-04,Engineering,interactive,3,2,0,101,56,32180,1166,217,70,217,82.1,555.5
2025-01-06,Engineering,interactive,48,45,1,489,521,260470,1626,1047,42,431,42.0,2689.5
2025-01-08,Engineering,debug,37,35,2,305,307,99943,1551,1416,47,440,76.7,1677.5
2025-01-10,Engineering,debug,49,43,3,285,891,164928,4689,1253,108,376,56.9,1567.5
2025-01-12,Engineering,cpu,30,27,0,312,800,58504,674,1788,118,176,61.5,1716.0
2025-01-14,Engineering,cpu,34,32,0,73,245,14815,4804,264,50,67,69.7,401.5
2025-01-16,Engineering,gpu,46,39,3,212,790,109028,4350,982,87,124,46.0,1166.0
2025-01-18,Engineering,gpu,38,36,1,380,386,154074,4626,976,81,119,48.1,2090.0
2025-01-19,Engineering,priority,29,27,0,421,107,185537,3075,533,66,33,53.8,2315.5
2025-01-21,Engineering,priority,13,12,0,169,572,75727,2784,1189,2,106,82.9,929.5
2025-01-23,Engineering,interactive,6,5,0,58,40,10646,3029,2431,71,221,42.4,319.0
2025-01-25,Engineering,interactive,12,10,0,57,527,16367,2348,2274,66,170,73.4,313.5
2025-01-27,Engineering,debug,4,3,0,171,251,74347,1057,154,5,304,46.3,940.5
2025-01-28,Engineering,debug,27,25,1,69,842,21463,4370,705,34,275,66.7,379.5
2025-02-01,Engineering,cpu,49,46,3,240,244,26397,174,1350,37,359,44.0,1320.0
2025-02-03,Engineering,cpu,22,20,1,347,740,136795,1546,2370,15,372,41.3,1908.5
2025-02-05,Engineering,gpu,15,14,0,85,780,39072,2393,2495,102,283,53.9,467.5
2025-02-07,Engineering,gpu,19,17,0,88,815,17103,4050,1292,29,132,55.2,484.0
2025-02-08,Engineering,priority,21,19,0,78,909,29137,1686,1565,77,149,77.6,429.0
2025-02-10,Engineering,interactive,43,41,1,118,996,64842,1966,592,77,198,86.0,649.0
2025-02-12,Engineering,interactive,19,18,1,496,42,185204,4951,1769,110,359,81.8,2728.0
2025-02-14,Engineering,debug,21,20,1,55,107,23770,192,1814,85,469,56.3,302.5
2025-02-16,Engineering,debug,33,28,0,456,653,165874,4217,586,38,174,87.6,2508.0
2025-02-18,Engineering,cpu,12,11,0,291,480,53164,774,1061,102,292,43.2,1600.5
2025-02-20,Engineering,cpu,45,41,1,485,88,176602,1315,2187,51,94,59.7,2667.5
2025-02-22,Engineering,gpu,38,36,0,31,124,4518,142,29,30,432,79.1,170.5
2025-02-24,Engineering,gpu,22,21,0,300,466,125249,3291,376,57,106,67.7,1650.0
2025-02-25,Engineering,priority,24,21,1,387,983,77406,1847,583,23,306,63.8,2128.5
2025-02-27,Engineering,priority,29,25,0,442,679,133500,660,2241,35,295,42.5,2431.0
2025-02-28,Engineering,interactive,41,39,1,327,903,149634,1956,2208,98,472,74.0,1798.5
2025-03-01,Engineering,interactive,6,5,0,163,115,47873,653,606,85,365,83.5,896.5
2025-03-03,Engineering,debug,39,33,2,480,473,104316,3186,2155,87,188,56.7,2640.0
2025-03-05,Engineering,debug,14,12,0,467,207,270508,3122,534,76,60,67.9,2568.5
2025-03-07,Engineering,cpu,29,27,2,221,897,67943,3175,2361,104,129,52.3,1215.5
2025-03-09,Engineering,cpu,11,9,0,363,735,150252,2636,1762,83,342,90.8,1996.5
2025-03-11,Engineering,gpu,16,14,0,286,325,149184,2116,2305,15,453,61.8,1573.0
2025-03-13,Engineering,gpu,9,8,0,496,656,109351,2484,640,90,307,47.6,2728.0
2025-03-14,Engineering,priority,12,10,0,381,42,173706,910,726,102,307,73.3,2095.5
2025-03-16,Engineering,interactive,32,29,1,24,44,11732,3112,874,1,422,50.7,132.0
2025-03-18,Engineering,interactive,45,40,2,64,377,25317,4850,1661,44,461,79.3,352.0
2025-03-20,Engineering,debug,42,41,0,108,675,24728,4386,1305,82,218,34.7,594.0
2025-03-22,Engineering,debug,48,46,3,2,782,397,1553,2088,19,168,66.7,11.0
2025-03-24,Engineering,cpu,32,29,0,304,348,153560,3877,2139,112,385,69.6,1672.0
2025-03-26,Engineering,cpu,7,6,0,475,223,258072,1032,2103,116,216,52.7,2612.5
2025-03-28,Engineering,gpu,31,29,1,275,366,82087,3228,2320,111,57,88.8,1512.5
2025-03-28,Engineering,gpu,39,35,2,62,683,9168,2845,527,73,90,87.5,341.0
2025-04-01,Engineering,priority,25,23,1,237,175,39340,1901,775,2,116,65.5,1303.5
2025-04-03,Engineering,priority,23,19,0,213,565,48775,168,1850,3,198,34.9,1171.5
2025-04-05,Engineering,interactive,14,13,0,318,451,102641,2057,62,74,80,38.8,1749.0
2025-04-07,Engineering,interactive,18,17,0,276,840,156791,4469,2495,114,79,73.8,1518.0
2025-04-09,Engineering,debug,25,22,1,175,15,53817,78,1201,54,358,82.6,962.5
2025-04-11,Engineering,debug,29,28,0,269,30,93715,4237,969,39,19,94.4,1479.5
2025-04-13,Engineering,cpu,46,41,0,132,981,45600,3893,1784,5,100,91.9,726.0
2025-04-15,Engineering,cpu,39,36,2,186,149,19163,4277,763,65,438,69.3,1023.0
2025-04-17,Engineering,gpu,36,34,1,423,83,127100,1460,910,27,73,90.7,2326.5
2025-04-19,Engineering,gpu,16,13,1,397,407,68249,2199,710,61,162,40.2,2183.5
2025-04-20,Engineering,priority,45,40,3,377,716,214367,541,1023,99,363,86.1,2073.5
2025-04-22,Engineering,interactive,6,5,0,52,434,12613,4723,350,71,439,41.5,286.0
2025-04-24,Engineering,interactive,49,47,3,15,155,7420,752,1964,16,174,41.8,82.5
2025-04-26,Engineering,debug,1,0,0,353,63,107098,143,1996,47,127,67.3,1941.5
2025-04-28,Engineering,debug,38,36,2,376,848,71069,3041,2474,86,294,59.7,2068.0
2025-04-28,Engineering,cpu,23,22,1,460,637,103300,4932,2484,106,70,84.2,2530.0
2025-05-02,Engineering,cpu,11,9,0,314,558,175148,3471,1092,61,283,59.8,1727.0
2025-05-04,Engineering,gpu,21,18,0,216,795,35367,3426,1611,36,332,87.5,1188.0
2025-05-06,Engineering,gpu,26,22,0,295,528,112173,2611,1759,90,88,54.4,1622.5
2025-05-07,Engineering,priority,35,33,1,333,337,39967,1329,1007,90,397,71.1,1831.5
2025-05-09,Engineering,priority,38,32,2,82,54,41809,836,789,110,318,80.2,451.0
2025-05-11,Engineering,interactive,9,7,0,232,678,83724,2351,1315,55,402,53.1,1276.0
2025-05-13,Engineering,interactive,31,28,1,446,770,155361,3233,792,105,452,60.8,2453.0
2025-05-15,Engineering,debug,26,23,0,179,128,52972,3862,2486,111,343,62.7,984.5
2025-05-17,Engineering,debug,5,4,0,176,399,29592,3636,1427,38,134,57.3,968.0
2025-05-19,Engineering,cpu,28,24,0,218,511,72591,2891,1596,103,175,56.1,1199.0
2025-05-21,Engineering,cpu,16,15,0,240,880,110641,554,1888,83,441,67.1,1320.0
2025-05-23,Engineering,gpu,20,17,0,57,957,26207,725,573,47,27,65.6,313.5
2025-05-25,Engineering,gpu,45,38,2,102,522,17807,1411,1037,70,309,45.0,561.0
2025-05-26,Engineering,priority,17,16,1,240,759,38605,1535,723,31,393,78.2,1320.0
2025-05-28,Engineering,interactive,3,2,0,494,531,188609,123,1382,56,443,51.5,2717.0
2025-05-28,Engineering,interactive,2,1,0,78,109,42436,93,570,13,103,48.8,429.0
2025-06-02,Engineering,debug,14,12,0,47,627,10487,3562,1387,67,96,34.1,258.5
2025-06-04,Engineering,debug,10,8,0,241,296,112620,3243,1800,14,56,94.9,1325.5
2025-06-06,Engineering,cpu,36,30,0,468,86,55126,4179,2168,53,471,93.1,2574.0
2025-06-08,Engineering,cpu,39,34,2,294,829,68502,3020,1407,55,453,67.7,1617.0
2025-06-10,Engineering,gpu,4,3,0,480,146,243934,3644,1953,50,476,40.9,2640.0
2025-06-12,Engineering,gpu,42,39,2,111,117,29173,1756,1542,3,277,35.9,610.5
2025-06-13,Engineering,priority,13,12,0,326,879,90497,1611,1188,77,235,67.5,1793.0
2025-06-15,Engineering,priority,31,29,1,54,955,25058,4785,1614,19,414,61.4,297.0
2025-06-17,Engineering,interactive,13,12,0,78,481,16927,3238,1021,2,208,51.9,429.0
2025-06-19,Engineering,interactive,19,17,0,202,111,71585,2642,80,46,279,48.5,1111.0
2025-06-21,Engineering,debug,37,35,1,60,356,12620,954,2183,37,13,38.5,330.0
2025-06-23,Engineering,debug,39,33,0,428,642,204594,1126,1485,21,354,74.9,2354.0
2025-06-25,Engineering,cpu,43,40,0,472,278,52660,3200,1501,79,479,87.5,2596.0
2025-06-27,Engineering,cpu,48,44,2,359,643,125587,907,2305,42,473,52.2,1974.5
2025-06-28,Engineering,gpu,15,14,0,17,197,9961,3115,1769,109,441,79.3,93.5
2025-06-28,Engineering,priority,36,30,2,187,345,92853,4336,289,73,311,33.9,1028.5
2025-07-02,Engineering,priority,15,13,0,123,670,47838,4445,1534,106,382,49.9,676.5
2025-07-04,Engineering,interactive,31,29,1,398,779,172352,636,1333,19,61,94.5,2189.0
2025-07-06,Engineering,interactive,9,8,0,21,562,10328,306,936,76,451,58.4,115.5
2025-07-08,Engineering,debug,27,25,0,80,156,12354,4688,1179,6,152,74.8,440.0
2025-07-10,Engineering,debug,13,12,0,457,343,106936,4098,2133,89,325,46.9,2513.5
2025-07-12,Engineering,cpu,13,12,0,21,277,9434,1159,75,15,456,82.3,115.5
2025-07-14,Engineering,cpu,29,27,0,118,88,29181,4855,1897,31,398,57.3,649.0
2025-07-16,Engineering,gpu,47,42,3,422,860,223842,4314,289,38,73,69.4,2321.0
2025-07-18,Engineering,gpu,48,45,0,18,466,8477,3840,1229,30,384,79.9,99.0
2025-07-19,Engineering,priority,47,41,3,131,803,18403,1083,2437,42,150,47.3,720.5
2025-07-21,Engineering,priority,21,19,1,154,453,84558,55,275,118,308,61.3,847.0
2025-07-23,Engineering,interactive,9,8,0,199,890,116534,3976,1835,76,457,52.9,1094.5
2025-07-25,Engineering,interactive,42,39,2,103,838,49688,2498,326,102,224,31.7,566.5
2025-07-27,Engineering,debug,15,13,0,308,67,158789,612,1359,28,228,52.4,1694.0
2025-07-28,Engineering,debug,3,2,0,252,854,135383,4004,839,47,159,90.2,1386.0
2025-08-01,Engineering,cpu,15,13,0,208,72,105198,2431,1167,100,139,67.2,1144.0
2025-08-03,Engineering,cpu,23,22,1,335,756,38593,3335,1208,110,79,66.7,1842.5
2025-08-05,Engineering,gpu,29,25,2,194,864,34540,3428,495,28,358,61.8,1067.0
2025-08-06,Engineering,priority,44,42,0,180,748,77885,3952,1870,3,198,75.4,990.0
2025-08-08,Engineering,priority,15,13,0,140,598,29003,2305,2417,55,92,87.1,770.0
2025-08-10,Engineering,interactive,36,34,1,371,586,170444,3141,586,8,412,49.9,2040.5
2025-08-12,Engineering,interactive,29,27,1,100,76,13342,2220,2284,2,383,94.3,550.0
2025-08-14,Engineering,debug,44,41,1,55,880,18451,4370,1278,45,304,74.9,302.5
2025-08-16,Engineering,debug,5,4,0,348,447,86064,3966,6,19,478,83.0,1914.0
2025-08-18,Engineering,cpu,9,8,0,431,979,245688,3346,1233,92,327,76.4,2370.5
2025-08-20,Engineering,cpu,28,24,1,437,810,47765,2778,1979,45,459,91.8,2403.5
2025-08-22,Engineering,gpu,25,23,0,35,481,17503,1355,326,33,152,32.0,192.5
2025-08-24,Engineering,gpu,29,26,1,100,363,44354,675,2394,49,218,80.3,550.0
2025-08-25,Engineering,priority,48,46,2,263,112,97587,3416,17,15,287,34.5,1446.5
2025-08-27,Engineering,priority,2,1,0,448,931,50771,3373,1018,68,41,39.6,2464.0
2025-08-28,Engineering,interactive,22,20,0,133,683,57042,1586,780,26,467,55.6,731.5
2025-09-01,Engineering,interactive,10,9,0,448,400,100761,928,1151,77,254,68.9,2464.0
2025-09-03,Engineering,debug,42,39,0,153,870,27122,2177,1717,84,11,65.2,841.5
2025-09-05,Engineering,debug,36,34,0,370,76,153701,1192,2287,59,179,85.0,2035.0
2025-09-07,Engineering,cpu,12,10,0,385,327,165244,2498,2088,24,210,56.3,2117.5
2025-09-09,Engineering,cpu,29,27,1,101,918,31900,2501,786,67,255,32.0,555.5
2025-09-11,Engineering,gpu,34,30,2,429,866,83794,2034,487,61,469,74.9,2359.5
2025-09-12,Engineering,priority,49,48,2,483,597,137988,2802,756,119,244,61.3,2656.5
2025-09-14,Engineering,priority,18,16,0,15,672,1613,2419,2339,91,453,39.4,82.5
2025-09-16,Engineering,interactive,42,36,0,299,420,63555,1765,1886,24,265,71.6,1644.5
2025-09-18,Engineering,interactive,48,41,1,487,443,182597,2966,1865,6,440,35.3,2678.5
2025-09-20,Engineering,debug,31,27,1,230,571,40842,2548,781,15,148,74.7,1265.0
2025-09-22,Engineering,debug,6,5,0,342,630,35857,1024,1214,29,93,40.5,1881.0
2025-09-24,Engineering,cpu,38,33,2,127,473,18391,3836,1660,24,451,92.6,698.5
2025-09-26,Engineering,cpu,43,40,2,376,769,113402,2121,2170,85,218,94.7,2068.0
2025-09-28,Engineering,gpu,42,41,3,181,347,72553,4477,863,80,280,31.7,995.5
2025-09-28,Engineering,gpu,36,31,2,420,547,214498,3062,1370,58,366,83.6,2310.0
2025-10-01,Engineering,priority,28,26,1,378,425,38355,4891,412,117,252,51.1,2079.0
2025-10-03,Engineering,priority,24,22,0,102,547,51425,2618,2019,32,121,73.5,561.0
2025-10-05,Engineering,interactive,27,24,0,122,246,59939,4815,555,34,475,65.4,671.0
2025-10-07,Engineering,interactive,49,42,0,344,693,159066,3839,365,4,294,85.0,1892.0
2025-10-09,Engineering,debug,27,25,1,333,343,175891,3103,252,33,97,75.5,1831.5
2025-10-11,Engineering,debug,40,37,2,464,987,239919,563,1574,110,433,70.5,2552.0
2025-10-13,Engineering,cpu,29,27,0,378,922,119015,1550,1706,84,320,72.3,2079.0
2025-10-15,Engineering,cpu,49,47,2,222,438,61087,4131,354,47,143,58.9,1221.0
2025-10-17,Engineering,gpu,13,12,0,77,90,38986,275,1036,72,223,79.7,423.5
2025-10-18,Engineering,priority,17,15,0,110,416,53828,728,1563,14,395,73.4,605.0
2025-10-20,Engineering,priority,13,12,0,489,116,250095,1469,1760,85,32,40.5,2689.5
2025-10-22,Engineering,interactive,21,18,0,192,572,37735,4052,1838,21,144,65.2,1056.0
2025-10-24,Engineering,interactive,25,24,0,255,749,70260,767,2403,35,337,72.3,1402.5
2025-10-26,Engineering,debug,46,44,1,47,598,17178,3554,2009,104,448,65.8,258.5
2025-10-28,Engineering,debug,3,2,0,89,987,20893,1123,2142,27,189,68.2,489.5
2025-10-28,Engineering,cpu,22,21,1,306,810,54798,2320,1047,63,422,84.5,1683.0
2025-11-02,Engineering,cpu,46,43,2,255,319,60116,34,1707,71,31,64.6,1402.5
2025-11-04,Engineering,gpu,7,6,0,481,512,62302,4173,39,77,370,72.9,2645.5
2025-11-06,Engineering,gpu,3,2,0,0,656,0,820,1842,33,267,37.1,0.0
2025-11-07,Engineering,priority,26,23,0,76,440,16482,3673,2060,38,392,59.5,418.0
2025-11-09,Engineering,priority,40,36,0,6,818,1722,4879,2187,114,164,90.7,33.0
2025-11-11,Engineering,interactive,4,3,0,379,336,212783,1058,1363,94,249,57.5,2084.5
2025-11-13,Engineering,interactive,20,17,0,130,718,72214,2981,1688,112,38,68.9,715.0
2025-11-15,Engineering,debug,27,25,1,221,690,60828,1031,1969,34,466,46.4,1215.5
2025-11-17,Engineering,debug,3,2,0,58,601,6458,1305,2408,33,161,67.7,319.0
2025-11-19,Engineering,cpu,49,47,0,207,69,59579,2194,1667,71,405,64.8,1138.5
2025-11-21,Engineering,cpu,27,24,1,29,687,8344,1759,1611,116,17,48.8,159.5
2025-11-23,Engineering,gpu,17,15,0,241,974,52059,2168,1404,53,245,82.2,1325.5
2025-11-24,Engineering,priority,40,36,2,219,451,73207,4282,2464,79,251,69.1,1204.5
2025-11-26,Engineering,priority,27,25,0,422,668,166820,4222,1400,3,172,33.0,2321.0
2025-11-28,Engineering,interactive,8,6,0,125,44,39928,3342,2416,4,398,39.0,687.5
2025-11-28,Engineering,interactive,49,42,2,62,805,31116,2666,1549,58,221,58.4,341.0
2025-12-02,Engineering,debug,20,18,0,292,367,97631,3991,1224,112,412,32.3,1606.0
2025-12-04,Engineering,debug,32,27,0,447,392,173881,3182,1556,100,113,49.1,2458.5
2025-12-06,Engineering,cpu,3,2,0,128,279,34354,2346,1964,81,120,50.2,704.0
2025-12-08,Engineering,cpu,1,0,0,499,728,255049,4239,1074,44,300,42.3,2744.5
2025-12-10,Engineering,gpu,18,17,0,280,404,100916,2038,1513,79,240,55.8,1540.0
2025-12-12,Engineering,gpu,10,9,0,232,429,25911,4911,613,87,29,92.9,1276.0
2025-12-13,Engineering,priority,26,24,0,275,553,70836,2354,241,102,427,92.8,1512.5
2025-12-15,Engineering,priority,1,0,0,341,564,189720,1462,329,117,165,86.3,1875.5
2025-12-17,Engineering,interactive,23,21,0,192,837,72367,3594,900,17,333,63.7,1056.0
2025-12-19,Engineering,interactive,16,14,0,357,734,86562,541,861,119,255,56.8,1963.5
2025-12-21,Engineering,debug,3,2,0,36,202,14758,1621,718,119,419,49.0,198.0
2025-12-23,Engineering,debug,4,3,0,314,34,157478,1416,1799,46,307,90.9,1727.0
2025-12-25,Engineering,cpu,32,27,2,486,979,158308,2303,672,40,276,66.5,2673.0
2025-12-27,Engineering,cpu,4,3,0,480,577,263454,4206,757,69,98,31.2,2640.0
2025-12-28,Engineering,gpu,9,8,0,393,326,152622,621,1216,108,76,89.6,2161.5
2025-12-28,Engineering,priority,23,19,0,96,379,56436,3164,1476,29,208,63.6,528.0
2025-01-02,Medical Research,priority,25,21,0,345,775,199124,1111,2047,119,239,37.4,1897.5
2025-01-04,Medical Research,interactive,3,2,0,232,177,54542,4364,389,71,216,56.3,1276.0
2025-01-06,Medical Research,interactive,4,3,0,76,53,33331,1319,1798,102,172,38.4,418.0
2025-01-08,Medical Research,debug,6,5,0,416,808,113474,1503,1101,83,460,60.9,2288.0
2025-01-10,Medical Research,debug,2,1,0,290,255,120693,4340,2474,87,95,82.3,1595.0
2025-01-12,Medical Research,cpu,48,45,1,272,383,157354,1433,1285,80,430,31.1,1496.0
2025-01-14,Medical Research,cpu,40,36,2,180,683,89547,92,915,12,453,61.9,990.0
2025-01-16,Medical Research,gpu,5,4,0,29,821,10288,3651,1703,65,321,41.4,159.5
2025-01-18,Medical Research,gpu,30,25,1,446,110,154411,3567,566,33,123,42.0,2453.0
2025-01-19,Medical Research,priority,47,45,1,427,689,238798,1421,1945,82,106,55.7,2348.5
2025-01-21,Medical Research,priority,7,6,0,40,165,10925,2983,1382,44,427,55.9,220.0
2025-01-23,Medical Research,interactive,31,30,1,211,803,84738,3357,1620,75,220,76.5,1160.5
2025-01-25,Medical Research,interactive,41,35,2,394,771,234537,58,2219,28,454,72.4,2167.0
2025-01-27,Medical Research,debug,38,34,1,56,445,28767,2431,964,23,370,32.4,308.0
2025-01-28,Medical Research,debug,11,9,0,435,719,144882,458,263,55,165,37.6,2392.5
2025-02-01,Medical Research,cpu,7,6,0,435,217,120770,2771,556,102,354,56.7,2392.5
2025-02-03,Medical Research,cpu,20,18,0,208,926,54538,4990,137,6,475,53.7,1144.0
2025-02-05,Medical Research,gpu,23,19,0,135,458,36897,2020,1848,76,338,49.4,742.5
2025-02-06,Medical Research,priority,45,40,0,77,379,8547,4780,1413,7,194,64.8,423.5
2025-02-08,Medical Research,priority,30,28,1,369,263,100104,1918,2018,114,98,78.0,2029.5
2025-02-10,Medical Research,interactive,19,17,0,5,391,2058,3554,685,83,333,50.2,27.5
2025-02-12,Medical Research,interactive,34,28,1,414,61,177977,3304,2113,91,149,83.7,2277.0
2025-02-14,Medical Research,debug,19,17,0,235,428,140549,1874,1261,76,219,72.3,1292.5
2025-02-16,Medical Research,debug,14,12,0,376,233,213481,2380,19,93,142,63.2,2068.0
2025-02-18,Medical Research,cpu,47,40,3,125,224,67114,3847,1085,110,368,45.6,687.5
2025-02-20,Medical Research,cpu,33,30,1,116,66,35767,4345,2445,115,441,52.5,638.0
2025-02-22,Medical Research,gpu,31,27,1,455,713,250780,3128,92,49,387,91.8,2502.5
2025-02-24,Medical Research,gpu,26,23,0,382,974,219234,4815,1934,107,96,40.5,2101.0
2025-02-25,Medical Research,priority,49,45,1,380,694,50240,2287,1974,94,398,80.1,2090.0
2025-02-27,Medical Research,priority,24,23,1,304,857,51635,735,1398,27,464,83.8,1672.0
2025-02-28,Medical Research,interactive,6,5,0,410,250,92292,3730,445,117,247,70.5,2255.0
2025-03-01,Medical Research,interactive,38,36,0,410,27,140005,3664,1144,88,165,59.8,2255.0
2025-03-03,Medical Research,debug,42,40,2,446,690,181554,2629,2129,94,422,33.1,2453.0
2025-03-05,Medical Research,debug,26,24,1,167,823,33418,4412,1785,53,321,60.4,918.5
2025-03-07,Medical Research,cpu,20,17,1,374,571,77966,2511,2249,92,92,57.0,2057.0
2025-03-09,Medical Research,cpu,26,22,1,245,339,42411,1896,205,86,38,80.9,1347.5
2025-03-11,Medical Research,gpu,7,5,0,349,105,192357,3093,2082,76,131,47.6,1919.5
2025-03-12,Medical Research,priority,38,32,2,263,885,61973,1728,790,97,185,75.3,1446.5
2025-03-14,Medical Research,priority,27,23,0,253,265,147368,3720,989,33,478,73.7,1391.5
2025-03-16,Medical Research,interactive,15,13,1,166,589,87745,1113,1189,65,234,46.5,913.0
2025-03-18,Medical Research,interactive,1,0,0,189,109,56666,435,2307,49,404,32.4,1039.5
2025-03-20,Medical Research,debug,13,12,0,157,665,59854,2521,2219,103,72,69.0,863.5
2025-03-22,Medical Research,debug,36,30,2,233,607,120746,737,646,70,176,74.4,1281.5
2025-03-24,Medical Research,cpu,9,8,0,170,327,31670,3860,1991,104,264,59.6,935.0
2025-03-26,Medical Research,cpu,38,35,2,2,93,880,544,2119,13,368,87.9,11.0
2025-03-28,Medical Research,gpu,4,3,0,440,603,49810,1768,1381,24,114,68.2,2420.0
2025-03-28,Medical Research,gpu,33,31,1,162,468,32659,561,1942,76,75,84.5,891.0
2025-04-01,Medical Research,priority,23,21,0,387,471,135799,4332,1253,95,119,48.1,2128.5
2025-04-03,Medical Research,priority,11,10,0,128,54,52483,2054,848,78,18,80.7,704.0
2025-04-05,Medical Research,interactive,45,39,2,197,795,84514,1818,2013,41,401,60.6,1083.5
2025-04-07,Medical Research,interactive,32,28,0,472,958,88216,4883,2415,12,98,33.3,2596.0
2025-04-09,Medical Research,debug,16,15,0,415,810,155056,1923,2419,21,119,40.8,2282.5
2025-04-11,Medical Research,debug,48,44,3,45,898,14252,1741,2403,26,82,63.8,247.5
2025-04-13,Medical Research,cpu,23,22,1,257,194,106633,112,67,32,87,32.0,1413.5
2025-04-15,Medical Research,cpu,16,13,1,195,608,57159,3459,760,29,362,77.4,1072.5
2025-04-17,Medical Research,gpu,22,18,0,342,214,80162,4065,1529,102,406,49.9,1881.0
2025-04-18,Medical Research,priority,17,15,0,237,849,32265,4529,1564,83,125,48.6,1303.5
2025-04-20,Medical Research,priority,24,23,1,277,416,164851,2646,513,61,43,60.8,1523.5
2025-04-22,Medical Research,interactive,43,40,2,151,35,40578,3933,2023,52,221,50.1,830.5
2025-04-24,Medical Research,interactive,42,40,0,345,27,131819,3971,2097,116,300,79.2,1897.5
2025-04-26,Medical Research,debug,35,31,0,68,510,22672,4279,2450,87,225,68.5,374.0
2025-04-28,Medical Research,debug,37,33,1,365,305,38285,2945,1138,29,196,68.7,2007.5
2025-04-28,Medical Research,cpu,4,3,0,46,147,13832,464,2044,59,441,72.7,253.0
2025-05-02,Medical Research,cpu,9,8,0,301,323,162130,4453,179,84,270,60.8,1655.5
2025-05-04,Medical Research,gpu,15,13,0,110,764,19345,933,557,41,430,53.0,605.0
2025-05-06,Medical Research,gpu,34,33,1,130,47,76842,1863,1420,39,207,93.1,715.0
2025-05-07,Medical Research,priority,6,5,0,354,298,115460,4940,1428,119,365,50.1,1947.0
2025-05-09,Medical Research,priority,4,3,0,238,765,55653,2930,371,79,407,35.0,1309.0
2025-05-11,Medical Research,interactive,1,0,0,346,435,105852,2770,822,99,153,94.1,1903.0
2025-05-13,Medical Research,interactive,14,12,0,180,436,58290,4458,1822,102,155,37.9,990.0
2025-05-15,Medical Research,debug,17,16,1,340,666,166728,4676,1174,85,442,72.1,1870.0
2025-05-17,Medical Research,debug,44,39,2,300,17,100641,2430,1845,99,19,79.8,1650.0
2025-05-19,Medical Research,cpu,37,34,2,456,782,207641,1353,1303,59,61,46.3,2508.0
2025-05-21,Medical Research,cpu,22,20,0,85,63,48774,1042,402,27,338,54.1,467.5
2025-05-23,Medical Research,gpu,36,32,1,365,319,158815,4272,1210,110,339,72.7,2007.5
2025-05-24,Medical Research,priority,23,21,1,329,276,89178,1437,280,76,390,64.3,1809.5
2025-05-26,Medical Research,priority,35,30,0,461,619,152726,3857,1309,28,99,93.8,2535.5
2025-05-28,Medical Research,interactive,43,39,1,216,812,84703,4739,1642,65,388,49.4,1188.0
2025-05-28,Medical Research,interactive,10,9,0,22,392,9674,3722,437,32,38,92.4,121.0
2025-06-02,Medical Research,debug,14,12,0,126,428,18194,4307,1574,51,197,43.3,693.0
2025-06-04,Medical Research,debug,32,30,2,315,338,50402,2839,65,74,32,93.0,1732.5
2025-06-06,Medical Research,cpu,19,18,0,190,459,102981,4122,1587,29,317,80.2,1045.0
2025-06-08,Medical Research,cpu,40,38,1,430,30,43374,706,2271,111,322,75.8,2365.0
2025-06-10,Medical Research,gpu,28,24,1,270,748,69160,2396,924,92,169,34.8,1485.0
2025-06-12,Medical Research,gpu,15,12,0,168,706,35808,2591,1419,100,196,36.7,924.0
2025-06-13,Medical Research,priority,49,41,0,433,297,171023,1496,2288,110,340,34.6,2381.5
2025-06-15,Medical Research,priority,5,4,0,439,104,72909,4504,451,25,78,43.2,2414.5
2025-06-17,Medical Research,interactive,39,34,1,494,261,110690,652,1003,91,250,63.3,2717.0
2025-06-19,Medical Research,interactive,7,6,0,309,25,49142,1352,1682,96,107,63.0,1699.5
2025-06-21,Medical Research,debug,43,39,1,236,950,73100,1824,1738,57,36,59.3,1298.0
2025-06-23,Medical Research,debug,14,13,0,175,282,34635,929,315,54,447,64.7,962.5
2025-06-25,Medical Research,cpu,35,30,0,60,808,35627,2384,27,94,301,39.8,330.0
2025-06-27,Medical Research,cpu,36,34,1,197,947,75158,236,1770,10,426,51.1,1083.5
2025-06-28,Medical Research,gpu,8,7,0,408,665,75342,1263,1705,29,325,57.9,2244.0
2025-06-28,Medical Research,priority,7,6,0,51,268,7041,1579,1281,26,473,78.0,280.5
2025-07-02,Medical Research,priority,3,2,0,26,14,5867,1759,440,27,451,56.7,143.0
2025-07-04,Medical Research,interactive,16,14,1,132,515,52222,2365,1594,57,153,41.6,726.0
2025-07-06,Medical Research,interactive,39,37,1,55,362,8631,3135,279,1,479,77.1,302.5
2025-07-08,Medical Research,debug,2,1,0,4,421,1564,3610,1624,101,28,34.8,22.0
2025-07-10,Medical Research,debug,24,22,1,412,244,54154,3638,815,25,47,59.0,2266.0
2025-07-12,Medical Research,cpu,33,31,1,0,481,0,4960,950,113,81,34.2,0.0
2025-07-14,Medical Research,cpu,38,33,1,372,871,183546,3541,2221,73,193,69.3,2046.0
2025-07-16,Medical Research,gpu,41,36,1,1,244,301,4685,388,105,30,34.6,5.5
2025-07-18,Medical Research,gpu,37,32,1,272,861,93045,2056,1279,29,164,52.4,1496.0
2025-07-19,Medical Research,priority,3,2,0,337,306,107356,1449,497,17,151,94.5,1853.5
2025-07-21,Medical Research,priority,32,27,0,330,299,49588,546,554,104,323,83.7,1815.0
2025-07-23,Medical Research,interactive,5,4,0,212,353,122859,3669,2328,89,195,52.7,1166.0
2025-07-25,Medical Research,interactive,47,45,0,406,421,164268,743,1224,33,301,62.9,2233.0
2025-07-27,Medical Research,debug,36,31,1,469,294,114199,4465,423,22,405,43.3,2579.5
2025-07-28,Medical Research,debug,32,30,0,133,410,14132,130,1832,42,205,93.2,731.5
2025-08-01,Medical Research,cpu,34,31,1,340,152,163433,845,1308,97,17,74.9,1870.0
2025-08-03,Medical Research,cpu,33,30,1,173,319,23348,3920,1251,4,212,33.8,951.5
2025-08-05,Medical Research,gpu,30,26,0,145,120,77925,2619,639,90,469,77.0,797.5
2025-08-06,Medical Research,priority,18,16,1,363,130,76328,3023,2440,7,466,85.1,1996.5
2025-08-08,Medical Research,priority,4,3,0,387,146,118410,2476,1733,24,143,39.4,2128.5
2025-08-10,Medical Research,interactive,33,28,1,346,617,87836,1355,2105,77,279,60.7,1903.0
2025-08-12,Medical Research,interactive,38,34,2,294,367,51623,3564,2411,52,219,32.5,1617.0
2025-08-14,Medical Research,debug,14,13,0,191,518,42126,681,2437,71,50,30.1,1050.5
2025-08-16,Medical Research,debug,20,19,1,321,68,67449,3262,252,24,205,31.4,1765.5
2025-08-18,Medical Research,cpu,7,6,0,164,916,55713,4961,316,101,384,91.3,902.0
2025-08-20,Medical Research,cpu,26,24,1,132,171,17761,2257,1974,44,463,69.6,726.0
2025-08-22,Medical Research,gpu,39,33,0,174,175,55449,1483,7,55,406,77.8,957.0
2025-08-24,Medical Research,gpu,25,23,1,356,304,120338,3176,1534,20,103,41.1,1958.0
2025-08-25,Medical Research,priority,43,40,0,232,737,51436,4090,253,29,313,42.5,1276.0
2025-08-27,Medical Research,priority,31,29,0,158,189,88245,4672,165,29,77,38.1,869.0
2025-08-28,Medical Research,interactive,16,15,0,406,588,103585,3329,1652,119,80,62.5,2233.0
2025-09-01,Medical Research,interactive,39,35,0,485,603,186204,3419,1352,7,19,39.7,2667.5
2025-09-03,Medical Research,debug,27,25,0,357,614,52383,2295,839,108,250,45.3,1963.5
2025-09-05,Medical Research,debug,49,43,1,382,271,219393,3193,745,19,198,43.3,2101.0
2025-09-07,Medical Research,cpu,45,39,2,132,298,20147,4160,1923,46,215,46.4,726.0
2025-09-09,Medical Research,cpu,23,19,0,210,403,24708,4194,778,31,375,81.2,1155.0
2025-09-11,Medical Research,gpu,49,44,3,205,137,115112,3629,592,110,224,38.7,1127.5
2025-09-12,Medical Research,priority,14,13,0,208,384,51826,3087,600,51,158,63.6,1144.0
2025-09-14,Medical Research,priority,25,24,0,4,752,668,1504,686,74,210,79.1,22.0
2025-09-16,Medical Research,interactive,28,25,0,60,124,34116,1889,323,1,189,84.2,330.0
2025-09-18,Medical Research,interactive,44,37,3,186,404,76277,3285,343,87,149,34.1,1023.0
2025-09-20,Medical Research,debug,16,15,0,182,230,35641,4882,770,23,300,31.4,1001.0
2025-09-22,Medical Research,debug,21,17,1,167,649,50272,4731,766,55,444,51.5,918.5
2025-09-24,Medical Research,cpu,19,16,0,356,878,117830,4761,1364,13,245,83.6,1958.0
2025-09-26,Medical Research,cpu,32,30,1,450,681,213121,4603,1205,5,295,74.1,2475.0
2025-09-28,Medical Research,gpu,4,3,0,2,549,234,4514,299,66,288,36.7,11.0
2025-09-28,Medical Research,gpu,20,17,1,119,906,70818,2411,1888,98,222,69.6,654.5
2025-10-01,Medical Research,priority,22,20,0,77,323,23629,3664,857,13,450,55.3,423.5
2025-10-03,Medical Research,priority,38,35,2,63,915,19018,1856,2041,33,421,66.7,346.5
2025-10-05,Medical Research,interactive,36,30,0,439,428,252738,1282,1369,32,232,45.6,2414.5
2025-10-07,Medical Research,interactive,26,24,1,166,486,43770,2340,670,84,43,57.1,913.0
2025-10-09,Medical Research,debug,36,32,2,318,173,73155,4227,231,12,360,73.6,1749.0
2025-10-11,Medical Research,debug,13,12,0,396,515,60563,81,513,84,10,94.2,2178.0
2025-10-13,Medical Research,cpu,40,34,0,292,701,61977,360,2227,91,63,79.1,1606.0
2025-10-15,Medical Research,cpu,13,12,0,157,448,16716,3094,1733,24,334,77.3,863.5
2025-10-17,Medical Research,gpu,14,12,0,466,150,82576,3385,1724,36,402,70.8,2563.0
2025-10-18,Medical Research,priority,28,24,1,312,180,163149,2693,1480,63,212,89.5,1716.0
2025-10-20,Medical Research,priority,40,36,1,61,500,18010,2320,1326,42,335,48.2,335.5
2025-10-22,Medical Research,interactive,34,30,2,447,534,119040,4452,663,47,97,48.4,2458.5
2025-10-24,Medical Research,interactive,38,36,1,428,354,111709,1058,207,86,75,71.2,2354.0
2025-10-26,Medical Research,debug,37,35,1,448,348,137410,3929,1209,14,173,92.3,2464.0
2025-10-28,Medical Research,debug,4,3,0,191,773,82707,3706,2298,98,237,61.8,1050.5
2025-10-28,Medical Research,cpu,14,13,0,89,191,22144,529,2424,12,208,51.9,489.5
2025-11-02,Medical Research,cpu,31,27,1,388,822,134630,2048,1230,13,203,74.4,2134.0
2025-11-04,Medical Research,gpu,17,16,1,151,997,55198,3531,1280,34,411,94.4,830.5
2025-11-06,Medical Research,gpu,23,22,0,36,270,9137,49,547,44,167,36.2,198.0
2025-11-07,Medical Research,priority,36,30,1,248,177,41162,3822,333,24,117,46.7,1364.0
2025-11-09,Medical Research,priority,11,9,0,70,176,25690,3096,1255,68,236,33.6,385.0
2025-11-11,Medical Research,interactive,7,6,0,401,251,183112,2267,1950,118,91,79.0,2205.5
2025-11-13,Medical Research,interactive,34,33,1,475,281,157737,1354,748,42,274,67.8,2612.5
2025-11-15,Medical Research,debug,21,19,1,26,827,13995,1258,136,15,43,81.2,143.0
2025-11-17,Medical Research,debug,43,36,0,228,464,36136,3437,656,42,254,82.9,1254.0
2025-11-19,Medical Research,cpu,44,42,0,367,729,210021,2754,428,41,292,54.7,2018.5
2025-11-21,Medical Research,cpu,8,6,0,241,425,95403,1143,173,4,345,30.8,1325.5
2025-11-23,Medical Research,gpu,36,33,2,73,238,43355,4875,377,53,188,35.2,401.5
2025-11-24,Medical Research,priority,18,16,1,203,661,107778,3810,1998,111,69,89.5,1116.5
2025-11-26,Medical Research,priority,26,23,0,101,701,26000,2389,1633,101,415,30.2,555.5
2025-11-28,Medical Research,interactive,35,32,0,253,137,55979,3728,2448,34,120,79.2,1391.5
2025-11-28,Medical Research,interactive,34,31,0,432,352,96519,2378,1182,32,238,58.0,2376.0
2025-12-02,Medical Research,debug,14,13,0,465,879,99712,126,1719,40,81,91.3,2557.5
2025-12-04,Medical Research,debug,44,42,1,412,193,232713,2329,493,12,87,35.6,2266.0
2025-12-06,Medical Research,cpu,32,31,2,370,589,129944,2364,838,102,110,84.4,2035.0
2025-12-08,Medical Research,cpu,42,41,1,395,103,234690,2169,585,84,307,83.8,2172.5
2025-12-10,Medical Research,gpu,33,30,1,235,469,93909,3740,1995,30,444,46.7,1292.5
2025-12-12,Medical Research,gpu,24,20,0,317,608,60368,175,2488,58,272,37.6,1743.5
2025-12-13,Medical Research,priority,9,8,0,127,78,42711,1763,1305,40,313,84.7,698.5
2025-12-15,Medical Research,priority,39,35,0,392,390,87539,4816,1773,88,285,43.6,2156.0
2025-12-17,Medical Research,interactive,29,25,0,55,106,13779,4101,129,105,204,69.7,302.5
2025-12-19,Medical Research,interactive,30,25,2,210,691,98378,2447,1452,32,89,54.8,1155.0
2025-12-21,Medical Research,debug,38,33,1,196,813,26059,2205,1848,62,99,66.7,1078.0
2025-12-23,Medical Research,debug,36,34,0,297,370,56944,3436,1835,83,233,53.0,1633.5
2025-12-25,Medical Research,cpu,33,31,1,498,715,278384,256,1457,34,141,45.7,2739.0
2025-12-27,Medical Research,cpu,20,17,0,146,828,40278,3685,712,21,145,40.5,803.0
2025-12-28,Medical Research,gpu,29,25,0,451,464,165663,671,1047,64,251,37.6,2480.5
