Date,Node_ID,Row,Primary_Department,Avg_GPU_Utilization_PCT,Avg_Memory_Utilization_PCT,Avg_SM_Clock_MHz,Avg_Power_W,Max_Temperature_C,ECC_Correctable_Errors,ECC_Uncorrectable_Errors,XID_Errors,Jobs_Run,Total_GPU_Hours,PCIe_Replay_Count,NVLink_Errors,Fan_Speed_PCT
2025-07-01,hpc-gpu-001,A,Physics,99.8,85.5,1410,398.0,81.6,0,0,0,10,191.7,2,1,105.0
2025-07-01,hpc-gpu-049,C,Physics,98.1,61.3,1147,389.0,96.9,0,0,0,6,188.4,3,1,123.0
2025-07-01,hpc-gpu-050,C,Biology,74.6,62.9,1410,388.0,85.7,0,0,0,8,143.2,3,1,102.0
2025-07-01,hpc-gpu-051,C,Chemistry,89.1,71.4,1312,361.0,86.0,0,0,0,4,171.1,3,0,104.0
2025-07-01,hpc-gpu-052,C,Computer Science,62.1,52.0,1410,349.0,77.7,0,0,0,3,119.1,0,1,92.0
2025-07-01,hpc-gpu-055,C,Engineering,80.6,63.9,1410,380.0,85.6,0,0,0,11,154.8,0,1,107.0
2025-07-01,hpc-gpu-056,C,Medical Research,88.6,79.1,1158,385.0,89.6,0,0,0,10,170.1,1,1,113.0
2025-07-01,hpc-gpu-057,C,Physics,100.0,93.2,1194,393.0,88.5,0,0,0,11,192.0,2,1,112.0
2025-07-01,hpc-gpu-058,C,Biology,91.0,83.4,1372,367.0,89.7,0,0,0,3,174.7,3,1,109.0
2025-07-01,hpc-gpu-059,C,Chemistry,78.3,67.4,1410,366.0,84.9,0,0,0,7,150.3,0,1,103.0
2025-07-01,hpc-gpu-060,C,Computer Science,72.5,54.6,1410,344.0,81.1,0,0,0,11,139.3,4,1,97.0
2025-07-01,hpc-gpu-061,C,Earth Sciences,61.7,48.4,1410,363.0,77.6,0,0,0,5,118.6,2,1,96.0
2025-07-01,hpc-gpu-064,C,Medical Research,92.7,86.4,1155,404.0,91.1,0,0,0,10,177.9,4,0,110.0
2025-07-01,hpc-gpu-065,C,Physics,95.3,84.2,1187,391.0,93.2,0,0,0,0,182.9,1,0,114.0
2025-07-01,hpc-gpu-066,C,Biology,93.9,70.0,1405,399.0,97.2,0,0,0,6,180.3,4,0,124.0
2025-07-01,hpc-gpu-067,C,Chemistry,73.2,47.2,1410,349.0,78.8,0,0,0,1,140.5,3,0,97.0
2025-07-01,hpc-gpu-068,C,Computer Science,75.9,48.6,1410,380.0,88.7,0,0,0,11,145.8,0,1,111.0
2025-07-01,hpc-gpu-069,C,Earth Sciences,61.3,47.1,1410,381.0,79.2,0,0,0,6,117.6,3,1,97.0
2025-07-01,hpc-gpu-071,C,Engineering,93.1,65.6,1305,392.0,85.9,0,0,0,10,178.8,2,1,105.0
2025-07-01,hpc-gpu-072,C,Medical Research,89.3,64.3,1300,373.0,89.6,0,0,0,2,171.5,2,0,111.0
2025-07-02,hpc-gpu-049,C,Physics,89.6,56.4,1256,380.0,87.4,0,0,0,7,172.0,4,0,109.0
2025-07-02,hpc-gpu-050,C,Biology,83.1,53.6,1410,401.0,85.2,0,0,0,4,159.6,4,1,104.0
2025-07-02,hpc-gpu-051,C,Chemistry,77.1,48.1,1410,383.0,82.7,0,0,0,0,148.0,1,1,103.0
2025-07-02,hpc-gpu-055,C,Engineering,71.4,50.9,1410,363.0,80.7,0,0,0,7,137.1,3,1,99.0
2025-07-02,hpc-gpu-056,C,Medical Research,96.7,87.2,1203,378.0,91.3,0,0,0,7,185.6,2,1,114.0
2025-07-02,hpc-gpu-057,C,Physics,92.9,81.7,1230,393.0,87.8,0,0,0,11,178.4,3,1,108.0
2025-07-02,hpc-gpu-058,C,Biology,71.7,57.0,1410,363.0,80.8,0,0,0,1,137.7,2,1,96.0
2025-07-02,hpc-gpu-059,C,Chemistry,73.5,46.0,1410,373.0,79.2,0,0,0,8,141.1,0,1,97.0
2025-07-02,hpc-gpu-060,C,Computer Science,52.4,45.8,1410,352.0,67.1,0,0,0,8,100.7,3,1,77.0
2025-07-02,hpc-gpu-061,C,Earth Sciences,67.4,62.7,1410,358.0,80.7,0,0,0,3,129.5,1,1,97.0
2025-07-02,hpc-gpu-063,C,Engineering,100.0,90.5,1233,405.0,97.1,0,0,0,10,192.0,3,1,125.0
2025-07-02,hpc-gpu-064,C,Medical Research,94.2,74.6,1389,425.0,90.1,0,0,0,10,181.0,1,1,111.0
2025-07-02,hpc-gpu-065,C,Physics,100.0,76.8,1168,416.0,91.6,0,0,0,2,192.0,3,1,116.0
2025-07-02,hpc-gpu-066,C,Biology,78.2,47.5,1410,359.0,85.7,0,0,0,11,150.1,1,0,108.0
2025-07-02,hpc-gpu-067,C,Chemistry,71.7,43.8,1410,375.0,83.2,0,0,0,7,137.6,3,0,99.0
2025-07-02,hpc-gpu-068,C,Computer Science,58.5,42.2,1410,335.0,82.8,0,0,0,1,112.3,1,1,98.0
2025-07-02,hpc-gpu-070,C,Mathematics,58.5,47.4,1410,338.0,79.3,0,0,0,5,112.3,4,0,94.0
2025-07-02,hpc-gpu-071,C,Engineering,90.6,68.4,1180,385.0,90.7,0,0,0,8,173.9,3,1,114.0
2025-07-02,hpc-gpu-072,C,Medical Research,75.9,68.3,1410,376.0,81.0,0,0,0,6,145.6,2,1,100.0
2025-07-03,hpc-gpu-049,C,Physics,90.8,56.4,1160,371.0,91.9,0,0,0,5,174.3,3,1,113.0
2025-07-03,hpc-gpu-050,C,Biology,89.5,78.3,1213,394.0,87.3,0,0,0,10,171.8,0,1,108.0
2025-07-03,hpc-gpu-051,C,Chemistry,71.5,55.9,1410,383.0,78.5,0,0,0,2,137.2,4,0,97.0
2025-07-03,hpc-gpu-052,C,Computer Science,70.6,53.8,1410,330.0,79.6,0,0,0,9,135.6,3,1,96.0
2025-07-03,hpc-gpu-055,C,Engineering,89.0,61.2,1229,386.0,89.4,0,0,0,3,171.0,2,1,114.0
2025-07-03,hpc-gpu-056,C,Medical Research,87.9,71.8,1390,351.0,91.9,0,0,0,1,168.7,2,1,112.0
2025-07-03,hpc-gpu-057,C,Physics,100.0,87.6,1269,394.0,94.4,0,0,0,2,192.0,2,0,120.0
2025-07-03,hpc-gpu-058,C,Biology,72.4,67.4,1410,360.0,81.8,0,0,0,7,139.0,4,0,98.0
2025-07-03,hpc-gpu-059,C,Chemistry,79.1,49.4,1410,390.0,82.3,0,0,0,0,151.9,1,0,101.0
2025-07-03,hpc-gpu-060,C,Computer Science,86.3,56.0,1389,393.0,90.3,0,0,0,6,165.7,3,1,112.0
2025-07-03,hpc-gpu-063,C,Engineering,85.7,78.7,1314,375.0,90.7,0,0,0,10,164.6,1,0,112.0
2025-07-03,hpc-gpu-064,C,Medical Research,86.1,75.0,1144,388.0,80.9,0,0,0,3,165.3,4,0,100.0
2025-07-03,hpc-gpu-065,C,Physics,100.0,66.9,1173,379.0,93.7,0,0,0,6,192.0,2,0,114.0
2025-07-03,hpc-gpu-066,C,Biology,83.4,76.5,1410,378.0,84.5,0,0,0,11,160.1,2,0,102.0
2025-07-03,hpc-gpu-067,C,Chemistry,92.2,58.0,1379,376.0,92.5,0,0,0,4,177.0,4,1,113.0
2025-07-03,hpc-gpu-068,C,Computer Science,67.5,55.5,1410,350.0,76.6,0,0,0,0,129.6,3,0,89.0
2025-07-03,hpc-gpu-071,C,Engineering,92.9,59.0,1248,401.0,89.9,0,0,0,8,178.4,0,0,111.0
2025-07-03,hpc-gpu-072,C,Medical Research,82.4,72.7,1410,375.0,87.1,0,0,0,1,158.2,1,0,105.0
2025-07-04,hpc-gpu-049,C,Physics,98.4,79.8,1206,401.0,89.3,0,0,0,4,188.9,3,1,113.0
2025-07-04,hpc-gpu-050,C,Biology,95.7,79.0,1123,393.0,87.8,0,0,0,9,183.8,0,1,110.0
2025-07-04,hpc-gpu-051,C,Chemistry,72.0,50.2,1410,385.0,80.8,0,0,0,10,138.3,2,0,100.0
2025-07-04,hpc-gpu-052,C,Computer Science,74.8,53.9,1410,371.0,82.5,0,0,0,8,143.7,1,1,101.0
2025-07-04,hpc-gpu-055,C,Engineering,89.8,61.5,1341,395.0,89.8,0,0,0,10,172.4,1,1,112.0
2025-07-04,hpc-gpu-056,C,Medical Research,83.2,66.5,1410,377.0,80.8,0,0,0,5,159.8,1,1,99.0
2025-07-04,hpc-gpu-057,C,Physics,89.3,75.4,1112,409.0,93.0,0,0,0,7,171.4,3,0,114.0
2025-07-04,hpc-gpu-058,C,Biology,82.6,56.3,1410,405.0,86.8,0,0,0,5,158.6,3,0,108.0
2025-07-04,hpc-gpu-059,C,Chemistry,79.4,58.1,1410,388.0,85.1,0,0,0,7,152.5,1,0,106.0
2025-07-04,hpc-gpu-060,C,Computer Science,73.7,63.0,1410,371.0,76.6,0,0,0,9,141.5,3,0,91.0
2025-07-04,hpc-gpu-061,C,Earth Sciences,57.9,45.1,1410,367.0,76.8,0,0,0,2,111.2,0,0,94.0
2025-07-04,hpc-gpu-063,C,Engineering,79.8,74.6,1410,391.0,85.5,0,0,0,10,153.2,2,0,103.0
2025-07-04,hpc-gpu-064,C,Medical Research,82.9,64.7,1410,371.0,86.4,0,0,0,6,159.1,1,1,109.0
2025-07-04,hpc-gpu-065,C,Physics,100.0,88.8,1327,392.0,92.5,0,0,0,2,192.0,3,1,112.0
2025-07-04,hpc-gpu-066,C,Biology,82.3,51.4,1410,343.0,88.9,0,0,0,3,158.1,1,0,108.0
2025-07-04,hpc-gpu-067,C,Chemistry,81.1,53.0,1410,399.0,83.1,0,0,0,4,155.8,4,1,103.0
2025-07-04,hpc-gpu-068,C,Computer Science,80.2,63.1,1410,370.0,82.3,0,0,0,7,154.1,4,0,103.0
2025-07-04,hpc-gpu-069,C,Earth Sciences,65.9,40.7,1410,363.0,78.1,0,0,0,8,126.6,4,0,92.0
2025-07-04,hpc-gpu-071,C,Engineering,81.4,65.7,1410,403.0,84.4,0,0,0,10,156.3,1,0,102.0
2025-07-04,hpc-gpu-072,C,Medical Research,91.6,71.6,1272,387.0,97.4,0,0,0,8,175.9,2,0,121.0
2025-07-05,hpc-gpu-050,C,Biology,47.6,29.5,1410,366.0,64.2,0,0,0,7,91.4,3,1,71.0
2025-07-05,hpc-gpu-056,C,Medical Research,64.9,56.3,1410,327.0,82.0,0,0,0,5,124.5,2,1,102.0
2025-07-05,hpc-gpu-057,C,Physics,69.9,51.9,1410,364.0,78.6,0,0,0,0,134.3,0,0,95.0
2025-07-05,hpc-gpu-062,C,Mathematics,23.0,18.6,1410,333.0,59.1,0,0,0,3,44.2,4,0,67.0
2025-07-05,hpc-gpu-065,C,Physics,74.0,56.7,1410,361.0,84.1,0,0,0,2,142.1,3,0,100.0
2025-07-05,hpc-gpu-066,C,Biology,59.6,54.7,1410,367.0,84.3,0,0,0,0,114.4,0,1,102.0
2025-07-05,hpc-gpu-071,C,Engineering,68.7,48.8,1410,383.0,78.0,0,0,0,9,131.8,4,1,95.0
2025-07-05,hpc-gpu-072,C,Medical Research,62.6,52.4,1410,332.0,75.5,0,0,0,11,120.2,2,1,92.0
2025-07-06,hpc-gpu-063,C,Engineering,61.2,51.3,1410,372.0,75.3,0,0,0,10,117.5,3,1,91.0
2025-07-07,hpc-gpu-049,C,Physics,97.0,87.3,1169,361.0,92.9,0,0,0,7,186.2,0,0,117.0
2025-07-07,hpc-gpu-050,C,Biology,68.8,58.7,1410,371.0,79.3,0,0,0,9,132.1,0,0,94.0
2025-07-07,hpc-gpu-051,C,Chemistry,74.9,47.2,1410,400.0,83.2,0,0,0,7,143.7,0,0,100.0
2025-07-07,hpc-gpu-052,C,Computer Science,75.6,66.1,1410,371.0,90.4,0,0,0,9,145.2,0,1,110.0
2025-07-07,hpc-gpu-055,C,Engineering,95.9,87.2,1234,373.0,94.2,0,0,0,2,184.1,1,0,118.0
2025-07-07,hpc-gpu-056,C,Medical Research,97.9,68.7,1132,387.0,88.3,0,0,0,8,188.0,1,0,111.0
2025-07-07,hpc-gpu-057,C,Physics,86.0,53.5,1126,389.0,86.7,0,0,0,1,165.1,2,1,105.0
2025-07-07,hpc-gpu-059,C,Chemistry,73.5,63.3,1410,372.0,81.1,0,0,0,3,141.1,4,0,97.0
2025-07-07,hpc-gpu-060,C,Computer Science,75.1,48.5,1410,360.0,82.4,0,0,0,2,144.2,3,0,100.0
2025-07-07,hpc-gpu-063,C,Engineering,93.1,68.5,1312,394.0,91.0,0,0,0,0,178.7,0,1,111.0
2025-07-07,hpc-gpu-064,C,Medical Research,100.0,92.3,1337,387.0,88.3,0,0,0,5,192.0,3,0,109.0
2025-07-07,hpc-gpu-065,C,Physics,100.0,94.2,1313,413.0,95.6,0,0,0,2,192.0,0,0,120.0
2025-07-07,hpc-gpu-066,C,Biology,93.3,64.9,1151,377.0,89.5,0,0,0,11,179.1,3,0,111.0
2025-07-07,hpc-gpu-067,C,Chemistry,68.6,57.1,1410,347.0,78.5,0,0,0,5,131.8,3,0,97.0
2025-07-07,hpc-gpu-068,C,Computer Science,80.3,56.1,1410,357.0,86.8,0,0,0,7,154.1,2,0,109.0
2025-07-07,hpc-gpu-069,C,Earth Sciences,65.1,55.4,1410,365.0,81.0,0,0,0,11,125.0,3,0,101.0
2025-07-07,hpc-gpu-071,C,Engineering,81.9,60.6,1410,396.0,90.4,0,0,0,3,157.2,3,1,111.0
2025-07-07,hpc-gpu-072,C,Medical Research,89.9,78.4,1111,381.0,86.4,0,0,0,4,172.5,1,1,107.0
2025-07-08,hpc-gpu-049,C,Physics,100.0,72.0,1200,419.0,91.1,0,0,0,6,192.0,3,0,113.0
2025-07-08,hpc-gpu-050,C,Biology,100.0,65.1,1182,387.0,98.0,0,0,0,11,192.0,4,1,124.0
2025-07-08,hpc-gpu-051,C,Chemistry,84.5,63.0,1410,391.0,88.4,0,0,0,10,162.2,1,1,111.0
2025-07-08,hpc-gpu-052,C,Computer Science,68.7,42.5,1410,373.0,80.0,0,0,0,0,131.8,1,0,97.0
2025-07-08,hpc-gpu-053,C,Earth Sciences,64.3,40.4,1410,386.0,77.2,0,0,0,9,123.5,3,0,91.0
2025-07-08,hpc-gpu-055,C,Engineering,80.7,53.1,1410,391.0,86.9,0,0,0,5,154.9,2,0,109.0
2025-07-08,hpc-gpu-056,C,Medical Research,88.5,54.0,1164,398.0,80.2,0,0,0,4,169.9,2,0,99.0
2025-07-08,hpc-gpu-057,C,Physics,94.4,88.8,1319,367.0,91.4,0,0,0,7,181.3,2,1,115.0
2025-07-08,hpc-gpu-058,C,Biology,84.4,72.3,1410,369.0,86.0,0,0,0,11,162.1,1,0,108.0
2025-07-08,hpc-gpu-059,C,Chemistry,75.0,53.9,1410,379.0,81.1,0,0,0,8,144.1,0,0,96.0
2025-07-08,hpc-gpu-060,C,Computer Science,74.0,60.5,1410,359.0,79.7,0,0,0,4,142.1,2,1,94.0
2025-07-08,hpc-gpu-063,C,Engineering,70.4,66.0,1410,387.0,80.6,0,0,0,10,135.1,0,1,97.0
2025-07-08,hpc-gpu-064,C,Medical Research,77.5,65.5,1410,352.0,90.2,0,0,0,3,148.8,4,1,110.0
2025-07-08,hpc-gpu-065,C,Physics,89.4,77.6,1385,395.0,87.6,0,0,0,2,171.6,3,1,106.0
2025-07-08,hpc-gpu-066,C,Biology,82.0,53.7,1410,382.0,83.7,0,0,0,8,157.5,2,1,104.0
2025-07-08,hpc-gpu-067,C,Chemistry,75.7,57.5,1410,382.0,82.5,0,0,0,1,145.4,3,1,98.0
2025-07-08,hpc-gpu-068,C,Computer Science,74.9,52.7,1410,377.0,80.6,0,0,0,7,143.8,1,0,97.0
2025-07-08,hpc-gpu-071,C,Engineering,95.4,76.7,1122,393.0,95.5,0,0,0,2,183.2,4,0,118.0
2025-07-08,hpc-gpu-072,C,Medical Research,89.9,64.7,1260,383.0,90.9,0,0,0,5,172.7,0,0,110.0
2025-07-09,hpc-gpu-049,C,Physics,94.1,72.4,1305,380.0,89.0,0,0,0,6,180.6,2,1,111.0
2025-07-09,hpc-gpu-050,C,Biology,81.0,52.5,1410,386.0,90.3,0,0,0,6,155.4,4,0,114.0
2025-07-09,hpc-gpu-051,C,Chemistry,89.3,60.6,1112,376.0,89.8,0,0,0,3,171.4,3,1,113.0
2025-07-09,hpc-gpu-052,C,Computer Science,71.7,47.8,1410,369.0,81.4,0,0,0,8,137.7,1,1,99.0
2025-07-09,hpc-gpu-053,C,Earth Sciences,63.0,41.1,1410,401.0,78.0,0,0,0,2,121.0,1,0,92.0
2025-07-09,hpc-gpu-055,C,Engineering,93.2,84.5,1208,373.0,92.4,0,0,0,5,179.0,0,0,113.0
2025-07-09,hpc-gpu-056,C,Medical Research,97.5,84.2,1248,414.0,85.6,0,0,0,11,187.2,4,0,108.0
2025-07-09,hpc-gpu-057,C,Physics,100.0,88.1,1207,391.0,97.9,0,0,0,2,192.0,0,1,123.0
2025-07-09,hpc-gpu-058,C,Biology,87.2,71.0,1305,396.0,83.9,0,0,0,8,167.5,1,1,103.0
2025-07-09,hpc-gpu-059,C,Chemistry,91.8,84.1,1306,400.0,83.1,0,0,0,5,176.3,2,1,103.0
2025-07-09,hpc-gpu-060,C,Computer Science,69.3,52.2,1410,358.0,76.1,0,0,0,2,133.0,4,0,93.0
2025-07-09,hpc-gpu-063,C,Engineering,81.6,63.7,1410,387.0,83.4,0,0,0,5,156.6,1,0,102.0
2025-07-09,hpc-gpu-064,C,Medical Research,92.4,70.5,1186,388.0,90.5,0,0,0,9,177.4,3,1,110.0
2025-07-09,hpc-gpu-065,C,Physics,84.2,59.0,1410,394.0,87.8,0,0,0,2,161.6,1,0,109.0
2025-07-09,hpc-gpu-066,C,Biology,82.8,62.8,1410,379.0,79.4,0,0,0,3,159.0,1,0,95.0
2025-07-09,hpc-gpu-067,C,Chemistry,77.0,68.5,1410,394.0,80.4,0,0,0,0,147.9,3,0,96.0
2025-07-09,hpc-gpu-070,C,Mathematics,60.2,52.9,1410,344.0,72.6,0,0,0,8,115.5,2,0,86.0
2025-07-09,hpc-gpu-071,C,Engineering,90.5,83.8,1337,399.0,88.6,0,0,0,4,173.8,1,0,107.0
2025-07-09,hpc-gpu-072,C,Medical Research,94.1,69.2,1403,391.0,94.5,0,0,0,10,180.6,4,0,116.0
2025-07-10,hpc-gpu-049,C,Physics,93.7,80.9,1235,416.0,90.6,0,0,0,10,179.9,4,1,114.0
2025-07-10,hpc-gpu-050,C,Biology,96.6,72.7,1184,396.0,96.9,0,0,0,2,185.4,0,1,122.0
2025-07-10,hpc-gpu-051,C,Chemistry,69.8,53.6,1410,357.0,80.1,0,0,0,5,134.0,0,1,98.0
2025-07-10,hpc-gpu-052,C,Computer Science,70.0,57.9,1410,346.0,83.4,0,0,0,8,134.4,0,0,103.0
2025-07-10,hpc-gpu-053,C,Earth Sciences,56.2,35.6,1410,357.0,68.7,0,0,0,0,107.9,1,0,82.0
2025-07-10,hpc-gpu-055,C,Engineering,87.6,82.3,1290,349.0,91.4,0,0,0,5,168.1,1,0,113.0
2025-07-10,hpc-gpu-056,C,Medical Research,81.3,75.2,1410,399.0,85.3,0,0,0,9,156.0,0,0,104.0
2025-07-10,hpc-gpu-057,C,Physics,100.0,83.0,1395,386.0,90.7,0,0,0,7,192.0,0,0,115.0
2025-07-10,hpc-gpu-058,C,Biology,93.0,69.7,1299,393.0,87.2,0,0,0,6,178.6,3,1,109.0
2025-07-10,hpc-gpu-059,C,Chemistry,62.4,41.6,1410,340.0,80.1,0,0,0,5,119.8,0,1,94.0
2025-07-10,hpc-gpu-060,C,Computer Science,66.6,45.5,1410,369.0,76.7,0,0,0,7,127.9,3,1,93.0
2025-07-10,hpc-gpu-061,C,Earth Sciences,75.6,57.3,1410,367.0,81.2,0,0,0,7,145.2,2,0,100.0
2025-07-10,hpc-gpu-063,C,Engineering,98.0,69.0,1221,411.0,98.0,0,0,0,5,188.2,0,0,129.0
2025-07-10,hpc-gpu-064,C,Medical Research,88.1,56.6,1138,352.0,88.4,0,0,0,0,169.1,0,1,106.0
2025-07-10,hpc-gpu-065,C,Physics,99.3,84.8,1137,393.0,90.4,0,0,0,6,190.7,2,1,114.0
2025-07-10,hpc-gpu-066,C,Biology,91.8,80.4,1316,388.0,93.9,0,0,0,5,176.3,0,0,116.0
2025-07-10,hpc-gpu-068,C,Computer Science,81.7,76.8,1410,398.0,86.1,0,0,0,2,156.8,0,0,104.0
2025-07-10,hpc-gpu-069,C,Earth Sciences,49.7,32.3,1410,372.0,65.9,0,0,0,7,95.3,1,1,77.0
2025-07-10,hpc-gpu-071,C,Engineering,85.1,57.4,1325,379.0,86.9,0,0,0,1,163.5,1,0,106.0
2025-07-10,hpc-gpu-072,C,Medical Research,100.0,91.2,1240,409.0,97.5,0,0,0,8,192.0,2,1,123.0
2025-07-11,hpc-gpu-049,C,Physics,95.0,83.3,1189,388.0,94.4,0,0,0,4,182.4,2,1,117.0
2025-07-11,hpc-gpu-050,C,Biology,80.4,73.6,1410,380.0,85.4,0,0,0,4,154.3,0,0,104.0
2025-07-11,hpc-gpu-052,C,Computer Science,75.4,51.2,1410,383.0,82.1,0,0,0,9,144.8,4,1,100.0
2025-07-11,hpc-gpu-053,C,Earth Sciences,62.0,52.2,1410,362.0,76.2,0,0,0,1,119.0,1,0,93.0
2025-07-11,hpc-gpu-056,C,Medical Research,99.3,91.9,1322,409.0,96.7,0,0,0,7,190.7,0,1,120.0
2025-07-11,hpc-gpu-057,C,Physics,88.4,73.9,1259,399.0,93.6,0,0,0,9,169.8,1,0,118.0
2025-07-11,hpc-gpu-058,C,Biology,80.5,61.3,1410,380.0,85.4,0,0,0,10,154.6,3,0,107.0
2025-07-11,hpc-gpu-059,C,Chemistry,74.6,70.1,1410,355.0,79.9,0,0,0,11,143.3,4,1,99.0
2025-07-11,hpc-gpu-060,C,Computer Science,76.6,71.7,1410,376.0,88.3,0,0,0,2,147.0,2,0,108.0
2025-07-11,hpc-gpu-064,C,Medical Research,89.8,80.7,1189,418.0,93.2,0,0,0,11,172.4,2,1,115.0
2025-07-11,hpc-gpu-065,C,Physics,89.6,83.8,1183,393.0,80.7,0,0,0,4,172.0,4,1,100.0
2025-07-11,hpc-gpu-066,C,Biology,90.6,83.9,1366,384.0,94.4,0,0,0,4,173.9,4,1,118.0
2025-07-11,hpc-gpu-068,C,Computer Science,70.7,51.8,1410,404.0,79.4,0,0,0,9,135.7,3,1,97.0
2025-07-11,hpc-gpu-071,C,Engineering,90.6,72.3,1275,377.0,86.1,0,0,0,0,174.0,2,0,105.0
2025-07-11,hpc-gpu-072,C,Medical Research,83.4,76.9,1410,387.0,84.6,0,0,0,7,160.2,4,0,105.0
2025-07-12,hpc-gpu-049,C,Physics,72.8,53.0,1410,359.0,82.3,0,0,0,0,139.8,4,1,99.0
2025-07-12,hpc-gpu-050,C,Biology,63.6,42.8,1410,357.0,75.6,0,0,0,11,122.0,0,0,91.0
2025-07-12,hpc-gpu-051,C,Chemistry,74.0,55.6,1410,347.0,82.8,0,0,0,4,142.0,1,1,98.0
2025-07-12,hpc-gpu-059,C,Chemistry,65.9,60.2,1410,360.0,77.0,0,0,0,7,126.5,3,0,94.0
2025-07-12,hpc-gpu-064,C,Medical Research,63.3,52.1,1410,354.0,81.7,0,0,0,0,121.5,2,0,100.0
2025-07-13,hpc-gpu-055,C,Engineering,62.1,38.3,1410,365.0,74.6,0,0,0,2,119.2,1,1,91.0
2025-07-13,hpc-gpu-057,C,Physics,80.1,75.3,1410,381.0,88.4,0,0,0,1,153.7,4,0,106.0
2025-07-13,hpc-gpu-069,C,Earth Sciences,41.5,33.2,1410,320.0,75.3,0,0,0,1,79.7,1,0,87.0
2025-07-14,hpc-gpu-049,C,Physics,84.9,57.6,1410,382.0,85.6,0,0,0,5,163.0,3,0,106.0
2025-07-14,hpc-gpu-050,C,Biology,68.8,51.2,1410,369.0,80.6,0,0,0,9,132.1,3,0,96.0
2025-07-14,hpc-gpu-051,C,Chemistry,67.0,60.8,1410,356.0,88.0,0,0,0,8,128.6,4,0,107.0
2025-07-14,hpc-gpu-053,C,Earth Sciences,63.2,46.9,1410,367.0,79.9,0,0,0,6,121.3,4,0,96.0
2025-07-14,hpc-gpu-055,C,Engineering,84.4,53.9,1410,384.0,85.1,0,0,0,5,162.0,3,1,104.0
2025-07-14,hpc-gpu-056,C,Medical Research,90.2,72.4,1155,366.0,87.1,0,0,0,8,173.3,0,1,109.0
2025-07-14,hpc-gpu-057,C,Physics,100.0,69.3,1190,412.0,88.0,0,0,0,5,192.0,0,1,111.0
2025-07-14,hpc-gpu-058,C,Biology,81.6,73.2,1410,385.0,89.8,0,0,0,3,156.7,1,1,109.0
2025-07-14,hpc-gpu-059,C,Chemistry,92.1,70.4,1401,367.0,93.5,0,0,0,6,176.9,1,1,114.0
2025-07-14,hpc-gpu-060,C,Computer Science,85.9,53.6,1325,376.0,84.5,0,0,0,6,164.9,3,0,102.0
2025-07-14,hpc-gpu-063,C,Engineering,83.5,73.8,1410,377.0,84.5,0,0,0,1,160.4,2,0,104.0
2025-07-14,hpc-gpu-064,C,Medical Research,89.0,56.3,1181,378.0,86.9,0,0,0,1,170.9,1,0,108.0
2025-07-14,hpc-gpu-065,C,Physics,100.0,65.8,1371,393.0,96.8,0,0,0,1,192.0,3,0,120.0
2025-07-14,hpc-gpu-066,C,Biology,82.6,67.2,1410,364.0,87.1,0,0,0,2,158.6,0,0,105.0
2025-07-14,hpc-gpu-067,C,Chemistry,88.3,54.3,1147,366.0,88.4,0,0,0,8,169.5,4,0,107.0
2025-07-14,hpc-gpu-068,C,Computer Science,66.9,46.3,1410,353.0,83.7,0,0,0,0,128.5,1,0,100.0
2025-07-14,hpc-gpu-071,C,Engineering,84.5,65.3,1410,366.0,85.9,0,0,0,5,162.3,1,1,104.0
2025-07-14,hpc-gpu-072,C,Medical Research,74.1,50.1,1410,391.0,77.2,0,0,0,10,142.2,0,0,95.0
2025-07-15,hpc-gpu-049,C,Physics,86.6,63.5,1399,381.0,84.4,0,0,0,8,166.2,4,0,105.0
2025-07-15,hpc-gpu-050,C,Biology,93.8,84.6,1218,419.0,87.4,0,0,0,10,180.1,1,0,105.0
2025-07-15,hpc-gpu-051,C,Chemistry,80.6,74.8,1410,369.0,84.3,0,0,0,7,154.7,1,1,102.0
2025-07-15,hpc-gpu-052,C,Computer Science,65.1,44.5,1410,360.0,81.2,0,0,0,2,124.9,4,1,101.0
2025-07-15,hpc-gpu-055,C,Engineering,100.0,64.4,1280,387.0,93.7,0,0,0,8,192.0,2,1,119.0
2025-07-15,hpc-gpu-056,C,Medical Research,76.3,68.4,1410,373.0,92.2,0,0,0,9,146.4,1,1,114.0
2025-07-15,hpc-gpu-057,C,Physics,91.0,76.3,1143,395.0,92.4,0,0,0,3,174.7,1,0,118.0
2025-07-15,hpc-gpu-058,C,Biology,84.6,61.6,1410,389.0,80.9,0,0,0,11,162.5,3,1,100.0
2025-07-15,hpc-gpu-059,C,Chemistry,73.3,68.7,1410,377.0,83.5,0,0,0,5,140.7,4,1,101.0
2025-07-15,hpc-gpu-060,C,Computer Science,74.2,52.2,1410,352.0,82.8,0,0,0,7,142.4,2,0,100.0
2025-07-15,hpc-gpu-061,C,Earth Sciences,69.9,51.6,1410,363.0,77.3,0,0,0,3,134.2,3,1,92.0
2025-07-15,hpc-gpu-063,C,Engineering,96.2,58.8,1401,378.0,90.7,0,0,0,8,184.7,3,0,114.0
2025-07-15,hpc-gpu-064,C,Medical Research,86.8,58.9,1163,409.0,90.0,0,0,0,3,166.7,3,0,110.0
2025-07-15,hpc-gpu-065,C,Physics,100.0,65.8,1185,423.0,91.5,0,0,0,4,192.0,4,0,115.0
2025-07-15,hpc-gpu-066,C,Biology,69.0,64.7,1410,363.0,78.5,0,0,0,1,132.4,4,0,95.0
2025-07-15,hpc-gpu-067,C,Chemistry,84.1,60.9,1410,385.0,90.9,0,0,0,1,161.4,2,0,111.0
2025-07-15,hpc-gpu-071,C,Engineering,92.9,59.7,1225,401.0,82.7,0,0,0,2,178.3,3,1,100.0
2025-07-15,hpc-gpu-072,C,Medical Research,81.3,73.4,1410,407.0,89.9,0,0,0,6,156.0,0,0,109.0
2025-07-16,hpc-gpu-049,C,Physics,92.4,75.3,1343,423.0,89.9,0,0,0,10,177.4,3,1,111.0
2025-07-16,hpc-gpu-050,C,Biology,76.5,67.4,1410,364.0,84.2,0,0,0,9,146.9,4,0,102.0
2025-07-16,hpc-gpu-051,C,Chemistry,93.0,56.7,1234,387.0,92.5,0,0,0,6,178.5,2,1,118.0
2025-07-16,hpc-gpu-052,C,Computer Science,78.6,55.3,1410,362.0,81.7,0,0,0,2,151.0,3,1,100.0
2025-07-16,hpc-gpu-053,C,Earth Sciences,67.2,60.5,1410,344.0,77.5,0,0,0,7,128.9,0,1,94.0
2025-07-16,hpc-gpu-055,C,Engineering,100.0,75.3,1344,407.0,97.1,0,0,0,6,192.0,4,0,124.0
2025-07-16,hpc-gpu-056,C,Medical Research,98.2,65.4,1277,400.0,96.5,0,0,0,4,188.6,4,1,118.0
2025-07-16,hpc-gpu-057,C,Physics,85.3,70.9,1166,385.0,86.6,0,0,0,6,163.9,1,0,107.0
2025-07-16,hpc-gpu-058,C,Biology,89.6,70.1,1355,377.0,97.0,0,0,0,0,172.0,0,1,120.0
2025-07-16,hpc-gpu-060,C,Computer Science,70.3,66.3,1410,367.0,79.2,0,0,0,5,135.1,4,0,94.0
2025-07-16,hpc-gpu-063,C,Engineering,97.8,62.1,1318,390.0,92.7,0,0,0,7,187.8,1,1,114.0
2025-07-16,hpc-gpu-064,C,Medical Research,88.9,79.4,1316,374.0,92.0,0,0,0,7,170.6,0,0,115.0
2025-07-16,hpc-gpu-065,C,Physics,97.1,65.6,1375,404.0,96.1,0,0,0,2,186.5,0,0,120.0
2025-07-16,hpc-gpu-066,C,Biology,71.7,53.2,1410,385.0,79.7,0,0,0,10,137.6,1,0,96.0
2025-07-16,hpc-gpu-067,C,Chemistry,73.9,68.7,1410,362.0,75.6,0,0,0,1,141.8,2,1,92.0
2025-07-16,hpc-gpu-068,C,Computer Science,79.9,57.1,1410,407.0,80.5,0,0,0,6,153.4,4,1,96.0
2025-07-16,hpc-gpu-071,C,Engineering,93.5,69.4,1185,401.0,89.7,0,0,0,2,179.4,0,0,112.0
2025-07-16,hpc-gpu-072,C,Medical Research,92.9,83.8,1297,387.0,91.6,0,0,0,8,178.3,1,0,117.0
2025-07-17,hpc-gpu-049,C,Physics,93.7,67.1,1390,408.0,88.6,0,0,0,11,179.8,4,0,109.0
2025-07-17,hpc-gpu-050,C,Biology,87.0,69.7,1290,414.0,88.4,0,0,0,8,166.9,1,1,111.0
2025-07-17,hpc-gpu-055,C,Engineering,74.3,67.6,1410,376.0,84.9,0,0,0,11,142.6,0,0,101.0
2025-07-17,hpc-gpu-056,C,Medical Research,83.1,53.4,1410,388.0,86.4,0,0,0,4,159.5,4,1,103.0
2025-07-17,hpc-gpu-057,C,Physics,88.6,71.4,1220,394.0,91.5,0,0,0,5,170.0,4,1,111.0
2025-07-17,hpc-gpu-058,C,Biology,93.7,60.5,1238,382.0,93.0,0,0,0,0,180.0,1,0,117.0
2025-07-17,hpc-gpu-059,C,Chemistry,68.4,63.1,1410,369.0,81.1,0,0,0,3,131.4,3,0,101.0
2025-07-17,hpc-gpu-060,C,Computer Science,69.7,64.0,1410,358.0,79.2,0,0,0,1,133.9,2,1,93.0
2025-07-17,hpc-gpu-061,C,Earth Sciences,79.4,64.8,1410,370.0,84.1,0,0,0,5,152.5,2,0,103.0
2025-07-17,hpc-gpu-063,C,Engineering,87.3,65.0,1219,405.0,95.2,0,0,0,3,167.6,1,0,117.0
2025-07-17,hpc-gpu-064,C,Medical Research,91.9,55.3,1367,400.0,89.4,0,0,0,4,176.5,0,1,108.0
2025-07-17,hpc-gpu-065,C,Physics,88.8,54.6,1299,386.0,94.2,0,0,0,10,170.5,3,0,116.0
2025-07-17,hpc-gpu-066,C,Biology,75.9,70.9,1410,372.0,85.9,0,0,0,1,145.7,1,1,107.0
2025-07-17,hpc-gpu-067,C,Chemistry,82.0,60.9,1410,383.0,84.2,0,0,0,3,157.5,4,0,104.0
2025-07-17,hpc-gpu-068,C,Computer Science,67.6,50.5,1410,363.0,79.9,0,0,0,5,129.9,2,0,94.0
2025-07-17,hpc-gpu-071,C,Engineering,76.1,55.2,1410,370.0,79.0,0,0,0,5,146.2,4,0,96.0
2025-07-17,hpc-gpu-072,C,Medical Research,73.8,53.9,1410,392.0,78.4,0,0,0,0,141.6,0,1,96.0
2025-07-18,hpc-gpu-049,C,Physics,91.3,73.1,1299,399.0,93.1,0,0,0,9,175.3,1,0,116.0
2025-07-18,hpc-gpu-050,C,Biology,77.1,59.7,1410,369.0,87.4,0,0,0,10,148.1,4,1,105.0
2025-07-18,hpc-gpu-051,C,Chemistry,75.7,58.0,1410,401.0,82.3,0,0,0,10,145.3,3,1,99.0
2025-07-18,hpc-gpu-055,C,Engineering,83.2,69.0,1410,380.0,83.3,0,0,0,7,159.7,3,1,101.0
2025-07-18,hpc-gpu-056,C,Medical Research,91.9,65.6,1313,378.0,85.0,0,0,0,1,176.5,3,0,106.0
2025-07-18,hpc-gpu-057,C,Physics,95.8,84.9,1250,382.0,93.2,0,0,0,5,183.9,4,1,116.0
2025-07-18,hpc-gpu-058,C,Biology,82.2,66.4,1410,372.0,89.7,0,0,0,9,157.8,2,1,108.0
2025-07-18,hpc-gpu-059,C,Chemistry,69.3,49.8,1410,356.0,77.3,0,0,0,5,133.1,1,1,94.0
2025-07-18,hpc-gpu-063,C,Engineering,95.2,67.5,1225,392.0,92.7,0,0,0,3,182.9,0,1,115.0
2025-07-18,hpc-gpu-064,C,Medical Research,76.1,71.6,1410,399.0,77.9,0,0,0,2,146.2,3,0,91.0
2025-07-18,hpc-gpu-065,C,Physics,100.0,83.5,1113,412.0,90.8,1,0,0,6,192.0,2,0,111.0
2025-07-18,hpc-gpu-066,C,Biology,88.1,56.9,1353,379.0,90.7,0,0,0,8,169.2,0,1,111.0
2025-07-18,hpc-gpu-067,C,Chemistry,55.8,39.5,1410,366.0,72.0,0,0,0,4,107.1,1,1,83.0
2025-07-18,hpc-gpu-068,C,Computer Science,63.0,57.8,1410,361.0,74.9,0,0,0,5,121.0,2,0,90.0
2025-07-18,hpc-gpu-071,C,Engineering,88.3,54.4,1299,394.0,83.9,0,0,0,1,169.5,4,1,104.0
2025-07-18,hpc-gpu-072,C,Medical Research,78.0,69.7,1410,343.0,87.7,0,0,0,7,149.8,1,0,106.0
2025-07-19,hpc-gpu-065,C,Physics,52.6,36.6,1410,359.0,77.6,0,0,0,9,100.9,1,0,91.0
2025-07-19,hpc-gpu-071,C,Engineering,64.8,43.2,1410,358.0,78.5,0,0,0,3,124.4,1,1,92.0
2025-07-19,hpc-gpu-072,C,Medical Research,67.0,55.3,1410,402.0,85.7,0,0,0,3,128.7,0,0,102.0
2025-07-20,hpc-gpu-049,C,Physics,58.7,47.2,1410,345.0,79.1,0,0,0,10,112.8,1,0,95.0
2025-07-20,hpc-gpu-057,C,Physics,61.6,45.8,1410,357.0,80.9,0,0,0,2,118.3,1,0,98.0
2025-07-20,hpc-gpu-063,C,Engineering,68.0,52.4,1410,384.0,81.7,0,0,0,2,130.6,3,1,97.0
2025-07-21,hpc-gpu-049,C,Physics,97.6,92.3,1397,376.0,97.8,0,0,0,8,187.4,2,1,122.0
2025-07-21,hpc-gpu-050,C,Biology,81.6,67.8,1410,367.0,86.2,0,0,0,1,156.7,3,1,105.0
2025-07-21,hpc-gpu-051,C,Chemistry,80.8,76.0,1410,389.0,79.1,0,0,0,3,155.2,4,0,93.0
2025-07-21,hpc-gpu-053,C,Earth Sciences,63.7,39.4,1410,359.0,80.6,0,0,0,9,122.3,1,1,95.0
2025-07-21,hpc-gpu-055,C,Engineering,93.4,67.5,1117,398.0,92.5,0,0,0,10,179.3,4,0,116.0
2025-07-21,hpc-gpu-056,C,Medical Research,88.3,83.5,1220,392.0,93.6,0,0,0,11,169.6,1,0,118.0
2025-07-21,hpc-gpu-057,C,Physics,100.0,73.8,1191,412.0,90.2,0,0,0,2,192.0,3,0,114.0
2025-07-21,hpc-gpu-058,C,Biology,96.7,59.5,1292,392.0,88.5,0,0,0,7,185.6,2,1,109.0
2025-07-21,hpc-gpu-063,C,Engineering,90.3,59.1,1229,391.0,82.9,0,0,0,2,173.4,4,1,104.0
2025-07-21,hpc-gpu-064,C,Medical Research,94.3,70.9,1355,425.0,92.9,0,0,0,9,181.1,1,0,116.0
2025-07-21,hpc-gpu-065,C,Physics,95.1,90.0,1193,414.0,91.7,0,0,0,9,182.7,4,0,114.0
2025-07-21,hpc-gpu-066,C,Biology,83.6,67.2,1410,395.0,89.1,0,0,0,11,160.5,2,1,112.0
2025-07-21,hpc-gpu-067,C,Chemistry,78.5,54.5,1410,389.0,84.9,0,0,0,8,150.7,4,0,103.0
2025-07-21,hpc-gpu-068,C,Computer Science,64.4,52.8,1410,365.0,76.4,0,0,0,0,123.6,2,0,94.0
2025-07-21,hpc-gpu-069,C,Earth Sciences,63.6,43.2,1410,374.0,76.6,0,0,0,7,122.1,2,1,94.0
2025-07-21,hpc-gpu-071,C,Engineering,95.9,63.6,1387,425.0,91.9,0,0,0,9,184.2,3,1,112.0
2025-07-21,hpc-gpu-072,C,Medical Research,97.6,88.6,1337,414.0,97.0,0,0,0,0,187.3,2,0,123.0
2025-07-22,hpc-gpu-049,C,Physics,100.0,89.1,1171,386.0,94.6,0,0,0,4,192.0,3,0,121.0
2025-07-22,hpc-gpu-050,C,Biology,78.5,64.9,1410,390.0,76.6,0,0,0,0,150.8,4,1,91.0
2025-07-22,hpc-gpu-051,C,Chemistry,73.2,57.0,1410,370.0,80.3,0,0,0,3,140.6,1,0,95.0
2025-07-22,hpc-gpu-052,C,Computer Science,65.7,45.9,1410,369.0,79.0,0,0,0,2,126.2,3,0,97.0
2025-07-22,hpc-gpu-055,C,Engineering,82.7,58.7,1410,356.0,84.3,0,0,0,10,158.8,1,0,102.0
2025-07-22,hpc-gpu-056,C,Medical Research,76.7,47.2,1410,365.0,80.3,0,0,0,10,147.2,1,0,99.0
2025-07-22,hpc-gpu-057,C,Physics,93.1,77.6,1220,377.0,94.6,0,0,0,2,178.7,4,1,121.0
2025-07-22,hpc-gpu-058,C,Biology,82.6,77.7,1410,359.0,85.7,0,0,0,11,158.5,1,0,105.0
2025-07-22,hpc-gpu-059,C,Chemistry,79.9,66.5,1410,393.0,86.3,0,0,0,7,153.5,2,0,106.0
2025-07-22,hpc-gpu-062,C,Mathematics,50.8,43.5,1410,343.0,77.4,0,0,0,2,97.5,2,1,92.0
2025-07-22,hpc-gpu-063,C,Engineering,82.4,54.2,1410,367.0,89.4,0,0,0,8,158.2,1,0,109.0
2025-07-22,hpc-gpu-064,C,Medical Research,82.8,62.6,1410,368.0,91.2,0,0,0,6,159.0,3,1,110.0
2025-07-22,hpc-gpu-065,C,Physics,94.4,85.4,1178,392.0,93.5,0,0,0,1,181.2,3,0,117.0
2025-07-22,hpc-gpu-066,C,Biology,85.5,59.5,1121,379.0,87.1,0,0,0,3,164.3,2,0,108.0
2025-07-22,hpc-gpu-067,C,Chemistry,70.0,59.1,1410,354.0,82.9,0,0,0,5,134.4,1,1,99.0
2025-07-22,hpc-gpu-071,C,Engineering,72.2,43.5,1410,388.0,80.1,0,0,0,9,138.7,3,0,98.0
2025-07-22,hpc-gpu-072,C,Medical Research,88.0,81.4,1408,423.0,89.8,0,0,0,3,168.9,3,0,111.0
2025-07-23,hpc-gpu-049,C,Physics,89.7,78.4,1354,396.0,89.0,0,0,0,8,172.2,2,0,112.0
2025-07-23,hpc-gpu-050,C,Biology,82.2,63.6,1410,383.0,84.7,0,0,0,10,157.8,1,1,106.0
2025-07-23,hpc-gpu-051,C,Chemistry,80.1,75.8,1410,382.0,78.4,0,0,0,3,153.8,1,0,91.0
2025-07-23,hpc-gpu-055,C,Engineering,62.6,58.9,1410,355.0,77.3,0,0,0,3,120.1,0,1,90.0
2025-07-23,hpc-gpu-056,C,Medical Research,81.1,68.9,1410,372.0,87.3,0,0,0,10,155.7,2,1,106.0
2025-07-23,hpc-gpu-057,C,Physics,84.4,65.6,1410,397.0,86.6,0,0,0,3,162.1,3,1,107.0
2025-07-23,hpc-gpu-058,C,Biology,90.3,76.3,1170,405.0,89.5,0,0,0,5,173.4,3,1,113.0
2025-07-23,hpc-gpu-059,C,Chemistry,67.9,59.7,1410,372.0,81.1,0,0,0,9,130.4,4,0,100.0
2025-07-23,hpc-gpu-060,C,Computer Science,74.5,53.6,1410,379.0,77.9,0,0,0,1,143.0,0,0,95.0
2025-07-23,hpc-gpu-063,C,Engineering,83.3,62.0,1410,378.0,86.2,0,0,0,11,160.0,3,1,105.0
2025-07-23,hpc-gpu-064,C,Medical Research,88.5,62.5,1277,399.0,91.1,0,0,0,8,169.9,3,1,112.0
2025-07-23,hpc-gpu-065,C,Physics,93.3,80.1,1351,380.0,89.4,0,0,0,10,179.2,0,0,110.0
2025-07-23,hpc-gpu-066,C,Biology,88.8,72.3,1174,381.0,91.7,0,0,0,2,170.5,3,1,115.0
2025-07-23,hpc-gpu-067,C,Chemistry,72.0,54.3,1410,368.0,78.5,0,0,0,5,138.3,0,0,92.0
2025-07-23,hpc-gpu-068,C,Computer Science,76.4,55.3,1410,372.0,84.5,0,0,0,9,146.7,2,0,102.0
2025-07-23,hpc-gpu-071,C,Engineering,79.2,74.1,1410,368.0,81.0,0,0,0,5,152.1,3,1,98.0
2025-07-23,hpc-gpu-072,C,Medical Research,88.1,57.9,1323,387.0,89.2,0,0,0,0,169.2,3,1,110.0
2025-07-24,hpc-gpu-049,C,Physics,87.8,71.2,1282,386.0,91.8,0,0,0,11,168.6,2,0,115.0
2025-07-24,hpc-gpu-050,C,Biology,73.4,69.4,1410,364.0,78.3,0,0,0,10,140.9,3,0,95.0
2025-07-24,hpc-gpu-051,C,Chemistry,74.0,69.5,1410,410.0,83.7,0,0,0,5,142.1,4,1,103.0
2025-07-24,hpc-gpu-052,C,Computer Science,68.0,61.8,1410,373.0,80.8,0,0,0,3,130.5,3,0,96.0
2025-07-24,hpc-gpu-053,C,Earth Sciences,64.2,38.7,1410,377.0,78.4,0,0,0,5,123.2,0,1,97.0
2025-07-24,hpc-gpu-055,C,Engineering,96.6,83.4,1134,403.0,90.4,0,0,0,9,185.4,1,1,114.0
2025-07-24,hpc-gpu-056,C,Medical Research,84.7,76.3,1410,391.0,83.6,0,0,0,4,162.6,1,0,105.0
2025-07-24,hpc-gpu-057,C,Physics,93.7,64.2,1155,381.0,88.6,0,0,0,8,179.9,2,1,112.0
2025-07-24,hpc-gpu-058,C,Biology,91.8,75.3,1359,364.0,98.0,0,0,0,4,176.4,3,0,122.0
2025-07-24,hpc-gpu-060,C,Computer Science,78.6,50.3,1410,363.0,90.2,0,0,0,8,150.9,0,0,111.0
2025-07-24,hpc-gpu-061,C,Earth Sciences,72.6,45.8,1410,406.0,84.0,0,0,0,10,139.4,3,1,103.0
2025-07-24,hpc-gpu-063,C,Engineering,85.4,78.3,1236,389.0,84.1,0,0,0,9,164.1,0,0,105.0
2025-07-24,hpc-gpu-064,C,Medical Research,100.0,74.2,1203,409.0,92.3,0,0,0,0,192.0,1,1,115.0
2025-07-24,hpc-gpu-065,C,Physics,92.6,69.8,1372,422.0,91.1,0,0,0,0,177.8,0,0,113.0
2025-07-24,hpc-gpu-066,C,Biology,75.2,48.0,1410,401.0,85.5,0,0,0,2,144.3,3,0,107.0
2025-07-24,hpc-gpu-067,C,Chemistry,86.6,77.3,1315,387.0,90.3,0,0,0,11,166.3,4,0,112.0
2025-07-24,hpc-gpu-068,C,Computer Science,70.0,45.9,1410,386.0,82.2,0,0,0,8,134.3,1,0,100.0
2025-07-24,hpc-gpu-071,C,Engineering,77.6,55.7,1410,392.0,81.7,0,0,0,4,149.1,0,0,98.0
2025-07-24,hpc-gpu-072,C,Medical Research,90.7,59.8,1172,414.0,97.3,0,0,0,4,174.1,1,0,122.0
2025-07-25,hpc-gpu-049,C,Physics,99.7,94.7,1294,396.0,92.6,0,0,0,0,191.4,2,0,118.0
2025-07-25,hpc-gpu-050,C,Biology,89.6,71.4,1397,364.0,90.6,0,0,0,2,172.0,4,1,113.0
2025-07-25,hpc-gpu-051,C,Chemistry,94.7,81.7,1215,374.0,94.8,0,0,0,11,181.8,2,0,118.0
2025-07-25,hpc-gpu-052,C,Computer Science,75.2,59.6,1410,366.0,84.2,0,0,0,9,144.4,2,0,103.0
2025-07-25,hpc-gpu-053,C,Earth Sciences,68.4,44.8,1410,346.0,77.6,0,0,0,1,131.3,3,0,91.0
2025-07-25,hpc-gpu-054,C,Mathematics,43.4,37.5,1410,353.0,70.2,0,0,0,6,83.3,3,1,81.0
2025-07-25,hpc-gpu-055,C,Engineering,90.3,79.2,1353,401.0,88.8,0,0,0,6,173.3,4,0,112.0
2025-07-25,hpc-gpu-056,C,Medical Research,92.9,79.1,1317,387.0,81.6,0,0,0,8,178.3,4,0,101.0
2025-07-25,hpc-gpu-057,C,Physics,96.8,81.3,1258,391.0,95.2,0,0,0,0,185.9,3,1,118.0
2025-07-25,hpc-gpu-058,C,Biology,98.3,62.4,1246,398.0,98.0,0,0,0,4,188.6,4,0,128.0
2025-07-25,hpc-gpu-059,C,Chemistry,71.1,52.8,1410,372.0,82.2,0,0,0,11,136.4,0,0,99.0
2025-07-25,hpc-gpu-060,C,Computer Science,71.2,53.2,1410,361.0,86.4,0,0,0,10,136.6,2,0,103.0
2025-07-25,hpc-gpu-061,C,Earth Sciences,59.7,53.8,1410,349.0,76.8,0,0,0,1,114.7,0,1,91.0
2025-07-25,hpc-gpu-063,C,Engineering,80.9,59.4,1410,364.0,86.9,0,0,0,6,155.4,4,1,107.0
2025-07-25,hpc-gpu-064,C,Medical Research,91.1,75.0,1326,379.0,89.8,0,0,0,8,174.9,3,1,110.0
2025-07-25,hpc-gpu-065,C,Physics,96.1,85.1,1202,372.0,95.4,0,0,0,7,184.4,4,0,120.0
2025-07-25,hpc-gpu-066,C,Biology,97.5,64.0,1128,395.0,92.9,0,0,0,8,187.1,3,0,115.0
2025-07-25,hpc-gpu-067,C,Chemistry,70.9,44.0,1410,367.0,84.1,0,0,0,11,136.0,2,0,100.0
2025-07-25,hpc-gpu-068,C,Computer Science,77.4,46.8,1410,386.0,82.9,0,0,0,10,148.6,3,0,102.0
2025-07-25,hpc-gpu-069,C,Earth Sciences,65.7,51.7,1410,381.0,79.3,0,0,0,7,126.1,3,1,93.0
2025-07-25,hpc-gpu-070,C,Mathematics,58.8,53.2,1410,357.0,78.6,0,0,0,2,113.0,3,1,92.0
2025-07-25,hpc-gpu-071,C,Engineering,90.2,72.2,1301,397.0,89.7,0,0,0,6,173.1,4,1,113.0
2025-07-25,hpc-gpu-072,C,Medical Research,95.5,79.0,1311,373.0,80.7,0,0,0,10,183.4,1,1,100.0
2025-07-26,hpc-gpu-055,C,Engineering,57.7,36.9,1410,353.0,67.3,0,0,0,2,110.7,3,1,80.0
2025-07-26,hpc-gpu-056,C,Medical Research,70.2,48.9,1410,388.0,76.8,0,0,0,8,134.7,0,0,94.0
2025-07-26,hpc-gpu-057,C,Physics,65.6,49.1,1410,388.0,76.2,0,0,0,4,125.9,2,1,93.0
2025-07-26,hpc-gpu-063,C,Engineering,59.4,52.7,1410,381.0,78.3,0,0,0,3,114.0,2,0,93.0
2025-07-26,hpc-gpu-067,C,Chemistry,65.0,53.8,1410,364.0,76.1,0,0,0,1,124.8,4,0,93.0
2025-07-26,hpc-gpu-071,C,Engineering,69.0,42.3,1410,395.0,79.2,0,0,0,4,132.5,3,1,96.0
2025-07-27,hpc-gpu-056,C,Medical Research,55.7,51.1,1410,351.0,81.9,0,0,0,3,107.0,3,1,97.0
2025-07-27,hpc-gpu-063,C,Engineering,73.1,58.2,1410,375.0,77.2,0,0,0,9,140.3,3,0,95.0
2025-07-27,hpc-gpu-065,C,Physics,64.1,47.5,1410,361.0,77.7,0,0,0,0,123.1,0,1,91.0
2025-07-27,hpc-gpu-066,C,Biology,61.2,37.7,1410,375.0,77.8,0,0,0,6,117.5,4,0,95.0
2025-07-27,hpc-gpu-071,C,Engineering,56.6,53.7,1410,365.0,71.1,0,0,0,5,108.7,4,1,85.0
2025-07-27,hpc-gpu-072,C,Medical Research,70.8,49.7,1410,379.0,84.5,0,0,0,8,136.0,4,0,102.0
2025-07-28,hpc-gpu-049,C,Physics,99.7,88.3,1353,412.0,92.0,0,0,0,5,191.4,1,1,114.0
2025-07-28,hpc-gpu-050,C,Biology,89.3,67.3,1183,375.0,91.8,0,0,0,7,171.4,2,1,112.0
2025-07-28,hpc-gpu-051,C,Chemistry,87.3,58.9,1284,411.0,87.6,0,0,0,1,167.5,2,0,107.0
2025-07-28,hpc-gpu-052,C,Computer Science,63.5,59.9,1410,354.0,84.1,0,0,0,7,121.9,0,0,101.0
2025-07-28,hpc-gpu-054,C,Mathematics,57.6,36.6,1410,360.0,75.9,0,0,0,7,110.7,0,1,92.0
2025-07-28,hpc-gpu-055,C,Engineering,89.4,56.0,1257,399.0,91.5,0,0,0,8,171.7,4,0,116.0
2025-07-28,hpc-gpu-056,C,Medical Research,90.7,83.5,1374,396.0,91.2,0,0,0,1,174.1,3,1,112.0
2025-07-28,hpc-gpu-057,C,Physics,88.5,59.1,1353,388.0,84.3,0,0,0,8,170.0,2,0,101.0
2025-07-28,hpc-gpu-058,C,Biology,90.6,70.9,1193,396.0,95.2,0,0,0,2,173.9,0,1,116.0
2025-07-28,hpc-gpu-059,C,Chemistry,66.3,44.7,1410,373.0,77.5,0,0,0,4,127.3,1,0,93.0
2025-07-28,hpc-gpu-060,C,Computer Science,73.8,45.0,1410,374.0,79.0,0,0,0,11,141.7,0,1,96.0
2025-07-28,hpc-gpu-063,C,Engineering,98.4,61.1,1371,396.0,93.9,0,0,0,7,188.9,0,0,116.0
2025-07-28,hpc-gpu-064,C,Medical Research,98.0,80.8,1302,378.0,98.0,0,0,0,11,188.2,3,0,124.0
2025-07-28,hpc-gpu-065,C,Physics,100.0,72.1,1357,401.0,96.9,0,0,0,11,192.0,3,0,119.0
2025-07-28,hpc-gpu-066,C,Biology,88.1,66.8,1376,380.0,95.7,0,0,0,7,169.2,2,1,118.0
2025-07-28,hpc-gpu-067,C,Chemistry,77.7,46.8,1410,380.0,83.0,0,0,0,4,149.1,4,0,101.0
2025-07-28,hpc-gpu-068,C,Computer Science,85.9,70.9,1407,385.0,90.2,0,0,0,5,164.9,0,0,110.0
2025-07-28,hpc-gpu-069,C,Earth Sciences,65.3,52.2,1410,351.0,83.4,0,0,0,4,125.3,4,0,100.0
2025-07-28,hpc-gpu-071,C,Engineering,96.3,63.8,1386,374.0,90.2,0,0,0,6,184.8,2,1,114.0
2025-07-28,hpc-gpu-072,C,Medical Research,94.2,82.3,1346,411.0,90.4,0,0,0,3,180.8,1,1,110.0
2025-07-29,hpc-gpu-049,C,Physics,92.7,69.0,1250,399.0,85.0,0,0,0,10,177.9,1,1,104.0
2025-07-29,hpc-gpu-050,C,Biology,82.5,74.9,1410,362.0,82.0,0,0,0,8,158.4,3,0,98.0
2025-07-29,hpc-gpu-051,C,Chemistry,77.8,70.4,1410,374.0,82.8,0,0,0,4,149.5,2,1,102.0
2025-07-29,hpc-gpu-052,C,Computer Science,60.2,43.1,1410,381.0,79.6,0,0,0,8,115.6,2,0,93.0
2025-07-29,hpc-gpu-055,C,Engineering,90.6,62.1,1408,375.0,89.1,0,0,0,11,174.0,2,1,111.0
2025-07-29,hpc-gpu-056,C,Medical Research,92.9,62.0,1186,394.0,87.9,0,0,0,7,178.3,2,0,111.0
2025-07-29,hpc-gpu-057,C,Physics,87.9,59.6,1246,384.0,87.8,0,0,0,4,168.7,1,1,106.0
2025-07-29,hpc-gpu-058,C,Biology,83.2,76.2,1410,361.0,91.7,0,0,0,3,159.8,2,0,116.0
2025-07-29,hpc-gpu-059,C,Chemistry,64.3,48.3,1410,359.0,77.0,0,0,0,5,123.5,2,1,93.0
2025-07-29,hpc-gpu-060,C,Computer Science,73.1,57.5,1410,367.0,81.8,0,0,0,7,140.4,0,0,97.0
2025-07-29,hpc-gpu-061,C,Earth Sciences,60.0,45.5,1410,374.0,80.5,0,0,0,6,115.3,0,0,95.0
2025-07-29,hpc-gpu-063,C,Engineering,89.9,62.6,1371,411.0,85.2,0,0,0,3,172.7,4,1,104.0
2025-07-29,hpc-gpu-064,C,Medical Research,91.4,84.6,1134,390.0,92.1,0,0,0,3,175.5,2,0,114.0
2025-07-29,hpc-gpu-065,C,Physics,95.4,79.6,1274,413.0,90.0,0,0,0,7,183.2,1,0,112.0
2025-07-29,hpc-gpu-066,C,Biology,76.7,63.5,1410,379.0,84.3,0,0,0,5,147.2,4,1,104.0
2025-07-29,hpc-gpu-067,C,Chemistry,82.5,75.1,1410,367.0,86.8,0,0,0,11,158.4,1,0,108.0
2025-07-29,hpc-gpu-071,C,Engineering,87.9,74.8,1406,379.0,97.0,0,0,0,10,168.8,1,1,121.0
2025-07-29,hpc-gpu-072,C,Medical Research,100.0,81.4,1175,400.0,96.2,0,0,0,6,192.0,0,0,119.0
2025-07-30,hpc-gpu-049,C,Physics,100.0,89.4,1226,404.0,97.2,0,0,0,6,192.0,3,0,121.0
2025-07-30,hpc-gpu-050,C,Biology,79.8,67.6,1410,374.0,86.0,0,0,0,1,153.2,4,0,104.0
2025-07-30,hpc-gpu-051,C,Chemistry,71.9,67.7,1410,351.0,82.6,0,0,0,8,138.0,1,0,103.0
2025-07-30,hpc-gpu-052,C,Computer Science,75.9,70.6,1410,386.0,81.8,0,0,0,4,145.7,2,1,99.0
2025-07-30,hpc-gpu-053,C,Earth Sciences,64.5,42.5,1410,368.0,77.7,0,0,0,10,123.8,4,0,96.0
2025-07-30,hpc-gpu-054,C,Mathematics,52.3,37.1,1410,335.0,75.3,0,0,0,11,100.4,3,1,89.0
2025-07-30,hpc-gpu-055,C,Engineering,64.9,61.2,1410,375.0,81.7,0,0,0,10,124.6,1,1,99.0
2025-07-30,hpc-gpu-056,C,Medical Research,89.6,76.9,1116,393.0,89.9,0,0,0,9,172.1,1,0,109.0
2025-07-30,hpc-gpu-057,C,Physics,89.5,55.4,1216,385.0,91.0,0,0,0,6,171.9,1,0,114.0
2025-07-30,hpc-gpu-058,C,Biology,73.3,50.6,1410,347.0,82.1,0,0,0,1,140.7,4,1,102.0
2025-07-30,hpc-gpu-060,C,Computer Science,66.2,41.6,1410,347.0,77.3,0,0,0,11,127.2,4,1,95.0
2025-07-30,hpc-gpu-061,C,Earth Sciences,72.0,54.1,1410,367.0,82.9,0,0,0,11,138.2,3,1,99.0
2025-07-30,hpc-gpu-063,C,Engineering,85.4,56.7,1208,371.0,87.0,0,0,0,2,164.0,3,0,106.0
2025-07-30,hpc-gpu-064,C,Medical Research,95.1,59.0,1401,419.0,98.0,0,0,0,6,182.5,0,1,128.0
2025-07-30,hpc-gpu-065,C,Physics,82.9,59.4,1410,387.0,82.9,0,0,0,6,159.1,0,0,103.0
2025-07-30,hpc-gpu-066,C,Biology,89.4,72.5,1335,396.0,87.0,0,0,0,2,171.7,1,1,106.0
2025-07-30,hpc-gpu-067,C,Chemistry,83.9,57.0,1410,360.0,87.6,0,0,0,11,161.2,0,1,110.0
2025-07-30,hpc-gpu-068,C,Computer Science,77.0,59.0,1410,370.0,85.9,0,0,0,8,147.8,4,1,103.0
2025-07-30,hpc-gpu-069,C,Earth Sciences,59.0,36.8,1410,346.0,82.8,0,0,0,3,113.2,0,0,99.0
2025-07-30,hpc-gpu-071,C,Engineering,85.4,75.8,1257,393.0,83.8,0,0,0,11,163.9,0,0,105.0
2025-07-30,hpc-gpu-072,C,Medical Research,89.9,74.4,1191,379.0,84.9,0,0,0,10,172.6,4,1,106.0
2025-07-31,hpc-gpu-049,C,Physics,92.8,82.3,1385,389.0,94.1,0,0,0,1,178.3,4,1,115.0
2025-07-31,hpc-gpu-050,C,Biology,77.4,62.0,1410,353.0,79.6,0,0,0,0,148.6,2,1,97.0
2025-07-31,hpc-gpu-051,C,Chemistry,78.2,68.4,1410,402.0,86.7,0,0,0,10,150.2,1,1,107.0
2025-07-31,hpc-gpu-052,C,Computer Science,74.0,57.5,1410,411.0,81.4,0,0,0,8,142.1,0,1,97.0
2025-07-31,hpc-gpu-053,C,Earth Sciences,58.5,43.8,1410,361.0,79.2,0,0,0,11,112.3,4,1,93.0
2025-07-31,hpc-gpu-055,C,Engineering,77.0,70.7,1410,368.0,82.8,0,0,0,0,147.9,1,1,98.0
2025-07-31,hpc-gpu-056,C,Medical Research,97.7,67.6,1144,378.0,89.7,0,0,0,11,187.5,2,0,110.0
2025-07-31,hpc-gpu-057,C,Physics,94.7,69.4,1340,407.0,93.1,0,0,0,11,181.9,4,0,117.0
2025-07-31,hpc-gpu-058,C,Biology,78.7,74.2,1410,408.0,78.3,0,0,0,0,151.1,3,0,97.0
2025-07-31,hpc-gpu-059,C,Chemistry,86.7,52.4,1379,393.0,86.5,0,0,0,0,166.5,2,1,105.0
2025-07-31,hpc-gpu-060,C,Computer Science,74.8,50.2,1410,348.0,80.8,0,0,0,2,143.6,3,1,97.0
2025-07-31,hpc-gpu-062,C,Mathematics,49.2,44.3,1410,343.0,69.1,0,0,0,3,94.6,1,0,81.0
2025-07-31,hpc-gpu-063,C,Engineering,100.0,88.6,1184,389.0,94.1,0,0,0,10,192.0,0,0,115.0
2025-07-31,hpc-gpu-064,C,Medical Research,95.0,81.9,1276,391.0,92.2,0,0,0,5,182.3,2,1,117.0
2025-07-31,hpc-gpu-065,C,Physics,95.9,90.0,1359,406.0,94.7,0,0,0,1,184.1,0,1,119.0
2025-07-31,hpc-gpu-066,C,Biology,91.8,79.2,1190,395.0,93.3,0,0,0,5,176.3,2,1,119.0
2025-07-31,hpc-gpu-067,C,Chemistry,84.7,56.8,1410,370.0,81.4,0,0,0,0,162.7,0,0,99.0
2025-07-31,hpc-gpu-068,C,Computer Science,69.5,64.3,1410,356.0,75.6,0,0,0,2,133.5,2,0,93.0
2025-07-31,hpc-gpu-069,C,Earth Sciences,64.0,50.8,1410,373.0,72.3,0,0,0,8,122.9,2,1,87.0
2025-07-31,hpc-gpu-071,C,Engineering,77.2,63.4,1410,382.0,80.8,0,0,0,5,148.2,2,0,100.0
2025-07-31,hpc-gpu-072,C,Medical Research,89.4,57.2,1272,418.0,95.6,0,0,0,8,171.6,1,0,119.0
2025-08-01,hpc-gpu-049,C,Physics,96.8,59.5,1317,395.0,92.0,0,0,0,1,185.8,0,1,113.0
2025-08-01,hpc-gpu-050,C,Biology,68.0,43.5,1410,412.0,86.7,0,0,0,0,130.6,4,1,106.0
2025-08-01,hpc-gpu-051,C,Chemistry,79.5,60.5,1410,369.0,79.1,0,0,0,5,152.7,4,1,93.0
2025-08-01,hpc-gpu-055,C,Engineering,86.2,57.0,1172,379.0,91.7,0,0,0,4,165.5,3,1,115.0
2025-08-01,hpc-gpu-056,C,Medical Research,99.1,86.3,1216,408.0,90.4,0,0,0,11,190.3,4,1,113.0
2025-08-01,hpc-gpu-057,C,Physics,95.3,60.1,1286,391.0,94.6,0,0,0,8,183.0,4,0,116.0
2025-08-01,hpc-gpu-058,C,Biology,81.6,58.1,1410,402.0,78.6,0,0,0,10,156.7,1,0,96.0
2025-08-01,hpc-gpu-060,C,Computer Science,77.0,60.8,1410,392.0,80.2,0,0,0,7,147.8,4,0,94.0
2025-08-01,hpc-gpu-063,C,Engineering,71.5,52.1,1410,390.0,81.3,0,0,0,11,137.2,3,1,101.0
2025-08-01,hpc-gpu-064,C,Medical Research,97.2,88.6,1227,382.0,98.0,0,0,0,1,186.6,0,0,126.0
2025-08-01,hpc-gpu-065,C,Physics,84.5,59.4,1410,396.0,84.5,0,0,0,4,162.3,3,0,106.0
2025-08-01,hpc-gpu-066,C,Biology,78.9,55.6,1410,376.0,86.3,0,0,0,4,151.4,2,0,104.0
2025-08-01,hpc-gpu-067,C,Chemistry,69.5,49.9,1410,366.0,76.9,0,0,0,9,133.4,0,1,92.0
2025-08-01,hpc-gpu-068,C,Computer Science,70.3,44.1,1410,346.0,81.6,0,0,0,7,135.0,2,0,96.0
2025-08-01,hpc-gpu-071,C,Engineering,73.3,64.8,1410,371.0,82.3,0,0,0,9,140.8,3,1,103.0
2025-08-01,hpc-gpu-072,C,Medical Research,78.2,74.1,1410,379.0,81.6,0,0,0,3,150.1,0,1,99.0
2025-08-02,hpc-gpu-072,C,Medical Research,66.6,60.0,1410,358.0,78.2,0,0,0,9,127.8,3,1,91.0
2025-08-03,hpc-gpu-058,C,Biology,60.3,49.7,1410,336.0,82.2,0,0,0,1,115.8,2,0,100.0
2025-08-03,hpc-gpu-060,C,Computer Science,56.6,41.8,1410,351.0,78.9,0,0,0,3,108.7,4,1,94.0
2025-08-03,hpc-gpu-065,C,Physics,68.7,53.4,1410,354.0,77.5,0,0,0,4,131.9,3,0,92.0
2025-08-03,hpc-gpu-068,C,Computer Science,51.0,35.7,1410,349.0,72.9,0,0,0,8,98.0,3,1,86.0
2025-08-03,hpc-gpu-072,C,Medical Research,68.1,56.3,1410,385.0,81.7,0,0,0,5,130.8,0,0,98.0
2025-08-04,hpc-gpu-049,C,Physics,94.9,81.9,1174,400.0,93.8,0,0,0,6,182.2,0,0,117.0
2025-08-04,hpc-gpu-050,C,Biology,82.4,51.1,1410,397.0,86.5,0,0,0,1,158.2,2,0,104.0
2025-08-04,hpc-gpu-051,C,Chemistry,77.7,73.2,1410,379.0,82.9,0,0,0,0,149.2,3,1,104.0
2025-08-04,hpc-gpu-052,C,Computer Science,73.8,54.9,1410,359.0,81.8,0,0,0,5,141.8,3,0,101.0
2025-08-04,hpc-gpu-054,C,Mathematics,33.5,28.0,1410,300.0,61.5,0,0,0,0,64.4,1,1,66.0
2025-08-04,hpc-gpu-055,C,Engineering,90.5,59.2,1240,409.0,94.1,0,0,0,7,173.7,3,0,115.0
2025-08-04,hpc-gpu-056,C,Medical Research,88.1,56.3,1296,407.0,87.2,0,0,0,9,169.1,1,1,108.0
2025-08-04,hpc-gpu-057,C,Physics,100.0,70.7,1303,384.0,87.2,0,0,0,11,192.0,4,0,107.0
2025-08-04,hpc-gpu-058,C,Biology,87.3,80.0,1222,385.0,94.2,0,0,0,11,167.6,0,0,119.0
2025-08-04,hpc-gpu-059,C,Chemistry,72.7,50.7,1410,361.0,81.3,0,0,0,9,139.6,2,1,100.0
2025-08-04,hpc-gpu-060,C,Computer Science,75.1,60.6,1410,365.0,80.4,0,0,0,5,144.3,2,0,97.0
2025-08-04,hpc-gpu-063,C,Engineering,85.8,61.4,1202,401.0,84.5,0,0,0,1,164.7,3,0,104.0
2025-08-04,hpc-gpu-064,C,Medical Research,84.3,65.7,1410,373.0,89.7,0,0,0,6,161.9,1,0,111.0
2025-08-04,hpc-gpu-065,C,Physics,90.6,62.1,1307,353.0,87.4,0,0,0,5,173.9,2,0,110.0
2025-08-04,hpc-gpu-066,C,Biology,78.5,60.6,1410,397.0,89.7,0,0,0,6,150.6,4,0,108.0
2025-08-04,hpc-gpu-068,C,Computer Science,66.8,43.2,1410,375.0,81.2,0,0,0,9,128.2,2,1,95.0
2025-08-04,hpc-gpu-071,C,Engineering,88.4,55.8,1300,395.0,90.6,0,0,0,11,169.8,3,0,111.0
2025-08-04,hpc-gpu-072,C,Medical Research,86.6,79.2,1397,379.0,91.0,0,0,0,0,166.2,0,0,113.0
2025-08-05,hpc-gpu-049,C,Physics,73.1,69.2,1410,378.0,82.2,0,0,0,10,140.3,4,1,101.0
2025-08-05,hpc-gpu-050,C,Biology,87.3,58.2,1323,396.0,91.4,0,0,0,1,167.6,0,0,112.0
2025-08-05,hpc-gpu-051,C,Chemistry,69.0,45.5,1410,350.0,85.4,0,0,0,11,132.5,0,0,104.0
2025-08-05,hpc-gpu-055,C,Engineering,92.9,80.6,1244,399.0,86.4,0,0,0,7,178.5,2,1,108.0
2025-08-05,hpc-gpu-056,C,Medical Research,75.5,60.0,1410,383.0,81.3,0,0,0,0,145.0,4,1,96.0
2025-08-05,hpc-gpu-057,C,Physics,84.8,56.1,1410,398.0,92.4,0,0,0,0,162.9,4,0,113.0
2025-08-05,hpc-gpu-058,C,Biology,84.7,65.6,1410,384.0,88.5,0,0,0,7,162.7,0,0,107.0
2025-08-05,hpc-gpu-060,C,Computer Science,83.6,67.3,1410,410.0,86.4,0,0,0,3,160.5,1,0,105.0
2025-08-05,hpc-gpu-063,C,Engineering,78.1,70.3,1410,359.0,84.8,0,0,0,3,149.9,2,1,103.0
2025-08-05,hpc-gpu-064,C,Medical Research,81.0,58.0,1410,377.0,82.3,0,0,0,9,155.5,4,1,100.0
2025-08-05,hpc-gpu-065,C,Physics,83.5,60.8,1410,375.0,93.7,0,0,0,7,160.3,4,0,115.0
2025-08-05,hpc-gpu-066,C,Biology,86.9,74.9,1359,377.0,85.6,0,0,0,0,166.9,2,1,103.0
2025-08-05,hpc-gpu-067,C,Chemistry,70.9,46.5,1410,396.0,82.8,0,0,0,8,136.1,4,0,103.0
2025-08-05,hpc-gpu-068,C,Computer Science,70.4,64.1,1410,353.0,78.2,0,0,0,1,135.1,4,0,97.0
2025-08-05,hpc-gpu-071,C,Engineering,74.1,47.7,1410,392.0,78.1,0,0,0,5,142.4,3,1,94.0
2025-08-05,hpc-gpu-072,C,Medical Research,87.5,62.5,1164,374.0,93.8,0,0,0,4,168.0,3,1,115.0
2025-08-06,hpc-gpu-037,B,Earth Sciences,64.4,59.7,1410,363.0,69.1,0,0,0,10,123.6,3,0,86.0
2025-08-06,hpc-gpu-049,C,Physics,100.0,75.0,1323,389.0,98.0,0,0,0,4,192.0,0,0,122.0
2025-08-06,hpc-gpu-050,C,Biology,80.0,68.2,1410,409.0,89.9,0,0,0,0,153.5,3,1,113.0
2025-08-06,hpc-gpu-051,C,Chemistry,81.1,53.8,1410,374.0,85.8,0,0,0,11,155.7,2,0,105.0
2025-08-06,hpc-gpu-052,C,Computer Science,78.7,56.3,1410,397.0,88.6,0,0,0,11,151.1,3,1,110.0
2025-08-06,hpc-gpu-053,C,Earth Sciences,69.7,57.9,1410,354.0,82.7,0,0,0,8,133.8,0,1,98.0
2025-08-06,hpc-gpu-055,C,Engineering,84.5,76.5,1410,381.0,92.3,0,0,0,6,162.3,4,1,113.0
2025-08-06,hpc-gpu-056,C,Medical Research,86.2,75.1,1368,384.0,91.8,0,0,0,11,165.5,0,1,112.0
2025-08-06,hpc-gpu-057,C,Physics,94.3,88.6,1230,384.0,95.3,0,0,0,8,181.0,4,1,120.0
2025-08-06,hpc-gpu-058,C,Biology,87.1,63.0,1300,381.0,85.6,0,0,0,1,167.2,1,0,105.0
2025-08-06,hpc-gpu-059,C,Chemistry,74.3,54.1,1410,354.0,89.9,0,0,0,1,142.6,3,0,113.0
2025-08-06,hpc-gpu-063,C,Engineering,81.3,66.5,1410,370.0,88.8,0,0,0,0,156.2,3,1,112.0
2025-08-06,hpc-gpu-064,C,Medical Research,91.1,78.6,1213,389.0,91.7,0,0,0,1,174.8,2,1,112.0
2025-08-06,hpc-gpu-065,C,Physics,93.1,85.8,1234,407.0,96.3,0,0,0,7,178.7,4,1,119.0
2025-08-06,hpc-gpu-066,C,Biology,89.2,57.6,1210,389.0,88.9,0,0,0,5,171.3,0,0,107.0
2025-08-06,hpc-gpu-067,C,Chemistry,75.6,51.1,1410,351.0,91.8,0,0,0,5,145.2,3,1,111.0
2025-08-06,hpc-gpu-069,C,Earth Sciences,58.6,42.6,1410,337.0,78.4,0,0,0,11,112.6,4,0,94.0
2025-08-06,hpc-gpu-070,C,Mathematics,60.4,52.5,1410,368.0,77.7,0,0,0,9,116.0,0,1,91.0
2025-08-06,hpc-gpu-071,C,Engineering,89.1,59.7,1335,369.0,90.2,0,0,0,4,171.0,1,1,109.0
2025-08-06,hpc-gpu-072,C,Medical Research,86.9,69.6,1285,415.0,95.2,0,0,0,8,166.9,1,0,117.0
2025-08-07,hpc-gpu-049,C,Physics,75.1,62.5,1410,352.0,81.0,0,0,0,0,144.3,3,1,100.0
2025-08-07,hpc-gpu-050,C,Biology,87.6,65.6,1175,405.0,88.6,0,0,0,10,168.1,2,0,110.0
2025-08-07,hpc-gpu-052,C,Computer Science,64.9,53.4,1410,352.0,74.4,0,0,0,4,124.7,2,0,90.0
2025-08-07,hpc-gpu-053,C,Earth Sciences,73.9,59.6,1410,354.0,83.6,0,0,0,7,141.9,3,0,99.0
2025-08-07,hpc-gpu-055,C,Engineering,91.4,78.1,1151,388.0,82.1,0,0,0,5,175.4,2,1,99.0
2025-08-07,hpc-gpu-056,C,Medical Research,79.2,67.8,1410,367.0,88.2,0,0,0,2,152.1,0,0,110.0
2025-08-07,hpc-gpu-057,C,Physics,100.0,94.7,1404,399.0,98.0,0,0,0,2,192.0,2,0,123.0
2025-08-07,hpc-gpu-058,C,Biology,93.4,65.4,1346,345.0,87.3,0,0,0,2,179.4,0,0,107.0
2025-08-07,hpc-gpu-059,C,Chemistry,72.8,66.1,1410,404.0,80.5,0,0,0,7,139.8,0,0,98.0
2025-08-07,hpc-gpu-060,C,Computer Science,65.7,51.6,1410,365.0,79.0,0,0,0,11,126.1,2,1,97.0
2025-08-07,hpc-gpu-061,C,Earth Sciences,61.0,44.7,1410,353.0,77.4,0,0,0,2,117.1,2,1,92.0
2025-08-07,hpc-gpu-062,C,Mathematics,56.2,49.1,1410,359.0,63.9,0,0,0,1,107.8,0,0,72.0
2025-08-07,hpc-gpu-063,C,Engineering,72.8,63.7,1410,386.0,80.5,0,0,0,6,139.9,2,1,96.0
2025-08-07,hpc-gpu-064,C,Medical Research,78.6,61.5,1410,379.0,87.1,0,0,0,0,150.9,3,0,107.0
2025-08-07,hpc-gpu-065,C,Physics,91.2,86.4,1136,380.0,89.5,0,0,0,3,175.1,4,1,109.0
2025-08-07,hpc-gpu-066,C,Biology,79.2,73.1,1410,407.0,88.1,0,0,0,3,152.0,2,1,108.0
2025-08-07,hpc-gpu-068,C,Computer Science,68.0,57.9,1410,385.0,77.4,0,0,0,5,130.6,1,0,92.0
2025-08-07,hpc-gpu-071,C,Engineering,87.4,79.9,1267,382.0,89.3,0,0,0,4,167.8,2,0,108.0
2025-08-07,hpc-gpu-072,C,Medical Research,94.9,62.0,1393,409.0,87.8,0,0,0,9,182.1,2,0,109.0
2025-08-08,hpc-gpu-049,C,Physics,100.0,60.8,1378,379.0,88.7,0,0,0,0,192.0,1,0,112.0
2025-08-08,hpc-gpu-050,C,Biology,77.1,70.2,1410,353.0,79.0,0,0,0,4,148.1,3,1,98.0
2025-08-08,hpc-gpu-051,C,Chemistry,70.3,54.1,1410,370.0,90.3,0,0,0,10,135.0,2,0,110.0
2025-08-08,hpc-gpu-052,C,Computer Science,72.1,55.5,1410,376.0,79.4,0,0,0,8,138.3,2,1,95.0
2025-08-08,hpc-gpu-053,C,Earth Sciences,70.1,47.8,1410,358.0,78.7,0,0,0,2,134.5,4,1,93.0
2025-08-08,hpc-gpu-055,C,Engineering,91.2,59.6,1111,374.0,91.5,0,0,0,5,175.2,0,1,115.0
2025-08-08,hpc-gpu-056,C,Medical Research,81.7,54.2,1410,394.0,84.3,0,0,0,2,156.9,0,0,105.0
2025-08-08,hpc-gpu-057,C,Physics,97.3,58.7,1162,390.0,93.7,0,0,0,7,186.8,1,0,120.0
2025-08-08,hpc-gpu-058,C,Biology,73.2,57.2,1410,383.0,79.2,0,0,0,0,140.5,1,0,96.0
2025-08-08,hpc-gpu-059,C,Chemistry,58.6,41.5,1410,361.0,77.6,0,0,0,5,112.6,1,1,92.0
2025-08-08,hpc-gpu-060,C,Computer Science,67.9,56.6,1410,365.0,84.7,0,0,0,7,130.4,4,0,104.0
2025-08-08,hpc-gpu-063,C,Engineering,74.5,58.3,1410,354.0,85.9,0,0,0,6,143.1,1,1,106.0
2025-08-08,hpc-gpu-064,C,Medical Research,88.0,80.3,1155,398.0,85.7,0,0,0,9,168.9,3,1,103.0
2025-08-08,hpc-gpu-065,C,Physics,90.4,78.5,1263,388.0,94.4,0,0,0,9,173.6,0,1,119.0
2025-08-08,hpc-gpu-066,C,Biology,79.6,67.8,1410,389.0,82.1,0,0,0,0,152.9,3,1,100.0
2025-08-08,hpc-gpu-068,C,Computer Science,72.8,66.1,1410,379.0,82.1,0,0,0,7,139.8,1,0,98.0
2025-08-08,hpc-gpu-069,C,Earth Sciences,56.8,34.3,1410,365.0,74.5,0,0,0,4,109.1,0,1,89.0
2025-08-08,hpc-gpu-071,C,Engineering,80.2,51.1,1410,385.0,89.0,0,0,0,7,153.9,2,0,109.0
2025-08-08,hpc-gpu-072,C,Medical Research,88.8,74.3,1312,400.0,88.6,0,0,0,10,170.5,4,1,107.0
2025-08-09,hpc-gpu-058,C,Biology,56.1,36.3,1410,365.0,78.8,0,0,0,1,107.8,0,1,92.0
2025-08-09,hpc-gpu-060,C,Computer Science,53.7,40.5,1410,360.0,75.5,0,0,0,0,103.1,0,1,92.0
2025-08-10,hpc-gpu-056,C,Medical Research,62.6,48.1,1410,382.0,78.9,0,0,0,5,120.1,4,1,92.0
2025-08-10,hpc-gpu-067,C,Chemistry,59.7,45.8,1410,357.0,78.0,0,0,0,4,114.6,2,0,93.0
2025-08-10,hpc-gpu-071,C,Engineering,57.8,40.2,1410,326.0,76.7,0,0,0,1,110.9,2,0,93.0
2025-08-11,hpc-gpu-049,C,Physics,100.0,73.1,1407,404.0,89.5,0,0,0,1,192.0,3,0,111.0
2025-08-11,hpc-gpu-050,C,Biology,82.6,59.6,1410,381.0,78.8,0,0,0,11,158.6,3,0,92.0
2025-08-11,hpc-gpu-051,C,Chemistry,68.2,51.9,1410,360.0,73.6,0,0,0,10,131.0,1,1,87.0
2025-08-11,hpc-gpu-052,C,Computer Science,74.7,61.2,1410,382.0,81.1,0,0,0,10,143.4,3,0,99.0
2025-08-11,hpc-gpu-053,C,Earth Sciences,70.8,50.5,1410,374.0,80.4,0,0,0,11,136.0,3,1,96.0
2025-08-11,hpc-gpu-055,C,Engineering,84.0,59.7,1410,375.0,84.2,0,0,0,6,161.3,4,1,104.0
2025-08-11,hpc-gpu-056,C,Medical Research,74.9,50.7,1410,363.0,81.3,0,0,0,6,143.8,4,0,101.0
2025-08-11,hpc-gpu-057,C,Physics,100.0,92.9,1372,420.0,90.2,0,0,0,6,192.0,4,0,114.0
2025-08-11,hpc-gpu-058,C,Biology,82.7,61.2,1410,378.0,90.1,0,0,0,8,158.8,4,1,114.0
2025-08-11,hpc-gpu-059,C,Chemistry,68.1,57.9,1410,363.0,76.7,0,0,0,0,130.8,2,1,94.0
2025-08-11,hpc-gpu-060,C,Computer Science,87.0,56.8,1153,397.0,91.6,0,0,0,0,167.1,1,0,116.0
2025-08-11,hpc-gpu-063,C,Engineering,88.3,76.4,1130,415.0,85.1,0,0,0,11,169.5,1,1,103.0
2025-08-11,hpc-gpu-064,C,Medical Research,86.8,57.1,1261,357.0,85.5,0,0,0,10,166.7,0,1,107.0
2025-08-11,hpc-gpu-065,C,Physics,92.9,84.0,1219,403.0,89.7,0,0,0,6,178.3,2,0,112.0
2025-08-11,hpc-gpu-066,C,Biology,68.4,64.5,1410,378.0,84.1,0,0,0,1,131.3,1,1,100.0
2025-08-11,hpc-gpu-068,C,Computer Science,65.7,54.1,1410,378.0,81.6,0,0,0,3,126.2,1,0,99.0
2025-08-11,hpc-gpu-071,C,Engineering,85.3,67.8,1294,410.0,93.1,0,0,0,5,163.9,1,0,115.0
2025-08-11,hpc-gpu-072,C,Medical Research,72.7,43.7,1410,368.0,77.5,0,0,0,0,139.5,3,1,95.0
2025-08-12,hpc-gpu-049,C,Physics,86.3,62.7,1352,399.0,89.5,0,0,0,10,165.7,1,1,113.0
2025-08-12,hpc-gpu-051,C,Chemistry,68.0,44.6,1410,369.0,81.5,0,0,0,7,130.6,1,0,101.0
2025-08-12,hpc-gpu-052,C,Computer Science,60.7,47.9,1410,353.0,74.8,0,0,0,10,116.5,0,0,91.0
2025-08-12,hpc-gpu-055,C,Engineering,91.2,71.2,1266,404.0,96.5,0,0,0,5,175.2,1,1,123.0
2025-08-12,hpc-gpu-056,C,Medical Research,90.9,68.0,1273,384.0,86.8,0,0,0,2,174.5,1,1,109.0
2025-08-12,hpc-gpu-057,C,Physics,96.6,63.7,1136,389.0,90.0,0,0,0,6,185.4,3,1,114.0
2025-08-12,hpc-gpu-058,C,Biology,81.8,62.3,1410,397.0,88.2,0,0,0,9,157.1,0,0,111.0
2025-08-12,hpc-gpu-063,C,Engineering,97.6,76.3,1132,400.0,96.2,0,0,0,0,187.3,1,0,121.0
2025-08-12,hpc-gpu-064,C,Medical Research,85.4,73.7,1275,368.0,86.0,0,0,0,3,164.0,1,0,107.0
2025-08-12,hpc-gpu-065,C,Physics,91.6,77.4,1232,398.0,95.8,0,0,0,5,175.9,1,0,121.0
2025-08-12,hpc-gpu-067,C,Chemistry,75.5,52.3,1410,408.0,80.1,0,0,0,11,144.9,0,1,97.0
2025-08-12,hpc-gpu-068,C,Computer Science,71.7,55.7,1410,366.0,79.5,0,0,0,1,137.7,1,1,95.0
2025-08-12,hpc-gpu-069,C,Earth Sciences,65.6,59.8,1410,344.0,78.7,0,0,0,9,126.0,0,0,97.0
2025-08-12,hpc-gpu-071,C,Engineering,80.6,57.1,1410,388.0,84.6,0,0,0,2,154.8,3,0,102.0
2025-08-12,hpc-gpu-072,C,Medical Research,79.0,64.4,1410,381.0,84.4,0,0,0,7,151.6,4,0,102.0
2025-08-13,hpc-gpu-049,C,Physics,86.3,72.9,1250,373.0,91.0,0,0,0,5,165.7,2,0,116.0
2025-08-13,hpc-gpu-050,C,Biology,77.8,72.2,1410,387.0,81.8,0,0,0,0,149.3,2,0,97.0
2025-08-13,hpc-gpu-051,C,Chemistry,84.0,60.1,1410,392.0,90.4,0,0,0,3,161.3,3,1,110.0
2025-08-13,hpc-gpu-055,C,Engineering,77.7,61.1,1410,358.0,83.2,0,0,0,9,149.1,4,1,104.0
2025-08-13,hpc-gpu-056,C,Medical Research,81.1,52.7,1410,374.0,83.0,0,0,0,1,155.7,0,0,102.0
2025-08-13,hpc-gpu-057,C,Physics,89.6,71.0,1262,351.0,85.5,0,0,0,3,172.0,0,1,103.0
2025-08-13,hpc-gpu-058,C,Biology,71.6,52.6,1410,375.0,77.8,0,0,0,9,137.4,2,0,92.0
2025-08-13,hpc-gpu-059,C,Chemistry,75.8,58.7,1410,406.0,81.2,0,0,0,10,145.5,4,0,100.0
2025-08-13,hpc-gpu-060,C,Computer Science,73.9,62.7,1410,330.0,76.3,0,0,0,2,141.9,2,1,93.0
2025-08-13,hpc-gpu-063,C,Engineering,91.3,63.1,1318,396.0,89.3,0,0,0,4,175.2,0,0,111.0
2025-08-13,hpc-gpu-064,C,Medical Research,80.2,67.2,1410,393.0,83.5,0,0,0,5,154.1,2,0,102.0
2025-08-13,hpc-gpu-065,C,Physics,100.0,60.6,1179,406.0,94.4,0,0,0,5,192.0,4,1,117.0
2025-08-13,hpc-gpu-066,C,Biology,78.7,58.9,1410,381.0,78.6,0,0,0,0,151.1,1,0,95.0
2025-08-13,hpc-gpu-068,C,Computer Science,58.9,42.4,1410,365.0,77.9,0,0,0,7,113.2,2,1,93.0
2025-08-13,hpc-gpu-069,C,Earth Sciences,71.6,47.2,1410,357.0,83.8,0,0,0,1,137.5,1,1,101.0
2025-08-13,hpc-gpu-071,C,Engineering,81.3,61.9,1410,358.0,89.8,0,0,0,11,156.2,3,0,114.0
2025-08-13,hpc-gpu-072,C,Medical Research,97.1,78.5,1404,380.0,97.1,0,0,0,7,186.4,0,1,124.0
2025-08-14,hpc-gpu-049,C,Physics,93.9,65.6,1284,394.0,92.4,0,0,0,10,180.2,4,0,114.0
2025-08-14,hpc-gpu-050,C,Biology,85.3,65.9,1271,395.0,89.4,0,0,0,7,163.7,4,0,108.0
2025-08-14,hpc-gpu-051,C,Chemistry,86.0,80.9,1333,376.0,83.7,0,0,0,4,165.2,2,0,102.0
2025-08-14,hpc-gpu-055,C,Engineering,83.3,78.1,1410,379.0,81.1,0,0,0,7,159.9,2,1,98.0
2025-08-14,hpc-gpu-056,C,Medical Research,92.5,62.7,1296,387.0,84.5,0,0,0,8,177.6,1,0,106.0
2025-08-14,hpc-gpu-057,C,Physics,89.7,69.8,1249,421.0,84.6,0,0,0,2,172.3,3,1,104.0
2025-08-14,hpc-gpu-058,C,Biology,68.1,43.4,1410,363.0,78.1,0,0,0,10,130.8,0,0,94.0
2025-08-14,hpc-gpu-059,C,Chemistry,65.7,58.7,1410,389.0,75.8,0,0,0,7,126.2,2,0,92.0
2025-08-14,hpc-gpu-063,C,Engineering,81.7,53.5,1410,360.0,88.2,0,0,0,5,156.9,1,0,110.0
2025-08-14,hpc-gpu-064,C,Medical Research,89.9,78.4,1131,375.0,82.9,0,0,0,11,172.7,4,1,102.0
2025-08-14,hpc-gpu-065,C,Physics,82.1,54.4,1410,381.0,77.8,0,0,0,1,157.7,4,1,96.0
2025-08-14,hpc-gpu-066,C,Biology,74.3,45.3,1410,380.0,81.1,0,0,0,8,142.6,2,0,99.0
2025-08-14,hpc-gpu-071,C,Engineering,69.6,62.8,1410,353.0,79.8,0,0,0,6,133.6,3,0,98.0
2025-08-14,hpc-gpu-072,C,Medical Research,85.4,70.3,1337,397.0,85.5,0,0,0,11,164.1,4,0,106.0
2025-08-15,hpc-gpu-049,C,Physics,99.7,74.6,1410,429.0,85.5,0,0,0,11,191.4,3,1,107.0
2025-08-15,hpc-gpu-050,C,Biology,75.5,69.6,1410,372.0,81.5,0,0,0,6,145.0,2,0,96.0
2025-08-15,hpc-gpu-051,C,Chemistry,77.0,49.7,1410,390.0,84.4,0,0,0,2,147.9,3,0,103.0
2025-08-15,hpc-gpu-055,C,Engineering,76.9,64.6,1410,363.0,91.1,0,0,0,8,147.6,3,1,112.0
2025-08-15,hpc-gpu-056,C,Medical Research,76.9,56.1,1410,374.0,81.6,0,0,0,2,147.6,2,0,97.0
2025-08-15,hpc-gpu-057,C,Physics,85.6,52.6,1184,400.0,88.2,0,0,0,10,164.3,0,1,109.0
2025-08-15,hpc-gpu-058,C,Biology,92.5,78.9,1173,376.0,85.9,0,0,0,7,177.6,3,0,108.0
2025-08-15,hpc-gpu-063,C,Engineering,75.0,51.1,1410,357.0,83.6,0,0,0,11,144.0,1,0,102.0
2025-08-15,hpc-gpu-064,C,Medical Research,88.5,67.0,1368,396.0,93.0,0,0,0,2,169.9,2,1,116.0
2025-08-15,hpc-gpu-065,C,Physics,90.7,63.4,1302,383.0,87.3,0,0,0,10,174.2,0,1,106.0
2025-08-15,hpc-gpu-066,C,Biology,67.7,61.4,1410,378.0,76.7,0,0,0,9,129.9,1,1,92.0
2025-08-15,hpc-gpu-067,C,Chemistry,76.1,71.6,1410,384.0,78.1,0,0,0,0,146.1,0,1,96.0
2025-08-15,hpc-gpu-069,C,Earth Sciences,68.4,52.2,1410,366.0,78.5,0,0,0,8,131.3,4,1,96.0
2025-08-15,hpc-gpu-071,C,Engineering,80.6,62.9,1410,371.0,87.8,0,0,0,3,154.8,3,0,109.0
2025-08-15,hpc-gpu-072,C,Medical Research,87.6,65.8,1282,397.0,94.0,0,0,0,6,168.2,3,1,117.0
2025-08-16,hpc-gpu-056,C,Medical Research,62.4,45.8,1410,349.0,76.5,0,0,0,11,119.8,1,1,91.0
2025-08-16,hpc-gpu-057,C,Physics,72.0,58.8,1410,386.0,76.5,0,0,0,3,138.2,4,0,92.0
2025-08-16,hpc-gpu-065,C,Physics,59.4,36.2,1410,349.0,80.2,0,0,0,11,114.0,1,0,94.0
2025-08-17,hpc-gpu-051,C,Chemistry,42.4,35.1,1410,372.0,68.2,0,0,0,7,81.5,3,0,78.0
2025-08-17,hpc-gpu-055,C,Engineering,54.8,43.0,1410,365.0,76.5,0,0,0,9,105.2,2,0,93.0
2025-08-17,hpc-gpu-057,C,Physics,60.8,44.2,1410,377.0,78.7,0,0,0,5,116.7,2,0,97.0
2025-08-17,hpc-gpu-063,C,Engineering,57.8,35.3,1410,339.0,75.0,0,0,0,1,111.0,3,1,91.0
2025-08-17,hpc-gpu-068,C,Computer Science,58.7,35.8,1410,338.0,75.8,0,0,0,3,112.7,4,0,92.0
2025-08-18,hpc-gpu-049,C,Physics,90.7,68.7,1283,393.0,91.9,0,0,0,11,174.2,0,1,116.0
2025-08-18,hpc-gpu-050,C,Biology,86.3,60.6,1259,408.0,88.0,0,0,0,11,165.8,0,1,110.0
2025-08-18,hpc-gpu-051,C,Chemistry,67.7,61.3,1410,393.0,77.6,0,0,0,10,130.0,1,1,94.0
2025-08-18,hpc-gpu-053,C,Earth Sciences,68.8,62.0,1410,359.0,80.4,0,0,0,7,132.0,2,1,99.0
2025-08-18,hpc-gpu-055,C,Engineering,75.4,69.2,1410,357.0,87.8,0,0,0,0,144.7,1,0,106.0
2025-08-18,hpc-gpu-056,C,Medical Research,80.3,49.6,1410,367.0,88.0,0,0,0,10,154.2,0,1,111.0
2025-08-18,hpc-gpu-057,C,Physics,96.0,61.0,1169,381.0,93.8,0,0,0,0,184.4,1,1,117.0
2025-08-18,hpc-gpu-058,C,Biology,82.6,73.0,1410,393.0,82.4,0,0,0,1,158.6,1,0,101.0
2025-08-18,hpc-gpu-063,C,Engineering,88.5,72.9,1322,407.0,86.2,0,0,0,3,169.9,0,1,103.0
2025-08-18,hpc-gpu-064,C,Medical Research,76.2,50.6,1410,373.0,76.8,0,0,0,1,146.3,1,0,94.0
2025-08-18,hpc-gpu-065,C,Physics,92.8,70.2,1151,373.0,96.7,0,0,0,0,178.1,2,0,122.0
2025-08-18,hpc-gpu-066,C,Biology,75.5,61.3,1410,381.0,85.7,0,0,0,7,145.0,0,0,102.0
2025-08-18,hpc-gpu-068,C,Computer Science,67.3,56.7,1410,363.0,82.3,0,0,0,4,129.2,0,0,98.0
2025-08-18,hpc-gpu-071,C,Engineering,77.0,55.6,1410,360.0,78.7,0,0,0,3,147.8,0,1,93.0
2025-08-18,hpc-gpu-072,C,Medical Research,79.6,48.8,1410,361.0,87.4,0,0,0,6,152.8,4,1,109.0
2025-08-19,hpc-gpu-049,C,Physics,90.9,71.4,1157,382.0,91.4,0,0,0,9,174.6,2,0,115.0
2025-08-19,hpc-gpu-050,C,Biology,96.9,67.0,1400,365.0,93.3,0,0,0,6,186.0,2,0,115.0
2025-08-19,hpc-gpu-055,C,Engineering,71.6,51.2,1410,353.0,80.2,0,0,0,7,137.4,1,1,94.0
2025-08-19,hpc-gpu-056,C,Medical Research,78.5,47.3,1410,392.0,85.1,0,0,0,0,150.6,4,1,104.0
2025-08-19,hpc-gpu-057,C,Physics,100.0,67.3,1390,427.0,90.1,0,0,0,5,192.0,2,1,111.0
2025-08-19,hpc-gpu-058,C,Biology,79.5,54.8,1410,377.0,88.4,0,0,0,8,152.6,2,1,110.0
2025-08-19,hpc-gpu-059,C,Chemistry,62.7,52.4,1410,332.0,81.9,0,0,0,8,120.4,4,0,98.0
2025-08-19,hpc-gpu-063,C,Engineering,78.3,72.6,1410,365.0,79.3,0,0,0,4,150.4,2,1,97.0
2025-08-19,hpc-gpu-064,C,Medical Research,76.0,60.7,1410,378.0,81.8,0,0,0,7,145.9,3,1,100.0
2025-08-19,hpc-gpu-065,C,Physics,85.6,63.1,1347,394.0,88.7,0,0,0,3,164.4,1,1,110.0
2025-08-19,hpc-gpu-066,C,Biology,78.9,50.7,1410,387.0,88.7,0,0,0,2,151.4,2,0,110.0
2025-08-19,hpc-gpu-067,C,Chemistry,70.6,65.7,1410,396.0,78.3,0,0,0,4,135.5,2,0,95.0
2025-08-19,hpc-gpu-068,C,Computer Science,79.0,64.0,1410,403.0,77.6,0,0,0,0,151.6,1,0,95.0
2025-08-19,hpc-gpu-071,C,Engineering,80.7,56.4,1410,375.0,80.3,0,0,0,4,155.0,1,0,96.0
2025-08-20,hpc-gpu-049,C,Physics,81.9,49.6,1410,397.0,82.6,0,0,0,9,157.3,1,1,102.0
2025-08-20,hpc-gpu-050,C,Biology,83.6,72.0,1410,370.0,90.7,0,0,0,5,160.6,4,0,112.0
2025-08-20,hpc-gpu-051,C,Chemistry,65.9,59.1,1410,353.0,77.9,0,0,0,1,126.5,4,1,95.0
2025-08-20,hpc-gpu-054,C,Mathematics,38.7,32.0,1410,330.0,62.9,0,0,0,10,74.2,4,0,71.0
2025-08-20,hpc-gpu-055,C,Engineering,82.0,54.5,1410,370.0,82.5,0,0,0,11,157.4,0,0,100.0
2025-08-20,hpc-gpu-056,C,Medical Research,84.9,70.6,1410,382.0,88.2,0,0,0,9,163.0,0,0,111.0
2025-08-20,hpc-gpu-057,C,Physics,82.6,75.3,1410,384.0,79.8,0,0,0,11,158.5,0,1,97.0
2025-08-20,hpc-gpu-058,C,Biology,82.3,59.0,1410,385.0,85.0,0,0,0,4,158.1,2,0,106.0
2025-08-20,hpc-gpu-059,C,Chemistry,74.8,62.4,1410,384.0,78.8,0,0,0,9,143.6,2,0,97.0
2025-08-20,hpc-gpu-060,C,Computer Science,81.4,65.5,1410,392.0,91.6,0,0,0,3,156.4,0,1,111.0
2025-08-20,hpc-gpu-063,C,Engineering,100.0,67.8,1246,399.0,94.4,0,0,0,6,192.0,0,1,119.0
2025-08-20,hpc-gpu-064,C,Medical Research,92.1,72.6,1170,360.0,93.0,0,0,0,3,176.8,4,1,114.0
2025-08-20,hpc-gpu-065,C,Physics,90.7,66.0,1355,407.0,87.1,0,0,0,2,174.1,3,1,109.0
2025-08-20,hpc-gpu-066,C,Biology,60.2,41.5,1410,367.0,77.9,0,0,0,7,115.6,1,0,92.0
2025-08-20,hpc-gpu-067,C,Chemistry,80.7,73.9,1410,385.0,78.6,0,0,0,6,154.9,1,1,93.0
2025-08-20,hpc-gpu-071,C,Engineering,79.1,52.8,1410,360.0,84.6,0,0,0,6,151.9,3,0,103.0
2025-08-20,hpc-gpu-072,C,Medical Research,80.9,57.7,1410,371.0,88.9,0,0,0,8,155.4,4,1,110.0
2025-08-21,hpc-gpu-049,C,Physics,79.6,64.8,1410,380.0,79.6,0,0,0,4,152.8,4,0,96.0
2025-08-21,hpc-gpu-050,C,Biology,74.9,52.0,1410,357.0,84.0,0,0,0,6,143.7,1,0,103.0
2025-08-21,hpc-gpu-051,C,Chemistry,76.3,64.2,1410,386.0,82.9,0,0,0,5,146.5,4,0,98.0
2025-08-21,hpc-gpu-052,C,Computer Science,78.2,69.4,1410,362.0,82.9,0,0,0,1,150.1,3,1,99.0
2025-08-21,hpc-gpu-055,C,Engineering,80.0,65.6,1410,406.0,86.2,0,0,0,2,153.6,1,0,103.0
2025-08-21,hpc-gpu-056,C,Medical Research,87.4,76.4,1111,358.0,85.6,0,0,0,4,167.7,0,0,107.0
2025-08-21,hpc-gpu-057,C,Physics,80.5,69.1,1410,372.0,86.5,0,0,0,10,154.5,0,0,105.0
2025-08-21,hpc-gpu-058,C,Biology,66.3,53.1,1410,377.0,82.5,0,0,0,7,127.3,3,0,98.0
2025-08-21,hpc-gpu-059,C,Chemistry,82.7,67.8,1410,346.0,76.0,0,0,0,1,158.9,4,1,92.0
2025-08-21,hpc-gpu-063,C,Engineering,64.8,49.0,1410,353.0,81.8,0,0,0,6,124.4,2,0,102.0
2025-08-21,hpc-gpu-064,C,Medical Research,81.7,66.3,1410,394.0,90.2,0,0,0,0,156.9,4,1,110.0
2025-08-21,hpc-gpu-065,C,Physics,94.2,73.4,1306,415.0,86.3,0,0,0,10,180.8,0,1,105.0
2025-08-21,hpc-gpu-066,C,Biology,75.3,46.3,1410,378.0,79.2,0,0,0,5,144.5,0,1,93.0
2025-08-21,hpc-gpu-067,C,Chemistry,86.8,78.9,1136,405.0,84.7,0,0,0,7,166.7,2,1,106.0
2025-08-21,hpc-gpu-068,C,Computer Science,61.9,40.5,1410,361.0,80.9,0,0,0,2,118.9,0,0,96.0
2025-08-21,hpc-gpu-071,C,Engineering,87.0,53.6,1171,403.0,85.4,0,0,0,2,167.0,1,1,106.0
2025-08-21,hpc-gpu-072,C,Medical Research,100.0,74.3,1144,403.0,89.1,0,0,0,3,192.0,0,1,112.0
2025-08-22,hpc-gpu-049,C,Physics,86.2,68.4,1379,398.0,83.5,0,0,0,1,165.4,0,1,104.0
2025-08-22,hpc-gpu-050,C,Biology,76.1,46.5,1410,366.0,80.7,0,0,0,10,146.1,2,1,96.0
2025-08-22,hpc-gpu-051,C,Chemistry,80.4,49.5,1410,381.0,83.2,0,0,0,10,154.4,2,1,100.0
2025-08-22,hpc-gpu-052,C,Computer Science,68.5,41.1,1410,362.0,83.9,0,0,0,2,131.5,2,1,102.0
2025-08-22,hpc-gpu-053,C,Earth Sciences,71.1,45.9,1410,384.0,77.5,0,0,0,4,136.4,1,0,94.0
2025-08-22,hpc-gpu-055,C,Engineering,81.0,52.6,1410,349.0,82.2,0,0,0,11,155.5,0,1,98.0
2025-08-22,hpc-gpu-056,C,Medical Research,100.0,80.6,1303,385.0,92.6,0,0,0,5,192.0,1,0,116.0
2025-08-22,hpc-gpu-057,C,Physics,83.8,63.4,1410,373.0,93.8,0,0,0,9,160.8,2,1,115.0
2025-08-22,hpc-gpu-058,C,Biology,71.1,67.5,1410,376.0,76.7,0,0,0,4,136.5,0,0,92.0
2025-08-22,hpc-gpu-059,C,Chemistry,77.4,47.8,1410,347.0,79.4,0,0,0,10,148.5,3,1,96.0
2025-08-22,hpc-gpu-060,C,Computer Science,71.4,52.0,1410,375.0,85.3,0,0,0,2,137.0,1,1,105.0
2025-08-22,hpc-gpu-061,C,Earth Sciences,44.5,34.7,1410,373.0,67.8,0,0,0,9,85.5,4,1,79.0
2025-08-22,hpc-gpu-063,C,Engineering,86.8,71.5,1126,381.0,94.6,0,0,0,11,166.7,1,1,117.0
2025-08-22,hpc-gpu-064,C,Medical Research,97.1,84.2,1321,404.0,94.9,0,0,0,5,186.4,4,1,119.0
2025-08-22,hpc-gpu-065,C,Physics,92.6,75.0,1210,379.0,87.4,0,0,0,1,177.9,0,1,109.0
2025-08-22,hpc-gpu-066,C,Biology,81.0,61.6,1410,390.0,88.2,0,0,0,6,155.4,4,0,106.0
2025-08-22,hpc-gpu-067,C,Chemistry,77.5,67.0,1410,382.0,86.6,0,0,0,11,148.8,1,0,107.0
2025-08-22,hpc-gpu-068,C,Computer Science,72.9,51.9,1410,358.0,79.6,0,0,0,6,139.9,4,1,96.0
2025-08-22,hpc-gpu-071,C,Engineering,80.4,49.4,1410,361.0,86.2,0,0,0,1,154.4,2,0,103.0
2025-08-22,hpc-gpu-072,C,Medical Research,85.2,53.4,1162,386.0,86.5,0,0,0,2,163.5,1,1,106.0
2025-08-23,hpc-gpu-056,C,Medical Research,79.6,71.0,1410,374.0,84.6,0,0,0,4,152.8,3,0,106.0
2025-08-23,hpc-gpu-057,C,Physics,65.4,43.9,1410,363.0,84.7,0,0,0,11,125.5,0,0,101.0
2025-08-23,hpc-gpu-064,C,Medical Research,57.8,43.2,1410,348.0,77.0,0,0,0,10,111.0,2,1,91.0
2025-08-23,hpc-gpu-065,C,Physics,68.7,41.5,1410,335.0,79.7,0,0,0,0,132.0,1,1,97.0
2025-08-24,hpc-gpu-049,C,Physics,60.9,44.8,1410,371.0,75.3,0,0,0,4,117.0,2,1,92.0
2025-08-24,hpc-gpu-057,C,Physics,70.1,56.2,1410,376.0,84.4,0,0,0,9,134.6,1,1,101.0
2025-08-24,hpc-gpu-064,C,Medical Research,56.5,49.4,1410,356.0,80.6,0,0,0,2,108.4,4,1,97.0
2025-08-25,hpc-gpu-049,C,Physics,93.7,61.3,1398,386.0,94.5,0,0,0,10,179.8,0,1,118.0
2025-08-25,hpc-gpu-050,C,Biology,85.0,53.8,1371,363.0,87.5,0,0,0,1,163.2,2,0,105.0
2025-08-25,hpc-gpu-051,C,Chemistry,74.7,61.9,1410,370.0,77.9,0,0,0,11,143.4,0,1,92.0
2025-08-25,hpc-gpu-052,C,Computer Science,68.5,60.2,1410,362.0,75.6,0,0,0,10,131.5,1,1,92.0
2025-08-25,hpc-gpu-055,C,Engineering,78.7,62.6,1410,377.0,79.4,0,0,0,7,151.1,0,1,97.0
2025-08-25,hpc-gpu-056,C,Medical Research,79.7,50.8,1410,388.0,84.2,0,0,0,3,153.1,2,0,104.0
2025-08-25,hpc-gpu-057,C,Physics,86.2,74.3,1124,406.0,87.5,0,0,0,8,165.6,2,1,106.0
2025-08-25,hpc-gpu-058,C,Biology,87.1,69.5,1366,418.0,88.3,0,0,0,7,167.3,1,0,112.0
2025-08-25,hpc-gpu-059,C,Chemistry,89.9,61.9,1278,407.0,87.1,0,0,0,8,172.7,0,0,107.0
2025-08-25,hpc-gpu-061,C,Earth Sciences,64.7,40.7,1410,384.0,78.5,0,0,0,0,124.2,1,1,93.0
2025-08-25,hpc-gpu-063,C,Engineering,92.9,83.7,1409,395.0,89.2,0,0,0,1,178.3,1,1,108.0
2025-08-25,hpc-gpu-064,C,Medical Research,91.8,77.8,1373,411.0,91.1,0,0,0,8,176.3,2,0,114.0
2025-08-25,hpc-gpu-065,C,Physics,92.4,86.1,1329,392.0,95.6,0,0,0,0,177.4,4,1,118.0
2025-08-25,hpc-gpu-066,C,Biology,77.5,69.4,1410,356.0,82.5,0,0,0,2,148.7,1,1,103.0
2025-08-25,hpc-gpu-067,C,Chemistry,72.8,58.3,1410,361.0,83.9,0,0,0,8,139.9,3,1,100.0
2025-08-25,hpc-gpu-068,C,Computer Science,72.6,50.1,1410,377.0,77.2,0,0,0,6,139.4,3,0,94.0
2025-08-25,hpc-gpu-071,C,Engineering,85.7,57.8,1218,381.0,82.7,0,0,0,5,164.5,1,1,101.0
2025-08-25,hpc-gpu-072,C,Medical Research,83.7,65.6,1410,381.0,83.8,0,0,0,8,160.7,1,1,100.0
2025-08-26,hpc-gpu-049,C,Physics,93.6,57.7,1405,398.0,89.6,0,0,0,10,179.8,0,0,113.0
2025-08-26,hpc-gpu-050,C,Biology,79.3,50.8,1410,406.0,80.9,0,0,0,8,152.3,2,1,99.0
2025-08-26,hpc-gpu-051,C,Chemistry,79.2,71.1,1410,369.0,86.1,0,0,0,8,152.0,2,1,104.0
2025-08-26,hpc-gpu-055,C,Engineering,85.7,61.2,1357,372.0,82.5,0,0,0,0,164.5,2,0,99.0
2025-08-26,hpc-gpu-056,C,Medical Research,89.3,69.0,1150,420.0,88.4,0,0,0,1,171.4,2,0,108.0
2025-08-26,hpc-gpu-057,C,Physics,98.3,90.1,1195,391.0,94.4,0,0,0,6,188.8,0,0,117.0
2025-08-26,hpc-gpu-058,C,Biology,92.4,70.4,1264,380.0,91.0,0,0,0,8,177.3,3,1,113.0
2025-08-26,hpc-gpu-059,C,Chemistry,76.2,48.5,1410,386.0,84.1,0,0,0,8,146.3,2,0,104.0
2025-08-26,hpc-gpu-060,C,Computer Science,78.3,64.4,1410,383.0,81.7,0,0,0,6,150.2,2,0,100.0
2025-08-26,hpc-gpu-062,C,Mathematics,57.7,45.5,1410,346.0,76.8,0,0,0,5,110.8,4,0,94.0
2025-08-26,hpc-gpu-063,C,Engineering,80.6,58.4,1410,389.0,86.7,0,0,0,1,154.8,0,0,104.0
2025-08-26,hpc-gpu-064,C,Medical Research,99.1,65.9,1153,376.0,97.8,0,0,0,1,190.2,2,1,123.0
2025-08-26,hpc-gpu-065,C,Physics,86.9,63.4,1304,408.0,81.5,0,0,0,6,166.9,1,0,99.0
2025-08-26,hpc-gpu-066,C,Biology,77.6,66.0,1410,384.0,85.9,0,0,0,3,148.9,3,0,106.0
2025-08-26,hpc-gpu-067,C,Chemistry,75.2,67.7,1410,369.0,79.7,0,0,0,7,144.4,4,1,93.0
2025-08-26,hpc-gpu-068,C,Computer Science,68.8,44.3,1410,390.0,80.3,0,0,0,9,132.1,0,1,99.0
2025-08-26,hpc-gpu-071,C,Engineering,66.3,49.0,1410,368.0,78.4,0,0,0,1,127.3,2,0,94.0
2025-08-26,hpc-gpu-072,C,Medical Research,84.0,56.0,1410,395.0,83.8,0,0,0,0,161.3,3,1,102.0
2025-08-27,hpc-gpu-049,C,Physics,88.4,60.6,1117,391.0,87.4,0,0,0,0,169.6,4,0,107.0
2025-08-27,hpc-gpu-050,C,Biology,78.1,67.0,1410,382.0,81.6,0,0,0,11,150.0,0,1,102.0
2025-08-27,hpc-gpu-051,C,Chemistry,77.3,65.2,1410,378.0,78.3,0,0,0,4,148.4,0,1,92.0
2025-08-27,hpc-gpu-052,C,Computer Science,61.2,53.2,1410,368.0,78.9,0,0,0,0,117.5,3,0,92.0
2025-08-27,hpc-gpu-053,C,Earth Sciences,66.6,58.9,1410,371.0,81.5,0,0,0,9,127.8,3,0,98.0
2025-08-27,hpc-gpu-055,C,Engineering,84.3,60.3,1410,403.0,90.0,0,0,0,11,161.9,3,1,110.0
2025-08-27,hpc-gpu-056,C,Medical Research,93.7,84.9,1366,395.0,94.9,0,0,0,2,179.9,3,0,116.0
2025-08-27,hpc-gpu-057,C,Physics,87.1,78.3,1245,406.0,89.6,0,0,0,8,167.3,4,1,110.0
2025-08-27,hpc-gpu-058,C,Biology,82.2,74.5,1410,349.0,90.6,0,0,0,6,157.8,3,1,114.0
2025-08-27,hpc-gpu-059,C,Chemistry,71.7,66.5,1410,373.0,83.1,0,0,0,1,137.6,4,1,101.0
2025-08-27,hpc-gpu-060,C,Computer Science,80.6,69.3,1410,364.0,84.6,0,0,0,4,154.7,2,1,103.0
2025-08-27,hpc-gpu-063,C,Engineering,71.0,47.0,1410,367.0,77.3,0,0,0,0,136.4,3,1,93.0
2025-08-27,hpc-gpu-064,C,Medical Research,90.4,77.1,1381,378.0,93.4,0,0,0,7,173.6,1,1,115.0
2025-08-27,hpc-gpu-065,C,Physics,96.8,84.8,1263,389.0,92.3,0,0,0,2,185.8,2,1,112.0
2025-08-27,hpc-gpu-066,C,Biology,77.2,47.8,1410,370.0,80.4,0,0,0,5,148.1,4,1,95.0
2025-08-27,hpc-gpu-067,C,Chemistry,84.8,76.9,1410,390.0,87.0,0,0,0,10,162.8,3,1,107.0
2025-08-27,hpc-gpu-068,C,Computer Science,70.6,58.7,1410,356.0,74.7,0,0,0,6,135.5,2,1,91.0
2025-08-27,hpc-gpu-071,C,Engineering,79.2,60.7,1410,367.0,93.6,0,0,0,9,152.0,0,0,114.0
2025-08-27,hpc-gpu-072,C,Medical Research,69.6,49.1,1410,379.0,78.9,0,0,0,10,133.6,2,1,93.0
2025-08-28,hpc-gpu-049,C,Physics,84.9,51.7,1410,404.0,94.5,0,0,0,0,162.9,0,1,121.0
2025-08-28,hpc-gpu-050,C,Biology,84.2,62.2,1410,368.0,88.5,0,0,0,6,161.7,4,0,107.0
2025-08-28,hpc-gpu-051,C,Chemistry,82.2,56.2,1410,378.0,87.5,0,0,0,2,157.9,2,1,106.0
2025-08-28,hpc-gpu-052,C,Computer Science,69.8,51.2,1410,375.0,80.0,0,0,0,7,134.0,0,1,96.0
2025-08-28,hpc-gpu-055,C,Engineering,79.4,49.4,1410,404.0,87.2,0,0,0,0,152.5,4,0,107.0
2025-08-28,hpc-gpu-056,C,Medical Research,84.3,56.9,1410,388.0,85.1,0,0,0,0,161.9,0,1,105.0
2025-08-28,hpc-gpu-057,C,Physics,95.5,68.1,1316,407.0,93.5,0,0,0,8,183.4,3,0,119.0
2025-08-28,hpc-gpu-058,C,Biology,73.7,60.6,1410,355.0,82.4,0,0,0,9,141.6,2,1,101.0
2025-08-28,hpc-gpu-059,C,Chemistry,73.2,52.7,1410,370.0,83.6,0,0,0,10,140.6,3,1,100.0
2025-08-28,hpc-gpu-060,C,Computer Science,56.6,37.2,1410,379.0,77.1,0,0,0,11,108.6,2,0,95.0
2025-08-28,hpc-gpu-062,C,Mathematics,56.7,47.6,1410,364.0,75.6,0,0,0,2,108.9,4,0,91.0
2025-08-28,hpc-gpu-063,C,Engineering,75.0,65.7,1410,371.0,83.5,0,0,0,5,143.9,3,1,102.0
2025-08-28,hpc-gpu-064,C,Medical Research,92.0,77.6,1201,390.0,91.1,0,0,0,11,176.7,4,0,113.0
2025-08-28,hpc-gpu-065,C,Physics,85.3,71.0,1178,389.0,86.0,0,0,0,0,163.8,2,1,103.0
2025-08-28,hpc-gpu-067,C,Chemistry,70.5,63.7,1410,378.0,77.7,0,0,0,5,135.3,1,0,94.0
2025-08-28,hpc-gpu-068,C,Computer Science,73.2,49.1,1410,348.0,79.3,0,0,0,8,140.5,4,1,96.0
2025-08-28,hpc-gpu-071,C,Engineering,82.4,66.3,1410,362.0,87.2,0,0,0,9,158.2,4,0,106.0
2025-08-28,hpc-gpu-072,C,Medical Research,88.0,53.5,1294,389.0,91.5,0,0,0,1,169.0,3,0,114.0
2025-08-29,hpc-gpu-049,C,Physics,82.4,59.1,1410,378.0,89.9,0,0,0,4,158.3,2,0,113.0
2025-08-29,hpc-gpu-050,C,Biology,80.7,75.1,1410,374.0,81.1,0,0,0,7,155.0,1,0,98.0
2025-08-29,hpc-gpu-051,C,Chemistry,77.3,48.6,1410,389.0,80.5,0,0,0,4,148.4,4,1,99.0
2025-08-29,hpc-gpu-052,C,Computer Science,83.7,75.9,1410,391.0,83.1,0,0,0,8,160.7,2,0,103.0
2025-08-29,hpc-gpu-055,C,Engineering,81.4,76.8,1410,398.0,87.4,0,0,0,6,156.3,2,1,108.0
2025-08-29,hpc-gpu-056,C,Medical Research,76.8,56.5,1410,380.0,86.7,0,0,0,3,147.5,4,0,107.0
2025-08-29,hpc-gpu-057,C,Physics,90.8,59.7,1385,413.0,87.6,0,0,0,7,174.3,3,1,105.0
2025-08-29,hpc-gpu-058,C,Biology,69.1,51.0,1410,378.0,78.6,0,0,0,9,132.6,2,1,95.0
2025-08-29,hpc-gpu-059,C,Chemistry,71.0,64.6,1410,366.0,77.7,0,0,0,0,136.3,2,0,93.0
2025-08-29,hpc-gpu-060,C,Computer Science,74.2,64.5,1410,384.0,78.9,0,0,0,4,142.4,3,0,94.0
2025-08-29,hpc-gpu-063,C,Engineering,75.8,66.8,1410,382.0,83.2,0,0,0,6,145.6,2,1,104.0
2025-08-29,hpc-gpu-064,C,Medical Research,91.9,80.5,1141,389.0,90.5,0,0,0,9,176.5,3,0,111.0
2025-08-29,hpc-gpu-065,C,Physics,93.5,57.8,1360,390.0,92.2,0,0,0,1,179.5,3,0,117.0
2025-08-29,hpc-gpu-066,C,Biology,73.1,50.6,1410,348.0,84.7,0,0,0,7,140.3,1,1,101.0
2025-08-29,hpc-gpu-067,C,Chemistry,72.0,56.8,1410,366.0,80.3,0,0,0,0,138.1,2,0,99.0
2025-08-29,hpc-gpu-071,C,Engineering,90.4,83.5,1342,413.0,92.1,0,0,0,5,173.5,3,0,115.0
2025-08-29,hpc-gpu-072,C,Medical Research,90.3,74.2,1380,375.0,86.2,0,0,0,11,173.5,2,1,108.0
2025-08-30,hpc-gpu-056,C,Medical Research,51.5,45.7,1410,353.0,71.4,0,0,0,10,98.9,0,0,81.0
2025-08-31,hpc-gpu-049,C,Physics,70.1,59.3,1410,385.0,82.5,0,0,0,2,134.5,0,1,100.0
2025-08-31,hpc-gpu-050,C,Biology,64.7,40.1,1410,363.0,79.8,0,0,0,4,124.1,2,1,96.0
2025-08-31,hpc-gpu-055,C,Engineering,74.6,52.4,1410,379.0,82.3,0,0,0,5,143.3,0,0,103.0
2025-09-01,hpc-gpu-049,C,Physics,80.7,50.8,1410,374.0,77.0,0,0,0,9,155.0,1,1,94.0
2025-09-01,hpc-gpu-050,C,Biology,81.7,53.1,1410,365.0,78.6,0,0,0,10,156.8,0,0,98.0
2025-09-01,hpc-gpu-055,C,Engineering,87.5,53.0,1410,390.0,81.9,0,0,0,1,168.0,2,0,101.0
2025-09-01,hpc-gpu-057,C,Physics,100.0,79.4,1410,391.0,86.2,0,0,0,6,192.0,2,0,110.0
2025-09-01,hpc-gpu-058,C,Biology,83.3,62.3,1410,375.0,83.1,0,0,0,11,159.9,3,1,105.0
2025-09-01,hpc-gpu-064,C,Medical Research,82.2,74.2,1410,394.0,78.2,0,0,0,6,157.8,1,1,98.0
2025-09-01,hpc-gpu-065,C,Physics,78.3,69.0,1410,350.0,76.2,0,0,0,11,150.4,2,0,94.0
2025-09-01,hpc-gpu-071,C,Engineering,71.7,56.8,1410,360.0,75.6,0,0,0,11,137.7,2,1,93.0
2025-09-02,hpc-gpu-049,C,Physics,82.7,69.7,1410,412.0,78.1,0,0,0,4,158.9,4,0,98.0
2025-09-02,hpc-gpu-055,C,Engineering,78.0,61.8,1410,418.0,80.1,0,0,0,11,149.7,2,1,99.0
2025-09-02,hpc-gpu-056,C,Medical Research,81.1,76.0,1410,378.0,75.3,0,0,0,5,155.7,1,1,93.0
2025-09-02,hpc-gpu-057,C,Physics,99.2,61.0,1410,383.0,86.5,0,0,0,7,190.4,0,1,109.0
2025-09-02,hpc-gpu-063,C,Engineering,91.3,80.5,1410,392.0,82.5,0,0,0,5,175.3,2,1,103.0
2025-09-02,hpc-gpu-064,C,Medical Research,87.8,65.5,1410,410.0,83.6,0,0,0,4,168.5,0,0,105.0
2025-09-02,hpc-gpu-065,C,Physics,89.4,59.1,1410,389.0,81.1,0,0,0,4,171.6,2,1,101.0
2025-09-02,hpc-gpu-071,C,Engineering,80.9,66.5,1410,369.0,78.9,0,0,0,6,155.4,3,1,99.0
2025-09-02,hpc-gpu-072,C,Medical Research,87.7,73.6,1410,357.0,80.9,0,0,0,6,168.4,0,0,102.0
2025-09-03,hpc-gpu-049,C,Physics,100.0,84.5,1410,409.0,87.0,0,0,0,3,192.0,2,0,109.0
2025-09-03,hpc-gpu-051,C,Chemistry,76.2,53.4,1410,343.0,79.5,0,0,0,8,146.3,3,1,97.0
2025-09-03,hpc-gpu-056,C,Medical Research,80.7,74.9,1410,385.0,79.1,0,0,0,2,154.9,0,0,99.0
2025-09-03,hpc-gpu-057,C,Physics,88.7,55.7,1410,378.0,80.1,0,0,0,10,170.3,4,0,100.0
2025-09-03,hpc-gpu-063,C,Engineering,93.0,65.2,1410,402.0,82.5,0,0,0,1,178.6,1,1,103.0
2025-09-03,hpc-gpu-064,C,Medical Research,88.1,83.2,1410,381.0,80.6,0,0,0,10,169.1,0,1,101.0
2025-09-03,hpc-gpu-065,C,Physics,91.7,57.9,1410,383.0,79.2,0,0,0,6,176.0,0,1,100.0
2025-09-03,hpc-gpu-066,C,Biology,81.3,50.9,1410,376.0,79.3,0,0,0,3,156.1,1,0,100.0
2025-09-03,hpc-gpu-067,C,Chemistry,80.3,51.4,1410,375.0,76.3,0,0,0,5,154.1,3,1,93.0
2025-09-03,hpc-gpu-068,C,Computer Science,65.2,50.3,1410,371.0,72.7,0,0,0,1,125.1,4,0,88.0
2025-09-03,hpc-gpu-072,C,Medical Research,68.8,56.7,1410,371.0,75.8,0,0,0,2,132.1,1,1,95.0
2025-09-04,hpc-gpu-049,C,Physics,85.0,68.0,1410,380.0,74.3,0,0,0,4,163.3,4,1,92.0
2025-09-04,hpc-gpu-050,C,Biology,79.8,67.4,1410,382.0,77.5,0,0,0,7,153.2,3,1,96.0
2025-09-04,hpc-gpu-052,C,Computer Science,75.1,51.7,1410,370.0,77.2,0,0,0,4,144.3,1,0,95.0
2025-09-04,hpc-gpu-054,C,Mathematics,46.5,34.3,1410,321.0,63.2,0,0,0,8,89.4,4,1,76.0
2025-09-04,hpc-gpu-055,C,Engineering,90.4,57.3,1410,413.0,84.1,0,0,0,5,173.6,3,1,107.0
2025-09-04,hpc-gpu-056,C,Medical Research,84.9,80.1,1410,399.0,76.6,0,0,0,8,163.0,1,0,94.0
2025-09-04,hpc-gpu-057,C,Physics,92.9,86.7,1410,407.0,83.3,0,0,0,11,178.4,3,0,105.0
2025-09-04,hpc-gpu-058,C,Biology,82.0,77.8,1410,385.0,81.0,0,0,0,0,157.4,2,1,101.0
2025-09-04,hpc-gpu-063,C,Engineering,90.0,67.0,1410,415.0,83.9,0,0,0,2,172.9,2,0,106.0
2025-09-04,hpc-gpu-064,C,Medical Research,84.9,70.5,1410,386.0,75.7,0,0,0,7,162.9,2,1,94.0
2025-09-04,hpc-gpu-065,C,Physics,93.2,73.1,1410,405.0,83.9,0,0,0,5,178.9,2,1,106.0
2025-09-04,hpc-gpu-071,C,Engineering,85.1,57.6,1410,399.0,78.9,0,0,0,7,163.4,1,1,97.0
2025-09-04,hpc-gpu-072,C,Medical Research,75.7,46.0,1410,374.0,72.4,0,0,0,1,145.3,1,0,87.0
2025-09-05,hpc-gpu-049,C,Physics,93.7,88.4,1410,389.0,88.6,0,0,0,3,179.9,3,0,111.0
2025-09-05,hpc-gpu-051,C,Chemistry,74.0,63.3,1410,373.0,75.3,0,0,0,4,142.0,2,0,93.0
2025-09-05,hpc-gpu-056,C,Medical Research,76.8,63.2,1410,384.0,76.8,0,0,0,5,147.5,3,1,94.0
2025-09-05,hpc-gpu-057,C,Physics,89.0,67.0,1410,357.0,85.2,0,0,0,2,171.0,4,0,108.0
2025-09-05,hpc-gpu-058,C,Biology,79.0,64.4,1410,393.0,75.4,0,0,0,4,151.7,3,1,93.0
2025-09-05,hpc-gpu-059,C,Chemistry,77.4,66.0,1410,396.0,75.5,0,0,0,10,148.5,0,1,92.0
2025-09-05,hpc-gpu-060,C,Computer Science,68.7,50.8,1410,353.0,75.1,0,0,0,2,131.8,1,1,94.0
2025-09-05,hpc-gpu-064,C,Medical Research,77.8,52.3,1410,390.0,76.6,0,0,0,5,149.4,3,1,96.0
2025-09-05,hpc-gpu-065,C,Physics,86.1,77.7,1410,385.0,80.0,0,0,0,5,165.2,2,1,100.0
2025-09-05,hpc-gpu-066,C,Biology,74.9,47.1,1410,392.0,73.7,0,0,0,7,143.9,2,1,91.0
2025-09-05,hpc-gpu-072,C,Medical Research,83.8,68.3,1410,403.0,76.4,0,0,0,8,160.9,3,0,95.0
2025-09-06,hpc-gpu-061,C,Earth Sciences,49.9,37.8,1410,379.0,63.3,0,0,0,0,95.8,2,0,74.0
2025-09-06,hpc-gpu-065,C,Physics,49.2,40.7,1410,344.0,59.4,0,0,0,7,94.5,1,1,69.0
2025-09-07,hpc-gpu-063,C,Engineering,65.9,60.4,1410,367.0,77.4,0,0,0,5,126.5,4,0,94.0
2025-09-08,hpc-gpu-049,C,Physics,92.2,83.4,1410,401.0,89.7,0,0,0,5,177.0,2,0,113.0
2025-09-08,hpc-gpu-053,C,Earth Sciences,58.4,49.7,1410,373.0,74.8,0,0,0,10,112.2,4,1,92.0
2025-09-08,hpc-gpu-056,C,Medical Research,80.5,73.9,1410,377.0,78.3,0,0,0,11,154.5,3,1,98.0
2025-09-08,hpc-gpu-057,C,Physics,75.9,69.2,1410,368.0,76.0,0,0,0,2,145.8,0,1,94.0
2025-09-08,hpc-gpu-058,C,Biology,83.4,71.2,1410,403.0,79.5,0,0,0,5,160.1,0,0,98.0
2025-09-08,hpc-gpu-063,C,Engineering,83.0,65.0,1410,391.0,80.2,0,0,0,1,159.4,0,1,100.0
2025-09-08,hpc-gpu-065,C,Physics,89.5,71.6,1410,395.0,77.6,0,0,0,0,171.9,1,1,96.0
2025-09-08,hpc-gpu-066,C,Biology,85.1,64.6,1410,373.0,83.3,0,0,0,3,163.4,1,0,105.0
2025-09-08,hpc-gpu-067,C,Chemistry,80.2,65.1,1410,380.0,80.8,0,0,0,2,154.1,0,1,101.0
2025-09-08,hpc-gpu-070,C,Mathematics,34.4,22.9,1410,337.0,52.1,0,0,0,3,66.0,2,1,58.0
2025-09-08,hpc-gpu-072,C,Medical Research,93.8,82.9,1410,412.0,81.8,0,0,0,4,180.2,4,1,103.0
2025-09-09,hpc-gpu-049,C,Physics,91.3,71.9,1410,386.0,88.2,0,0,0,6,175.3,4,0,110.0
2025-09-09,hpc-gpu-050,C,Biology,73.6,66.3,1410,372.0,79.1,0,0,0,7,141.3,1,0,97.0
2025-09-09,hpc-gpu-052,C,Computer Science,68.8,55.9,1410,384.0,73.5,0,0,0,0,132.1,4,1,91.0
2025-09-09,hpc-gpu-055,C,Engineering,80.0,51.7,1410,346.0,79.2,0,0,0,4,153.5,0,1,97.0
2025-09-09,hpc-gpu-056,C,Medical Research,81.9,55.3,1410,388.0,79.1,0,0,0,0,157.3,0,1,98.0
2025-09-09,hpc-gpu-057,C,Physics,80.5,73.7,1410,373.0,77.7,0,0,0,10,154.5,4,1,95.0
2025-09-09,hpc-gpu-059,C,Chemistry,75.3,56.4,1410,367.0,76.8,0,0,0,10,144.5,1,1,94.0
2025-09-09,hpc-gpu-064,C,Medical Research,74.6,49.6,1410,357.0,80.1,0,0,0,0,143.3,2,1,100.0
2025-09-09,hpc-gpu-065,C,Physics,79.4,68.4,1410,370.0,78.6,0,0,0,8,152.4,2,0,99.0
2025-09-09,hpc-gpu-071,C,Engineering,94.5,78.2,1410,390.0,83.4,0,0,0,1,181.4,1,0,105.0
2025-09-09,hpc-gpu-072,C,Medical Research,85.2,65.4,1410,387.0,82.1,0,0,0,5,163.6,1,0,102.0
2025-09-10,hpc-gpu-049,C,Physics,84.6,54.1,1410,384.0,78.8,0,0,0,9,162.4,0,0,97.0
2025-09-10,hpc-gpu-050,C,Biology,82.2,61.6,1410,350.0,75.4,0,0,0,11,157.9,0,1,93.0
2025-09-10,hpc-gpu-052,C,Computer Science,76.3,67.4,1410,385.0,73.6,0,0,0,5,146.5,2,1,91.0
2025-09-10,hpc-gpu-055,C,Engineering,90.3,57.4,1410,403.0,87.1,0,0,0,7,173.3,1,1,109.0
2025-09-10,hpc-gpu-060,C,Computer Science,69.1,60.7,1410,366.0,76.9,0,0,0,8,132.7,4,1,93.0
2025-09-10,hpc-gpu-063,C,Engineering,85.6,61.8,1410,394.0,78.2,0,0,0,6,164.4,0,1,97.0
2025-09-10,hpc-gpu-064,C,Medical Research,81.5,51.4,1410,388.0,76.8,0,0,0,11,156.4,1,0,96.0
2025-09-10,hpc-gpu-065,C,Physics,70.8,54.6,1410,358.0,74.1,0,0,0,3,135.8,3,0,91.0
2025-09-10,hpc-gpu-067,C,Chemistry,77.9,49.3,1410,368.0,76.0,0,0,0,7,149.7,3,1,95.0
2025-09-10,hpc-gpu-071,C,Engineering,67.5,57.4,1410,351.0,77.2,0,0,0,2,129.6,4,1,94.0
2025-09-10,hpc-gpu-072,C,Medical Research,91.6,55.4,1410,402.0,78.2,0,0,0,3,175.9,3,1,98.0
2025-09-11,hpc-gpu-049,C,Physics,75.3,52.7,1410,406.0,75.4,0,0,0,9,144.5,2,0,92.0
2025-09-11,hpc-gpu-050,C,Biology,93.0,71.7,1410,384.0,80.0,0,0,0,8,178.6,4,0,100.0
2025-09-11,hpc-gpu-052,C,Computer Science,68.8,65.2,1410,348.0,75.9,0,0,0,0,132.1,2,0,93.0
2025-09-11,hpc-gpu-055,C,Engineering,90.6,60.2,1410,384.0,85.6,0,0,0,8,174.0,3,0,107.0
2025-09-11,hpc-gpu-057,C,Physics,85.3,76.6,1410,380.0,85.7,0,0,0,0,163.8,1,0,107.0
2025-09-11,hpc-gpu-058,C,Biology,77.0,52.5,1410,373.0,76.6,0,0,0,4,147.8,1,0,95.0
2025-09-11,hpc-gpu-059,C,Chemistry,71.1,61.8,1410,371.0,73.2,0,0,0,5,136.5,1,0,91.0
2025-09-11,hpc-gpu-063,C,Engineering,84.3,64.2,1410,384.0,76.0,0,0,0,1,161.9,4,0,95.0
2025-09-11,hpc-gpu-066,C,Biology,71.5,58.4,1410,363.0,76.8,0,0,0,7,137.2,4,1,93.0
2025-09-11,hpc-gpu-068,C,Computer Science,65.9,57.4,1410,352.0,75.6,0,0,0,3,126.6,3,0,92.0
2025-09-11,hpc-gpu-072,C,Medical Research,76.3,68.4,1410,387.0,75.9,0,0,0,9,146.4,3,1,93.0
2025-09-12,hpc-gpu-001,A,Physics,83.5,55.7,1410,389.0,74.3,0,0,0,3,160.3,0,1,94.0
2025-09-12,hpc-gpu-049,C,Physics,100.0,62.2,1410,388.0,88.6,0,0,0,7,192.0,2,1,112.0
2025-09-12,hpc-gpu-053,C,Earth Sciences,48.8,40.3,1410,357.0,62.9,0,0,0,7,93.7,0,0,73.0
2025-09-12,hpc-gpu-055,C,Engineering,70.1,56.3,1410,384.0,74.2,0,0,0,6,134.6,0,0,92.0
2025-09-12,hpc-gpu-056,C,Medical Research,89.8,64.4,1410,397.0,82.5,0,0,0,7,172.3,2,0,102.0
2025-09-12,hpc-gpu-057,C,Physics,88.4,78.9,1410,375.0,77.1,0,0,0,0,169.7,3,1,95.0
2025-09-12,hpc-gpu-058,C,Biology,75.3,64.3,1410,391.0,76.1,0,0,0,10,144.7,4,1,94.0
2025-09-12,hpc-gpu-059,C,Chemistry,92.1,84.7,1410,429.0,85.5,0,0,0,1,176.8,1,0,108.0
2025-09-12,hpc-gpu-063,C,Engineering,81.9,72.4,1410,398.0,78.4,0,0,0,9,157.2,3,0,99.0
2025-09-12,hpc-gpu-064,C,Medical Research,84.2,76.0,1410,386.0,82.3,0,0,0,6,161.6,2,0,104.0
2025-09-12,hpc-gpu-065,C,Physics,85.2,56.2,1410,377.0,79.4,0,0,0,6,163.6,4,0,98.0
2025-09-12,hpc-gpu-067,C,Chemistry,86.0,54.1,1410,396.0,76.0,0,0,0,4,165.2,0,1,95.0
2025-09-12,hpc-gpu-071,C,Engineering,76.9,59.5,1410,384.0,77.7,0,0,0,4,147.6,4,0,96.0
2025-09-14,hpc-gpu-054,C,Mathematics,36.6,23.8,1410,379.0,59.3,0,0,0,1,70.3,2,1,69.0
2025-09-14,hpc-gpu-058,C,Biology,41.2,29.5,1410,335.0,54.0,0,0,0,1,79.1,1,1,61.0
2025-09-14,hpc-gpu-064,C,Medical Research,73.4,48.2,1410,377.0,75.6,0,0,0,4,140.8,3,1,93.0
2025-09-15,hpc-gpu-049,C,Physics,87.2,69.4,1410,389.0,82.7,0,0,0,11,167.4,1,0,104.0
2025-09-15,hpc-gpu-055,C,Engineering,72.9,67.5,1410,377.0,75.3,0,0,0,2,139.9,3,0,92.0
2025-09-15,hpc-gpu-056,C,Medical Research,78.7,55.3,1410,378.0,74.5,0,0,0,11,151.1,3,0,92.0
2025-09-15,hpc-gpu-057,C,Physics,86.3,62.6,1410,381.0,79.2,0,0,0,2,165.7,2,0,98.0
2025-09-15,hpc-gpu-058,C,Biology,79.0,48.1,1410,403.0,79.7,0,0,0,0,151.7,0,1,99.0
2025-09-15,hpc-gpu-063,C,Engineering,78.9,56.1,1410,392.0,79.7,0,0,0,11,151.6,2,0,99.0
2025-09-15,hpc-gpu-065,C,Physics,79.9,69.0,1410,390.0,78.1,0,0,0,0,153.3,1,0,95.0
2025-09-15,hpc-gpu-066,C,Biology,91.2,63.6,1410,383.0,84.2,0,0,0,1,175.1,0,1,105.0
2025-09-15,hpc-gpu-068,C,Computer Science,69.3,45.3,1410,367.0,75.5,0,0,0,3,133.0,4,1,94.0
2025-09-15,hpc-gpu-071,C,Engineering,77.0,54.7,1410,374.0,78.7,0,0,0,3,147.9,0,1,99.0
2025-09-16,hpc-gpu-049,C,Physics,86.7,74.5,1410,377.0,87.3,0,0,0,8,166.4,2,0,111.0
2025-09-16,hpc-gpu-057,C,Physics,99.4,67.7,1410,387.0,86.0,0,0,0,5,190.8,2,1,108.0
2025-09-16,hpc-gpu-058,C,Biology,80.4,66.3,1410,365.0,74.6,0,0,0,5,154.4,4,1,93.0
2025-09-16,hpc-gpu-063,C,Engineering,83.8,74.3,1410,367.0,76.3,0,0,0,5,160.9,2,1,94.0
2025-09-16,hpc-gpu-064,C,Medical Research,76.1,66.4,1410,375.0,78.1,0,0,0,5,146.1,0,0,96.0
2025-09-16,hpc-gpu-065,C,Physics,85.6,77.4,1410,367.0,77.4,0,0,0,1,164.3,3,1,96.0
2025-09-16,hpc-gpu-066,C,Biology,72.1,59.4,1410,385.0,76.7,0,0,0,3,138.4,1,0,94.0
2025-09-16,hpc-gpu-067,C,Chemistry,68.4,56.9,1410,344.0,73.3,0,0,0,3,131.3,1,0,91.0
2025-09-16,hpc-gpu-071,C,Engineering,81.5,62.6,1410,359.0,81.5,0,0,0,11,156.5,1,0,103.0
2025-09-17,hpc-gpu-049,C,Physics,76.6,47.9,1410,390.0,77.6,0,0,0,2,147.0,3,0,95.0
2025-09-17,hpc-gpu-050,C,Biology,78.0,47.5,1410,381.0,78.7,0,0,0,9,149.8,2,1,98.0
2025-09-17,hpc-gpu-052,C,Computer Science,58.8,53.0,1410,368.0,64.7,0,0,0,1,112.8,4,0,76.0
2025-09-17,hpc-gpu-055,C,Engineering,76.7,52.9,1410,381.0,74.3,0,0,0,2,147.3,0,0,91.0
2025-09-17,hpc-gpu-056,C,Medical Research,73.5,47.1,1410,366.0,77.3,0,0,0,10,141.2,2,1,96.0
2025-09-17,hpc-gpu-057,C,Physics,77.0,55.1,1410,379.0,77.3,0,0,0,6,147.9,2,0,94.0
2025-09-17,hpc-gpu-063,C,Engineering,79.4,68.6,1410,378.0,76.6,0,0,0,6,152.5,2,1,93.0
2025-09-17,hpc-gpu-064,C,Medical Research,85.2,63.5,1410,390.0,81.3,0,0,0,7,163.6,2,1,101.0
2025-09-17,hpc-gpu-065,C,Physics,90.6,82.3,1410,366.0,88.4,0,0,0,1,174.0,3,1,113.0
2025-09-18,hpc-gpu-049,C,Physics,90.3,65.5,1410,403.0,82.7,0,0,0,9,173.4,3,0,103.0
2025-09-18,hpc-gpu-050,C,Biology,79.9,50.7,1410,374.0,80.9,0,0,0,5,153.4,3,1,101.0
2025-09-18,hpc-gpu-055,C,Engineering,70.5,61.6,1410,388.0,73.9,0,0,0,9,135.3,2,1,92.0
2025-09-18,hpc-gpu-056,C,Medical Research,89.8,54.0,1410,428.0,83.9,0,0,0,3,172.4,3,0,104.0
2025-09-18,hpc-gpu-057,C,Physics,96.0,86.8,1410,376.0,82.5,0,0,0,1,184.4,2,0,104.0
2025-09-18,hpc-gpu-058,C,Biology,81.8,58.8,1410,385.0,78.9,0,0,0,7,157.1,1,1,97.0
2025-09-18,hpc-gpu-064,C,Medical Research,80.8,67.1,1410,366.0,78.5,0,0,0,1,155.1,0,1,97.0
2025-09-18,hpc-gpu-065,C,Physics,85.8,65.0,1410,361.0,84.2,0,0,0,5,164.7,3,1,107.0
2025-09-18,hpc-gpu-066,C,Biology,96.8,91.0,1410,387.0,84.3,0,0,0,4,185.8,4,0,106.0
2025-09-18,hpc-gpu-067,C,Chemistry,75.3,53.5,1410,398.0,76.9,0,0,0,9,144.6,1,1,94.0
2025-09-18,hpc-gpu-068,C,Computer Science,79.3,61.2,1410,365.0,75.3,0,0,0,6,152.2,1,1,92.0
2025-09-18,hpc-gpu-071,C,Engineering,81.5,57.5,1410,410.0,79.2,0,0,0,5,156.6,3,0,97.0
2025-09-18,hpc-gpu-072,C,Medical Research,78.5,65.2,1410,374.0,78.1,0,0,0,5,150.7,3,1,96.0
2025-09-19,hpc-gpu-049,C,Physics,85.8,79.5,1410,394.0,77.9,0,0,0,0,164.8,1,1,96.0
2025-09-19,hpc-gpu-050,C,Biology,82.4,70.6,1410,397.0,80.7,0,0,0,6,158.2,0,1,99.0
2025-09-19,hpc-gpu-055,C,Engineering,88.2,56.0,1410,381.0,81.7,0,0,0,3,169.4,0,1,103.0
2025-09-19,hpc-gpu-056,C,Medical Research,76.0,50.4,1410,387.0,77.0,0,0,0,4,145.8,0,1,95.0
2025-09-19,hpc-gpu-057,C,Physics,86.7,72.0,1410,404.0,78.0,0,0,0,8,166.4,0,0,97.0
2025-09-19,hpc-gpu-058,C,Biology,82.0,54.5,1410,410.0,78.4,0,0,0,9,157.4,4,1,96.0
2025-09-19,hpc-gpu-063,C,Engineering,80.8,71.4,1410,391.0,81.0,0,0,0,2,155.1,0,1,100.0
2025-09-19,hpc-gpu-064,C,Medical Research,79.8,63.3,1410,382.0,74.8,0,0,0,9,153.2,4,1,93.0
2025-09-19,hpc-gpu-065,C,Physics,88.3,82.3,1410,389.0,86.2,0,0,0,8,169.5,0,1,108.0
2025-09-19,hpc-gpu-068,C,Computer Science,73.5,66.1,1410,376.0,75.3,0,0,0,5,141.1,4,1,91.0
2025-09-19,hpc-gpu-071,C,Engineering,74.2,67.2,1410,383.0,76.1,0,0,0,7,142.5,4,0,95.0
2025-09-19,hpc-gpu-072,C,Medical Research,90.6,74.0,1410,399.0,82.7,0,0,0,5,174.0,2,0,103.0
2025-09-22,hpc-gpu-049,C,Physics,81.0,68.6,1410,377.0,78.3,0,0,0,0,155.6,3,0,96.0
2025-09-22,hpc-gpu-052,C,Computer Science,68.7,46.8,1410,360.0,73.4,0,0,0,4,131.8,4,0,91.0
2025-09-22,hpc-gpu-056,C,Medical Research,93.6,66.6,1410,391.0,79.3,0,0,0,6,179.8,3,1,98.0
2025-09-22,hpc-gpu-057,C,Physics,73.9,59.6,1410,381.0,74.0,0,0,0,1,141.9,2,0,91.0
2025-09-22,hpc-gpu-058,C,Biology,85.2,74.8,1410,401.0,80.3,0,0,0,1,163.5,0,0,99.0
2025-09-22,hpc-gpu-065,C,Physics,90.5,83.5,1410,418.0,82.9,0,0,0,3,173.8,0,0,103.0
2025-09-22,hpc-gpu-066,C,Biology,85.1,79.4,1410,409.0,79.8,0,0,0,4,163.5,1,1,98.0
2025-09-22,hpc-gpu-071,C,Engineering,74.7,51.7,1410,381.0,77.7,0,0,0,4,143.5,4,1,96.0
2025-09-22,hpc-gpu-072,C,Medical Research,79.8,73.7,1410,370.0,76.6,0,0,0,3,153.1,0,1,93.0
2025-09-23,hpc-gpu-049,C,Physics,91.1,56.1,1410,396.0,91.1,0,0,0,7,174.8,2,0,115.0
2025-09-23,hpc-gpu-050,C,Biology,82.6,73.8,1410,389.0,77.7,0,0,0,6,158.6,4,1,97.0
2025-09-23,hpc-gpu-052,C,Computer Science,78.6,55.7,1410,353.0,78.2,0,0,0,10,150.9,0,0,96.0
2025-09-23,hpc-gpu-057,C,Physics,98.2,81.4,1410,422.0,81.4,0,0,0,2,188.6,3,0,103.0
2025-09-23,hpc-gpu-064,C,Medical Research,78.2,65.0,1410,382.0,81.8,0,0,0,10,150.2,4,1,102.0
2025-09-23,hpc-gpu-065,C,Physics,87.4,55.4,1410,391.0,77.9,0,0,0,11,167.8,4,1,97.0
2025-09-23,hpc-gpu-068,C,Computer Science,54.9,41.6,1410,370.0,65.3,0,0,0,5,105.3,3,0,79.0
2025-09-23,hpc-gpu-072,C,Medical Research,64.4,44.1,1410,343.0,75.8,0,0,0,3,123.7,0,0,94.0
2025-09-24,hpc-gpu-049,C,Physics,99.4,91.5,1410,390.0,89.6,0,0,0,3,190.8,4,1,113.0
2025-09-24,hpc-gpu-055,C,Engineering,79.6,60.0,1410,401.0,77.6,0,0,0,0,152.8,2,0,96.0
2025-09-24,hpc-gpu-059,C,Chemistry,74.6,45.7,1410,391.0,80.8,0,0,0,5,143.2,0,1,100.0
2025-09-24,hpc-gpu-063,C,Engineering,80.9,56.7,1410,388.0,79.1,0,0,0,0,155.3,4,1,100.0
2025-09-24,hpc-gpu-067,C,Chemistry,67.7,63.7,1410,350.0,72.9,0,0,0,9,130.0,4,0,89.0
2025-09-24,hpc-gpu-071,C,Engineering,70.9,59.7,1410,350.0,74.6,0,0,0,11,136.1,3,1,91.0
2025-09-24,hpc-gpu-072,C,Medical Research,91.9,69.1,1410,369.0,87.8,0,0,0,2,176.5,4,1,110.0
2025-09-25,hpc-gpu-049,C,Physics,95.3,83.3,1410,405.0,77.4,0,0,0,4,183.0,2,0,96.0
2025-09-25,hpc-gpu-050,C,Biology,83.9,69.0,1410,415.0,84.5,0,0,0,6,161.1,4,1,106.0
2025-09-25,hpc-gpu-051,C,Chemistry,81.8,63.0,1410,394.0,81.3,0,0,0,0,157.0,4,1,100.0
2025-09-25,hpc-gpu-055,C,Engineering,75.3,49.7,1410,358.0,74.9,0,0,0,3,144.6,4,1,92.0
2025-09-25,hpc-gpu-056,C,Medical Research,68.9,45.4,1410,360.0,75.1,0,0,0,2,132.3,2,0,93.0
2025-09-25,hpc-gpu-057,C,Physics,99.7,81.8,1410,415.0,80.7,0,0,0,1,191.4,4,0,102.0
2025-09-25,hpc-gpu-058,C,Biology,79.1,53.8,1410,366.0,77.8,0,0,0,1,151.9,2,1,95.0
2025-09-25,hpc-gpu-063,C,Engineering,78.7,63.2,1410,363.0,77.2,0,0,0,11,151.1,0,0,97.0
2025-09-25,hpc-gpu-064,C,Medical Research,97.2,82.1,1410,376.0,85.3,0,0,0,4,186.5,2,1,106.0
2025-09-25,hpc-gpu-065,C,Physics,87.1,72.8,1410,382.0,81.5,0,0,0,2,167.2,3,0,102.0
2025-09-25,hpc-gpu-069,C,Earth Sciences,48.8,39.7,1410,355.0,65.0,0,0,0,0,93.8,1,0,76.0
2025-09-25,hpc-gpu-071,C,Engineering,53.4,38.6,1410,368.0,67.1,0,0,0,1,102.6,4,0,79.0
2025-09-25,hpc-gpu-072,C,Medical Research,94.4,87.1,1410,403.0,90.6,0,0,0,8,181.3,4,0,114.0
2025-09-26,hpc-gpu-049,C,Physics,87.1,63.1,1410,368.0,81.9,0,0,0,2,167.3,3,1,103.0
2025-09-26,hpc-gpu-052,C,Computer Science,75.9,70.9,1410,412.0,83.9,0,0,0,11,145.7,3,0,105.0
2025-09-26,hpc-gpu-055,C,Engineering,83.5,54.7,1410,365.0,76.6,0,0,0,9,160.3,1,1,95.0
2025-09-26,hpc-gpu-056,C,Medical Research,93.0,86.7,1410,396.0,82.2,0,0,0,2,178.6,4,0,103.0
2025-09-26,hpc-gpu-057,C,Physics,86.5,63.5,1410,389.0,75.3,0,0,0,2,166.2,1,1,92.0
2025-09-26,hpc-gpu-058,C,Biology,86.1,72.9,1410,391.0,81.8,0,0,0,0,165.3,1,0,101.0
2025-09-26,hpc-gpu-061,C,Earth Sciences,73.2,46.5,1410,370.0,75.6,0,0,0,8,140.5,1,0,91.0
2025-09-26,hpc-gpu-063,C,Engineering,84.9,72.2,1410,355.0,77.1,0,0,0,5,163.0,1,0,94.0
2025-09-26,hpc-gpu-064,C,Medical Research,73.0,56.1,1410,370.0,76.1,0,0,0,6,140.2,4,1,94.0
2025-09-26,hpc-gpu-065,C,Physics,100.0,81.5,1410,394.0,83.6,0,0,0,0,192.0,2,0,105.0
2025-09-26,hpc-gpu-066,C,Biology,78.0,59.3,1410,386.0,77.1,0,0,0,4,149.9,2,0,94.0
2025-09-26,hpc-gpu-067,C,Chemistry,75.8,69.9,1410,396.0,74.7,0,0,0,8,145.6,3,1,92.0
2025-09-26,hpc-gpu-071,C,Engineering,75.9,63.7,1410,370.0,75.5,0,0,0,8,145.6,3,0,94.0
2025-09-26,hpc-gpu-072,C,Medical Research,89.6,84.6,1410,389.0,79.0,0,0,0,9,172.1,0,1,98.0
2025-09-27,hpc-gpu-065,C,Physics,69.6,60.4,1410,354.0,74.9,0,0,0,10,133.6,3,0,92.0
2025-09-29,hpc-gpu-049,C,Physics,91.6,86.6,1410,362.0,77.4,0,0,0,11,175.8,2,1,96.0
2025-09-29,hpc-gpu-056,C,Medical Research,78.2,48.4,1410,383.0,81.6,0,0,0,7,150.2,0,1,103.0
2025-09-29,hpc-gpu-057,C,Physics,97.1,68.0,1410,383.0,89.1,0,0,0,10,186.4,4,0,115.0
2025-09-29,hpc-gpu-063,C,Engineering,86.4,59.5,1410,392.0,78.7,0,0,0,7,165.9,4,1,99.0
2025-09-29,hpc-gpu-065,C,Physics,88.0,55.5,1410,394.0,83.9,0,0,0,3,169.0,2,0,104.0
2025-09-29,hpc-gpu-071,C,Engineering,78.1,62.4,1410,393.0,79.9,0,0,0,0,150.0,4,1,100.0
2025-09-29,hpc-gpu-072,C,Medical Research,91.9,55.8,1410,381.0,83.1,0,0,0,6,176.5,2,0,105.0
2025-09-30,hpc-gpu-049,C,Physics,86.8,57.3,1410,377.0,78.5,0,0,0,6,166.7,0,0,97.0
2025-09-30,hpc-gpu-051,C,Chemistry,80.5,66.6,1410,413.0,77.5,0,0,0,6,154.6,3,0,97.0
2025-09-30,hpc-gpu-055,C,Engineering,82.9,77.2,1410,409.0,76.4,0,0,0,6,159.3,4,0,93.0
2025-09-30,hpc-gpu-057,C,Physics,96.4,83.1,1410,369.0,84.2,0,0,0,3,185.1,1,1,105.0
2025-09-30,hpc-gpu-063,C,Engineering,77.5,66.9,1410,393.0,82.2,0,0,0,0,148.7,3,0,104.0
2025-09-30,hpc-gpu-064,C,Medical Research,77.2,55.0,1410,375.0,72.9,0,0,0,1,148.1,2,1,89.0
2025-09-30,hpc-gpu-065,C,Physics,94.5,67.8,1410,402.0,84.4,0,0,0,4,181.4,2,1,105.0
2025-09-30,hpc-gpu-066,C,Biology,78.9,54.6,1410,384.0,76.2,0,0,0,9,151.6,3,0,93.0
2025-09-30,hpc-gpu-071,C,Engineering,86.9,53.7,1410,390.0,75.8,0,0,0,4,166.9,0,0,93.0
2025-09-30,hpc-gpu-072,C,Medical Research,70.4,49.8,1410,376.0,75.2,0,0,0,11,135.1,3,1,92.0
2025-10-01,hpc-gpu-049,C,Physics,86.8,67.6,1410,392.0,81.8,0,0,0,7,166.6,2,1,105.0
2025-10-01,hpc-gpu-055,C,Engineering,74.3,70.5,1410,384.0,74.5,0,0,0,3,142.6,4,0,94.0
2025-10-01,hpc-gpu-056,C,Medical Research,79.9,74.2,1410,393.0,72.7,0,0,0,4,153.4,1,0,92.0
2025-10-01,hpc-gpu-057,C,Physics,89.4,60.8,1410,366.0,82.0,0,0,0,3,171.7,3,1,105.0
2025-10-01,hpc-gpu-058,C,Biology,80.7,66.7,1410,395.0,74.0,0,0,0,6,155.0,1,1,93.0
2025-10-01,hpc-gpu-063,C,Engineering,75.5,59.3,1410,384.0,72.7,0,0,0,8,145.0,0,0,92.0
2025-10-01,hpc-gpu-064,C,Medical Research,81.9,63.0,1410,360.0,73.6,0,0,0,5,157.3,3,0,93.0
2025-10-01,hpc-gpu-065,C,Physics,100.0,74.4,1410,390.0,87.7,0,0,0,6,192.0,0,1,114.0
2025-10-01,hpc-gpu-068,C,Computer Science,71.2,65.5,1410,379.0,75.8,0,0,0,4,136.8,1,0,96.0
2025-10-02,hpc-gpu-049,C,Physics,77.9,49.1,1410,384.0,75.9,0,0,0,9,149.6,0,1,96.0
2025-10-02,hpc-gpu-052,C,Computer Science,74.9,55.0,1410,375.0,74.8,0,0,0,9,143.9,3,1,95.0
2025-10-02,hpc-gpu-055,C,Engineering,82.0,58.3,1410,381.0,78.9,0,0,0,5,157.5,0,1,101.0
2025-10-02,hpc-gpu-056,C,Medical Research,82.0,73.1,1410,382.0,76.6,0,0,0,1,157.5,1,1,97.0
2025-10-02,hpc-gpu-057,C,Physics,76.0,54.5,1410,380.0,76.2,0,0,0,6,145.9,4,0,97.0
2025-10-02,hpc-gpu-059,C,Chemistry,66.0,42.5,1410,385.0,67.8,0,0,0,5,126.7,0,0,84.0
2025-10-02,hpc-gpu-065,C,Physics,81.9,61.6,1410,357.0,74.1,0,0,0,11,157.3,2,0,94.0
2025-10-02,hpc-gpu-072,C,Medical Research,80.1,65.1,1410,373.0,76.4,0,0,0,8,153.8,0,1,97.0
2025-10-03,hpc-gpu-049,C,Physics,88.6,82.2,1410,401.0,83.4,0,0,0,6,170.1,1,1,108.0
2025-10-03,hpc-gpu-052,C,Computer Science,73.6,54.6,1410,362.0,75.1,0,0,0,10,141.4,1,0,95.0
2025-10-03,hpc-gpu-056,C,Medical Research,94.7,72.5,1410,380.0,86.7,0,0,0,5,181.8,2,0,113.0
2025-10-03,hpc-gpu-057,C,Physics,78.5,57.2,1410,414.0,76.7,0,0,0,1,150.7,3,1,98.0
2025-10-03,hpc-gpu-064,C,Medical Research,85.2,71.3,1410,376.0,83.1,0,0,0,4,163.5,0,0,107.0
2025-10-03,hpc-gpu-065,C,Physics,79.6,74.2,1410,389.0,74.4,0,0,0,7,152.8,2,1,94.0
2025-10-03,hpc-gpu-070,C,Mathematics,46.0,31.3,1410,348.0,54.7,0,0,0,8,88.4,1,0,65.0
2025-10-03,hpc-gpu-071,C,Engineering,77.9,52.6,1410,386.0,76.7,0,0,0,6,149.5,2,1,98.0
2025-10-03,hpc-gpu-072,C,Medical Research,83.6,61.7,1410,363.0,74.1,0,0,0,2,160.6,1,0,94.0
2025-10-04,hpc-gpu-062,C,Mathematics,36.0,22.5,1410,308.0,51.8,0,0,0,0,69.1,2,1,60.0
2025-10-05,hpc-gpu-049,C,Physics,42.0,39.0,1410,328.0,56.8,0,0,0,10,80.7,0,1,68.0
2025-10-05,hpc-gpu-069,C,Earth Sciences,25.0,21.8,1410,355.0,44.6,0,0,0,3,48.0,3,1,49.0
2025-10-06,hpc-gpu-050,C,Biology,82.6,52.8,1410,365.0,77.9,0,0,0,11,158.5,4,0,99.0
2025-10-06,hpc-gpu-055,C,Engineering,82.2,62.8,1410,393.0,75.4,0,0,0,5,157.8,0,1,96.0
2025-10-06,hpc-gpu-057,C,Physics,77.3,49.1,1410,388.0,73.7,0,0,0,6,148.5,4,0,93.0
2025-10-06,hpc-gpu-059,C,Chemistry,79.0,61.7,1410,399.0,74.6,0,0,0,4,151.6,3,0,94.0
2025-10-06,hpc-gpu-064,C,Medical Research,89.0,69.2,1410,401.0,82.1,0,0,0,9,170.9,3,0,106.0
2025-10-06,hpc-gpu-071,C,Engineering,67.5,58.0,1410,374.0,72.6,0,0,0,3,129.6,4,0,91.0
2025-10-07,hpc-gpu-049,C,Physics,79.2,75.2,1410,374.0,77.6,0,0,0,4,152.0,0,0,99.0
2025-10-07,hpc-gpu-052,C,Computer Science,81.9,74.9,1410,363.0,78.4,0,0,0,8,157.2,0,0,100.0
2025-10-07,hpc-gpu-055,C,Engineering,83.3,63.6,1410,376.0,78.4,0,0,0,3,159.9,0,0,100.0
2025-10-07,hpc-gpu-057,C,Physics,82.5,59.0,1410,390.0,73.6,0,0,0,6,158.5,1,1,93.0
2025-10-07,hpc-gpu-063,C,Engineering,78.5,73.1,1410,379.0,76.0,0,0,0,4,150.8,0,1,97.0
2025-10-07,hpc-gpu-065,C,Physics,90.4,74.8,1410,397.0,74.5,0,0,0,4,173.5,2,0,94.0
2025-10-07,hpc-gpu-070,C,Mathematics,38.6,35.9,1410,351.0,51.6,0,0,0,5,74.0,0,1,60.0
2025-10-07,hpc-gpu-072,C,Medical Research,79.8,48.5,1410,379.0,78.7,0,0,0,5,153.2,1,1,100.0
2025-10-08,hpc-gpu-049,C,Physics,89.1,74.7,1410,414.0,76.0,0,0,0,10,171.0,0,0,96.0
2025-10-08,hpc-gpu-056,C,Medical Research,71.7,46.2,1410,364.0,74.7,0,0,0,0,137.7,2,0,95.0
2025-10-08,hpc-gpu-057,C,Physics,82.7,62.4,1410,371.0,77.5,0,0,0,10,158.8,0,1,99.0
2025-10-08,hpc-gpu-064,C,Medical Research,71.3,46.6,1410,390.0,74.3,0,0,0,9,136.8,3,1,94.0
2025-10-08,hpc-gpu-065,C,Physics,90.4,75.2,1410,408.0,82.4,0,0,0,2,173.6,3,0,106.0
2025-10-08,hpc-gpu-066,C,Biology,83.8,51.4,1410,360.0,72.3,0,0,0,3,160.8,0,1,91.0
2025-10-08,hpc-gpu-071,C,Engineering,82.3,65.0,1410,386.0,78.6,0,0,0,8,158.0,1,0,100.0
2025-10-08,hpc-gpu-072,C,Medical Research,72.7,67.2,1410,372.0,74.2,0,0,0,0,139.6,2,0,94.0
2025-10-09,hpc-gpu-049,C,Physics,85.9,66.8,1410,389.0,80.2,0,0,0,11,165.0,3,1,103.0
2025-10-09,hpc-gpu-050,C,Biology,75.0,50.1,1410,366.0,74.9,0,0,0,10,144.1,3,1,95.0
2025-10-09,hpc-gpu-053,C,Earth Sciences,62.3,49.9,1410,379.0,72.6,0,0,0,8,119.6,3,0,91.0
2025-10-09,hpc-gpu-056,C,Medical Research,80.7,54.7,1410,364.0,74.9,0,0,0,3,154.9,3,1,95.0
2025-10-09,hpc-gpu-058,C,Biology,71.7,57.8,1410,356.0,73.4,0,0,0,10,137.7,4,0,93.0
2025-10-09,hpc-gpu-059,C,Chemistry,71.3,59.1,1410,337.0,71.5,0,0,0,11,136.9,3,1,90.0
2025-10-09,hpc-gpu-063,C,Engineering,75.6,52.0,1410,384.0,75.6,0,0,0,7,145.2,2,1,96.0
2025-10-09,hpc-gpu-064,C,Medical Research,82.6,56.8,1410,366.0,75.7,0,0,0,5,158.5,0,0,96.0
2025-10-09,hpc-gpu-065,C,Physics,87.4,53.7,1410,397.0,79.9,0,0,0,1,167.9,3,0,102.0
2025-10-09,hpc-gpu-066,C,Biology,81.0,71.2,1410,373.0,77.6,0,0,0,7,155.5,4,1,99.0
2025-10-09,hpc-gpu-071,C,Engineering,95.5,89.7,1410,407.0,80.6,0,0,0,9,183.3,2,0,103.0
2025-10-10,hpc-gpu-049,C,Physics,74.1,62.7,1410,353.0,77.0,0,0,0,9,142.2,1,1,98.0
2025-10-10,hpc-gpu-055,C,Engineering,75.1,65.8,1410,387.0,78.1,0,0,0,10,144.2,3,1,100.0
2025-10-10,hpc-gpu-056,C,Medical Research,75.8,49.1,1410,382.0,72.3,0,0,0,2,145.6,3,1,91.0
2025-10-10,hpc-gpu-057,C,Physics,84.3,50.7,1410,332.0,77.8,0,0,0,6,161.8,2,0,99.0
2025-10-10,hpc-gpu-064,C,Medical Research,79.9,70.8,1410,387.0,73.9,0,0,0,11,153.4,2,0,93.0
2025-10-10,hpc-gpu-065,C,Physics,87.4,59.2,1410,387.0,75.5,0,0,0,5,167.8,4,0,96.0
2025-10-10,hpc-gpu-072,C,Medical Research,79.1,52.6,1410,402.0,75.9,0,0,0,3,152.0,0,1,96.0
2025-10-11,hpc-gpu-052,C,Computer Science,48.6,34.1,1410,358.0,57.3,0,0,0,4,93.3,3,0,68.0
2025-10-12,hpc-gpu-054,C,Mathematics,16.8,13.1,210,348.0,45.2,0,0,0,4,32.3,3,0,50.0
2025-10-13,hpc-gpu-049,C,Physics,90.3,69.4,1410,397.0,75.9,0,0,0,10,173.4,1,1,96.0
2025-10-13,hpc-gpu-050,C,Biology,79.2,56.0,1410,354.0,73.2,0,0,0,2,152.0,4,0,92.0
2025-10-13,hpc-gpu-052,C,Computer Science,72.9,45.4,1410,370.0,72.2,0,0,0,10,139.9,1,0,91.0
2025-10-13,hpc-gpu-055,C,Engineering,88.3,83.2,1410,409.0,77.9,0,0,0,0,169.5,2,1,99.0
2025-10-13,hpc-gpu-056,C,Medical Research,84.8,69.7,1410,411.0,78.0,0,0,0,11,162.9,2,1,99.0
2025-10-13,hpc-gpu-063,C,Engineering,78.6,48.0,1410,367.0,72.9,0,0,0,3,150.9,3,1,92.0
2025-10-13,hpc-gpu-064,C,Medical Research,84.8,62.7,1410,413.0,79.1,0,0,0,6,162.8,4,1,101.0
2025-10-13,hpc-gpu-065,C,Physics,70.2,65.5,1410,382.0,73.0,0,0,0,6,134.9,4,1,92.0
2025-10-13,hpc-gpu-066,C,Biology,77.4,71.5,1410,373.0,75.4,0,0,0,6,148.5,1,1,96.0
2025-10-13,hpc-gpu-071,C,Engineering,74.2,65.0,1410,383.0,75.5,0,0,0,9,142.4,2,0,96.0
2025-10-14,hpc-gpu-049,C,Physics,93.6,80.3,1410,412.0,80.2,0,0,0,5,179.6,2,1,103.0
2025-10-14,hpc-gpu-053,C,Earth Sciences,52.3,45.7,1410,368.0,58.3,0,0,0,9,100.3,3,0,70.0
2025-10-14,hpc-gpu-056,C,Medical Research,65.3,53.2,1410,369.0,73.9,0,0,0,4,125.3,3,1,93.0
2025-10-14,hpc-gpu-059,C,Chemistry,60.3,49.3,1410,373.0,62.0,0,0,0,7,115.8,1,1,76.0
2025-10-14,hpc-gpu-063,C,Engineering,80.5,57.9,1410,374.0,77.3,0,0,0,10,154.6,4,1,98.0
2025-10-14,hpc-gpu-064,C,Medical Research,85.9,78.3,1410,396.0,77.7,0,0,0,0,164.9,3,1,99.0
2025-10-14,hpc-gpu-065,C,Physics,82.6,69.1,1410,400.0,77.5,0,0,0,10,158.5,1,0,99.0
2025-10-14,hpc-gpu-066,C,Biology,77.3,66.7,1410,340.0,73.0,0,0,0,9,148.4,2,0,92.0
2025-10-14,hpc-gpu-072,C,Medical Research,83.0,75.9,1410,374.0,77.2,0,0,0,3,159.3,2,1,98.0
2025-10-15,hpc-gpu-049,C,Physics,87.3,82.0,1410,400.0,73.8,0,0,0,2,167.7,3,1,93.0
2025-10-15,hpc-gpu-056,C,Medical Research,83.9,70.3,1410,389.0,79.0,0,0,0,10,161.1,4,1,101.0
2025-10-15,hpc-gpu-057,C,Physics,94.9,65.0,1410,361.0,83.2,0,0,0,3,182.1,1,1,107.0
2025-10-15,hpc-gpu-064,C,Medical Research,73.6,59.4,1410,364.0,74.4,0,0,0,6,141.2,4,1,94.0
2025-10-15,hpc-gpu-065,C,Physics,83.4,51.3,1410,397.0,75.7,0,0,0,5,160.0,4,1,96.0
2025-10-15,hpc-gpu-066,C,Biology,75.4,45.7,1410,397.0,74.4,0,0,0,0,144.8,0,0,94.0
2025-10-15,hpc-gpu-071,C,Engineering,83.9,71.6,1410,382.0,75.2,0,0,0,11,161.0,0,1,95.0
2025-10-15,hpc-gpu-072,C,Medical Research,73.4,61.6,1410,375.0,67.7,0,0,0,4,140.9,4,0,84.0
2025-10-16,hpc-gpu-049,C,Physics,86.4,64.8,1410,397.0,80.1,0,0,0,1,166.0,2,1,103.0
2025-10-16,hpc-gpu-050,C,Biology,73.0,54.8,1410,369.0,72.5,0,0,0,9,140.1,3,0,91.0
2025-10-16,hpc-gpu-055,C,Engineering,80.2,57.9,1410,383.0,77.6,0,0,0,9,154.0,0,1,99.0
2025-10-16,hpc-gpu-056,C,Medical Research,74.6,57.5,1410,400.0,72.3,0,0,0,8,143.3,1,0,91.0
2025-10-16,hpc-gpu-057,C,Physics,88.1,53.2,1410,389.0,75.9,0,0,0,7,169.1,4,1,96.0
2025-10-16,hpc-gpu-058,C,Biology,74.5,49.1,1410,360.0,79.6,0,0,0,1,143.0,1,0,102.0
2025-10-16,hpc-gpu-064,C,Medical Research,77.9,53.6,1410,394.0,77.6,0,0,0,7,149.6,3,1,99.0
2025-10-16,hpc-gpu-065,C,Physics,81.0,66.6,1410,380.0,73.4,0,0,0,0,155.5,0,0,93.0
2025-10-16,hpc-gpu-066,C,Biology,63.9,43.2,1410,358.0,72.9,0,0,0,6,122.7,2,0,92.0
2025-10-16,hpc-gpu-071,C,Engineering,75.4,64.9,1410,377.0,76.3,0,0,0,11,144.7,1,1,97.0
2025-10-16,hpc-gpu-072,C,Medical Research,94.2,61.4,1410,388.0,86.4,0,0,0,5,180.8,3,1,112.0
2025-10-17,hpc-gpu-049,C,Physics,75.8,57.1,1410,383.0,74.4,0,0,0,6,145.6,2,0,94.0
2025-10-17,hpc-gpu-050,C,Biology,83.9,51.8,1410,344.0,74.1,0,0,0,5,161.2,0,1,94.0
2025-10-17,hpc-gpu-059,C,Chemistry,68.5,51.6,1410,359.0,73.4,0,0,0,9,131.6,3,0,93.0
2025-10-17,hpc-gpu-064,C,Medical Research,77.4,65.0,1410,398.0,72.3,0,0,0,10,148.5,2,0,91.0
2025-10-17,hpc-gpu-065,C,Physics,86.3,69.6,1410,375.0,83.8,0,0,0,1,165.6,4,0,108.0
2025-10-17,hpc-gpu-066,C,Biology,83.1,56.8,1410,390.0,73.4,0,0,0,6,159.6,2,0,93.0
2025-10-17,hpc-gpu-071,C,Engineering,88.7,76.7,1410,395.0,78.0,0,0,0,10,170.2,1,1,100.0
2025-10-18,hpc-gpu-037,B,Earth Sciences,37.2,34.7,1410,363.0,55.4,0,0,0,10,71.5,4,0,66.0
2025-10-20,hpc-gpu-049,C,Physics,89.1,62.3,1410,406.0,78.4,0,0,0,3,171.1,3,1,100.0
2025-10-20,hpc-gpu-050,C,Biology,80.1,67.7,1410,381.0,73.7,0,0,0,1,153.9,3,0,93.0
2025-10-20,hpc-gpu-055,C,Engineering,77.0,57.6,1410,378.0,74.2,0,0,0,3,147.9,0,1,94.0
2025-10-20,hpc-gpu-056,C,Medical Research,78.1,74.0,1410,400.0,77.9,0,0,0,6,150.0,3,1,99.0
2025-10-20,hpc-gpu-057,C,Physics,84.0,66.8,1410,380.0,74.9,0,0,0,7,161.3,0,0,95.0
2025-10-20,hpc-gpu-063,C,Engineering,74.0,59.9,1410,371.0,75.8,0,0,0,8,142.1,2,0,96.0
2025-10-20,hpc-gpu-064,C,Medical Research,84.5,60.7,1410,375.0,73.7,0,0,0,4,162.2,0,0,93.0
2025-10-20,hpc-gpu-065,C,Physics,100.0,72.2,1410,414.0,84.1,0,0,0,1,192.0,1,0,109.0
2025-10-20,hpc-gpu-072,C,Medical Research,80.2,70.1,1410,379.0,74.7,0,0,0,7,153.9,0,0,95.0
2025-10-21,hpc-gpu-049,C,Physics,84.1,67.2,1410,372.0,75.7,0,0,0,3,161.4,2,0,96.0
2025-10-21,hpc-gpu-052,C,Computer Science,70.0,57.6,1410,357.0,73.8,0,0,0,2,134.4,0,1,93.0
2025-10-21,hpc-gpu-055,C,Engineering,82.9,52.9,1410,394.0,73.5,0,0,0,8,159.1,1,1,93.0
2025-10-21,hpc-gpu-056,C,Medical Research,81.6,60.5,1410,397.0,80.0,0,0,0,9,156.6,3,0,103.0
2025-10-21,hpc-gpu-057,C,Physics,78.0,70.4,1410,401.0,74.7,0,0,0,2,149.8,1,0,94.0
2025-10-21,hpc-gpu-059,C,Chemistry,72.7,47.5,1410,353.0,75.6,0,0,0,3,139.5,0,0,96.0
2025-10-21,hpc-gpu-063,C,Engineering,70.4,66.5,1410,383.0,71.5,0,0,0,2,135.1,2,0,90.0
2025-10-21,hpc-gpu-064,C,Medical Research,78.3,63.0,1410,369.0,72.7,0,0,0,0,150.3,3,1,92.0
2025-10-21,hpc-gpu-065,C,Physics,71.3,64.7,1410,378.0,73.6,0,0,0,8,136.8,3,1,93.0
2025-10-21,hpc-gpu-066,C,Biology,82.4,67.2,1410,394.0,75.2,0,0,0,7,158.2,2,1,95.0
2025-10-21,hpc-gpu-072,C,Medical Research,84.4,57.7,1410,385.0,76.6,0,0,0,6,162.1,4,1,97.0
2025-10-22,hpc-gpu-049,C,Physics,90.7,71.2,1410,397.0,82.6,0,0,0,8,174.2,4,0,106.0
2025-10-22,hpc-gpu-050,C,Biology,80.3,49.4,1410,376.0,78.4,0,0,0,5,154.2,3,1,100.0
2025-10-22,hpc-gpu-051,C,Chemistry,71.0,67.2,1410,370.0,76.3,0,0,0,9,136.2,1,0,97.0
2025-10-22,hpc-gpu-055,C,Engineering,78.0,65.1,1410,379.0,77.8,0,0,0,3,149.8,3,1,99.0
2025-10-22,hpc-gpu-056,C,Medical Research,76.7,59.9,1410,382.0,79.5,0,0,0,8,147.2,0,0,102.0
2025-10-22,hpc-gpu-058,C,Biology,83.4,76.1,1410,360.0,73.6,0,0,0,8,160.2,4,1,93.0
2025-10-22,hpc-gpu-060,C,Computer Science,77.0,57.8,1410,368.0,72.9,0,0,0,1,147.8,1,1,92.0
2025-10-22,hpc-gpu-065,C,Physics,83.9,73.2,1410,375.0,79.9,0,0,0,0,161.1,1,1,102.0
2025-10-22,hpc-gpu-066,C,Biology,77.6,47.7,1410,371.0,75.4,0,0,0,2,149.1,2,0,96.0
2025-10-22,hpc-gpu-072,C,Medical Research,89.5,63.3,1410,379.0,79.5,0,0,0,2,171.9,4,1,102.0
2025-10-23,hpc-gpu-049,C,Physics,81.8,77.1,1410,380.0,73.8,0,0,0,10,157.1,4,0,93.0
2025-10-23,hpc-gpu-057,C,Physics,89.9,54.9,1410,404.0,80.7,0,0,0,8,172.7,3,0,104.0
2025-10-23,hpc-gpu-059,C,Chemistry,71.5,65.3,1410,349.0,73.0,0,0,0,8,137.3,3,0,92.0
2025-10-23,hpc-gpu-064,C,Medical Research,82.1,75.4,1410,385.0,79.5,0,0,0,0,157.6,0,1,102.0
2025-10-23,hpc-gpu-065,C,Physics,75.8,61.5,1410,390.0,76.7,0,0,0,6,145.5,0,0,98.0
2025-10-23,hpc-gpu-066,C,Biology,92.5,60.9,1410,377.0,80.2,0,0,0,4,177.7,2,0,103.0
2025-10-23,hpc-gpu-067,C,Chemistry,75.7,46.8,1410,372.0,76.2,0,0,0,6,145.4,3,1,97.0
2025-10-23,hpc-gpu-071,C,Engineering,77.6,63.7,1410,400.0,75.2,0,0,0,0,149.0,4,0,95.0
2025-10-23,hpc-gpu-072,C,Medical Research,75.8,60.2,1410,388.0,74.5,0,0,0,11,145.6,1,0,94.0
2025-10-24,hpc-gpu-049,C,Physics,100.0,66.3,1410,433.0,89.9,0,0,0,1,192.0,3,0,117.0
2025-10-24,hpc-gpu-056,C,Medical Research,75.3,49.9,1410,336.0,75.3,0,0,0,10,144.6,3,0,95.0
2025-10-24,hpc-gpu-059,C,Chemistry,74.3,56.0,1410,390.0,72.8,0,0,0,10,142.7,3,1,92.0
2025-10-24,hpc-gpu-063,C,Engineering,89.8,67.6,1410,386.0,78.5,0,0,0,9,172.4,1,0,100.0
2025-10-24,hpc-gpu-065,C,Physics,76.1,63.9,1410,358.0,76.2,0,0,0,7,146.1,0,0,97.0
2025-10-24,hpc-gpu-071,C,Engineering,99.1,65.7,1410,396.0,81.7,0,0,0,9,190.2,1,0,105.0
2025-10-24,hpc-gpu-072,C,Medical Research,84.2,73.1,1410,363.0,78.1,0,0,0,6,161.7,0,1,100.0
2025-10-25,hpc-gpu-059,C,Chemistry,44.8,34.0,1410,333.0,59.1,0,0,0,4,86.1,3,1,71.0
2025-10-25,hpc-gpu-070,C,Mathematics,28.3,20.4,1410,312.0,48.9,0,0,0,9,54.4,0,0,56.0
2025-10-26,hpc-gpu-051,C,Chemistry,26.9,19.1,1410,342.0,52.7,0,0,0,11,51.6,3,0,62.0
2025-10-27,hpc-gpu-049,C,Physics,83.6,69.3,1410,380.0,74.3,0,0,0,3,160.4,2,1,94.0
2025-10-27,hpc-gpu-056,C,Medical Research,87.7,56.2,1410,408.0,78.6,0,0,0,10,168.3,4,1,100.0
2025-10-27,hpc-gpu-057,C,Physics,93.2,62.3,1410,413.0,79.1,0,0,0,10,178.9,1,1,101.0
2025-10-27,hpc-gpu-058,C,Biology,83.2,62.0,1410,394.0,75.1,0,0,0,4,159.8,1,1,95.0
2025-10-27,hpc-gpu-059,C,Chemistry,75.4,61.1,1410,373.0,72.2,0,0,0,3,144.8,0,0,91.0
2025-10-27,hpc-gpu-060,C,Computer Science,74.1,58.9,1410,362.0,73.9,0,0,0,11,142.2,0,0,93.0
2025-10-27,hpc-gpu-064,C,Medical Research,75.8,67.6,1410,392.0,75.8,0,0,0,10,145.5,1,0,96.0
2025-10-27,hpc-gpu-067,C,Chemistry,73.7,58.4,1410,363.0,74.8,0,0,0,5,141.5,3,0,95.0
2025-10-27,hpc-gpu-071,C,Engineering,93.7,74.5,1410,412.0,82.5,0,0,0,11,180.0,4,0,106.0
2025-10-28,hpc-gpu-049,C,Physics,72.2,56.2,1410,360.0,72.4,0,0,0,6,138.7,2,1,91.0
2025-10-28,hpc-gpu-052,C,Computer Science,76.7,63.5,1410,380.0,76.9,0,0,0,7,147.3,1,1,98.0
2025-10-28,hpc-gpu-055,C,Engineering,88.0,79.9,1410,397.0,80.6,0,0,0,6,168.9,2,0,103.0
2025-10-28,hpc-gpu-056,C,Medical Research,78.9,73.7,1410,365.0,76.3,0,0,0,7,151.5,4,1,97.0
2025-10-28,hpc-gpu-057,C,Physics,80.0,72.1,1410,385.0,74.0,0,0,0,0,153.5,2,1,93.0
2025-10-28,hpc-gpu-059,C,Chemistry,77.9,65.4,1410,404.0,79.6,0,0,0,11,149.5,3,1,102.0
2025-10-28,hpc-gpu-060,C,Computer Science,75.6,66.5,1410,394.0,74.5,0,0,0,5,145.2,2,0,94.0
2025-10-28,hpc-gpu-061,C,Earth Sciences,44.3,36.6,1410,349.0,58.9,0,0,0,6,85.1,3,0,71.0
2025-10-28,hpc-gpu-065,C,Physics,72.2,47.6,1410,347.0,75.9,0,0,0,1,138.7,4,1,96.0
2025-10-28,hpc-gpu-066,C,Biology,74.9,45.3,1410,368.0,74.0,0,0,0,5,143.7,2,1,94.0
2025-10-29,hpc-gpu-049,C,Physics,86.0,54.0,1410,407.0,79.4,0,0,0,9,165.1,0,1,102.0
2025-10-29,hpc-gpu-050,C,Biology,86.1,53.8,1410,383.0,81.6,0,0,0,7,165.3,4,0,105.0
2025-10-29,hpc-gpu-055,C,Engineering,74.3,65.1,1410,356.0,73.4,0,0,0,10,142.6,1,1,93.0
2025-10-29,hpc-gpu-057,C,Physics,97.1,70.2,1410,388.0,79.0,0,0,0,0,186.4,4,0,101.0
2025-10-29,hpc-gpu-063,C,Engineering,81.7,63.1,1410,384.0,73.8,0,0,0,8,156.8,3,1,93.0
2025-10-29,hpc-gpu-064,C,Medical Research,86.5,65.7,1410,401.0,83.3,0,0,0,2,166.1,4,0,107.0
2025-10-29,hpc-gpu-065,C,Physics,82.8,58.4,1410,375.0,83.0,0,0,0,9,159.0,4,1,107.0
2025-10-29,hpc-gpu-066,C,Biology,80.0,49.2,1410,361.0,76.4,0,0,0,10,153.7,0,1,97.0
2025-10-30,hpc-gpu-049,C,Physics,86.5,59.0,1410,379.0,75.2,0,0,0,3,166.0,3,1,95.0
2025-10-30,hpc-gpu-055,C,Engineering,69.0,61.4,1410,343.0,76.2,0,0,0,3,132.5,4,1,97.0
2025-10-30,hpc-gpu-057,C,Physics,88.9,76.1,1410,404.0,78.4,0,0,0,1,170.7,0,0,100.0
2025-10-30,hpc-gpu-064,C,Medical Research,92.3,57.7,1410,389.0,83.9,0,0,0,0,177.1,1,1,108.0
2025-10-30,hpc-gpu-065,C,Physics,77.6,67.0,1410,384.0,78.7,0,0,0,7,149.1,2,1,100.0
2025-10-30,hpc-gpu-072,C,Medical Research,76.3,49.2,1410,363.0,76.5,0,0,0,10,146.5,1,0,97.0
2025-10-31,hpc-gpu-049,C,Physics,85.5,55.3,1410,361.0,75.4,0,0,0,2,164.1,2,1,96.0
2025-10-31,hpc-gpu-050,C,Biology,63.4,53.1,1410,367.0,67.1,0,0,0,8,121.7,3,1,83.0
2025-10-31,hpc-gpu-056,C,Medical Research,75.6,70.2,1410,377.0,74.7,0,0,0,6,145.1,2,0,95.0
2025-10-31,hpc-gpu-058,C,Biology,74.3,56.1,1410,357.0,73.7,0,0,0,4,142.6,3,1,93.0
2025-10-31,hpc-gpu-059,C,Chemistry,71.5,46.4,1410,407.0,73.3,0,0,0,0,137.3,4,1,92.0
2025-10-31,hpc-gpu-063,C,Engineering,77.3,53.7,1410,368.0,74.7,0,0,0,8,148.4,4,0,94.0
2025-10-31,hpc-gpu-065,C,Physics,85.0,79.0,1410,390.0,79.9,0,0,0,7,163.2,4,0,102.0
2025-10-31,hpc-gpu-072,C,Medical Research,79.2,74.3,1410,388.0,73.4,0,0,0,3,152.1,4,1,93.0
2025-11-01,hpc-gpu-053,C,Earth Sciences,29.6,20.7,1410,326.0,50.5,0,0,0,1,56.8,3,1,58.0
2025-11-01,hpc-gpu-060,C,Computer Science,37.1,22.3,1410,323.0,54.4,0,0,0,5,71.3,3,1,64.0
2025-11-01,hpc-gpu-068,C,Computer Science,25.0,22.0,1410,302.0,47.1,0,0,0,4,48.0,2,1,53.0
2025-11-01,hpc-gpu-071,C,Engineering,49.7,32.0,1410,359.0,64.4,0,0,0,11,95.4,1,1,79.0
2025-11-02,hpc-gpu-061,C,Earth Sciences,40.6,35.2,1410,346.0,60.8,0,0,0,10,78.0,1,1,74.0
2025-11-03,hpc-gpu-055,C,Engineering,81.3,55.8,1410,373.0,75.9,0,0,0,10,156.1,3,1,96.0
2025-11-03,hpc-gpu-057,C,Physics,85.0,56.4,1410,389.0,74.6,0,0,0,8,163.2,1,0,94.0
2025-11-03,hpc-gpu-059,C,Chemistry,62.7,56.6,1410,404.0,74.0,0,0,0,3,120.4,4,1,94.0
2025-11-03,hpc-gpu-064,C,Medical Research,79.4,64.0,1410,373.0,76.0,0,0,0,6,152.5,3,1,97.0
2025-11-03,hpc-gpu-065,C,Physics,93.6,62.1,1410,377.0,81.8,0,0,0,0,179.7,3,0,105.0
2025-11-03,hpc-gpu-071,C,Engineering,79.8,49.4,1410,370.0,78.3,0,0,0,7,153.2,4,0,100.0
2025-11-04,hpc-gpu-049,C,Physics,100.0,64.5,1410,393.0,82.2,0,0,0,1,192.0,4,0,106.0
2025-11-04,hpc-gpu-050,C,Biology,77.2,66.3,1410,366.0,74.1,0,0,0,5,148.3,3,1,94.0
2025-11-04,hpc-gpu-055,C,Engineering,82.0,52.4,1410,392.0,72.8,0,0,0,8,157.5,3,1,92.0
2025-11-04,hpc-gpu-056,C,Medical Research,73.4,49.9,1410,375.0,74.4,0,0,0,3,141.0,2,0,94.0
2025-11-04,hpc-gpu-057,C,Physics,84.7,62.0,1410,372.0,74.4,0,0,0,7,162.6,2,1,94.0
2025-11-04,hpc-gpu-059,C,Chemistry,73.2,62.9,1410,381.0,72.5,0,0,0,1,140.6,4,0,91.0
2025-11-04,hpc-gpu-063,C,Engineering,80.0,72.0,1410,367.0,79.9,0,0,0,6,153.6,1,1,102.0
2025-11-04,hpc-gpu-065,C,Physics,86.2,78.9,1410,382.0,82.8,0,0,0,1,165.4,2,0,107.0
2025-11-04,hpc-gpu-072,C,Medical Research,80.1,48.4,1410,383.0,72.4,0,0,0,11,153.8,2,0,91.0
2025-11-05,hpc-gpu-049,C,Physics,89.3,62.0,1410,387.0,80.6,0,0,0,2,171.5,2,0,103.0
2025-11-05,hpc-gpu-050,C,Biology,81.7,60.3,1410,371.0,74.1,0,0,0,1,156.9,2,0,94.0
2025-11-05,hpc-gpu-057,C,Physics,86.0,55.2,1410,370.0,74.1,0,0,0,8,165.0,0,1,94.0
2025-11-05,hpc-gpu-064,C,Medical Research,74.4,60.3,1410,375.0,76.6,0,0,0,0,142.8,3,0,97.0
2025-11-05,hpc-gpu-065,C,Physics,98.8,90.6,1410,371.0,84.1,0,0,0,11,189.8,0,1,109.0
2025-11-05,hpc-gpu-072,C,Medical Research,78.2,66.9,1410,352.0,74.4,0,0,0,2,150.1,2,0,94.0
2025-11-06,hpc-gpu-055,C,Engineering,79.7,57.4,1410,363.0,75.7,0,0,0,6,153.1,3,1,96.0
2025-11-06,hpc-gpu-057,C,Physics,77.5,65.4,1410,414.0,74.8,0,0,0,11,148.8,0,0,95.0
2025-11-06,hpc-gpu-063,C,Engineering,79.6,49.8,1410,373.0,76.0,0,0,0,10,152.9,4,1,96.0
2025-11-06,hpc-gpu-065,C,Physics,81.3,74.6,1410,384.0,77.4,0,0,0,11,156.1,2,1,99.0
2025-11-06,hpc-gpu-066,C,Biology,86.9,72.1,1410,366.0,74.6,0,0,0,1,166.9,0,0,94.0
2025-11-06,hpc-gpu-071,C,Engineering,67.8,49.7,1410,392.0,65.9,0,0,0,5,130.2,3,0,81.0
2025-11-06,hpc-gpu-072,C,Medical Research,76.2,64.4,1410,366.0,73.6,0,0,0,8,146.4,1,1,93.0
2025-11-07,hpc-gpu-049,C,Physics,74.3,47.1,1410,386.0,77.0,0,0,0,8,142.6,1,1,98.0
2025-11-07,hpc-gpu-055,C,Engineering,79.9,69.4,1410,394.0,78.2,0,0,0,9,153.4,4,0,100.0
2025-11-07,hpc-gpu-064,C,Medical Research,78.8,70.7,1410,381.0,74.5,0,0,0,3,151.4,0,1,94.0
2025-11-07,hpc-gpu-065,C,Physics,88.8,57.3,1410,381.0,79.0,0,0,0,10,170.4,3,1,101.0
2025-11-08,hpc-gpu-064,C,Medical Research,54.2,40.9,1410,336.0,64.1,0,0,0,4,104.1,2,0,79.0
2025-11-09,hpc-gpu-060,C,Computer Science,38.2,32.8,1410,351.0,56.3,0,0,0,10,73.4,0,0,67.0
2025-11-10,hpc-gpu-049,C,Physics,85.9,59.2,1410,404.0,78.1,0,0,0,7,165.0,0,0,100.0
2025-11-10,hpc-gpu-055,C,Engineering,81.3,66.9,1410,354.0,76.6,0,0,0,6,156.0,1,0,97.0
2025-11-10,hpc-gpu-057,C,Physics,92.1,64.3,1410,382.0,82.5,0,0,0,6,176.8,0,0,106.0
2025-11-10,hpc-gpu-058,C,Biology,79.5,53.2,1410,374.0,73.8,0,0,0,11,152.7,1,0,93.0
2025-11-10,hpc-gpu-064,C,Medical Research,75.8,65.0,1410,355.0,74.7,0,0,0,9,145.5,4,0,95.0
2025-11-10,hpc-gpu-065,C,Physics,85.8,75.0,1410,370.0,79.4,0,0,0,11,164.8,0,0,102.0
2025-11-10,hpc-gpu-067,C,Chemistry,74.4,67.8,1410,373.0,72.4,0,0,0,7,142.9,0,0,91.0
2025-11-10,hpc-gpu-071,C,Engineering,73.9,54.5,1410,386.0,71.8,0,0,0,9,141.9,4,1,90.0
2025-11-11,hpc-gpu-049,C,Physics,72.2,66.8,1410,372.0,73.6,0,0,0,11,138.6,3,1,93.0
2025-11-11,hpc-gpu-052,C,Computer Science,71.1,51.2,1410,360.0,77.8,0,0,0,3,136.6,0,0,99.0
2025-11-11,hpc-gpu-055,C,Engineering,74.5,70.2,1410,394.0,74.5,0,0,0,0,143.1,2,0,94.0
2025-11-11,hpc-gpu-056,C,Medical Research,84.2,79.6,1410,376.0,75.8,0,0,0,7,161.6,2,0,96.0
2025-11-11,hpc-gpu-057,C,Physics,71.6,61.5,1410,357.0,75.4,0,0,0,6,137.4,4,0,96.0
2025-11-11,hpc-gpu-059,C,Chemistry,70.8,50.8,1410,396.0,71.1,0,0,0,5,135.9,3,1,89.0
2025-11-11,hpc-gpu-063,C,Engineering,65.5,58.6,1410,365.0,73.7,0,0,0,3,125.8,3,1,93.0
2025-11-11,hpc-gpu-064,C,Medical Research,84.9,74.7,1410,368.0,72.1,0,0,0,3,162.9,1,0,91.0
2025-11-11,hpc-gpu-065,C,Physics,87.4,74.3,1410,395.0,82.9,0,0,0,7,167.7,2,1,107.0
2025-11-11,hpc-gpu-066,C,Biology,86.7,66.6,1410,368.0,73.4,0,0,0,10,166.5,4,0,93.0
2025-11-11,hpc-gpu-067,C,Chemistry,74.9,51.0,1410,347.0,73.0,0,0,0,6,143.9,4,1,92.0
2025-11-11,hpc-gpu-071,C,Engineering,68.9,63.1,1410,364.0,74.8,0,0,0,1,132.3,3,1,95.0
2025-11-12,hpc-gpu-049,C,Physics,93.7,85.0,1410,413.0,79.4,0,0,0,6,179.9,4,0,102.0
2025-11-12,hpc-gpu-056,C,Medical Research,86.8,68.4,1410,404.0,78.7,0,0,0,9,166.7,0,0,101.0
2025-11-12,hpc-gpu-057,C,Physics,90.3,72.6,1410,382.0,82.5,0,0,0,5,173.3,3,1,106.0
2025-11-12,hpc-gpu-059,C,Chemistry,60.6,44.2,1410,341.0,59.2,0,0,0,1,116.3,4,0,71.0
2025-11-12,hpc-gpu-063,C,Engineering,85.9,66.7,1410,385.0,76.3,0,0,0,7,165.0,0,1,97.0
2025-11-12,hpc-gpu-064,C,Medical Research,65.4,45.2,1410,369.0,66.1,0,0,0,2,125.6,0,1,82.0
2025-11-12,hpc-gpu-065,C,Physics,92.8,74.1,1410,348.0,75.7,0,0,0,6,178.2,4,0,96.0
2025-11-12,hpc-gpu-066,C,Biology,74.4,62.0,1410,376.0,76.1,0,0,0,7,142.9,3,0,97.0
2025-11-12,hpc-gpu-067,C,Chemistry,67.3,60.0,1410,338.0,72.5,0,0,0,2,129.2,0,0,91.0
2025-11-13,hpc-gpu-049,C,Physics,76.0,57.5,1410,382.0,74.0,0,0,0,0,145.9,4,0,93.0
2025-11-13,hpc-gpu-050,C,Biology,86.3,71.9,1410,402.0,79.1,0,0,0,9,165.8,0,0,101.0
2025-11-13,hpc-gpu-051,C,Chemistry,77.5,66.6,1410,381.0,74.9,0,0,0,1,148.8,1,1,95.0
2025-11-13,hpc-gpu-055,C,Engineering,79.9,54.4,1410,399.0,75.5,0,0,0,8,153.4,2,1,96.0
2025-11-13,hpc-gpu-056,C,Medical Research,77.9,54.7,1410,401.0,74.1,0,0,0,1,149.6,1,0,94.0
2025-11-13,hpc-gpu-058,C,Biology,73.9,59.3,1410,365.0,72.1,0,0,0,5,142.0,2,1,91.0
2025-11-13,hpc-gpu-065,C,Physics,95.1,85.3,1410,418.0,82.8,0,0,0,0,182.6,4,0,107.0
2025-11-13,hpc-gpu-067,C,Chemistry,59.7,35.9,1410,375.0,64.1,0,0,0,5,114.7,2,0,79.0
2025-11-13,hpc-gpu-071,C,Engineering,72.8,51.8,1410,360.0,77.1,0,0,0,11,139.7,1,1,98.0
2025-11-13,hpc-gpu-072,C,Medical Research,56.4,44.5,1410,306.0,64.2,0,0,0,11,108.3,2,0,79.0
2025-11-14,hpc-gpu-049,C,Physics,85.7,77.1,1410,382.0,87.0,0,0,0,6,164.6,0,1,113.0
2025-11-14,hpc-gpu-056,C,Medical Research,82.8,69.5,1410,377.0,79.4,0,0,0,8,158.9,4,1,102.0
2025-11-14,hpc-gpu-057,C,Physics,82.4,74.1,1410,413.0,68.6,0,0,0,9,158.3,1,1,85.0
2025-11-14,hpc-gpu-059,C,Chemistry,73.6,62.1,1410,381.0,74.8,0,0,0,4,141.3,4,0,95.0
2025-11-14,hpc-gpu-064,C,Medical Research,86.9,52.5,1410,359.0,77.6,0,0,0,1,166.9,3,0,99.0
2025-11-14,hpc-gpu-065,C,Physics,89.5,70.1,1410,406.0,79.0,0,0,0,3,171.9,1,1,101.0
2025-11-14,hpc-gpu-071,C,Engineering,75.6,57.2,1410,376.0,75.0,0,0,0,6,145.1,2,0,95.0
2025-11-16,hpc-gpu-065,C,Physics,51.3,39.6,1410,363.0,62.9,0,0,0,10,98.5,4,1,77.0
2025-11-17,hpc-gpu-049,C,Physics,93.2,78.9,1410,406.0,86.3,0,0,0,0,179.0,1,0,112.0
2025-11-17,hpc-gpu-051,C,Chemistry,63.9,41.2,1410,365.0,72.8,0,0,0,6,122.6,2,0,92.0
2025-11-17,hpc-gpu-056,C,Medical Research,85.8,73.8,1410,373.0,77.5,0,0,0,1,164.7,3,1,99.0
2025-11-17,hpc-gpu-057,C,Physics,85.2,71.1,1410,392.0,78.9,0,0,0,5,163.6,2,1,101.0
2025-11-17,hpc-gpu-065,C,Physics,95.6,62.5,1410,408.0,82.6,0,0,0,3,183.6,0,0,106.0
2025-11-18,hpc-gpu-049,C,Physics,91.8,68.8,1410,407.0,77.2,0,0,0,10,176.3,1,0,98.0
2025-11-18,hpc-gpu-050,C,Biology,76.3,71.2,1410,370.0,78.3,0,0,0,11,146.5,0,1,100.0
2025-11-18,hpc-gpu-057,C,Physics,73.6,48.3,1410,389.0,75.1,0,0,0,5,141.3,3,1,95.0
2025-11-18,hpc-gpu-058,C,Biology,68.8,55.2,1410,370.0,73.6,0,0,0,11,132.0,2,0,93.0
2025-11-18,hpc-gpu-063,C,Engineering,76.6,55.3,1410,380.0,77.5,0,0,0,0,147.1,1,1,99.0
2025-11-18,hpc-gpu-065,C,Physics,75.9,62.6,1410,348.0,73.1,0,0,0,10,145.8,0,1,92.0
2025-11-18,hpc-gpu-066,C,Biology,74.7,69.9,1410,414.0,73.3,0,0,0,0,143.4,2,0,92.0
2025-11-18,hpc-gpu-072,C,Medical Research,84.7,69.6,1410,389.0,78.6,0,0,0,4,162.6,1,0,100.0
2025-11-19,hpc-gpu-049,C,Physics,77.6,47.6,1410,364.0,79.0,0,0,0,2,149.0,4,0,101.0
2025-11-19,hpc-gpu-050,C,Biology,73.8,46.5,1410,363.0,72.1,0,0,0,1,141.8,2,1,91.0
2025-11-19,hpc-gpu-055,C,Engineering,87.4,81.4,1410,389.0,78.5,0,0,0,10,167.9,4,1,100.0
2025-11-19,hpc-gpu-056,C,Medical Research,82.5,54.2,1410,406.0,75.1,0,0,0,3,158.3,1,0,95.0
2025-11-19,hpc-gpu-057,C,Physics,85.6,63.9,1410,374.0,76.4,0,0,0,0,164.4,0,0,97.0
2025-11-19,hpc-gpu-059,C,Chemistry,82.1,55.8,1410,380.0,77.6,0,0,0,9,157.7,1,1,99.0
2025-11-19,hpc-gpu-063,C,Engineering,78.8,59.7,1410,380.0,72.1,0,0,0,8,151.3,4,1,91.0
2025-11-19,hpc-gpu-066,C,Biology,70.1,44.0,1410,350.0,75.2,0,0,0,11,134.5,4,0,95.0
2025-11-19,hpc-gpu-072,C,Medical Research,85.0,78.0,1410,384.0,75.8,0,0,0,7,163.1,0,0,96.0
2025-11-20,hpc-gpu-049,C,Physics,89.6,55.7,1410,362.0,81.1,0,0,0,0,172.1,1,0,104.0
2025-11-20,hpc-gpu-050,C,Biology,83.4,64.6,1410,396.0,75.6,0,0,0,10,160.1,3,1,96.0
2025-11-20,hpc-gpu-057,C,Physics,92.3,81.1,1410,426.0,78.5,0,0,0,1,177.2,0,1,100.0
2025-11-20,hpc-gpu-063,C,Engineering,77.7,66.4,1410,372.0,72.2,0,0,0,1,149.1,1,0,91.0
2025-11-20,hpc-gpu-065,C,Physics,83.7,77.9,1410,361.0,76.0,0,0,0,3,160.7,3,1,97.0
2025-11-20,hpc-gpu-072,C,Medical Research,89.9,67.0,1410,384.0,77.5,0,0,0,0,172.6,2,0,99.0
2025-11-21,hpc-gpu-049,C,Physics,76.2,72.3,1410,377.0,75.2,0,0,0,6,146.4,4,0,95.0
2025-11-21,hpc-gpu-052,C,Computer Science,66.9,52.5,1410,353.0,73.1,0,0,0,5,128.5,3,0,92.0
2025-11-21,hpc-gpu-056,C,Medical Research,86.5,79.0,1410,428.0,83.3,0,0,0,10,166.2,0,1,107.0
2025-11-21,hpc-gpu-057,C,Physics,74.6,57.0,1410,378.0,72.4,0,0,0,4,143.2,2,0,91.0
2025-11-21,hpc-gpu-061,C,Earth Sciences,80.3,54.3,1410,354.0,76.5,0,0,0,10,154.2,4,0,97.0
2025-11-21,hpc-gpu-065,C,Physics,80.3,58.6,1410,406.0,74.0,0,0,0,3,154.3,1,1,94.0
2025-11-21,hpc-gpu-066,C,Biology,76.9,68.3,1410,347.0,76.1,0,0,0,0,147.6,4,1,97.0
2025-11-21,hpc-gpu-070,C,Mathematics,43.0,38.9,1410,351.0,58.2,0,0,0,2,82.5,2,0,70.0
2025-11-21,hpc-gpu-071,C,Engineering,85.9,57.6,1410,380.0,74.3,0,0,0,10,165.0,4,1,94.0
2025-11-21,hpc-gpu-072,C,Medical Research,93.4,64.3,1410,381.0,82.6,0,0,0,5,179.4,4,1,106.0
2025-11-22,hpc-gpu-066,C,Biology,39.1,32.7,1410,345.0,56.5,0,0,0,10,75.1,1,1,67.0
2025-11-24,hpc-gpu-001,A,Physics,83.0,58.4,1410,389.0,74.3,0,0,0,8,159.4,0,1,94.0
2025-11-24,hpc-gpu-052,C,Computer Science,80.9,64.9,1410,364.0,74.7,0,0,0,5,155.4,2,1,95.0
2025-11-24,hpc-gpu-055,C,Engineering,78.6,65.5,1410,359.0,72.8,0,0,0,2,150.9,4,1,92.0
2025-11-24,hpc-gpu-056,C,Medical Research,86.1,68.5,1410,402.0,76.7,0,0,0,0,165.4,2,1,98.0
2025-11-24,hpc-gpu-057,C,Physics,83.9,73.8,1410,375.0,77.2,0,0,0,6,161.0,4,0,98.0
2025-11-24,hpc-gpu-059,C,Chemistry,76.2,51.7,1410,400.0,72.3,0,0,0,8,146.2,0,1,91.0
2025-11-24,hpc-gpu-060,C,Computer Science,74.9,58.4,1410,380.0,74.2,0,0,0,6,143.8,4,1,94.0
2025-11-24,hpc-gpu-063,C,Engineering,71.2,44.8,1410,364.0,74.5,0,0,0,0,136.7,1,0,94.0
2025-11-24,hpc-gpu-065,C,Physics,98.1,88.0,1410,430.0,84.2,0,0,0,0,188.3,3,1,109.0
2025-11-25,hpc-gpu-049,C,Physics,79.7,61.5,1410,388.0,78.9,0,0,0,2,153.1,2,0,101.0
2025-11-25,hpc-gpu-055,C,Engineering,86.9,64.2,1410,389.0,77.5,0,0,0,7,166.9,1,0,99.0
2025-11-25,hpc-gpu-056,C,Medical Research,66.1,39.9,1410,365.0,72.6,0,0,0,10,126.9,4,0,91.0
2025-11-25,hpc-gpu-058,C,Biology,55.4,50.9,1410,341.0,57.7,0,0,0,5,106.4,0,0,69.0
2025-11-25,hpc-gpu-063,C,Engineering,71.5,61.8,1410,365.0,75.9,0,0,0,7,137.3,0,1,96.0
2025-11-25,hpc-gpu-071,C,Engineering,71.9,56.1,1410,345.0,74.7,0,0,0,5,138.0,1,0,94.0
2025-11-25,hpc-gpu-072,C,Medical Research,80.8,74.2,1410,377.0,78.3,0,0,0,11,155.2,0,0,100.0
2025-11-26,hpc-gpu-049,C,Physics,73.2,50.2,1410,358.0,81.4,0,0,0,3,140.6,0,0,105.0
2025-11-26,hpc-gpu-050,C,Biology,75.0,45.5,1410,371.0,72.5,0,0,0,4,144.1,3,1,91.0
2025-11-26,hpc-gpu-054,C,Mathematics,44.5,33.8,1410,360.0,57.8,0,0,0,7,85.4,0,1,69.0
2025-11-26,hpc-gpu-056,C,Medical Research,84.2,64.6,1410,399.0,77.6,0,0,0,1,161.6,0,1,99.0
2025-11-26,hpc-gpu-057,C,Physics,93.0,75.2,1410,367.0,82.3,0,0,0,3,178.6,2,0,106.0
2025-11-26,hpc-gpu-064,C,Medical Research,70.1,56.4,1410,370.0,73.4,0,0,0,11,134.6,0,0,93.0
2025-11-26,hpc-gpu-065,C,Physics,91.4,78.8,1410,393.0,81.4,0,0,0,5,175.5,0,1,105.0
2025-11-26,hpc-gpu-066,C,Biology,77.0,48.2,1410,378.0,73.4,0,0,0,10,147.8,1,1,93.0
2025-11-26,hpc-gpu-067,C,Chemistry,69.3,49.4,1410,361.0,73.0,0,0,0,11,133.0,4,1,92.0
2025-11-26,hpc-gpu-068,C,Computer Science,67.4,43.6,1410,375.0,70.3,0,0,0,8,129.5,4,1,88.0
2025-11-26,hpc-gpu-072,C,Medical Research,81.1,69.7,1410,369.0,75.7,0,0,0,1,155.7,1,1,96.0
2025-11-27,hpc-gpu-056,C,Medical Research,80.1,54.0,1410,388.0,74.8,0,0,0,9,153.8,2,1,95.0
2025-11-27,hpc-gpu-057,C,Physics,68.7,50.2,1410,359.0,72.4,0,0,0,1,131.9,0,0,91.0
2025-11-27,hpc-gpu-063,C,Engineering,79.2,53.5,1410,388.0,76.7,0,0,0,2,152.2,1,0,97.0
2025-11-27,hpc-gpu-065,C,Physics,75.5,69.0,1410,382.0,72.6,0,0,0,9,145.0,4,1,91.0
2025-11-27,hpc-gpu-066,C,Biology,71.6,43.8,1410,381.0,73.7,0,0,0,3,137.5,4,1,93.0
2025-11-27,hpc-gpu-071,C,Engineering,77.0,51.6,1410,366.0,74.9,0,0,0,0,147.8,1,1,95.0
2025-11-27,hpc-gpu-072,C,Medical Research,76.4,64.2,1410,368.0,75.4,0,0,0,6,146.8,2,0,96.0
2025-11-28,hpc-gpu-049,C,Physics,81.3,53.1,1410,390.0,75.4,0,0,0,4,156.1,0,0,96.0
2025-11-28,hpc-gpu-055,C,Engineering,79.2,65.7,1410,367.0,76.9,0,0,0,1,152.1,3,0,98.0
2025-11-28,hpc-gpu-056,C,Medical Research,73.7,48.1,1410,364.0,72.1,0,0,0,6,141.5,1,1,91.0
2025-11-28,hpc-gpu-057,C,Physics,86.7,73.1,1410,374.0,74.9,0,0,0,1,166.5,3,0,95.0
2025-11-28,hpc-gpu-058,C,Biology,71.2,62.1,1410,358.0,72.1,0,0,0,0,136.7,0,1,91.0
2025-11-28,hpc-gpu-064,C,Medical Research,88.5,66.7,1410,388.0,76.9,0,0,0,11,169.9,1,1,98.0
2025-11-28,hpc-gpu-065,C,Physics,78.5,73.2,1410,400.0,72.1,0,0,0,0,150.7,0,0,91.0
2025-11-28,hpc-gpu-066,C,Biology,79.1,56.0,1410,391.0,74.1,1,0,0,9,151.9,4,1,94.0
2025-11-28,hpc-gpu-068,C,Computer Science,75.4,61.2,1410,365.0,72.5,0,0,0,0,144.7,3,1,91.0
2025-11-28,hpc-gpu-071,C,Engineering,69.9,49.4,1410,367.0,72.7,0,0,0,8,134.3,3,0,92.0
2025-11-29,hpc-gpu-049,C,Physics,39.3,25.8,1410,361.0,53.7,0,0,0,6,75.4,2,1,63.0
2025-11-29,hpc-gpu-068,C,Computer Science,40.6,33.7,1410,348.0,58.4,0,0,0,2,78.0,3,0,70.0
2025-12-01,hpc-gpu-049,C,Physics,84.8,73.3,1410,352.0,78.2,0,0,0,11,162.7,1,1,100.0
2025-12-01,hpc-gpu-056,C,Medical Research,76.7,62.1,1410,389.0,72.9,0,0,0,3,147.2,4,1,92.0
2025-12-01,hpc-gpu-057,C,Physics,81.2,57.0,1410,406.0,73.8,0,0,0,10,155.9,0,1,93.0
2025-12-01,hpc-gpu-063,C,Engineering,83.6,69.1,1410,433.0,73.7,0,0,0,6,160.5,0,0,93.0
2025-12-01,hpc-gpu-064,C,Medical Research,88.1,64.4,1410,370.0,82.9,0,0,0,6,169.2,3,1,107.0
2025-12-01,hpc-gpu-065,C,Physics,81.9,70.4,1410,387.0,82.5,0,0,0,1,157.2,4,0,106.0
2025-12-01,hpc-gpu-066,C,Biology,73.4,50.2,1410,339.0,73.4,0,0,0,0,141.0,2,0,93.0
2025-12-01,hpc-gpu-071,C,Engineering,80.6,74.6,1410,391.0,75.6,0,0,0,4,154.7,1,1,96.0
2025-12-01,hpc-gpu-072,C,Medical Research,79.6,56.4,1410,383.0,78.5,0,0,0,1,152.7,1,1,100.0
2025-12-02,hpc-gpu-049,C,Physics,92.8,56.3,1410,406.0,77.2,0,0,0,9,178.1,1,1,98.0
2025-12-02,hpc-gpu-051,C,Chemistry,77.1,57.7,1410,392.0,76.1,0,0,0,3,148.1,4,1,97.0
2025-12-02,hpc-gpu-052,C,Computer Science,68.4,41.8,1410,360.0,72.8,0,0,0,7,131.3,4,0,92.0
2025-12-02,hpc-gpu-055,C,Engineering,80.9,54.2,1410,373.0,76.5,0,0,0,10,155.3,0,1,97.0
2025-12-02,hpc-gpu-057,C,Physics,97.5,68.2,1410,405.0,83.3,0,0,0,6,187.2,2,0,107.0
2025-12-02,hpc-gpu-058,C,Biology,78.4,63.3,1410,389.0,75.9,0,0,0,1,150.6,0,1,96.0
2025-12-02,hpc-gpu-064,C,Medical Research,90.5,60.6,1410,376.0,84.3,0,0,0,5,173.8,3,1,109.0
2025-12-02,hpc-gpu-065,C,Physics,84.1,60.9,1410,384.0,79.0,0,0,0,2,161.5,0,0,101.0
2025-12-02,hpc-gpu-067,C,Chemistry,72.9,57.2,1410,347.0,73.1,0,0,0,0,140.0,4,1,92.0
2025-12-02,hpc-gpu-071,C,Engineering,68.8,44.3,1410,395.0,72.9,0,0,0,1,132.1,2,0,92.0
2025-12-03,hpc-gpu-049,C,Physics,80.8,50.2,1410,385.0,81.0,0,0,0,0,155.2,4,0,104.0
2025-12-03,hpc-gpu-050,C,Biology,74.5,57.9,1410,401.0,73.4,0,0,0,10,143.0,4,0,93.0
2025-12-03,hpc-gpu-051,C,Chemistry,67.6,58.9,1410,357.0,64.4,0,0,0,11,129.7,3,1,79.0
2025-12-03,hpc-gpu-053,C,Earth Sciences,58.9,53.4,1410,359.0,67.1,0,0,0,6,113.1,3,0,83.0
2025-12-03,hpc-gpu-055,C,Engineering,97.6,61.3,1410,410.0,80.7,0,0,0,4,187.4,1,1,104.0
2025-12-03,hpc-gpu-058,C,Biology,77.4,73.3,1410,365.0,73.3,0,0,0,0,148.6,1,1,92.0
2025-12-03,hpc-gpu-063,C,Engineering,75.6,46.5,1410,384.0,73.1,0,0,0,10,145.2,0,0,92.0
2025-12-03,hpc-gpu-065,C,Physics,98.6,59.7,1410,401.0,85.0,0,0,0,3,189.2,4,1,110.0
2025-12-03,hpc-gpu-066,C,Biology,79.1,62.9,1410,393.0,76.9,0,0,0,7,151.8,4,0,98.0
2025-12-03,hpc-gpu-068,C,Computer Science,65.6,59.2,1410,380.0,75.1,0,0,0,1,125.9,1,0,95.0
2025-12-03,hpc-gpu-071,C,Engineering,71.2,64.6,1410,380.0,74.7,0,0,0,11,136.7,2,0,95.0
2025-12-03,hpc-gpu-072,C,Medical Research,70.3,51.3,1410,374.0,73.5,0,0,0,1,134.9,3,0,93.0
2025-12-04,hpc-gpu-049,C,Physics,80.8,53.7,1410,354.0,79.3,0,0,0,7,155.1,0,0,101.0
2025-12-04,hpc-gpu-056,C,Medical Research,78.2,70.4,1410,380.0,72.6,0,0,0,3,150.2,1,1,91.0
2025-12-04,hpc-gpu-064,C,Medical Research,79.6,50.4,1410,368.0,76.0,0,0,0,6,152.8,2,1,97.0
2025-12-04,hpc-gpu-065,C,Physics,91.8,62.6,1410,400.0,80.1,0,0,0,10,176.3,4,0,103.0
2025-12-04,hpc-gpu-072,C,Medical Research,83.1,76.0,1410,391.0,74.1,0,0,0,2,159.6,2,1,94.0
2025-12-05,hpc-gpu-049,C,Physics,70.9,49.8,1410,362.0,74.4,0,0,0,4,136.2,0,1,94.0
2025-12-05,hpc-gpu-053,C,Earth Sciences,50.9,33.5,1410,374.0,55.4,0,0,0,2,97.7,4,0,66.0
2025-12-05,hpc-gpu-055,C,Engineering,86.4,61.6,1410,385.0,75.4,0,0,0,4,165.8,1,1,96.0
2025-12-05,hpc-gpu-057,C,Physics,86.2,79.6,1410,391.0,85.1,0,0,0,2,165.5,4,1,110.0
2025-12-05,hpc-gpu-062,C,Mathematics,46.4,41.0,1410,346.0,61.0,0,0,0,3,89.2,1,0,74.0
2025-12-05,hpc-gpu-064,C,Medical Research,76.8,67.8,1410,394.0,72.5,0,0,0,9,147.5,4,0,91.0
2025-12-05,hpc-gpu-065,C,Physics,72.9,49.9,1410,364.0,75.2,0,0,0,4,140.0,1,1,95.0
2025-12-05,hpc-gpu-067,C,Chemistry,84.9,73.6,1410,409.0,81.1,0,0,0,3,163.1,4,1,104.0
2025-12-05,hpc-gpu-072,C,Medical Research,81.5,71.6,1410,386.0,73.1,0,0,0,3,156.4,3,1,92.0
2025-12-06,hpc-gpu-072,C,Medical Research,54.9,36.3,1410,342.0,60.4,0,0,0,1,105.5,2,1,73.0
2025-12-08,hpc-gpu-050,C,Biology,78.8,65.8,1410,379.0,77.4,0,0,0,3,151.3,0,0,99.0
2025-12-08,hpc-gpu-055,C,Engineering,72.9,65.3,1410,371.0,76.9,0,0,0,2,140.0,4,1,98.0
2025-12-08,hpc-gpu-056,C,Medical Research,74.9,60.6,1410,376.0,73.6,0,0,0,10,143.8,0,0,93.0
2025-12-08,hpc-gpu-059,C,Chemistry,65.2,59.9,1410,336.0,72.1,0,0,0,1,125.1,2,0,91.0
2025-12-08,hpc-gpu-063,C,Engineering,79.7,73.8,1410,373.0,73.1,0,0,0,11,153.0,4,0,92.0
2025-12-08,hpc-gpu-065,C,Physics,94.9,69.7,1410,391.0,80.1,0,0,0,0,182.3,2,1,103.0
2025-12-08,hpc-gpu-071,C,Engineering,83.3,61.9,1410,368.0,74.3,0,0,0,5,159.9,4,1,94.0
2025-12-08,hpc-gpu-072,C,Medical Research,79.4,67.2,1410,372.0,72.5,0,0,0,0,152.4,0,1,91.0
2025-12-09,hpc-gpu-050,C,Biology,71.5,46.9,1410,375.0,75.1,0,0,0,6,137.3,3,0,95.0
2025-12-09,hpc-gpu-055,C,Engineering,87.6,67.2,1410,396.0,78.7,0,0,0,7,168.3,1,0,101.0
2025-12-09,hpc-gpu-056,C,Medical Research,72.6,66.7,1410,353.0,73.1,0,0,0,8,139.4,1,0,92.0
2025-12-09,hpc-gpu-058,C,Biology,75.0,65.0,1410,381.0,72.1,0,0,0,10,144.1,3,1,91.0
2025-12-09,hpc-gpu-063,C,Engineering,68.9,65.2,1410,370.0,72.8,0,0,0,8,132.3,3,1,92.0
2025-12-09,hpc-gpu-066,C,Biology,71.4,43.5,1410,395.0,69.6,0,0,0,3,137.1,4,1,87.0
2025-12-09,hpc-gpu-072,C,Medical Research,89.8,73.3,1410,399.0,79.4,0,0,0,0,172.5,2,1,102.0
2025-12-10,hpc-gpu-049,C,Physics,78.7,58.7,1410,371.0,74.8,0,0,0,0,151.1,0,0,95.0
2025-12-10,hpc-gpu-058,C,Biology,83.9,52.8,1410,357.0,74.6,0,0,0,5,161.1,1,1,94.0
2025-12-10,hpc-gpu-063,C,Engineering,77.2,48.2,1410,387.0,76.7,0,0,0,11,148.2,1,1,98.0
2025-12-10,hpc-gpu-064,C,Medical Research,92.1,71.7,1410,388.0,84.2,0,0,0,9,176.8,4,1,109.0
2025-12-10,hpc-gpu-065,C,Physics,77.3,70.9,1410,352.0,74.0,0,0,0,5,148.4,1,1,93.0
2025-12-10,hpc-gpu-072,C,Medical Research,76.8,55.7,1410,379.0,73.4,0,0,0,10,147.5,1,1,93.0
2025-12-11,hpc-gpu-049,C,Physics,85.9,73.5,1410,378.0,80.8,0,0,0,10,165.0,4,1,104.0
2025-12-11,hpc-gpu-050,C,Biology,76.2,63.9,1410,379.0,74.8,0,0,0,7,146.2,3,0,95.0
2025-12-11,hpc-gpu-056,C,Medical Research,79.6,51.1,1410,399.0,73.7,0,0,0,7,152.8,0,1,93.0
2025-12-11,hpc-gpu-057,C,Physics,77.7,66.7,1410,362.0,72.5,0,0,0,5,149.2,1,1,91.0
2025-12-11,hpc-gpu-059,C,Chemistry,73.9,52.5,1410,368.0,73.9,0,0,0,2,141.8,1,1,93.0
2025-12-11,hpc-gpu-061,C,Earth Sciences,49.5,38.4,1410,356.0,57.6,0,0,0,10,95.0,2,0,69.0
2025-12-11,hpc-gpu-064,C,Medical Research,73.4,68.3,1410,351.0,80.6,0,0,0,9,141.0,2,1,103.0
2025-12-11,hpc-gpu-065,C,Physics,82.4,53.2,1410,377.0,74.0,0,0,0,11,158.2,0,0,94.0
2025-12-11,hpc-gpu-066,C,Biology,75.2,68.4,1410,346.0,69.9,0,0,0,0,144.4,4,1,87.0
2025-12-11,hpc-gpu-072,C,Medical Research,69.8,49.7,1410,357.0,77.0,0,0,0,10,134.1,1,0,98.0
2025-12-12,hpc-gpu-051,C,Chemistry,81.3,65.0,1410,361.0,79.5,0,0,0,1,156.1,2,0,102.0
2025-12-12,hpc-gpu-055,C,Engineering,77.1,67.4,1410,386.0,73.4,0,0,0,7,148.1,3,0,93.0
2025-12-12,hpc-gpu-056,C,Medical Research,75.6,55.5,1410,375.0,76.8,0,0,0,11,145.1,1,1,98.0
2025-12-12,hpc-gpu-057,C,Physics,79.1,64.1,1410,394.0,72.9,0,0,0,9,152.0,2,0,92.0
2025-12-12,hpc-gpu-063,C,Engineering,74.1,51.2,1410,350.0,73.3,0,0,0,0,142.3,1,1,92.0
2025-12-12,hpc-gpu-064,C,Medical Research,75.8,56.4,1410,378.0,75.9,0,0,0,4,145.5,0,0,96.0
2025-12-12,hpc-gpu-065,C,Physics,77.7,50.9,1410,391.0,72.9,0,0,0,8,149.2,2,1,92.0
2025-12-12,hpc-gpu-067,C,Chemistry,69.1,63.3,1410,373.0,73.3,0,0,0,4,132.6,2,0,93.0
2025-12-12,hpc-gpu-072,C,Medical Research,84.6,52.5,1410,393.0,73.2,0,0,0,10,162.5,1,0,92.0
2025-12-14,hpc-gpu-072,C,Medical Research,47.5,38.5,1410,362.0,59.4,0,0,0,3,91.2,2,0,72.0
2025-12-15,hpc-gpu-049,C,Physics,97.0,72.1,1410,376.0,81.2,0,0,0,9,186.3,4,0,104.0
2025-12-15,hpc-gpu-050,C,Biology,77.5,63.2,1410,374.0,72.1,0,0,0,0,148.9,4,1,91.0
2025-12-15,hpc-gpu-051,C,Chemistry,83.2,76.8,1410,378.0,73.8,0,0,0,9,159.8,0,0,93.0
2025-12-15,hpc-gpu-052,C,Computer Science,76.3,63.8,1410,377.0,75.1,0,0,0,4,146.5,1,0,95.0
2025-12-15,hpc-gpu-055,C,Engineering,76.6,46.4,1410,373.0,73.2,0,0,0,7,147.1,4,0,92.0
2025-12-15,hpc-gpu-056,C,Medical Research,68.2,55.5,1410,366.0,73.3,0,0,0,8,131.0,4,1,92.0
2025-12-15,hpc-gpu-063,C,Engineering,69.7,43.7,1410,366.0,74.0,0,0,0,6,133.8,1,0,94.0
2025-12-15,hpc-gpu-065,C,Physics,84.0,64.9,1410,383.0,79.9,0,0,0,11,161.3,2,0,102.0
2025-12-15,hpc-gpu-071,C,Engineering,78.7,70.9,1410,350.0,73.8,0,0,0,3,151.1,1,1,93.0
2025-12-15,hpc-gpu-072,C,Medical Research,74.3,69.0,1410,374.0,75.5,0,0,0,11,142.6,2,0,96.0
2025-12-16,hpc-gpu-049,C,Physics,89.3,83.7,1410,357.0,80.2,0,0,0,6,171.6,0,1,103.0
2025-12-16,hpc-gpu-056,C,Medical Research,85.9,53.8,1410,385.0,83.1,0,0,0,1,164.9,4,1,107.0
2025-12-16,hpc-gpu-057,C,Physics,84.3,63.9,1410,403.0,76.2,0,0,0,4,161.9,0,1,97.0
2025-12-16,hpc-gpu-062,C,Mathematics,30.9,28.4,1410,334.0,54.3,0,0,0,10,59.4,0,0,64.0
2025-12-16,hpc-gpu-063,C,Engineering,70.0,43.8,1410,364.0,74.7,0,0,0,11,134.3,4,0,95.0
2025-12-16,hpc-gpu-064,C,Medical Research,89.8,67.1,1410,399.0,84.4,0,0,0,1,172.3,2,0,109.0
2025-12-16,hpc-gpu-065,C,Physics,84.9,75.0,1410,401.0,78.8,0,0,0,2,163.1,4,1,101.0
2025-12-16,hpc-gpu-071,C,Engineering,77.0,53.1,1410,397.0,74.2,0,0,0,2,147.8,1,1,94.0
2025-12-16,hpc-gpu-072,C,Medical Research,73.7,60.6,1410,349.0,69.2,0,0,0,5,141.5,2,0,86.0
2025-12-17,hpc-gpu-056,C,Medical Research,74.0,64.3,1410,378.0,72.5,0,0,0,4,142.1,3,0,91.0
2025-12-17,hpc-gpu-057,C,Physics,96.3,74.2,1410,392.0,82.2,0,0,0,8,184.9,1,1,106.0
2025-12-17,hpc-gpu-063,C,Engineering,76.1,50.4,1410,369.0,72.6,0,0,0,4,146.1,2,1,91.0
2025-12-17,hpc-gpu-065,C,Physics,94.2,63.7,1410,392.0,86.2,0,0,0,8,180.8,3,0,112.0
2025-12-17,hpc-gpu-066,C,Biology,82.9,68.7,1410,360.0,75.9,0,0,0,1,159.2,2,0,96.0
2025-12-17,hpc-gpu-067,C,Chemistry,70.7,46.6,1410,359.0,74.8,0,0,0,9,135.7,0,1,95.0
2025-12-17,hpc-gpu-070,C,Mathematics,53.0,42.9,1410,361.0,60.4,0,0,0,0,101.7,2,1,73.0
2025-12-17,hpc-gpu-071,C,Engineering,72.2,53.0,1410,330.0,76.7,0,0,0,7,138.6,0,1,98.0
2025-12-17,hpc-gpu-072,C,Medical Research,85.6,52.8,1410,393.0,77.2,0,0,0,6,164.3,2,1,98.0
2025-12-18,hpc-gpu-049,C,Physics,85.2,80.8,1410,365.0,78.3,0,0,0,4,163.5,1,1,100.0
2025-12-18,hpc-gpu-051,C,Chemistry,68.8,48.8,1410,393.0,74.2,0,0,0,11,132.1,3,0,94.0
2025-12-18,hpc-gpu-056,C,Medical Research,93.4,82.8,1410,411.0,84.8,0,0,0,10,179.3,0,1,110.0
2025-12-18,hpc-gpu-057,C,Physics,84.2,54.6,1410,389.0,79.9,0,0,0,8,161.7,1,0,102.0
2025-12-18,hpc-gpu-058,C,Biology,77.8,61.1,1410,353.0,78.8,0,0,0,0,149.4,1,0,101.0
2025-12-18,hpc-gpu-059,C,Chemistry,87.8,58.9,1410,368.0,80.6,0,0,0,1,168.5,2,0,103.0
2025-12-18,hpc-gpu-060,C,Computer Science,53.5,47.7,1410,368.0,60.7,0,0,0,6,102.7,3,1,74.0
2025-12-18,hpc-gpu-063,C,Engineering,59.8,42.7,1410,350.0,74.2,0,0,0,6,114.8,2,1,94.0
2025-12-18,hpc-gpu-064,C,Medical Research,69.0,59.5,1410,351.0,72.6,0,0,0,2,132.4,1,0,91.0
2025-12-18,hpc-gpu-065,C,Physics,85.4,79.6,1410,396.0,81.6,0,0,0,6,164.1,3,0,105.0
2025-12-18,hpc-gpu-066,C,Biology,82.1,69.0,1410,383.0,75.5,0,0,0,5,157.7,2,1,96.0
2025-12-18,hpc-gpu-067,C,Chemistry,78.4,50.7,1410,366.0,75.4,0,0,0,10,150.6,3,0,96.0
2025-12-18,hpc-gpu-071,C,Engineering,98.5,70.7,1410,383.0,80.9,0,0,0,1,189.2,3,1,104.0
2025-12-19,hpc-gpu-049,C,Physics,92.3,73.5,1410,390.0,78.8,0,0,0,5,177.2,3,0,101.0
2025-12-19,hpc-gpu-057,C,Physics,88.0,80.3,1410,375.0,84.1,0,0,0,7,169.0,4,0,109.0
2025-12-19,hpc-gpu-063,C,Engineering,75.4,57.8,1410,393.0,72.2,0,0,0,5,144.8,3,0,91.0
2025-12-19,hpc-gpu-064,C,Medical Research,80.4,73.0,1410,381.0,75.6,0,0,0,2,154.3,4,0,96.0
2025-12-19,hpc-gpu-065,C,Physics,87.6,82.7,1410,387.0,75.2,0,0,0,11,168.2,3,1,95.0
2025-12-19,hpc-gpu-066,C,Biology,74.3,64.3,1410,389.0,73.9,0,0,0,6,142.6,3,1,93.0
2025-12-20,hpc-gpu-049,C,Physics,61.9,52.0,1410,334.0,69.2,0,0,0,6,118.8,0,1,86.0
2025-12-20,hpc-gpu-055,C,Engineering,37.0,24.8,1410,326.0,55.8,0,0,0,3,71.1,2,1,66.0
2025-12-20,hpc-gpu-069,C,Earth Sciences,31.7,24.9,1410,328.0,52.8,0,0,0,3,60.9,2,1,62.0
2025-12-22,hpc-gpu-049,C,Physics,89.5,78.5,1410,407.0,85.3,0,0,0,3,171.8,3,0,110.0
2025-12-22,hpc-gpu-051,C,Chemistry,84.2,52.5,1410,400.0,81.4,0,0,0,10,161.6,2,1,105.0
2025-12-22,hpc-gpu-055,C,Engineering,84.7,75.9,1410,369.0,78.4,0,0,0,2,162.7,0,1,100.0
2025-12-22,hpc-gpu-056,C,Medical Research,82.4,64.6,1410,370.0,77.9,0,0,0,10,158.2,4,0,99.0
2025-12-22,hpc-gpu-057,C,Physics,78.1,70.0,1410,376.0,74.3,0,0,0,9,150.0,1,0,94.0
2025-12-22,hpc-gpu-060,C,Computer Science,68.2,47.6,1410,364.0,72.4,0,0,0,3,130.9,0,1,91.0
2025-12-22,hpc-gpu-064,C,Medical Research,82.9,59.7,1410,361.0,82.2,0,0,0,5,159.2,1,0,106.0
2025-12-22,hpc-gpu-065,C,Physics,82.1,61.1,1410,394.0,82.2,0,0,0,8,157.6,4,0,106.0
2025-12-22,hpc-gpu-066,C,Biology,78.1,58.6,1410,362.0,75.7,0,0,0,3,149.9,2,1,96.0
2025-12-22,hpc-gpu-071,C,Engineering,88.7,67.5,1410,397.0,73.6,0,0,0,0,170.2,4,1,93.0
2025-12-22,hpc-gpu-072,C,Medical Research,73.3,44.0,1410,347.0,72.7,0,0,0,2,140.7,4,1,92.0
2025-12-23,hpc-gpu-049,C,Physics,83.4,67.7,1410,380.0,82.5,0,0,0,5,160.2,3,1,106.0
2025-12-23,hpc-gpu-050,C,Biology,78.3,60.7,1410,392.0,78.0,0,0,0,9,150.4,4,1,100.0
2025-12-23,hpc-gpu-055,C,Engineering,78.0,64.1,1410,383.0,72.6,0,0,0,7,149.8,1,0,91.0
2025-12-23,hpc-gpu-056,C,Medical Research,93.0,60.7,1410,390.0,84.3,0,0,0,3,178.6,1,1,109.0
2025-12-23,hpc-gpu-057,C,Physics,86.0,66.0,1410,387.0,78.2,0,0,0,11,165.1,1,0,100.0
2025-12-23,hpc-gpu-058,C,Biology,78.7,66.2,1410,370.0,72.6,0,0,0,8,151.1,4,0,91.0
2025-12-23,hpc-gpu-060,C,Computer Science,77.6,53.3,1410,365.0,73.7,0,0,0,9,149.0,0,1,93.0
2025-12-23,hpc-gpu-063,C,Engineering,74.9,53.9,1410,376.0,73.7,0,0,0,8,143.9,1,0,93.0
2025-12-23,hpc-gpu-065,C,Physics,70.2,65.8,1410,371.0,72.8,0,0,0,10,134.7,0,0,92.0
2025-12-23,hpc-gpu-072,C,Medical Research,85.6,70.7,1410,391.0,76.3,0,0,0,11,164.4,1,0,97.0
2025-12-24,hpc-gpu-050,C,Biology,89.9,54.9,1410,378.0,82.9,0,0,0,4,172.7,1,1,107.0
2025-12-24,hpc-gpu-051,C,Chemistry,83.4,61.2,1410,407.0,74.4,0,0,0,2,160.2,4,1,94.0
2025-12-24,hpc-gpu-054,C,Mathematics,42.6,36.2,1410,340.0,58.2,0,0,0,3,81.8,1,1,70.0
2025-12-24,hpc-gpu-055,C,Engineering,85.8,54.5,1410,390.0,76.1,0,0,0,8,164.6,0,0,97.0
2025-12-24,hpc-gpu-056,C,Medical Research,85.0,78.1,1410,364.0,78.6,0,0,0,11,163.1,3,1,100.0
2025-12-24,hpc-gpu-057,C,Physics,95.0,81.7,1410,393.0,86.3,0,0,0,4,182.4,0,1,112.0
2025-12-24,hpc-gpu-058,C,Biology,89.6,84.1,1410,406.0,76.4,0,0,0,4,172.1,3,0,97.0
2025-12-24,hpc-gpu-065,C,Physics,91.1,58.2,1410,365.0,80.6,0,0,0,0,174.8,3,1,103.0
2025-12-24,hpc-gpu-071,C,Engineering,85.4,68.2,1410,402.0,78.4,0,0,0,1,164.0,2,0,100.0
2025-12-25,hpc-gpu-049,C,Physics,85.2,74.2,1410,395.0,77.8,0,0,0,9,163.5,4,1,99.0
2025-12-25,hpc-gpu-054,C,Mathematics,42.9,36.7,1410,362.0,57.5,0,0,0,5,82.4,1,0,69.0
2025-12-25,hpc-gpu-057,C,Physics,98.4,72.7,1410,370.0,86.6,0,0,0,9,189.0,4,0,112.0
2025-12-25,hpc-gpu-064,C,Medical Research,74.6,65.7,1410,367.0,74.1,0,0,0,6,143.3,2,1,94.0
2025-12-25,hpc-gpu-071,C,Engineering,80.4,70.7,1410,377.0,80.3,0,0,0,7,154.4,3,1,103.0
2025-12-26,hpc-gpu-049,C,Physics,91.8,66.8,1410,405.0,78.3,0,0,0,3,176.2,1,0,100.0
2025-12-26,hpc-gpu-056,C,Medical Research,82.5,75.0,1410,385.0,74.3,0,0,0,4,158.3,2,1,94.0
2025-12-26,hpc-gpu-058,C,Biology,87.0,68.4,1410,367.0,78.1,0,0,0,5,167.1,0,1,100.0
2025-12-26,hpc-gpu-063,C,Engineering,77.8,69.7,1410,409.0,80.5,0,0,0,0,149.4,0,0,103.0
2025-12-26,hpc-gpu-068,C,Computer Science,53.4,37.4,1410,357.0,60.1,0,0,0,1,102.6,2,0,73.0
2025-12-26,hpc-gpu-071,C,Engineering,90.5,63.9,1410,406.0,83.3,0,0,0,11,173.8,3,1,107.0
2025-12-28,hpc-gpu-057,C,Physics,55.0,43.0,1410,363.0,57.9,0,0,0,5,105.6,3,0,69.0
2025-12-28,hpc-gpu-069,C,Earth Sciences,38.0,22.8,1410,342.0,52.0,0,0,0,6,72.9,2,0,61.0
2025-12-29,hpc-gpu-049,C,Physics,74.3,58.5,1410,373.0,72.5,0,0,0,4,142.6,3,0,91.0
2025-12-29,hpc-gpu-050,C,Biology,76.9,50.0,1410,396.0,72.9,0,0,0,10,147.7,3,0,92.0
2025-12-29,hpc-gpu-056,C,Medical Research,84.6,66.0,1410,381.0,79.4,0,0,0,2,162.4,4,0,102.0
2025-12-29,hpc-gpu-057,C,Physics,84.0,69.5,1410,414.0,79.0,0,0,0,6,161.3,4,0,101.0
2025-12-29,hpc-gpu-059,C,Chemistry,78.6,56.3,1410,367.0,73.1,0,0,0,7,151.0,4,0,92.0
2025-12-29,hpc-gpu-063,C,Engineering,70.3,50.2,1410,375.0,72.1,0,0,0,9,135.0,3,0,91.0
2025-12-29,hpc-gpu-064,C,Medical Research,87.6,57.7,1410,396.0,74.5,0,0,0,0,168.2,3,1,94.0
2025-12-29,hpc-gpu-065,C,Physics,84.3,63.7,1410,409.0,80.5,0,0,0,4,161.9,2,0,103.0
2025-12-29,hpc-gpu-067,C,Chemistry,79.6,65.6,1410,394.0,69.8,0,0,0,7,152.8,4,0,87.0
2025-12-29,hpc-gpu-071,C,Engineering,87.3,71.7,1410,376.0,76.6,0,0,0,8,167.6,2,1,97.0
2025-12-30,hpc-gpu-037,B,Earth Sciences,54.1,48.5,1410,350.0,61.5,0,0,0,1,103.9,3,1,75.0
2025-12-30,hpc-gpu-049,C,Physics,82.3,73.4,1410,372.0,77.4,0,0,0,6,158.0,3,1,99.0
2025-12-30,hpc-gpu-057,C,Physics,90.8,56.6,1410,401.0,80.3,0,0,0,11,174.4,2,0,103.0
2025-12-30,hpc-gpu-058,C,Biology,66.6,54.6,1410,353.0,62.6,0,0,0,2,127.9,0,1,76.0
2025-12-30,hpc-gpu-059,C,Chemistry,82.4,71.3,1410,389.0,76.9,0,0,0,10,158.3,2,0,98.0
2025-12-30,hpc-gpu-060,C,Computer Science,71.0,44.5,1410,371.0,73.8,0,0,0,0,136.2,3,1,93.0
2025-12-30,hpc-gpu-063,C,Engineering,85.3,78.8,1410,369.0,84.4,0,0,0,4,163.7,4,1,109.0
2025-12-30,hpc-gpu-064,C,Medical Research,92.0,67.8,1410,406.0,83.8,0,0,0,10,176.7,4,0,108.0
2025-12-30,hpc-gpu-066,C,Biology,81.2,63.1,1410,385.0,73.7,0,0,0,5,155.9,0,1,93.0
2025-12-30,hpc-gpu-067,C,Chemistry,64.8,46.3,1410,386.0,72.1,0,0,0,2,124.3,2,1,91.0
2025-12-31,hpc-gpu-049,C,Physics,76.4,57.2,1410,383.0,73.3,0,0,0,5,146.6,2,1,93.0
2025-12-31,hpc-gpu-057,C,Physics,85.2,55.1,1410,410.0,77.2,0,0,0,10,163.6,4,0,98.0
2025-12-31,hpc-gpu-063,C,Engineering,83.7,71.4,1410,376.0,74.8,0,0,0,4,160.6,3,1,95.0
2025-12-31,hpc-gpu-064,C,Medical Research,82.7,55.2,1410,380.0,80.9,0,0,0,10,158.9,3,0,104.0
2025-12-31,hpc-gpu-065,C,Physics,82.9,72.2,1410,371.0,73.2,0,0,0,1,159.2,0,0,92.0
2026-01-01,hpc-gpu-050,C,Biology,84.9,53.6,1410,389.0,73.2,0,0,0,10,163.0,0,0,92.0
2026-01-01,hpc-gpu-055,C,Engineering,85.8,58.7,1410,365.0,76.5,0,0,0,5,164.8,0,0,97.0
2026-01-01,hpc-gpu-057,C,Physics,100.0,74.7,1410,413.0,88.7,0,0,0,6,192.0,1,1,116.0
2026-01-01,hpc-gpu-058,C,Biology,79.0,74.7,1410,355.0,78.2,0,0,0,8,151.6,4,0,100.0
2026-01-01,hpc-gpu-065,C,Physics,89.1,61.9,1410,375.0,83.8,0,0,0,11,171.0,0,0,108.0
2026-01-01,hpc-gpu-066,C,Biology,82.4,50.9,1410,392.0,78.9,0,0,0,11,158.2,1,1,101.0
2026-01-01,hpc-gpu-067,C,Chemistry,71.6,53.0,1410,373.0,74.0,0,0,0,2,137.5,1,1,93.0
2026-01-01,hpc-gpu-071,C,Engineering,70.4,43.9,1410,362.0,72.5,0,0,0,5,135.1,3,1,91.0
2026-01-01,hpc-gpu-072,C,Medical Research,93.2,56.7,1410,380.0,81.0,0,0,0,7,179.0,4,0,104.0
2026-01-02,hpc-gpu-049,C,Physics,98.5,77.8,1410,411.0,85.0,0,0,0,3,189.1,4,1,110.0
2026-01-02,hpc-gpu-053,C,Earth Sciences,60.8,56.6,1410,373.0,64.7,0,0,0,9,116.7,4,0,79.0
2026-01-02,hpc-gpu-056,C,Medical Research,86.8,75.1,1410,403.0,82.9,0,0,0,2,166.7,1,1,107.0
2026-01-02,hpc-gpu-057,C,Physics,84.8,57.7,1410,404.0,77.9,0,0,0,6,162.8,3,0,99.0
2026-01-02,hpc-gpu-058,C,Biology,79.2,53.7,1410,408.0,74.1,0,0,0,9,152.0,2,1,94.0
2026-01-02,hpc-gpu-061,C,Earth Sciences,72.5,46.5,1410,369.0,74.7,0,0,0,2,139.2,3,0,95.0
2026-01-02,hpc-gpu-063,C,Engineering,85.7,78.9,1410,424.0,85.4,0,0,0,11,164.4,2,0,111.0
2026-01-02,hpc-gpu-064,C,Medical Research,75.7,59.0,1410,374.0,75.9,0,0,0,2,145.3,1,0,96.0
2026-01-02,hpc-gpu-071,C,Engineering,76.8,60.4,1410,345.0,75.0,0,0,0,5,147.4,2,1,95.0
2026-01-03,hpc-gpu-050,C,Biology,48.7,39.2,1410,352.0,61.4,0,0,0,10,93.4,4,0,75.0
2026-01-03,hpc-gpu-058,C,Biology,47.0,32.0,1410,333.0,57.2,0,0,0,2,90.2,4,0,68.0
2026-01-05,hpc-gpu-049,C,Physics,90.0,78.3,1410,390.0,78.7,0,0,0,7,172.8,0,1,101.0
2026-01-05,hpc-gpu-056,C,Medical Research,94.4,67.6,1410,400.0,78.8,0,0,0,3,181.3,3,1,101.0
2026-01-05,hpc-gpu-057,C,Physics,92.2,74.2,1410,386.0,77.0,0,0,0,1,177.0,2,1,98.0
2026-01-05,hpc-gpu-058,C,Biology,75.1,68.3,1410,391.0,73.0,0,0,0,7,144.2,2,0,92.0
2026-01-05,hpc-gpu-063,C,Engineering,68.1,49.1,1410,352.0,65.7,0,0,0,2,130.8,1,1,81.0
2026-01-05,hpc-gpu-064,C,Medical Research,71.5,46.5,1410,389.0,72.2,0,0,0,10,137.3,2,1,91.0
2026-01-05,hpc-gpu-065,C,Physics,97.2,72.9,1410,384.0,80.9,0,0,0,4,186.6,2,1,104.0
2026-01-05,hpc-gpu-066,C,Biology,73.3,52.7,1410,370.0,72.7,0,0,0,2,140.7,3,0,92.0
2026-01-05,hpc-gpu-067,C,Chemistry,80.1,51.0,1410,360.0,72.7,0,0,0,8,153.8,4,1,92.0
2026-01-05,hpc-gpu-071,C,Engineering,73.5,67.8,1410,347.0,73.0,0,0,0,3,141.1,1,1,92.0
2026-01-05,hpc-gpu-072,C,Medical Research,100.0,81.1,1410,398.0,86.5,0,0,0,1,192.0,4,1,112.0
2026-01-06,hpc-gpu-049,C,Physics,87.7,73.3,1410,365.0,77.7,0,0,0,8,168.3,2,1,99.0
2026-01-06,hpc-gpu-051,C,Chemistry,89.0,80.9,1410,379.0,78.2,0,0,0,8,170.9,2,0,100.0
2026-01-06,hpc-gpu-055,C,Engineering,79.7,68.5,1410,368.0,76.3,0,0,0,8,153.0,4,0,97.0
2026-01-06,hpc-gpu-057,C,Physics,94.7,86.9,1410,378.0,81.3,0,0,0,1,181.8,0,1,104.0
2026-01-06,hpc-gpu-063,C,Engineering,95.5,81.2,1410,416.0,78.4,0,0,0,10,183.4,1,1,100.0
2026-01-06,hpc-gpu-064,C,Medical Research,81.5,76.5,1410,374.0,78.8,0,0,0,0,156.4,0,1,101.0
2026-01-06,hpc-gpu-065,C,Physics,84.6,75.6,1410,374.0,79.7,0,0,0,0,162.5,2,0,102.0
2026-01-06,hpc-gpu-066,C,Biology,74.5,46.7,1410,364.0,72.2,0,0,0,8,143.1,4,0,91.0
2026-01-06,hpc-gpu-071,C,Engineering,79.4,54.3,1410,385.0,73.6,0,0,0,4,152.4,1,1,93.0
2026-01-06,hpc-gpu-072,C,Medical Research,80.8,76.7,1410,377.0,77.8,0,0,0,10,155.2,0,0,99.0
2026-01-07,hpc-gpu-049,C,Physics,88.1,66.0,1410,389.0,78.3,0,0,0,5,169.1,4,0,100.0
2026-01-07,hpc-gpu-050,C,Biology,88.7,68.3,1410,357.0,85.3,0,0,0,8,170.2,1,1,110.0
2026-01-07,hpc-gpu-056,C,Medical Research,75.1,48.5,1410,390.0,72.5,0,0,0,9,144.2,0,1,91.0
2026-01-07,hpc-gpu-059,C,Chemistry,75.6,69.3,1410,381.0,73.6,0,0,0,9,145.1,4,0,93.0
2026-01-07,hpc-gpu-063,C,Engineering,87.1,64.0,1410,400.0,83.7,0,0,0,4,167.3,3,0,108.0
2026-01-07,hpc-gpu-064,C,Medical Research,81.8,73.7,1410,387.0,78.0,0,0,0,0,157.0,3,0,100.0
2026-01-07,hpc-gpu-065,C,Physics,80.0,73.6,1410,401.0,76.9,0,0,0,0,153.6,0,0,98.0
2026-01-07,hpc-gpu-066,C,Biology,69.8,50.3,1410,377.0,74.0,0,0,0,3,134.0,3,0,93.0
2026-01-07,hpc-gpu-071,C,Engineering,81.8,57.9,1410,380.0,78.7,0,0,0,5,157.1,4,1,100.0
2026-01-07,hpc-gpu-072,C,Medical Research,81.6,71.7,1410,353.0,78.2,0,0,0,5,156.7,2,1,100.0
2026-01-08,hpc-gpu-049,C,Physics,88.5,68.4,1410,368.0,83.7,0,0,0,9,169.9,1,0,108.0
2026-01-08,hpc-gpu-050,C,Biology,79.0,57.4,1410,360.0,74.3,0,0,0,9,151.6,1,1,94.0
2026-01-08,hpc-gpu-055,C,Engineering,64.8,45.2,1410,360.0,75.9,0,0,0,3,124.4,4,0,96.0
2026-01-08,hpc-gpu-057,C,Physics,83.8,78.4,1410,392.0,77.0,0,0,0,1,161.0,4,1,98.0
2026-01-08,hpc-gpu-058,C,Biology,79.0,74.4,1410,376.0,75.5,0,0,0,8,151.6,2,1,96.0
2026-01-08,hpc-gpu-059,C,Chemistry,80.5,57.2,1410,371.0,74.9,0,0,0,2,154.5,3,1,95.0
2026-01-08,hpc-gpu-064,C,Medical Research,82.9,54.5,1410,361.0,71.4,0,0,0,0,159.2,1,0,90.0
2026-01-08,hpc-gpu-065,C,Physics,91.0,79.6,1410,384.0,77.4,0,0,0,2,174.7,3,1,99.0
2026-01-08,hpc-gpu-067,C,Chemistry,76.9,46.5,1410,384.0,77.0,0,0,0,9,147.7,2,1,98.0
2026-01-08,hpc-gpu-071,C,Engineering,68.6,56.9,1410,362.0,72.8,0,0,0,11,131.8,1,1,92.0
2026-01-08,hpc-gpu-072,C,Medical Research,92.2,55.7,1410,399.0,83.0,0,0,0,10,176.9,3,0,107.0
2026-01-09,hpc-gpu-049,C,Physics,77.6,46.9,1410,372.0,78.1,0,0,0,11,149.1,1,0,100.0
2026-01-09,hpc-gpu-057,C,Physics,85.4,76.7,1410,370.0,76.7,0,0,0,11,164.0,3,1,98.0
2026-01-09,hpc-gpu-058,C,Biology,79.4,64.5,1410,335.0,78.4,0,0,0,4,152.4,2,0,100.0
2026-01-09,hpc-gpu-064,C,Medical Research,98.3,78.6,1410,405.0,81.5,0,0,0,0,188.6,2,1,105.0
2026-01-09,hpc-gpu-065,C,Physics,91.4,75.6,1410,373.0,84.3,0,0,0,9,175.5,2,0,109.0
2026-01-09,hpc-gpu-071,C,Engineering,77.7,66.2,1410,390.0,76.4,0,0,0,2,149.1,0,1,97.0
2026-01-10,hpc-gpu-052,C,Computer Science,35.7,24.7,1410,346.0,52.7,0,0,0,6,68.5,2,1,61.0
2026-01-11,hpc-gpu-065,C,Physics,73.1,48.5,1410,376.0,76.3,0,0,0,10,140.3,0,0,97.0
2026-01-11,hpc-gpu-068,C,Computer Science,29.4,25.2,1410,336.0,56.6,0,0,0,0,56.4,2,0,67.0
2026-01-12,hpc-gpu-049,C,Physics,99.1,64.4,1410,410.0,85.0,0,0,0,1,190.2,0,1,110.0
2026-01-12,hpc-gpu-056,C,Medical Research,70.8,56.2,1410,362.0,75.7,0,0,0,5,136.0,0,0,96.0
2026-01-12,hpc-gpu-057,C,Physics,79.9,65.3,1410,388.0,74.8,0,0,0,7,153.4,4,0,95.0
2026-01-12,hpc-gpu-058,C,Biology,76.0,69.0,1410,352.0,77.1,0,0,0,9,146.0,2,1,98.0
2026-01-12,hpc-gpu-060,C,Computer Science,63.9,40.6,1410,377.0,66.5,0,0,0,0,122.6,0,0,82.0
2026-01-12,hpc-gpu-062,C,Mathematics,36.7,23.9,1410,351.0,52.0,0,0,0,3,70.4,4,1,61.0
2026-01-12,hpc-gpu-063,C,Engineering,91.2,83.4,1410,403.0,85.7,0,0,0,8,175.0,1,1,111.0
2026-01-12,hpc-gpu-064,C,Medical Research,73.8,49.8,1410,376.0,73.7,0,0,0,2,141.7,1,1,93.0
2026-01-12,hpc-gpu-065,C,Physics,89.3,72.1,1410,421.0,83.2,0,0,0,4,171.4,3,1,107.0
2026-01-12,hpc-gpu-066,C,Biology,77.2,71.0,1410,374.0,76.7,0,0,0,4,148.3,4,1,98.0
2026-01-12,hpc-gpu-067,C,Chemistry,72.8,62.6,1410,372.0,75.0,0,0,0,5,139.7,0,0,95.0
2026-01-12,hpc-gpu-071,C,Engineering,82.6,68.4,1410,396.0,76.9,0,0,0,7,158.6,2,1,98.0
2026-01-13,hpc-gpu-049,C,Physics,97.3,78.8,1410,396.0,82.8,0,0,0,11,186.8,1,1,107.0
2026-01-13,hpc-gpu-050,C,Biology,72.2,48.2,1410,390.0,72.3,0,0,0,3,138.6,3,1,91.0
2026-01-13,hpc-gpu-052,C,Computer Science,83.9,59.4,1410,391.0,81.7,0,0,0,8,161.1,4,0,105.0
2026-01-13,hpc-gpu-055,C,Engineering,89.9,64.5,1410,379.0,81.6,0,0,0,10,172.6,4,1,105.0
2026-01-13,hpc-gpu-057,C,Physics,82.5,58.3,1410,385.0,72.7,0,0,0,6,158.4,3,0,91.0
2026-01-13,hpc-gpu-058,C,Biology,80.2,69.7,1410,392.0,76.8,0,0,0,1,154.0,3,0,98.0
2026-01-13,hpc-gpu-061,C,Earth Sciences,60.5,52.2,1410,371.0,59.5,0,0,0,8,116.2,4,1,72.0
2026-01-13,hpc-gpu-063,C,Engineering,78.2,71.2,1410,392.0,75.9,0,0,0,0,150.1,1,0,96.0
2026-01-13,hpc-gpu-064,C,Medical Research,89.2,74.1,1410,396.0,76.6,0,0,0,3,171.2,4,1,97.0
2026-01-13,hpc-gpu-065,C,Physics,83.3,51.3,1410,392.0,85.1,0,0,0,5,160.0,1,0,110.0
2026-01-13,hpc-gpu-067,C,Chemistry,78.8,48.8,1410,395.0,79.4,0,0,0,8,151.4,0,0,102.0
2026-01-13,hpc-gpu-070,C,Mathematics,55.7,47.3,1410,348.0,66.6,0,0,0,4,106.9,3,0,82.0
2026-01-14,hpc-gpu-049,C,Physics,100.0,68.8,1410,401.0,89.3,0,0,0,7,192.0,2,1,116.0
2026-01-14,hpc-gpu-050,C,Biology,70.4,43.5,1410,372.0,77.0,0,0,0,0,135.2,4,0,98.0
2026-01-14,hpc-gpu-055,C,Engineering,73.2,44.8,1410,380.0,73.9,0,0,0,11,140.6,1,1,93.0
2026-01-14,hpc-gpu-056,C,Medical Research,93.3,64.7,1410,406.0,81.1,0,0,0,3,179.1,1,0,104.0
2026-01-14,hpc-gpu-057,C,Physics,84.9,53.6,1410,392.0,72.6,0,0,0,0,163.0,1,1,91.0
2026-01-14,hpc-gpu-058,C,Biology,84.6,80.3,1410,408.0,77.2,0,0,0,9,162.5,2,1,98.0
2026-01-14,hpc-gpu-063,C,Engineering,78.8,74.7,1410,373.0,72.5,0,0,0,3,151.2,3,1,91.0
2026-01-14,hpc-gpu-064,C,Medical Research,86.6,72.2,1410,381.0,78.8,0,0,0,5,166.2,0,0,101.0
2026-01-14,hpc-gpu-065,C,Physics,87.6,57.0,1410,391.0,76.2,0,0,0,9,168.2,4,1,97.0
2026-01-14,hpc-gpu-066,C,Biology,77.9,51.9,1410,365.0,76.6,0,0,0,10,149.6,0,0,97.0
2026-01-14,hpc-gpu-072,C,Medical Research,88.8,59.4,1410,380.0,79.5,0,0,0,10,170.5,1,0,102.0
2026-01-15,hpc-gpu-049,C,Physics,86.5,61.8,1410,373.0,75.5,0,0,0,2,166.1,4,0,96.0
2026-01-15,hpc-gpu-055,C,Engineering,86.0,63.7,1410,406.0,75.9,0,0,0,5,165.2,3,0,96.0
2026-01-15,hpc-gpu-056,C,Medical Research,89.3,71.9,1410,389.0,85.0,0,0,0,9,171.5,1,0,110.0
2026-01-15,hpc-gpu-057,C,Physics,86.1,53.2,1410,395.0,76.3,0,0,0,8,165.3,2,1,97.0
2026-01-15,hpc-gpu-060,C,Computer Science,71.3,63.6,1410,380.0,72.8,0,0,0,10,136.9,4,1,92.0
2026-01-15,hpc-gpu-063,C,Engineering,83.2,74.3,1410,407.0,77.3,0,0,0,6,159.7,2,1,98.0
2026-01-15,hpc-gpu-066,C,Biology,74.0,55.1,1410,373.0,72.1,0,0,0,3,142.1,0,0,91.0
2026-01-16,hpc-gpu-049,C,Physics,83.7,78.7,1410,382.0,76.1,0,0,0,11,160.8,2,1,97.0
2026-01-16,hpc-gpu-051,C,Chemistry,72.6,48.3,1410,380.0,75.3,0,0,0,9,139.4,4,1,96.0
2026-01-16,hpc-gpu-055,C,Engineering,86.3,72.8,1410,381.0,82.0,0,0,0,3,165.6,2,0,105.0
2026-01-16,hpc-gpu-056,C,Medical Research,77.3,53.3,1410,355.0,73.1,0,0,0,7,148.5,3,1,92.0
2026-01-16,hpc-gpu-057,C,Physics,77.3,62.5,1410,367.0,73.8,0,0,0,1,148.5,4,1,93.0
2026-01-16,hpc-gpu-063,C,Engineering,77.7,53.8,1410,371.0,74.6,0,0,0,11,149.2,2,0,94.0
2026-01-16,hpc-gpu-064,C,Medical Research,82.9,66.5,1410,367.0,80.8,0,0,0,0,159.1,3,1,104.0
2026-01-16,hpc-gpu-065,C,Physics,98.7,70.8,1410,409.0,81.1,0,0,0,5,189.4,0,0,104.0
2026-01-16,hpc-gpu-066,C,Biology,82.4,72.5,1410,371.0,78.4,0,0,0,4,158.2,0,1,100.0
2026-01-16,hpc-gpu-067,C,Chemistry,70.0,64.7,1410,380.0,75.6,0,0,0,11,134.5,3,1,96.0
2026-01-16,hpc-gpu-071,C,Engineering,78.7,69.2,1410,369.0,74.8,0,0,0,2,151.0,1,0,95.0
2026-01-16,hpc-gpu-072,C,Medical Research,78.0,54.8,1410,386.0,73.7,0,0,0,7,149.7,2,0,93.0
2026-01-18,hpc-gpu-051,C,Chemistry,49.7,34.7,1410,362.0,55.0,0,0,0,10,95.4,2,1,65.0
2026-01-18,hpc-gpu-061,C,Earth Sciences,27.4,23.2,1410,365.0,44.7,0,0,0,3,52.6,1,0,50.0
2026-01-19,hpc-gpu-049,C,Physics,80.7,74.4,1410,379.0,77.9,0,0,0,11,154.9,0,1,99.0
2026-01-19,hpc-gpu-050,C,Biology,79.5,64.4,1410,368.0,78.2,0,0,0,6,152.6,4,1,100.0
2026-01-19,hpc-gpu-051,C,Chemistry,69.2,57.8,1410,404.0,74.1,0,0,0,5,132.9,1,1,94.0
2026-01-19,hpc-gpu-052,C,Computer Science,68.7,53.5,1410,390.0,73.1,0,0,0,10,131.9,2,1,92.0
2026-01-19,hpc-gpu-056,C,Medical Research,86.2,70.2,1410,388.0,73.6,0,0,0,6,165.4,3,0,93.0
2026-01-19,hpc-gpu-057,C,Physics,83.0,55.7,1410,369.0,73.0,0,0,0,5,159.4,2,0,92.0
2026-01-19,hpc-gpu-064,C,Medical Research,92.5,56.8,1410,392.0,85.0,0,0,0,7,177.6,1,1,110.0
2026-01-19,hpc-gpu-065,C,Physics,79.4,67.6,1410,385.0,72.8,0,0,0,6,152.5,1,1,92.0
2026-01-19,hpc-gpu-067,C,Chemistry,81.1,75.4,1410,392.0,76.3,0,0,0,2,155.7,4,1,97.0
2026-01-19,hpc-gpu-072,C,Medical Research,65.7,43.2,1410,353.0,69.4,0,0,0,11,126.1,0,0,87.0
2026-01-20,hpc-gpu-049,C,Physics,93.6,85.8,1410,399.0,83.4,0,0,0,4,179.7,4,1,108.0
2026-01-20,hpc-gpu-050,C,Biology,76.7,66.4,1410,387.0,73.2,0,0,0,4,147.3,1,1,92.0
2026-01-20,hpc-gpu-051,C,Chemistry,84.9,77.5,1410,383.0,82.2,0,0,0,9,163.1,2,0,106.0
2026-01-20,hpc-gpu-055,C,Engineering,85.7,77.9,1410,397.0,81.6,0,0,0,1,164.6,4,1,105.0
2026-01-20,hpc-gpu-056,C,Medical Research,90.5,76.7,1410,406.0,79.2,0,0,0,4,173.8,0,0,101.0
2026-01-20,hpc-gpu-057,C,Physics,82.0,52.2,1410,399.0,78.8,0,0,0,7,157.5,2,1,101.0
2026-01-20,hpc-gpu-063,C,Engineering,70.8,42.5,1410,381.0,73.7,0,0,0,9,135.9,4,0,93.0
2026-01-20,hpc-gpu-064,C,Medical Research,86.2,72.5,1410,406.0,79.5,0,0,0,1,165.5,2,0,102.0
2026-01-20,hpc-gpu-065,C,Physics,82.0,63.6,1410,371.0,74.6,0,0,0,2,157.4,4,0,94.0
2026-01-20,hpc-gpu-067,C,Chemistry,75.9,49.0,1410,372.0,71.7,0,0,0,1,145.8,4,1,90.0
2026-01-20,hpc-gpu-070,C,Mathematics,40.3,28.5,1410,335.0,61.3,0,0,0,6,77.4,0,0,74.0
2026-01-20,hpc-gpu-071,C,Engineering,81.2,49.1,1410,395.0,74.5,0,0,0,7,155.9,4,0,94.0
2026-01-21,hpc-gpu-049,C,Physics,88.0,74.0,1410,373.0,75.3,0,0,0,10,169.0,0,0,95.0
2026-01-21,hpc-gpu-052,C,Computer Science,68.3,63.9,1410,385.0,74.3,0,0,0,1,131.2,4,1,94.0
2026-01-21,hpc-gpu-055,C,Engineering,78.7,66.5,1410,383.0,75.0,0,0,0,6,151.1,2,1,95.0
2026-01-21,hpc-gpu-056,C,Medical Research,85.5,56.7,1410,406.0,73.9,0,0,0,6,164.2,0,0,93.0
2026-01-21,hpc-gpu-057,C,Physics,100.0,63.3,1410,380.0,84.2,0,0,0,6,192.0,3,0,109.0
2026-01-21,hpc-gpu-063,C,Engineering,70.2,54.3,1410,353.0,75.3,0,0,0,11,134.7,1,1,95.0
2026-01-21,hpc-gpu-064,C,Medical Research,94.4,63.2,1410,403.0,80.1,0,0,0,0,181.3,3,1,103.0
2026-01-21,hpc-gpu-071,C,Engineering,85.4,63.7,1410,385.0,76.4,0,0,0,0,164.0,0,1,97.0
2026-01-21,hpc-gpu-072,C,Medical Research,77.0,57.6,1410,380.0,72.4,0,0,0,10,147.8,4,0,91.0
2026-01-22,hpc-gpu-049,C,Physics,89.8,79.4,1410,396.0,78.4,0,0,0,6,172.5,1,1,100.0
2026-01-22,hpc-gpu-051,C,Chemistry,79.3,66.7,1410,401.0,73.2,0,0,0,4,152.2,3,0,92.0
2026-01-22,hpc-gpu-055,C,Engineering,85.5,70.0,1410,376.0,77.1,0,0,0,0,164.1,3,0,98.0
2026-01-22,hpc-gpu-056,C,Medical Research,93.5,56.7,1410,384.0,78.5,0,0,0,0,179.4,4,1,100.0
2026-01-22,hpc-gpu-057,C,Physics,91.9,87.2,1410,368.0,79.2,0,0,0,0,176.4,4,0,101.0
2026-01-22,hpc-gpu-058,C,Biology,79.4,50.5,1410,375.0,77.0,0,0,0,5,152.5,4,0,98.0
2026-01-22,hpc-gpu-063,C,Engineering,69.9,56.4,1410,359.0,77.3,0,0,0,8,134.1,0,1,99.0
2026-01-22,hpc-gpu-064,C,Medical Research,82.3,55.7,1410,385.0,78.2,0,0,0,9,158.1,2,0,100.0
2026-01-22,hpc-gpu-065,C,Physics,77.4,62.2,1410,409.0,72.4,0,0,0,10,148.6,0,0,91.0
2026-01-22,hpc-gpu-067,C,Chemistry,68.3,48.7,1410,381.0,73.6,0,0,0,2,131.1,4,1,93.0
2026-01-22,hpc-gpu-071,C,Engineering,87.3,57.4,1410,376.0,77.4,0,0,0,9,167.5,0,1,99.0
2026-01-22,hpc-gpu-072,C,Medical Research,87.7,73.6,1410,366.0,78.3,0,0,0,4,168.3,0,1,100.0
2026-01-23,hpc-gpu-049,C,Physics,93.5,73.8,1410,386.0,78.7,0,0,0,11,179.6,1,0,101.0
2026-01-23,hpc-gpu-050,C,Biology,82.9,69.9,1410,382.0,76.2,0,0,0,2,159.2,3,0,97.0
2026-01-23,hpc-gpu-051,C,Chemistry,76.0,52.7,1410,372.0,74.3,0,0,0,2,146.0,3,1,94.0
2026-01-23,hpc-gpu-056,C,Medical Research,87.1,63.4,1410,399.0,82.7,0,0,0,2,167.3,1,0,107.0
2026-01-23,hpc-gpu-057,C,Physics,87.5,81.3,1410,373.0,77.9,0,0,0,10,167.9,4,1,99.0
2026-01-23,hpc-gpu-058,C,Biology,74.1,68.4,1410,379.0,72.6,0,0,0,9,142.2,1,0,91.0
2026-01-23,hpc-gpu-064,C,Medical Research,73.3,62.3,1410,369.0,73.3,0,0,0,2,140.7,3,1,92.0
2026-01-23,hpc-gpu-065,C,Physics,74.8,54.4,1410,373.0,72.3,0,0,0,0,143.6,3,1,91.0
2026-01-23,hpc-gpu-067,C,Chemistry,76.1,67.6,1410,379.0,72.4,0,0,0,3,146.1,3,0,91.0
2026-01-23,hpc-gpu-072,C,Medical Research,84.2,65.7,1410,384.0,77.7,0,0,0,7,161.6,1,1,99.0
2026-01-24,hpc-gpu-065,C,Physics,67.2,40.3,1410,358.0,68.4,0,0,0,9,129.0,0,1,85.0
2026-01-25,hpc-gpu-050,C,Biology,55.9,41.1,1410,363.0,60.4,0,0,0,9,107.3,1,1,73.0
2026-01-26,hpc-gpu-049,C,Physics,84.0,77.2,1410,405.0,77.9,0,0,0,5,161.2,3,0,99.0
2026-01-26,hpc-gpu-050,C,Biology,86.9,82.2,1410,381.0,82.4,0,0,0,5,166.8,1,0,106.0
2026-01-26,hpc-gpu-056,C,Medical Research,85.6,58.2,1410,407.0,74.1,0,0,0,6,164.3,4,1,94.0
2026-01-26,hpc-gpu-057,C,Physics,82.4,58.8,1410,390.0,79.2,0,0,0,3,158.2,4,1,101.0
2026-01-26,hpc-gpu-059,C,Chemistry,69.2,60.6,1410,354.0,73.6,0,0,0,3,132.9,0,0,93.0
2026-01-26,hpc-gpu-060,C,Computer Science,50.8,40.3,1410,336.0,60.9,0,0,0,8,97.6,4,1,74.0
2026-01-26,hpc-gpu-063,C,Engineering,80.3,50.5,1410,344.0,74.4,0,0,0,3,154.1,4,0,94.0
2026-01-26,hpc-gpu-065,C,Physics,85.0,72.3,1410,393.0,79.4,0,0,0,0,163.2,3,1,102.0
2026-01-26,hpc-gpu-071,C,Engineering,81.0,68.9,1410,384.0,71.8,0,0,0,6,155.4,0,1,90.0
2026-01-27,hpc-gpu-049,C,Physics,82.6,62.6,1410,392.0,75.1,0,0,0,0,158.7,0,0,95.0
2026-01-27,hpc-gpu-051,C,Chemistry,86.3,52.6,1410,378.0,76.2,0,0,0,1,165.7,2,1,97.0
2026-01-27,hpc-gpu-052,C,Computer Science,70.7,53.1,1410,375.0,72.5,0,0,0,0,135.7,4,0,91.0
2026-01-27,hpc-gpu-056,C,Medical Research,90.0,74.8,1410,406.0,87.0,0,0,0,8,172.8,4,0,113.0
2026-01-27,hpc-gpu-057,C,Physics,88.8,66.5,1410,411.0,79.8,0,0,0,9,170.4,4,0,102.0
2026-01-27,hpc-gpu-064,C,Medical Research,92.6,72.9,1410,380.0,83.4,0,0,0,8,177.8,2,0,108.0
2026-01-27,hpc-gpu-065,C,Physics,88.4,70.4,1410,387.0,82.4,0,0,0,11,169.8,1,0,106.0
2026-01-27,hpc-gpu-071,C,Engineering,73.5,58.5,1410,377.0,73.0,0,0,0,9,141.1,2,0,92.0
2026-01-28,hpc-gpu-049,C,Physics,78.4,70.3,1410,364.0,77.2,0,0,0,3,150.5,1,1,98.0
2026-01-28,hpc-gpu-050,C,Biology,77.6,60.8,1410,409.0,78.3,0,0,0,10,148.9,3,1,100.0
2026-01-28,hpc-gpu-055,C,Engineering,82.5,54.0,1410,388.0,80.9,0,0,0,6,158.4,3,0,104.0
2026-01-28,hpc-gpu-057,C,Physics,77.3,58.7,1410,392.0,76.1,0,0,0,11,148.4,2,0,97.0
2026-01-28,hpc-gpu-058,C,Biology,67.6,47.1,1410,366.0,73.6,0,0,0,6,129.9,2,1,93.0
2026-01-28,hpc-gpu-063,C,Engineering,81.6,71.9,1410,395.0,73.3,0,0,0,11,156.7,2,0,93.0
2026-01-28,hpc-gpu-065,C,Physics,88.0,53.9,1410,389.0,81.0,0,0,0,11,169.0,2,0,104.0
2026-01-28,hpc-gpu-066,C,Biology,71.9,61.8,1410,348.0,74.1,0,0,0,11,138.1,1,1,94.0
2026-01-28,hpc-gpu-071,C,Engineering,82.6,68.3,1410,421.0,73.6,0,0,0,11,158.5,3,0,93.0
2026-01-28,hpc-gpu-072,C,Medical Research,78.3,57.3,1410,378.0,77.0,0,0,0,8,150.4,1,1,98.0
2026-01-29,hpc-gpu-049,C,Physics,81.8,51.8,1410,378.0,83.0,0,0,0,1,157.0,1,1,107.0
2026-01-29,hpc-gpu-051,C,Chemistry,82.7,76.0,1410,388.0,77.0,0,0,0,4,158.7,0,1,98.0
2026-01-29,hpc-gpu-052,C,Computer Science,70.4,65.5,1410,371.0,73.1,0,0,0,11,135.2,3,0,92.0
2026-01-29,hpc-gpu-055,C,Engineering,84.1,57.2,1410,379.0,80.2,0,0,0,9,161.5,4,0,103.0
2026-01-29,hpc-gpu-056,C,Medical Research,77.3,47.6,1410,411.0,72.6,0,0,0,3,148.4,2,0,91.0
2026-01-29,hpc-gpu-057,C,Physics,89.5,61.4,1410,376.0,76.6,0,0,0,11,171.9,0,1,97.0
2026-01-29,hpc-gpu-058,C,Biology,77.3,53.8,1410,375.0,73.5,0,0,0,8,148.3,0,0,93.0
2026-01-29,hpc-gpu-060,C,Computer Science,73.2,58.8,1410,356.0,74.9,0,0,0,1,140.5,0,1,95.0
2026-01-29,hpc-gpu-064,C,Medical Research,83.6,51.0,1410,383.0,77.9,0,0,0,4,160.4,1,0,99.0
2026-01-29,hpc-gpu-065,C,Physics,84.2,58.9,1410,393.0,77.2,0,0,0,3,161.7,1,1,98.0
2026-01-29,hpc-gpu-071,C,Engineering,70.1,65.7,1410,352.0,73.1,0,0,0,1,134.6,3,1,92.0
2026-01-29,hpc-gpu-072,C,Medical Research,84.5,77.4,1410,365.0,74.0,0,0,0,6,162.3,3,1,93.0
2026-01-30,hpc-gpu-049,C,Physics,88.8,80.9,1410,400.0,80.4,0,0,0,0,170.5,2,0,103.0
2026-01-30,hpc-gpu-050,C,Biology,78.6,48.8,1410,367.0,76.1,0,0,0,4,151.0,3,0,97.0
2026-01-30,hpc-gpu-052,C,Computer Science,70.4,58.6,1410,375.0,72.3,0,0,0,6,135.2,3,0,91.0
2026-01-30,hpc-gpu-056,C,Medical Research,73.1,59.8,1410,360.0,73.6,0,0,0,0,140.4,2,1,93.0
2026-01-30,hpc-gpu-057,C,Physics,94.8,85.5,1410,391.0,79.5,0,0,0,0,182.0,3,0,102.0
2026-01-30,hpc-gpu-058,C,Biology,84.4,56.9,1410,364.0,83.0,0,0,0,5,162.1,3,1,107.0
2026-01-30,hpc-gpu-060,C,Computer Science,79.5,63.2,1410,387.0,78.4,0,0,0,9,152.6,3,0,100.0
2026-01-30,hpc-gpu-063,C,Engineering,71.2,53.9,1410,385.0,72.1,0,0,0,9,136.8,3,1,91.0
2026-01-30,hpc-gpu-065,C,Physics,77.2,57.3,1410,366.0,73.9,0,0,0,7,148.2,4,1,93.0
2026-01-30,hpc-gpu-071,C,Engineering,82.9,69.5,1410,388.0,74.9,0,0,0,8,159.2,4,1,95.0
2026-01-30,hpc-gpu-072,C,Medical Research,85.7,69.6,1410,398.0,85.3,0,0,0,0,164.5,0,1,110.0
2026-02-02,hpc-gpu-049,C,Physics,92.1,73.7,1410,417.0,78.7,0,0,0,7,176.9,3,1,101.0
2026-02-02,hpc-gpu-051,C,Chemistry,77.5,61.8,1410,370.0,73.0,0,0,0,8,148.9,1,0,92.0
2026-02-02,hpc-gpu-056,C,Medical Research,90.5,80.3,1410,388.0,79.8,0,0,0,2,173.7,3,1,102.0
2026-02-02,hpc-gpu-057,C,Physics,97.0,63.0,1410,380.0,82.7,0,0,0,9,186.2,3,1,107.0
2026-02-02,hpc-gpu-059,C,Chemistry,83.7,77.4,1410,370.0,75.5,0,0,0,8,160.7,0,1,96.0
2026-02-02,hpc-gpu-060,C,Computer Science,79.7,66.6,1410,378.0,75.4,0,0,0,10,153.1,1,0,96.0
2026-02-02,hpc-gpu-063,C,Engineering,86.7,69.1,1410,409.0,78.6,0,0,0,6,166.5,4,1,100.0
2026-02-02,hpc-gpu-065,C,Physics,86.0,60.8,1410,397.0,76.8,0,0,0,8,165.1,2,0,98.0
2026-02-02,hpc-gpu-068,C,Computer Science,67.2,43.5,1410,378.0,68.5,0,0,0,6,129.0,2,1,85.0
2026-02-02,hpc-gpu-070,C,Mathematics,53.5,43.3,1410,368.0,62.5,0,0,0,6,102.7,2,0,76.0
2026-02-02,hpc-gpu-071,C,Engineering,83.8,69.4,1410,404.0,72.2,0,0,0,6,160.9,2,1,91.0
2026-02-02,hpc-gpu-072,C,Medical Research,76.6,66.5,1410,400.0,74.8,0,0,0,7,147.1,2,0,95.0
2026-02-03,hpc-gpu-049,C,Physics,81.7,74.7,1410,398.0,76.7,0,0,0,5,156.9,0,0,98.0
2026-02-03,hpc-gpu-050,C,Biology,82.1,58.8,1410,370.0,75.0,0,0,0,2,157.6,0,1,95.0
2026-02-03,hpc-gpu-055,C,Engineering,89.9,77.7,1410,385.0,79.6,0,0,0,0,172.7,4,1,102.0
2026-02-03,hpc-gpu-056,C,Medical Research,80.9,71.2,1410,391.0,82.0,0,0,0,2,155.3,4,1,105.0
2026-02-03,hpc-gpu-057,C,Physics,94.3,84.0,1410,371.0,80.8,0,0,0,4,181.1,3,0,104.0
2026-02-03,hpc-gpu-058,C,Biology,75.5,51.4,1410,366.0,72.3,0,0,0,5,144.9,4,0,91.0
2026-02-03,hpc-gpu-060,C,Computer Science,78.4,71.7,1410,406.0,76.6,0,0,0,1,150.5,1,1,97.0
2026-02-03,hpc-gpu-063,C,Engineering,80.7,49.8,1410,385.0,76.0,0,0,0,2,154.9,4,1,96.0
2026-02-03,hpc-gpu-064,C,Medical Research,96.3,90.5,1410,397.0,87.0,0,0,0,4,184.8,3,0,113.0
2026-02-03,hpc-gpu-065,C,Physics,86.5,74.6,1410,396.0,82.0,0,0,0,2,166.1,0,1,106.0
2026-02-03,hpc-gpu-071,C,Engineering,83.7,54.9,1410,390.0,77.8,0,0,0,10,160.7,4,1,99.0
2026-02-04,hpc-gpu-049,C,Physics,86.4,54.8,1410,381.0,77.8,0,0,0,0,165.9,3,0,99.0
2026-02-04,hpc-gpu-052,C,Computer Science,69.3,41.7,1410,396.0,73.7,0,0,0,5,133.1,2,0,93.0
2026-02-04,hpc-gpu-055,C,Engineering,82.3,63.2,1410,390.0,73.9,0,0,0,5,158.1,4,1,93.0
2026-02-04,hpc-gpu-056,C,Medical Research,88.2,72.0,1410,402.0,80.9,0,0,0,3,169.4,1,1,104.0
2026-02-04,hpc-gpu-057,C,Physics,100.0,80.9,1410,395.0,82.2,0,0,0,6,192.0,2,1,106.0
2026-02-04,hpc-gpu-058,C,Biology,94.4,81.1,1410,367.0,81.5,0,0,0,9,181.3,3,0,105.0
2026-02-04,hpc-gpu-059,C,Chemistry,78.3,51.0,1410,380.0,75.3,0,0,0,1,150.4,0,1,96.0
2026-02-04,hpc-gpu-063,C,Engineering,88.1,59.7,1410,379.0,75.6,0,0,0,1,169.1,4,0,96.0
2026-02-04,hpc-gpu-064,C,Medical Research,79.1,68.8,1410,361.0,72.6,0,0,0,1,151.9,3,1,91.0
2026-02-04,hpc-gpu-065,C,Physics,87.9,81.5,1410,376.0,82.1,0,0,0,7,168.7,2,1,106.0
2026-02-04,hpc-gpu-067,C,Chemistry,85.5,62.6,1410,357.0,80.3,0,0,0,1,164.2,2,1,103.0
2026-02-04,hpc-gpu-072,C,Medical Research,80.7,49.2,1410,394.0,73.1,0,0,0,3,154.9,2,1,92.0
2026-02-05,hpc-gpu-001,A,Physics,97.0,60.0,1410,394.0,87.4,0,0,0,5,186.2,0,0,114.0
2026-02-05,hpc-gpu-049,C,Physics,100.0,74.4,1410,415.0,84.7,0,0,0,8,192.0,1,1,110.0
2026-02-05,hpc-gpu-050,C,Biology,85.2,56.8,1410,400.0,76.9,0,0,0,11,163.7,1,1,98.0
2026-02-05,hpc-gpu-055,C,Engineering,84.0,54.9,1410,410.0,80.3,0,0,0,7,161.3,0,1,103.0
2026-02-05,hpc-gpu-056,C,Medical Research,96.1,67.8,1410,370.0,80.6,0,0,0,3,184.4,4,0,103.0
2026-02-05,hpc-gpu-057,C,Physics,83.6,72.5,1410,381.0,78.0,0,0,0,9,160.5,4,1,100.0
2026-02-05,hpc-gpu-059,C,Chemistry,80.6,56.3,1410,353.0,76.8,0,0,0,3,154.8,1,0,98.0
2026-02-05,hpc-gpu-064,C,Medical Research,83.1,66.9,1410,363.0,74.4,0,0,0,6,159.6,4,0,94.0
2026-02-05,hpc-gpu-065,C,Physics,85.7,55.5,1410,395.0,78.6,0,0,0,4,164.5,3,1,100.0
2026-02-05,hpc-gpu-066,C,Biology,76.8,64.1,1410,379.0,73.4,0,0,0,3,147.5,0,1,93.0
2026-02-05,hpc-gpu-067,C,Chemistry,80.8,71.7,1410,407.0,80.3,0,0,0,6,155.2,2,0,103.0
2026-02-05,hpc-gpu-071,C,Engineering,89.8,80.3,1410,385.0,83.9,0,0,0,8,172.5,0,0,108.0
2026-02-05,hpc-gpu-072,C,Medical Research,91.7,61.4,1410,385.0,80.8,0,0,0,0,176.1,0,1,104.0
2026-02-06,hpc-gpu-049,C,Physics,96.7,67.7,1410,410.0,85.8,0,0,0,3,185.7,1,0,111.0
2026-02-06,hpc-gpu-050,C,Biology,69.3,62.4,1410,369.0,73.7,0,0,0,0,133.0,3,1,93.0
2026-02-06,hpc-gpu-051,C,Chemistry,92.3,70.3,1410,395.0,83.1,0,0,0,11,177.2,0,1,107.0
2026-02-06,hpc-gpu-052,C,Computer Science,72.9,53.8,1410,372.0,74.3,0,0,0,8,140.0,4,1,94.0
2026-02-06,hpc-gpu-055,C,Engineering,83.1,72.0,1410,431.0,74.2,0,0,0,8,159.5,2,0,94.0
2026-02-06,hpc-gpu-056,C,Medical Research,94.4,72.8,1410,414.0,78.1,0,0,0,10,181.3,3,0,100.0
2026-02-06,hpc-gpu-064,C,Medical Research,76.0,63.2,1410,362.0,77.4,0,0,0,0,146.0,0,1,99.0
2026-02-06,hpc-gpu-065,C,Physics,96.1,63.7,1410,407.0,83.4,0,0,0,8,184.5,0,0,108.0
2026-02-06,hpc-gpu-066,C,Biology,88.4,73.5,1410,384.0,80.8,0,0,0,7,169.6,4,1,104.0
2026-02-06,hpc-gpu-067,C,Chemistry,83.2,77.2,1410,356.0,77.9,0,0,0,3,159.7,0,1,99.0
2026-02-06,hpc-gpu-071,C,Engineering,81.1,52.1,1410,373.0,79.1,0,0,0,8,155.7,4,1,101.0
2026-02-06,hpc-gpu-072,C,Medical Research,81.9,77.4,1410,394.0,76.6,0,0,0,2,157.2,4,1,97.0
2026-02-09,hpc-gpu-049,C,Physics,94.1,75.3,1410,353.0,86.3,0,0,0,10,180.7,4,0,112.0
2026-02-09,hpc-gpu-050,C,Biology,79.7,47.9,1410,396.0,74.2,0,0,0,10,153.0,1,1,94.0
2026-02-09,hpc-gpu-052,C,Computer Science,78.7,53.2,1410,385.0,73.6,0,0,0,7,151.1,0,0,93.0
2026-02-09,hpc-gpu-055,C,Engineering,97.7,92.7,1410,394.0,85.7,0,0,0,1,187.5,4,1,111.0
2026-02-09,hpc-gpu-056,C,Medical Research,81.0,63.0,1410,407.0,76.2,0,0,0,11,155.5,0,0,97.0
2026-02-09,hpc-gpu-057,C,Physics,86.7,55.8,1410,405.0,79.4,0,0,0,9,166.4,1,0,102.0
2026-02-09,hpc-gpu-058,C,Biology,96.6,76.8,1410,399.0,78.5,0,0,0,4,185.4,0,0,100.0
2026-02-09,hpc-gpu-064,C,Medical Research,79.7,64.0,1410,365.0,74.8,0,0,0,1,153.1,2,0,95.0
2026-02-09,hpc-gpu-067,C,Chemistry,74.3,47.0,1410,376.0,66.2,0,0,0,4,142.8,4,0,82.0
2026-02-09,hpc-gpu-071,C,Engineering,90.1,84.3,1410,408.0,80.3,0,0,0,10,173.0,3,1,103.0
2026-02-09,hpc-gpu-072,C,Medical Research,88.2,59.1,1410,415.0,78.3,0,0,0,9,169.3,4,1,100.0
2026-02-10,hpc-gpu-049,C,Physics,99.7,83.1,1410,418.0,87.7,0,0,0,10,191.4,0,0,114.0
2026-02-10,hpc-gpu-050,C,Biology,85.8,80.7,1410,357.0,79.2,0,0,0,11,164.8,0,1,101.0
2026-02-10,hpc-gpu-056,C,Medical Research,81.7,71.8,1410,368.0,73.7,0,0,0,8,156.8,2,1,93.0
2026-02-10,hpc-gpu-057,C,Physics,97.9,85.1,1410,421.0,86.7,0,0,0,2,188.0,0,1,113.0
2026-02-10,hpc-gpu-058,C,Biology,85.4,70.2,1410,392.0,77.7,0,0,0,0,164.0,2,1,99.0
2026-02-10,hpc-gpu-063,C,Engineering,87.9,78.1,1410,400.0,82.8,0,0,0,7,168.7,2,0,107.0
2026-02-10,hpc-gpu-064,C,Medical Research,100.0,82.2,1410,390.0,81.3,0,0,0,4,192.0,3,0,104.0
2026-02-10,hpc-gpu-065,C,Physics,97.5,60.3,1410,433.0,82.6,0,0,0,5,187.1,2,0,106.0
2026-02-10,hpc-gpu-066,C,Biology,82.5,63.4,1410,398.0,81.8,0,0,0,7,158.5,3,1,105.0
2026-02-10,hpc-gpu-067,C,Chemistry,65.9,49.5,1410,366.0,73.5,0,0,0,2,126.6,1,0,93.0
2026-02-10,hpc-gpu-071,C,Engineering,83.4,76.8,1410,337.0,76.7,0,0,0,9,160.1,1,1,98.0
2026-02-10,hpc-gpu-072,C,Medical Research,79.8,49.0,1410,391.0,73.1,0,0,0,2,153.1,2,1,92.0
2026-02-11,hpc-gpu-049,C,Physics,100.0,72.3,1410,420.0,86.8,0,0,0,5,192.0,0,1,113.0
2026-02-11,hpc-gpu-050,C,Biology,84.9,60.2,1410,374.0,80.1,0,0,0,10,163.1,2,1,103.0
2026-02-11,hpc-gpu-055,C,Engineering,82.4,55.8,1410,387.0,75.8,0,0,0,11,158.3,0,0,96.0
2026-02-11,hpc-gpu-056,C,Medical Research,97.4,81.9,1410,410.0,79.4,0,0,0,9,187.0,1,0,102.0
2026-02-11,hpc-gpu-057,C,Physics,97.2,73.9,1410,385.0,86.6,0,0,0,9,186.7,0,1,112.0
2026-02-11,hpc-gpu-058,C,Biology,82.0,68.3,1410,390.0,74.0,0,0,0,1,157.4,4,0,94.0
2026-02-11,hpc-gpu-063,C,Engineering,89.3,57.9,1410,390.0,83.2,0,0,0,9,171.4,2,0,107.0
2026-02-11,hpc-gpu-064,C,Medical Research,83.0,63.1,1410,378.0,78.7,0,0,0,10,159.4,2,0,101.0
2026-02-11,hpc-gpu-065,C,Physics,93.8,77.6,1410,385.0,87.0,0,0,0,7,180.1,2,0,113.0
2026-02-11,hpc-gpu-066,C,Biology,85.3,58.1,1410,382.0,78.8,0,0,0,1,163.8,1,0,101.0
2026-02-11,hpc-gpu-067,C,Chemistry,63.8,40.6,1410,374.0,73.4,0,0,0,5,122.4,0,0,93.0
2026-02-11,hpc-gpu-071,C,Engineering,73.0,68.6,1410,375.0,73.2,0,0,0,10,140.1,3,1,92.0
2026-02-11,hpc-gpu-072,C,Medical Research,92.9,70.5,1410,390.0,82.1,0,0,0,6,178.4,3,1,106.0
2026-02-12,hpc-gpu-049,C,Physics,78.5,53.6,1410,369.0,77.5,0,0,0,9,150.8,1,0,99.0
2026-02-12,hpc-gpu-050,C,Biology,82.0,76.8,1410,369.0,76.0,0,0,0,0,157.4,1,0,96.0
2026-02-12,hpc-gpu-051,C,Chemistry,80.4,48.6,1410,388.0,74.3,0,0,0,4,154.4,0,1,94.0
2026-02-12,hpc-gpu-055,C,Engineering,85.7,74.7,1410,376.0,82.2,0,0,0,8,164.6,1,0,106.0
2026-02-12,hpc-gpu-056,C,Medical Research,91.9,69.5,1410,373.0,86.3,0,0,0,10,176.4,0,1,112.0
2026-02-12,hpc-gpu-057,C,Physics,97.7,58.7,1410,370.0,79.7,0,0,0,6,187.6,3,1,102.0
2026-02-12,hpc-gpu-058,C,Biology,79.6,74.7,1410,360.0,74.5,0,0,0,2,152.8,3,1,94.0
2026-02-12,hpc-gpu-063,C,Engineering,97.2,76.8,1410,377.0,88.5,0,0,0,7,186.7,2,0,115.0
2026-02-12,hpc-gpu-064,C,Medical Research,83.9,62.3,1410,368.0,76.3,0,0,0,5,161.1,0,0,97.0
2026-02-12,hpc-gpu-065,C,Physics,100.0,90.5,1410,375.0,82.1,0,0,0,0,192.0,0,0,106.0
2026-02-12,hpc-gpu-066,C,Biology,87.0,53.3,1410,412.0,77.4,0,0,0,8,167.1,2,1,99.0
2026-02-12,hpc-gpu-071,C,Engineering,87.0,80.2,1410,347.0,76.0,0,0,0,9,167.1,0,1,97.0
2026-02-12,hpc-gpu-072,C,Medical Research,88.4,63.1,1410,380.0,83.0,0,0,0,2,169.7,4,1,107.0
2026-02-13,hpc-gpu-049,C,Physics,98.0,59.0,1410,396.0,79.6,0,0,0,8,188.1,0,1,102.0
2026-02-13,hpc-gpu-050,C,Biology,76.2,50.0,1410,376.0,72.7,0,0,0,3,146.3,2,1,92.0
2026-02-13,hpc-gpu-051,C,Chemistry,69.7,60.1,1410,377.0,75.9,0,0,0,2,133.7,2,1,96.0
2026-02-13,hpc-gpu-052,C,Computer Science,81.4,68.4,1410,360.0,77.4,0,0,0,6,156.2,3,1,99.0
2026-02-13,hpc-gpu-056,C,Medical Research,87.0,56.5,1410,386.0,80.7,0,0,0,7,167.0,2,1,104.0
2026-02-13,hpc-gpu-057,C,Physics,86.1,55.9,1410,382.0,76.2,0,0,0,11,165.3,1,1,97.0
2026-02-13,hpc-gpu-058,C,Biology,79.8,55.9,1410,389.0,79.2,0,0,0,9,153.3,2,1,101.0
2026-02-13,hpc-gpu-063,C,Engineering,70.0,56.3,1410,385.0,75.5,0,0,0,5,134.5,4,0,96.0
2026-02-13,hpc-gpu-064,C,Medical Research,83.7,55.0,1410,391.0,75.7,0,0,0,11,160.8,2,0,96.0
2026-02-13,hpc-gpu-065,C,Physics,95.5,71.7,1410,440.0,82.2,0,0,0,4,183.4,2,0,106.0
2026-02-13,hpc-gpu-066,C,Biology,77.0,71.4,1410,386.0,77.6,0,0,0,4,147.8,0,1,99.0
2026-02-13,hpc-gpu-068,C,Computer Science,60.3,44.9,1410,359.0,71.7,0,0,0,4,115.7,3,1,90.0
2026-02-13,hpc-gpu-071,C,Engineering,83.8,58.8,1410,387.0,75.4,0,0,0,9,160.9,4,0,96.0
2026-02-13,hpc-gpu-072,C,Medical Research,92.0,66.2,1410,407.0,85.3,0,0,0,2,176.7,1,1,110.0
2026-02-14,hpc-gpu-072,C,Medical Research,54.4,46.3,1410,368.0,58.8,0,0,0,1,104.5,0,1,71.0
2026-02-15,hpc-gpu-065,C,Physics,51.9,39.0,1410,357.0,62.6,0,0,0,4,99.7,4,0,76.0
2026-02-16,hpc-gpu-049,C,Physics,88.1,81.1,1410,371.0,81.1,0,0,0,5,169.2,4,1,104.0
2026-02-16,hpc-gpu-051,C,Chemistry,87.1,53.1,1410,408.0,78.4,0,0,0,0,167.2,0,1,100.0
2026-02-16,hpc-gpu-056,C,Medical Research,90.2,79.3,1410,425.0,80.1,0,0,0,6,173.2,3,0,103.0
2026-02-16,hpc-gpu-057,C,Physics,87.1,71.9,1410,404.0,82.0,0,0,0,9,167.3,3,0,105.0
2026-02-16,hpc-gpu-058,C,Biology,80.4,66.4,1410,395.0,78.7,0,0,0,11,154.4,0,0,101.0
2026-02-16,hpc-gpu-063,C,Engineering,82.2,51.9,1410,380.0,76.1,0,0,0,10,157.9,1,0,97.0
2026-02-16,hpc-gpu-064,C,Medical Research,100.0,62.1,1410,402.0,84.7,0,0,0,4,192.0,2,1,110.0
2026-02-16,hpc-gpu-065,C,Physics,83.6,71.7,1410,396.0,75.0,0,0,0,1,160.6,2,1,95.0
2026-02-16,hpc-gpu-071,C,Engineering,90.4,77.8,1410,395.0,78.6,0,0,0,11,173.6,4,0,100.0
2026-02-16,hpc-gpu-072,C,Medical Research,84.2,52.9,1410,379.0,78.9,0,0,0,1,161.7,1,1,101.0
2026-02-17,hpc-gpu-049,C,Physics,97.7,91.0,1410,419.0,84.2,0,0,0,7,187.6,1,1,109.0
2026-02-17,hpc-gpu-050,C,Biology,82.3,54.3,1410,367.0,79.4,0,0,0,4,158.0,4,1,102.0
2026-02-17,hpc-gpu-051,C,Chemistry,82.4,55.4,1410,402.0,72.7,0,0,0,0,158.3,0,0,92.0
2026-02-17,hpc-gpu-052,C,Computer Science,73.4,46.9,1410,367.0,73.9,0,0,0,11,140.8,0,1,93.0
2026-02-17,hpc-gpu-056,C,Medical Research,85.1,68.2,1410,350.0,74.9,0,0,0,5,163.3,0,0,95.0
2026-02-17,hpc-gpu-057,C,Physics,90.7,64.0,1410,400.0,81.6,0,0,0,9,174.1,3,0,105.0
2026-02-17,hpc-gpu-059,C,Chemistry,88.5,68.9,1410,408.0,79.1,0,0,0,9,169.9,0,0,101.0
2026-02-17,hpc-gpu-063,C,Engineering,84.6,61.0,1410,361.0,72.4,0,0,0,1,162.4,1,0,91.0
2026-02-17,hpc-gpu-064,C,Medical Research,90.4,81.3,1410,400.0,85.0,0,0,0,5,173.5,2,1,110.0
2026-02-17,hpc-gpu-066,C,Biology,73.0,66.5,1410,379.0,72.3,0,0,0,7,140.2,3,0,91.0
2026-02-17,hpc-gpu-067,C,Chemistry,67.7,57.5,1410,353.0,72.2,0,0,0,2,129.9,2,0,91.0
2026-02-17,hpc-gpu-068,C,Computer Science,70.1,58.5,1410,378.0,75.4,0,0,0,1,134.6,3,1,96.0
2026-02-17,hpc-gpu-071,C,Engineering,77.2,68.3,1410,377.0,72.2,0,0,0,7,148.3,0,1,91.0
2026-02-17,hpc-gpu-072,C,Medical Research,83.0,61.4,1410,372.0,74.2,0,0,0,8,159.4,4,1,94.0
2026-02-18,hpc-gpu-049,C,Physics,89.9,68.7,1410,407.0,77.6,0,0,0,11,172.6,3,0,99.0
2026-02-18,hpc-gpu-052,C,Computer Science,84.6,58.4,1410,361.0,75.1,0,0,0,7,162.3,2,1,95.0
2026-02-18,hpc-gpu-055,C,Engineering,93.5,67.6,1410,396.0,85.4,0,0,0,7,179.6,0,1,111.0
2026-02-18,hpc-gpu-056,C,Medical Research,72.8,66.1,1410,373.0,71.9,0,0,0,4,139.8,4,1,90.0
2026-02-18,hpc-gpu-057,C,Physics,84.1,70.0,1410,395.0,75.2,0,0,0,1,161.5,2,1,95.0
2026-02-18,hpc-gpu-058,C,Biology,72.6,54.8,1410,360.0,73.7,0,0,0,10,139.4,3,1,93.0
2026-02-18,hpc-gpu-059,C,Chemistry,76.9,58.7,1410,377.0,72.2,0,0,0,9,147.6,1,1,91.0
2026-02-18,hpc-gpu-063,C,Engineering,100.0,71.4,1410,407.0,82.4,0,0,0,3,192.0,0,1,106.0
2026-02-18,hpc-gpu-064,C,Medical Research,76.7,62.2,1410,361.0,73.3,0,0,0,5,147.3,1,0,92.0
2026-02-18,hpc-gpu-065,C,Physics,98.0,76.9,1410,421.0,80.4,0,0,0,9,188.2,3,0,103.0
2026-02-18,hpc-gpu-071,C,Engineering,89.0,59.2,1410,393.0,78.5,0,0,0,6,170.9,4,0,100.0
2026-02-19,hpc-gpu-049,C,Physics,98.7,61.4,1410,387.0,81.6,0,0,0,5,189.5,1,0,105.0
2026-02-19,hpc-gpu-055,C,Engineering,86.0,69.2,1410,367.0,75.4,0,0,0,6,165.1,2,1,96.0
2026-02-19,hpc-gpu-056,C,Medical Research,87.2,81.8,1410,374.0,77.2,0,0,0,5,167.5,4,1,98.0
2026-02-19,hpc-gpu-057,C,Physics,95.6,71.1,1410,390.0,86.9,0,0,0,1,183.6,1,1,113.0
2026-02-19,hpc-gpu-058,C,Biology,83.4,65.6,1410,361.0,81.1,0,0,0,6,160.1,3,1,104.0
2026-02-19,hpc-gpu-060,C,Computer Science,73.3,51.2,1410,377.0,73.7,0,0,0,4,140.8,0,0,93.0
2026-02-19,hpc-gpu-063,C,Engineering,90.4,58.5,1410,397.0,80.0,0,0,0,2,173.5,4,1,103.0
2026-02-19,hpc-gpu-064,C,Medical Research,81.4,60.2,1410,361.0,74.7,0,0,0,11,156.2,4,1,95.0
2026-02-19,hpc-gpu-065,C,Physics,88.7,73.2,1410,394.0,80.7,0,0,0,8,170.4,3,0,104.0
2026-02-19,hpc-gpu-066,C,Biology,73.4,48.9,1410,350.0,75.2,0,0,0,8,140.9,2,0,95.0
2026-02-19,hpc-gpu-067,C,Chemistry,84.5,77.3,1410,405.0,83.5,0,0,0,7,162.3,3,1,108.0
2026-02-19,hpc-gpu-071,C,Engineering,90.7,64.2,1410,403.0,86.3,0,0,0,1,174.1,2,0,112.0
2026-02-19,hpc-gpu-072,C,Medical Research,86.9,57.2,1410,398.0,80.3,0,0,0,3,166.8,4,0,103.0
2026-02-20,hpc-gpu-049,C,Physics,96.6,67.1,1410,406.0,85.9,0,0,0,6,185.5,1,0,111.0
2026-02-20,hpc-gpu-051,C,Chemistry,70.7,46.0,1410,357.0,72.1,0,0,0,11,135.7,1,1,91.0
2026-02-20,hpc-gpu-053,C,Earth Sciences,63.7,46.6,1410,381.0,72.4,0,0,0,6,122.3,1,1,91.0
2026-02-20,hpc-gpu-056,C,Medical Research,78.3,62.1,1410,400.0,75.3,0,0,0,0,150.4,4,1,95.0
2026-02-20,hpc-gpu-057,C,Physics,86.4,59.2,1410,416.0,82.1,0,0,0,9,165.9,4,0,106.0
2026-02-20,hpc-gpu-063,C,Engineering,89.3,81.0,1410,398.0,75.7,0,0,0,8,171.5,4,0,96.0
2026-02-20,hpc-gpu-065,C,Physics,97.3,74.4,1410,427.0,84.6,0,0,0,4,186.8,0,0,109.0
2026-02-20,hpc-gpu-071,C,Engineering,88.0,60.9,1410,354.0,72.6,0,0,0,10,168.9,3,1,91.0
2026-02-20,hpc-gpu-072,C,Medical Research,77.9,70.8,1410,395.0,74.8,0,0,0,3,149.6,2,0,95.0
2026-02-21,hpc-gpu-063,C,Engineering,75.6,51.8,1410,373.0,75.4,0,0,0,11,145.2,3,1,96.0
2026-02-22,hpc-gpu-060,C,Computer Science,39.6,37.6,1410,346.0,51.2,0,0,0,10,76.1,4,0,59.0
2026-02-23,hpc-gpu-049,C,Physics,95.0,85.2,1410,365.0,78.3,0,0,0,9,182.4,3,1,100.0
2026-02-23,hpc-gpu-051,C,Chemistry,82.8,64.3,1410,385.0,74.4,0,0,0,9,159.0,2,1,94.0
2026-02-23,hpc-gpu-055,C,Engineering,87.4,66.9,1410,395.0,73.7,0,0,0,6,167.7,0,1,93.0
2026-02-23,hpc-gpu-056,C,Medical Research,94.2,80.1,1410,417.0,82.9,0,0,0,5,180.9,0,1,107.0
2026-02-23,hpc-gpu-057,C,Physics,100.0,83.0,1410,403.0,83.5,0,0,0,0,192.0,4,1,108.0
2026-02-23,hpc-gpu-058,C,Biology,79.1,48.6,1410,372.0,74.6,0,0,0,2,151.9,4,0,94.0
2026-02-23,hpc-gpu-059,C,Chemistry,80.9,56.7,1410,390.0,76.1,0,0,0,8,155.2,1,0,97.0
2026-02-23,hpc-gpu-060,C,Computer Science,64.6,49.9,1410,370.0,72.3,0,0,0,11,123.9,2,0,91.0
2026-02-23,hpc-gpu-064,C,Medical Research,80.4,65.4,1410,379.0,76.0,0,0,0,6,154.3,4,1,97.0
2026-02-23,hpc-gpu-065,C,Physics,88.0,70.8,1410,368.0,79.7,0,0,0,1,169.0,0,1,102.0
2026-02-23,hpc-gpu-066,C,Biology,87.0,73.0,1410,368.0,80.4,0,0,0,4,167.0,1,1,103.0
2026-02-23,hpc-gpu-067,C,Chemistry,75.6,49.7,1410,367.0,72.8,0,0,0,3,145.2,2,1,92.0
2026-02-23,hpc-gpu-068,C,Computer Science,71.0,61.8,1410,381.0,72.3,0,0,0,4,136.4,1,1,91.0
2026-02-23,hpc-gpu-071,C,Engineering,89.2,83.9,1410,377.0,79.3,0,0,0,4,171.2,0,1,102.0
2026-02-23,hpc-gpu-072,C,Medical Research,73.2,65.3,1410,372.0,76.0,0,0,0,2,140.5,0,0,97.0
2026-02-24,hpc-gpu-049,C,Physics,92.0,77.6,1410,392.0,78.5,0,0,0,11,176.7,3,0,100.0
2026-02-24,hpc-gpu-050,C,Biology,72.6,58.0,1410,374.0,74.6,0,0,0,8,139.4,2,0,94.0
2026-02-24,hpc-gpu-052,C,Computer Science,81.9,63.4,1410,382.0,75.9,0,0,0,6,157.2,2,0,96.0
2026-02-24,hpc-gpu-056,C,Medical Research,83.6,56.6,1410,412.0,77.3,0,0,0,5,160.4,1,0,98.0
2026-02-24,hpc-gpu-057,C,Physics,98.2,59.4,1410,412.0,80.0,0,0,0,10,188.6,4,1,102.0
2026-02-24,hpc-gpu-060,C,Computer Science,78.2,58.4,1410,378.0,73.4,0,0,0,5,150.1,0,0,93.0
2026-02-24,hpc-gpu-063,C,Engineering,91.1,73.9,1410,363.0,78.8,0,0,0,2,175.0,2,0,101.0
2026-02-24,hpc-gpu-064,C,Medical Research,79.2,55.7,1410,386.0,74.5,0,0,0,5,152.1,2,1,94.0
2026-02-24,hpc-gpu-065,C,Physics,96.1,68.9,1410,391.0,84.5,0,0,0,11,184.4,2,0,109.0
2026-02-24,hpc-gpu-066,C,Biology,88.4,76.2,1410,361.0,81.9,0,0,0,11,169.7,2,0,105.0
2026-02-24,hpc-gpu-067,C,Chemistry,73.1,48.1,1410,353.0,76.3,0,0,0,5,140.4,0,1,97.0
2026-02-24,hpc-gpu-072,C,Medical Research,83.3,64.7,1410,372.0,78.8,0,0,0,7,159.8,4,1,101.0
2026-02-25,hpc-gpu-049,C,Physics,89.4,56.0,1410,358.0,78.6,0,0,0,4,171.6,3,1,100.0
2026-02-25,hpc-gpu-050,C,Biology,79.1,65.9,1410,399.0,72.1,0,0,0,5,152.0,3,0,91.0
2026-02-25,hpc-gpu-056,C,Medical Research,81.9,66.3,1410,356.0,80.2,0,0,0,4,157.3,4,0,103.0
2026-02-25,hpc-gpu-057,C,Physics,100.0,76.0,1410,353.0,85.1,0,0,0,5,192.0,2,1,110.0
2026-02-25,hpc-gpu-058,C,Biology,86.4,71.6,1410,387.0,78.0,0,0,0,4,165.8,3,1,99.0
2026-02-25,hpc-gpu-063,C,Engineering,77.4,54.7,1410,408.0,75.1,0,0,0,9,148.6,3,0,95.0
2026-02-25,hpc-gpu-064,C,Medical Research,87.2,57.4,1410,401.0,81.0,0,0,0,5,167.5,4,0,104.0
2026-02-25,hpc-gpu-065,C,Physics,92.1,58.3,1410,393.0,78.0,0,0,0,10,176.9,0,1,100.0
2026-02-25,hpc-gpu-066,C,Biology,89.0,73.6,1410,387.0,79.8,0,0,0,4,170.8,0,1,102.0
2026-02-25,hpc-gpu-067,C,Chemistry,71.2,60.8,1410,358.0,73.6,0,0,0,11,136.6,1,0,93.0
2026-02-25,hpc-gpu-072,C,Medical Research,88.1,81.6,1410,387.0,81.1,0,0,0,9,169.2,0,0,104.0
2026-02-26,hpc-gpu-049,C,Physics,78.1,51.8,1410,391.0,75.3,0,0,0,4,149.9,1,1,96.0
2026-02-26,hpc-gpu-050,C,Biology,71.8,58.6,1410,377.0,72.3,0,0,0,3,137.9,1,1,91.0
2026-02-26,hpc-gpu-055,C,Engineering,89.3,54.4,1410,395.0,80.8,0,0,0,1,171.4,0,1,104.0
2026-02-26,hpc-gpu-056,C,Medical Research,84.5,61.0,1410,391.0,77.2,0,0,0,11,162.3,0,0,98.0
2026-02-26,hpc-gpu-057,C,Physics,90.3,71.6,1410,427.0,83.2,0,0,0,9,173.4,4,0,107.0
2026-02-26,hpc-gpu-058,C,Biology,75.8,62.5,1410,363.0,75.5,0,0,0,0,145.6,2,0,96.0
2026-02-26,hpc-gpu-063,C,Engineering,91.6,76.5,1410,382.0,80.7,0,0,0,2,175.9,2,0,104.0
2026-02-26,hpc-gpu-065,C,Physics,89.1,72.0,1410,388.0,75.0,0,0,0,6,171.0,4,1,95.0
2026-02-26,hpc-gpu-067,C,Chemistry,66.9,57.8,1410,372.0,73.1,0,0,0,5,128.5,1,1,92.0
2026-02-26,hpc-gpu-071,C,Engineering,90.3,66.1,1410,417.0,85.5,0,0,0,3,173.4,0,0,111.0
2026-02-26,hpc-gpu-072,C,Medical Research,71.7,46.5,1410,359.0,74.0,0,0,0,4,137.6,0,1,93.0
2026-02-27,hpc-gpu-049,C,Physics,94.0,56.5,1410,393.0,86.2,0,0,0,5,180.5,0,1,112.0
2026-02-27,hpc-gpu-052,C,Computer Science,82.1,60.3,1410,359.0,78.5,0,0,0,10,157.6,4,0,100.0
2026-02-27,hpc-gpu-055,C,Engineering,86.7,77.0,1410,399.0,80.4,0,0,0,11,166.5,4,1,103.0
2026-02-27,hpc-gpu-056,C,Medical Research,84.3,79.8,1410,367.0,78.4,0,0,0,6,161.8,2,1,100.0
2026-02-27,hpc-gpu-057,C,Physics,82.8,57.8,1410,387.0,77.7,0,0,0,5,158.9,1,0,99.0
2026-02-27,hpc-gpu-058,C,Biology,86.9,58.2,1410,417.0,76.7,0,0,0,10,166.9,3,0,98.0
2026-02-27,hpc-gpu-061,C,Earth Sciences,61.5,56.3,1410,356.0,61.4,0,0,0,6,118.0,2,1,75.0
2026-02-27,hpc-gpu-064,C,Medical Research,89.5,67.5,1410,375.0,74.3,0,0,0,2,171.9,4,1,94.0
2026-02-27,hpc-gpu-065,C,Physics,93.2,58.7,1410,377.0,84.0,0,0,0,1,178.9,3,1,108.0
2026-02-27,hpc-gpu-067,C,Chemistry,69.2,51.5,1410,348.0,75.1,0,0,0,3,132.8,4,0,95.0
2026-02-27,hpc-gpu-069,C,Earth Sciences,66.4,59.6,1410,367.0,72.3,0,0,0,7,127.4,4,1,91.0
2026-02-27,hpc-gpu-071,C,Engineering,85.8,53.4,1410,397.0,77.1,0,0,0,2,164.8,3,0,98.0
2026-02-27,hpc-gpu-072,C,Medical Research,94.4,57.9,1410,395.0,84.4,0,0,0,1,181.3,4,1,109.0
2026-02-28,hpc-gpu-050,C,Biology,39.1,28.0,1410,329.0,57.7,0,0,0,11,75.1,4,0,69.0
2026-02-28,hpc-gpu-057,C,Physics,73.0,58.5,1410,388.0,73.0,0,0,0,0,140.2,4,0,92.0
2026-02-28,hpc-gpu-060,C,Computer Science,49.8,40.5,1410,343.0,64.9,0,0,0,3,95.6,2,0,80.0
2026-03-01,hpc-gpu-061,C,Earth Sciences,39.7,33.0,1410,374.0,56.5,0,0,0,6,76.2,4,1,67.0
2026-03-01,hpc-gpu-064,C,Medical Research,68.1,42.2,1410,378.0,72.2,0,0,0,9,130.8,3,0,91.0
2026-03-02,hpc-gpu-049,C,Physics,84.3,58.3,1410,362.0,75.0,0,0,0,6,161.8,2,1,95.0
2026-03-02,hpc-gpu-051,C,Chemistry,77.3,56.4,1410,391.0,75.8,0,0,0,1,148.4,0,0,96.0
2026-03-02,hpc-gpu-055,C,Engineering,78.8,51.3,1410,386.0,74.7,0,0,0,4,151.4,4,1,95.0
2026-03-02,hpc-gpu-056,C,Medical Research,88.9,66.1,1410,398.0,82.6,0,0,0,4,170.7,1,0,106.0
2026-03-02,hpc-gpu-057,C,Physics,92.1,85.0,1410,363.0,77.3,0,0,0,3,176.8,0,0,99.0
2026-03-02,hpc-gpu-058,C,Biology,85.6,58.3,1410,381.0,78.1,0,0,0,3,164.4,0,1,100.0
2026-03-02,hpc-gpu-060,C,Computer Science,75.7,60.4,1410,371.0,77.4,0,0,0,4,145.3,4,1,99.0
2026-03-02,hpc-gpu-063,C,Engineering,94.2,82.1,1410,396.0,81.3,0,0,0,0,180.9,0,1,104.0
2026-03-02,hpc-gpu-064,C,Medical Research,90.6,67.3,1410,367.0,73.9,0,0,0,7,173.9,1,0,93.0
2026-03-02,hpc-gpu-065,C,Physics,100.0,84.7,1410,393.0,83.3,0,0,0,3,192.0,3,1,107.0
2026-03-02,hpc-gpu-066,C,Biology,84.2,63.5,1410,386.0,77.5,0,0,0,5,161.6,1,1,99.0
2026-03-02,hpc-gpu-067,C,Chemistry,88.0,67.1,1410,390.0,81.1,0,0,0,2,169.1,4,1,104.0
2026-03-02,hpc-gpu-071,C,Engineering,77.6,51.1,1410,370.0,82.0,0,0,0,5,149.0,4,1,105.0
2026-03-02,hpc-gpu-072,C,Medical Research,85.5,69.8,1410,384.0,75.6,0,0,0,3,164.2,2,1,96.0
2026-03-03,hpc-gpu-049,C,Physics,100.0,68.6,1410,417.0,76.4,0,0,0,8,192.0,0,0,97.0
2026-03-03,hpc-gpu-051,C,Chemistry,84.5,55.8,1410,382.0,79.1,0,0,0,3,162.2,1,0,101.0
2026-03-03,hpc-gpu-052,C,Computer Science,69.5,45.5,1410,373.0,76.9,0,0,0,11,133.4,3,1,98.0
2026-03-03,hpc-gpu-055,C,Engineering,89.6,83.3,1410,368.0,82.8,0,0,0,3,172.1,2,0,107.0
2026-03-03,hpc-gpu-056,C,Medical Research,83.4,51.5,1410,393.0,78.5,0,0,0,11,160.1,2,0,100.0
2026-03-03,hpc-gpu-057,C,Physics,91.9,73.7,1410,380.0,76.8,0,0,0,9,176.4,4,1,98.0
2026-03-03,hpc-gpu-058,C,Biology,90.4,61.3,1410,384.0,80.5,0,0,0,2,173.6,3,1,103.0
2026-03-03,hpc-gpu-063,C,Engineering,81.6,75.7,1410,366.0,72.6,0,0,0,10,156.8,4,0,91.0
2026-03-03,hpc-gpu-064,C,Medical Research,82.8,55.2,1410,396.0,79.0,0,0,0,2,158.9,0,1,101.0
2026-03-03,hpc-gpu-065,C,Physics,100.0,77.2,1410,391.0,83.7,0,0,0,3,192.0,0,0,108.0
2026-03-03,hpc-gpu-066,C,Biology,100.0,88.8,1410,405.0,85.3,0,0,0,5,192.0,3,0,110.0
2026-03-03,hpc-gpu-068,C,Computer Science,78.7,64.6,1410,381.0,76.8,0,0,0,8,151.1,4,0,98.0
2026-03-03,hpc-gpu-072,C,Medical Research,81.4,53.2,1410,377.0,72.9,0,0,0,4,156.3,1,0,92.0
2026-03-04,hpc-gpu-049,C,Physics,96.2,90.7,1410,394.0,83.5,0,0,0,3,184.6,4,1,108.0
2026-03-04,hpc-gpu-050,C,Biology,82.3,77.3,1410,388.0,74.6,0,0,0,11,158.0,0,0,94.0
2026-03-04,hpc-gpu-056,C,Medical Research,100.0,78.3,1410,372.0,81.5,0,0,0,0,192.0,4,0,105.0
2026-03-04,hpc-gpu-057,C,Physics,89.3,69.9,1410,422.0,77.9,0,0,0,8,171.4,1,1,99.0
2026-03-04,hpc-gpu-058,C,Biology,89.3,78.7,1410,383.0,79.5,0,0,0,10,171.6,3,0,102.0
2026-03-04,hpc-gpu-060,C,Computer Science,77.4,69.8,1410,358.0,75.1,0,0,0,8,148.7,2,0,95.0
2026-03-04,hpc-gpu-061,C,Earth Sciences,61.7,57.0,1410,389.0,67.3,0,0,0,2,118.5,2,0,83.0
2026-03-04,hpc-gpu-063,C,Engineering,76.7,58.8,1410,372.0,72.5,0,0,0,9,147.3,1,1,91.0
2026-03-04,hpc-gpu-064,C,Medical Research,91.6,55.8,1410,416.0,80.1,0,0,0,9,175.8,0,1,103.0
2026-03-04,hpc-gpu-065,C,Physics,90.0,58.6,1410,387.0,77.1,0,0,0,3,172.8,3,0,98.0
2026-03-04,hpc-gpu-066,C,Biology,100.0,90.7,1410,418.0,86.8,0,0,0,8,192.0,1,0,113.0
2026-03-04,hpc-gpu-067,C,Chemistry,83.9,68.1,1410,410.0,80.1,0,0,0,0,161.0,0,0,103.0
2026-03-04,hpc-gpu-071,C,Engineering,80.3,73.5,1410,372.0,73.0,0,0,0,11,154.1,0,1,92.0
2026-03-04,hpc-gpu-072,C,Medical Research,98.5,80.3,1410,396.0,89.3,0,0,0,8,189.0,2,1,116.0
2026-03-05,hpc-gpu-049,C,Physics,100.0,83.9,1410,403.0,86.3,0,0,0,8,192.0,3,0,112.0
2026-03-05,hpc-gpu-050,C,Biology,77.9,68.9,1410,377.0,74.4,0,0,0,5,149.5,2,0,94.0
2026-03-05,hpc-gpu-051,C,Chemistry,76.6,49.1,1410,377.0,75.3,0,0,0,10,147.0,2,0,95.0
2026-03-05,hpc-gpu-055,C,Engineering,89.2,78.4,1410,368.0,84.0,0,0,0,9,171.2,0,0,108.0
2026-03-05,hpc-gpu-056,C,Medical Research,90.4,59.2,1410,387.0,76.9,0,0,0,9,173.6,4,1,98.0
2026-03-05,hpc-gpu-057,C,Physics,91.4,71.8,1410,393.0,78.0,0,0,0,11,175.4,1,0,100.0
2026-03-05,hpc-gpu-059,C,Chemistry,90.0,82.1,1410,415.0,81.3,0,0,0,5,172.9,0,1,105.0
2026-03-05,hpc-gpu-060,C,Computer Science,81.6,58.9,1410,384.0,76.8,0,0,0,10,156.6,1,1,98.0
2026-03-05,hpc-gpu-063,C,Engineering,85.1,67.2,1410,393.0,77.1,0,0,0,5,163.4,0,1,98.0
2026-03-05,hpc-gpu-064,C,Medical Research,90.3,81.5,1410,398.0,83.8,0,0,0,5,173.4,1,0,108.0
2026-03-05,hpc-gpu-065,C,Physics,100.0,80.7,1410,384.0,85.2,0,0,0,4,192.0,2,0,110.0
2026-03-05,hpc-gpu-066,C,Biology,90.7,72.0,1410,410.0,77.3,0,0,0,10,174.1,0,1,98.0
2026-03-05,hpc-gpu-068,C,Computer Science,86.2,52.0,1410,395.0,75.2,0,0,0,7,165.5,1,0,95.0
2026-03-05,hpc-gpu-071,C,Engineering,93.3,64.1,1410,404.0,79.6,0,0,0,7,179.1,1,1,102.0
2026-03-05,hpc-gpu-072,C,Medical Research,95.7,81.7,1410,399.0,83.3,0,0,0,5,183.8,2,0,107.0
2026-03-06,hpc-gpu-049,C,Physics,96.9,65.3,1410,403.0,84.6,0,0,0,2,186.0,2,1,109.0
2026-03-06,hpc-gpu-050,C,Biology,78.0,48.8,1410,401.0,72.2,0,0,0,5,149.7,0,1,91.0
2026-03-06,hpc-gpu-052,C,Computer Science,65.9,48.1,1410,376.0,72.1,0,0,0,11,126.5,0,1,91.0
2026-03-06,hpc-gpu-055,C,Engineering,87.8,64.4,1410,421.0,82.4,0,0,0,2,168.5,1,0,106.0
2026-03-06,hpc-gpu-056,C,Medical Research,84.5,60.3,1410,368.0,75.0,0,0,0,1,162.2,4,0,95.0
2026-03-06,hpc-gpu-057,C,Physics,100.0,66.8,1410,383.0,83.1,0,0,0,3,192.0,0,0,107.0
2026-03-06,hpc-gpu-058,C,Biology,100.0,78.1,1410,401.0,89.0,0,0,0,7,192.0,1,0,116.0
2026-03-06,hpc-gpu-063,C,Engineering,85.5,52.7,1410,380.0,79.3,0,0,0,5,164.1,4,0,101.0
2026-03-06,hpc-gpu-064,C,Medical Research,100.0,92.8,1410,390.0,84.3,0,0,0,1,192.0,1,0,109.0
2026-03-06,hpc-gpu-065,C,Physics,99.5,66.1,1410,392.0,89.2,0,0,0,8,191.1,2,0,116.0
2026-03-06,hpc-gpu-066,C,Biology,98.6,82.8,1410,421.0,85.7,0,0,0,0,189.3,3,0,111.0
2026-03-06,hpc-gpu-071,C,Engineering,78.2,71.8,1410,398.0,77.0,0,0,0,10,150.2,3,1,98.0
2026-03-06,hpc-gpu-072,C,Medical Research,92.1,72.5,1410,389.0,84.3,0,0,0,10,176.9,0,1,109.0
2026-03-08,hpc-gpu-066,C,Biology,68.5,52.6,1410,373.0,72.1,0,0,0,0,131.5,3,1,91.0
2026-03-08,hpc-gpu-069,C,Earth Sciences,45.1,27.1,1410,332.0,60.7,0,0,0,6,86.7,1,0,74.0
2026-03-09,hpc-gpu-049,C,Physics,89.7,70.2,1410,401.0,80.1,0,0,0,4,172.1,0,1,103.0
2026-03-09,hpc-gpu-055,C,Engineering,79.4,51.8,1410,405.0,73.7,0,0,0,9,152.5,3,0,93.0
2026-03-09,hpc-gpu-056,C,Medical Research,95.7,58.7,1410,389.0,83.7,0,0,0,1,183.8,4,1,108.0
2026-03-09,hpc-gpu-057,C,Physics,90.5,83.1,1410,384.0,82.1,0,0,0,7,173.8,4,0,106.0
2026-03-09,hpc-gpu-058,C,Biology,100.0,64.3,1410,399.0,86.9,0,0,0,6,192.0,3,0,113.0
2026-03-09,hpc-gpu-060,C,Computer Science,84.1,55.5,1410,416.0,75.2,0,0,0,4,161.5,0,0,95.0
2026-03-09,hpc-gpu-063,C,Engineering,77.3,72.6,1410,363.0,74.1,0,0,0,11,148.4,0,0,94.0
2026-03-09,hpc-gpu-064,C,Medical Research,83.0,56.0,1410,373.0,74.3,0,0,0,10,159.4,3,0,94.0
2026-03-09,hpc-gpu-065,C,Physics,89.1,66.0,1410,364.0,79.1,0,0,0,1,171.1,2,0,101.0
2026-03-09,hpc-gpu-066,C,Biology,90.7,57.4,1410,386.0,78.3,0,0,0,0,174.1,1,0,100.0
2026-03-09,hpc-gpu-067,C,Chemistry,77.5,52.2,1410,345.0,78.8,0,0,0,0,148.8,4,1,101.0
2026-03-09,hpc-gpu-071,C,Engineering,83.1,74.7,1410,376.0,76.3,0,0,0,5,159.5,3,0,97.0
2026-03-09,hpc-gpu-072,C,Medical Research,91.9,66.1,1410,386.0,83.9,0,0,0,7,176.4,3,0,108.0
2026-03-10,hpc-gpu-049,C,Physics,94.2,78.4,1410,380.0,83.6,0,0,0,5,180.8,4,0,108.0
2026-03-10,hpc-gpu-050,C,Biology,91.1,75.4,1410,418.0,78.1,0,0,0,2,174.9,2,1,100.0
2026-03-10,hpc-gpu-051,C,Chemistry,84.8,53.3,1410,402.0,78.7,0,0,0,10,162.9,3,1,101.0
2026-03-10,hpc-gpu-055,C,Engineering,97.0,66.0,1410,405.0,83.3,0,0,0,3,186.3,4,1,107.0
2026-03-10,hpc-gpu-056,C,Medical Research,100.0,71.8,1410,393.0,82.4,0,0,0,11,192.0,3,0,106.0
2026-03-10,hpc-gpu-057,C,Physics,100.0,86.5,1410,406.0,84.2,0,0,0,11,192.0,3,0,109.0
2026-03-10,hpc-gpu-058,C,Biology,83.7,78.2,1410,370.0,72.7,0,0,0,3,160.7,0,0,92.0
2026-03-10,hpc-gpu-059,C,Chemistry,91.0,74.3,1410,406.0,76.9,0,0,0,10,174.6,2,1,98.0
2026-03-10,hpc-gpu-060,C,Computer Science,69.7,42.5,1410,387.0,74.4,0,0,0,3,133.9,4,0,94.0
2026-03-10,hpc-gpu-062,C,Mathematics,72.5,58.5,1410,361.0,75.0,0,0,0,1,139.2,1,0,95.0
2026-03-10,hpc-gpu-063,C,Engineering,81.0,67.2,1410,360.0,73.9,0,0,0,9,155.5,4,0,93.0
2026-03-10,hpc-gpu-064,C,Medical Research,78.5,61.2,1410,386.0,72.4,0,0,0,1,150.8,4,0,91.0
2026-03-10,hpc-gpu-065,C,Physics,100.0,82.6,1410,397.0,86.2,0,0,0,6,192.0,0,0,112.0
2026-03-10,hpc-gpu-067,C,Chemistry,68.8,45.3,1410,360.0,73.7,0,0,0,9,132.1,0,1,93.0
2026-03-10,hpc-gpu-071,C,Engineering,85.7,55.2,1410,390.0,81.1,0,0,0,6,164.6,4,0,104.0
2026-03-10,hpc-gpu-072,C,Medical Research,88.2,53.5,1410,392.0,79.3,0,0,0,9,169.3,0,0,101.0
2026-03-11,hpc-gpu-049,C,Physics,89.2,71.2,1410,368.0,85.4,0,0,0,8,171.4,2,1,111.0
2026-03-11,hpc-gpu-050,C,Biology,82.8,54.3,1410,376.0,75.7,0,0,0,7,159.1,2,1,96.0
2026-03-11,hpc-gpu-051,C,Chemistry,80.8,49.1,1410,382.0,77.9,0,0,0,10,155.1,0,0,99.0
2026-03-11,hpc-gpu-052,C,Computer Science,73.6,57.4,1410,362.0,72.8,0,0,0,1,141.4,0,1,92.0
2026-03-11,hpc-gpu-055,C,Engineering,89.1,69.9,1410,387.0,79.2,0,0,0,9,171.0,2,0,101.0
2026-03-11,hpc-gpu-056,C,Medical Research,100.0,86.6,1410,417.0,86.1,0,0,0,5,192.0,2,1,112.0
2026-03-11,hpc-gpu-057,C,Physics,100.0,86.8,1410,417.0,86.9,0,0,0,5,192.0,3,1,113.0
2026-03-11,hpc-gpu-058,C,Biology,83.9,67.3,1410,401.0,78.5,0,0,0,4,161.1,0,0,100.0
2026-03-11,hpc-gpu-063,C,Engineering,86.4,57.6,1410,369.0,73.5,0,0,0,6,165.9,0,1,93.0
2026-03-11,hpc-gpu-064,C,Medical Research,94.3,85.2,1410,426.0,82.0,0,0,0,1,181.0,1,0,105.0
2026-03-11,hpc-gpu-065,C,Physics,100.0,66.8,1410,400.0,87.8,0,0,0,11,192.0,3,1,114.0
2026-03-11,hpc-gpu-066,C,Biology,74.3,60.1,1410,425.0,72.8,0,0,0,6,142.6,2,0,92.0
2026-03-11,hpc-gpu-067,C,Chemistry,71.5,56.8,1410,379.0,73.2,0,0,0,3,137.2,4,1,92.0
2026-03-11,hpc-gpu-071,C,Engineering,85.1,55.2,1410,377.0,81.7,0,0,0,10,163.3,1,0,105.0
2026-03-11,hpc-gpu-072,C,Medical Research,82.8,72.2,1410,371.0,75.2,0,0,0,11,158.9,1,0,95.0
2026-03-12,hpc-gpu-049,C,Physics,90.4,67.4,1410,388.0,84.4,0,0,0,11,173.7,0,0,109.0
2026-03-12,hpc-gpu-050,C,Biology,80.3,70.4,1410,393.0,76.0,0,0,0,2,154.2,3,1,96.0
2026-03-12,hpc-gpu-055,C,Engineering,81.7,63.9,1410,385.0,77.2,0,0,0,0,156.8,4,1,98.0
2026-03-12,hpc-gpu-056,C,Medical Research,90.7,61.2,1410,394.0,80.9,0,0,0,10,174.1,2,0,104.0
2026-03-12,hpc-gpu-057,C,Physics,100.0,82.3,1410,406.0,82.7,0,0,0,9,192.0,2,1,107.0
2026-03-12,hpc-gpu-058,C,Biology,78.1,71.8,1410,389.0,76.6,0,0,0,6,150.0,4,0,97.0
2026-03-12,hpc-gpu-060,C,Computer Science,87.6,56.7,1410,371.0,77.2,0,0,0,0,168.2,1,1,98.0
2026-03-12,hpc-gpu-063,C,Engineering,83.2,51.2,1410,371.0,75.5,0,0,0,9,159.7,2,0,96.0
2026-03-12,hpc-gpu-064,C,Medical Research,86.3,61.6,1410,375.0,74.7,0,0,0,5,165.8,3,1,95.0
2026-03-12,hpc-gpu-065,C,Physics,100.0,88.3,1410,389.0,86.2,0,0,0,1,192.0,4,0,112.0
2026-03-12,hpc-gpu-066,C,Biology,94.5,61.2,1410,410.0,84.7,0,0,0,4,181.5,1,0,110.0
2026-03-12,hpc-gpu-071,C,Engineering,80.4,50.4,1410,389.0,77.5,0,0,0,2,154.3,1,1,99.0
2026-03-12,hpc-gpu-072,C,Medical Research,81.5,69.4,1410,362.0,72.8,0,0,0,10,156.4,4,0,92.0
2026-03-13,hpc-gpu-037,B,Earth Sciences,66.2,52.5,1410,378.0,78.5,0,0,0,3,127.0,2,0,100.0
2026-03-13,hpc-gpu-049,C,Physics,89.6,74.3,1410,383.0,78.5,0,0,0,2,172.0,1,0,100.0
2026-03-13,hpc-gpu-050,C,Biology,84.1,60.2,1410,385.0,78.4,0,0,0,9,161.4,4,1,100.0
2026-03-13,hpc-gpu-051,C,Chemistry,67.3,62.1,1410,360.0,74.1,0,0,0,1,129.3,1,0,94.0
2026-03-13,hpc-gpu-052,C,Computer Science,82.1,56.1,1410,360.0,75.9,0,0,0,6,157.5,1,0,96.0
2026-03-13,hpc-gpu-055,C,Engineering,93.2,67.8,1410,387.0,84.7,0,0,0,1,178.9,3,0,110.0
2026-03-13,hpc-gpu-056,C,Medical Research,87.1,72.4,1410,398.0,72.7,0,0,0,10,167.2,4,1,92.0
2026-03-13,hpc-gpu-057,C,Physics,89.8,60.1,1410,382.0,79.4,0,0,0,4,172.3,4,1,102.0
2026-03-13,hpc-gpu-058,C,Biology,76.9,55.7,1410,378.0,77.3,0,0,0,10,147.6,2,0,98.0
2026-03-13,hpc-gpu-059,C,Chemistry,73.5,64.7,1410,400.0,76.5,0,0,0,8,141.0,3,0,97.0
2026-03-13,hpc-gpu-063,C,Engineering,80.6,75.7,1410,365.0,73.3,0,0,0,6,154.8,1,0,92.0
2026-03-13,hpc-gpu-064,C,Medical Research,89.0,61.4,1410,381.0,79.6,0,0,0,9,170.8,0,1,102.0
2026-03-13,hpc-gpu-065,C,Physics,97.9,75.5,1410,385.0,81.3,0,0,0,2,188.0,2,1,104.0
2026-03-13,hpc-gpu-066,C,Biology,87.0,74.1,1410,408.0,82.7,0,0,0,8,167.1,2,1,107.0
2026-03-13,hpc-gpu-068,C,Computer Science,81.2,72.1,1410,360.0,73.3,0,0,0,0,155.9,3,1,93.0
2026-03-13,hpc-gpu-071,C,Engineering,96.6,79.4,1410,406.0,82.2,0,0,0,7,185.5,1,0,106.0
2026-03-13,hpc-gpu-072,C,Medical Research,100.0,64.8,1410,384.0,81.7,0,0,0,5,192.0,3,0,105.0
2026-03-15,hpc-gpu-068,C,Computer Science,47.6,33.0,1410,336.0,64.0,0,0,0,7,91.4,3,1,79.0
2026-03-16,hpc-gpu-049,C,Physics,100.0,63.3,1410,425.0,80.9,0,0,0,10,192.0,2,1,104.0
2026-03-16,hpc-gpu-050,C,Biology,76.2,49.6,1410,355.0,72.8,0,0,0,11,146.3,3,1,92.0
2026-03-16,hpc-gpu-051,C,Chemistry,83.2,62.1,1410,382.0,80.1,0,0,0,6,159.7,0,0,103.0
2026-03-16,hpc-gpu-055,C,Engineering,89.6,56.7,1410,396.0,81.4,0,0,0,6,172.0,1,0,105.0
2026-03-16,hpc-gpu-056,C,Medical Research,80.7,54.7,1410,408.0,73.8,0,0,0,4,155.0,3,1,93.0
2026-03-16,hpc-gpu-057,C,Physics,100.0,90.6,1410,441.0,83.3,0,0,0,10,192.0,3,1,107.0
2026-03-16,hpc-gpu-058,C,Biology,89.0,58.7,1410,400.0,78.4,0,0,0,6,170.9,1,1,100.0
2026-03-16,hpc-gpu-063,C,Engineering,87.8,76.3,1410,397.0,77.1,0,0,0,3,168.7,0,0,98.0
2026-03-16,hpc-gpu-064,C,Medical Research,86.7,73.1,1410,377.0,75.0,0,0,0,4,166.5,0,1,95.0
2026-03-16,hpc-gpu-065,C,Physics,86.7,63.1,1410,365.0,77.2,0,0,0,1,166.5,4,0,98.0
2026-03-16,hpc-gpu-066,C,Biology,86.6,58.2,1410,392.0,77.0,0,0,0,9,166.3,2,1,98.0
2026-03-16,hpc-gpu-067,C,Chemistry,77.7,50.7,1410,371.0,81.8,0,0,0,0,149.2,3,1,105.0
2026-03-16,hpc-gpu-071,C,Engineering,86.4,58.0,1410,382.0,72.9,0,0,0,9,166.0,3,1,92.0
2026-03-16,hpc-gpu-072,C,Medical Research,83.4,76.0,1410,377.0,72.3,0,0,0,4,160.1,4,0,91.0
2026-03-17,hpc-gpu-049,C,Physics,95.1,86.4,1410,373.0,81.0,0,0,0,10,182.6,2,1,104.0
2026-03-17,hpc-gpu-050,C,Biology,81.4,70.5,1410,366.0,74.2,0,0,0,7,156.3,4,1,94.0
2026-03-17,hpc-gpu-055,C,Engineering,93.8,62.1,1410,385.0,81.8,0,0,0,10,180.0,0,0,105.0
2026-03-17,hpc-gpu-056,C,Medical Research,91.2,74.9,1410,390.0,82.2,0,0,0,4,175.1,2,1,106.0
2026-03-17,hpc-gpu-057,C,Physics,96.6,75.0,1410,400.0,83.0,0,0,0,6,185.5,0,0,107.0
2026-03-17,hpc-gpu-058,C,Biology,90.6,66.9,1410,401.0,78.7,0,0,0,9,174.0,1,0,101.0
2026-03-17,hpc-gpu-059,C,Chemistry,82.3,56.7,1410,398.0,74.2,0,0,0,11,158.0,1,1,94.0
2026-03-17,hpc-gpu-060,C,Computer Science,81.2,63.8,1410,360.0,76.1,0,0,0,2,155.9,0,0,97.0
2026-03-17,hpc-gpu-063,C,Engineering,86.6,53.3,1410,381.0,72.3,0,0,0,10,166.2,0,0,91.0
2026-03-17,hpc-gpu-064,C,Medical Research,88.5,76.6,1410,383.0,76.8,0,0,0,11,169.9,1,0,98.0
2026-03-17,hpc-gpu-065,C,Physics,91.3,69.5,1410,383.0,79.1,0,0,0,10,175.2,4,0,101.0
2026-03-17,hpc-gpu-066,C,Biology,83.6,59.5,1410,417.0,75.8,0,0,0,2,160.6,2,1,96.0
2026-03-17,hpc-gpu-071,C,Engineering,90.7,74.9,1410,404.0,72.8,0,0,0,7,174.2,2,0,92.0
2026-03-17,hpc-gpu-072,C,Medical Research,86.0,66.0,1410,400.0,75.4,0,0,0,10,165.1,4,1,96.0
2026-03-18,hpc-gpu-049,C,Physics,100.0,85.7,1410,394.0,86.6,0,0,0,7,192.0,2,1,112.0
2026-03-18,hpc-gpu-051,C,Chemistry,83.5,71.1,1410,349.0,76.5,0,0,0,5,160.3,2,0,97.0
2026-03-18,hpc-gpu-052,C,Computer Science,79.9,63.2,1410,396.0,73.5,0,0,0,6,153.5,3,1,93.0
2026-03-18,hpc-gpu-055,C,Engineering,88.9,76.3,1410,401.0,80.2,0,0,0,2,170.6,1,0,103.0
2026-03-18,hpc-gpu-056,C,Medical Research,86.9,66.1,1410,394.0,78.3,0,0,0,5,166.9,2,1,100.0
2026-03-18,hpc-gpu-057,C,Physics,100.0,81.7,1410,392.0,89.0,0,0,0,11,192.0,4,0,116.0
2026-03-18,hpc-gpu-058,C,Biology,81.7,76.8,1410,376.0,72.2,0,0,0,4,156.8,0,0,91.0
2026-03-18,hpc-gpu-063,C,Engineering,66.3,54.6,1410,359.0,72.4,0,0,0,9,127.4,4,0,91.0
2026-03-18,hpc-gpu-064,C,Medical Research,92.7,85.1,1410,387.0,76.7,0,0,0,7,178.0,2,1,98.0
2026-03-18,hpc-gpu-065,C,Physics,100.0,89.7,1410,393.0,82.8,0,0,0,4,192.0,1,1,107.0
2026-03-18,hpc-gpu-066,C,Biology,89.5,83.7,1410,402.0,81.4,0,0,0,6,171.8,4,0,105.0
2026-03-18,hpc-gpu-071,C,Engineering,78.7,61.0,1410,380.0,72.5,0,0,0,4,151.1,3,0,91.0
2026-03-18,hpc-gpu-072,C,Medical Research,81.3,50.9,1410,418.0,72.1,0,0,0,4,156.2,2,1,91.0
2026-03-19,hpc-gpu-049,C,Physics,99.3,64.2,1410,392.0,81.7,0,0,0,7,190.7,2,1,105.0
2026-03-19,hpc-gpu-050,C,Biology,87.3,66.1,1410,414.0,78.4,0,0,0,8,167.5,2,0,100.0
2026-03-19,hpc-gpu-052,C,Computer Science,76.3,56.0,1410,366.0,76.6,0,0,0,1,146.6,1,1,97.0
2026-03-19,hpc-gpu-056,C,Medical Research,92.5,79.2,1410,411.0,80.0,0,0,0,4,177.6,4,0,103.0
2026-03-19,hpc-gpu-058,C,Biology,89.7,70.8,1410,407.0,77.5,0,0,0,2,172.3,4,0,99.0
2026-03-19,hpc-gpu-059,C,Chemistry,84.7,52.9,1410,403.0,77.6,0,0,0,4,162.7,1,1,99.0
2026-03-19,hpc-gpu-063,C,Engineering,92.3,63.4,1410,405.0,76.1,0,0,0,0,177.3,1,0,97.0
2026-03-19,hpc-gpu-064,C,Medical Research,82.6,73.9,1410,381.0,72.3,0,0,0,9,158.6,2,0,91.0
2026-03-19,hpc-gpu-065,C,Physics,94.5,84.8,1410,389.0,85.1,0,0,0,3,181.5,0,1,110.0
2026-03-19,hpc-gpu-066,C,Biology,69.1,51.1,1410,374.0,74.2,0,0,0,5,132.6,2,1,94.0
2026-03-19,hpc-gpu-067,C,Chemistry,82.4,68.2,1410,368.0,78.9,0,0,0,1,158.2,2,1,101.0
2026-03-19,hpc-gpu-071,C,Engineering,91.8,84.2,1410,363.0,76.9,0,0,0,1,176.3,4,0,98.0
2026-03-19,hpc-gpu-072,C,Medical Research,82.8,75.5,1410,353.0,82.3,0,0,0,1,158.9,3,1,106.0
2026-03-20,hpc-gpu-049,C,Physics,97.4,66.3,1410,383.0,82.1,0,0,0,8,187.1,0,1,106.0
2026-03-20,hpc-gpu-050,C,Biology,92.5,80.1,1410,384.0,81.9,0,0,0,10,177.7,0,1,105.0
2026-03-20,hpc-gpu-052,C,Computer Science,81.1,68.5,1410,381.0,75.4,0,0,0,8,155.7,1,0,96.0
2026-03-20,hpc-gpu-055,C,Engineering,74.9,45.4,1410,394.0,79.8,0,0,0,2,143.8,2,0,102.0
2026-03-20,hpc-gpu-056,C,Medical Research,97.0,73.5,1410,407.0,85.5,0,0,0,10,186.3,2,1,111.0
2026-03-20,hpc-gpu-057,C,Physics,91.9,57.5,1410,437.0,79.3,0,0,0,0,176.5,3,1,101.0
2026-03-20,hpc-gpu-058,C,Biology,87.6,55.1,1410,384.0,79.2,0,0,0,7,168.2,3,1,101.0
2026-03-20,hpc-gpu-059,C,Chemistry,58.5,54.7,1410,341.0,63.1,0,0,0,5,112.4,2,0,77.0
2026-03-20,hpc-gpu-063,C,Engineering,90.9,70.6,1410,423.0,83.5,0,0,0,8,174.5,1,0,108.0
2026-03-20,hpc-gpu-064,C,Medical Research,78.8,64.6,1410,357.0,73.9,0,0,0,1,151.3,0,0,93.0
2026-03-20,hpc-gpu-065,C,Physics,100.0,79.1,1410,410.0,85.8,0,0,0,9,192.0,3,0,111.0
2026-03-20,hpc-gpu-066,C,Biology,93.2,68.3,1410,418.0,84.7,0,0,0,2,179.0,2,0,110.0
2026-03-20,hpc-gpu-067,C,Chemistry,63.2,48.9,1410,373.0,67.5,0,0,0,10,121.4,0,1,84.0
2026-03-20,hpc-gpu-071,C,Engineering,86.5,74.6,1410,398.0,77.7,0,0,0,3,166.1,4,1,99.0
2026-03-20,hpc-gpu-072,C,Medical Research,91.2,58.9,1410,397.0,82.6,0,0,0,1,175.0,0,0,106.0
2026-03-22,hpc-gpu-052,C,Computer Science,47.7,30.4,1410,356.0,63.9,0,0,0,8,91.5,0,1,78.0
2026-03-22,hpc-gpu-065,C,Physics,81.0,50.5,1410,390.0,75.4,0,0,0,1,155.5,1,1,96.0
2026-03-23,hpc-gpu-049,C,Physics,92.7,82.6,1410,382.0,80.3,0,0,0,8,178.0,1,1,103.0
2026-03-23,hpc-gpu-050,C,Biology,93.9,66.9,1410,383.0,81.1,0,0,0,9,180.3,2,0,104.0
2026-03-23,hpc-gpu-051,C,Chemistry,77.0,55.6,1410,367.0,72.9,0,0,0,3,147.8,0,1,92.0
2026-03-23,hpc-gpu-052,C,Computer Science,80.9,48.7,1410,381.0,80.3,0,0,0,5,155.3,1,0,103.0
2026-03-23,hpc-gpu-053,C,Earth Sciences,66.9,53.7,1410,370.0,72.8,0,0,0,5,128.4,2,1,92.0
2026-03-23,hpc-gpu-055,C,Engineering,92.2,58.5,1410,389.0,86.4,0,0,0,2,177.1,3,0,112.0
2026-03-23,hpc-gpu-056,C,Medical Research,92.3,59.8,1410,391.0,81.5,0,0,0,10,177.2,3,1,105.0
2026-03-23,hpc-gpu-057,C,Physics,100.0,61.0,1410,368.0,84.2,0,0,0,5,192.0,3,0,109.0
2026-03-23,hpc-gpu-058,C,Biology,80.5,53.4,1410,369.0,76.0,0,0,0,3,154.5,2,0,97.0
2026-03-23,hpc-gpu-059,C,Chemistry,87.8,62.7,1410,384.0,81.6,0,0,0,3,168.6,2,0,105.0
2026-03-23,hpc-gpu-060,C,Computer Science,77.8,61.7,1410,390.0,77.5,0,0,0,10,149.4,4,1,99.0
2026-03-23,hpc-gpu-063,C,Engineering,90.5,81.5,1410,370.0,83.4,0,0,0,1,173.7,0,0,108.0
2026-03-23,hpc-gpu-064,C,Medical Research,95.4,60.7,1410,385.0,84.6,0,0,0,2,183.1,2,1,109.0
2026-03-23,hpc-gpu-065,C,Physics,97.4,77.3,1410,358.0,81.8,0,0,0,2,186.9,3,0,105.0
2026-03-23,hpc-gpu-071,C,Engineering,81.2,70.4,1410,377.0,75.2,0,0,0,6,155.9,3,1,95.0
2026-03-23,hpc-gpu-072,C,Medical Research,93.5,82.8,1410,378.0,84.2,0,0,0,4,179.6,1,1,109.0
2026-03-24,hpc-gpu-049,C,Physics,100.0,70.2,1410,404.0,86.4,0,0,0,5,192.0,3,0,112.0
2026-03-24,hpc-gpu-050,C,Biology,86.8,72.0,1410,405.0,73.5,0,0,0,7,166.7,4,0,93.0
2026-03-24,hpc-gpu-055,C,Engineering,82.4,51.3,1410,370.0,73.4,0,0,0,3,158.2,1,0,93.0
2026-03-24,hpc-gpu-056,C,Medical Research,92.2,67.0,1410,383.0,80.5,0,0,0,1,177.1,3,0,103.0
2026-03-24,hpc-gpu-057,C,Physics,100.0,70.7,1410,427.0,89.8,0,0,0,4,192.0,0,0,117.0
2026-03-24,hpc-gpu-058,C,Biology,85.4,78.4,1410,371.0,73.3,0,0,0,5,163.9,0,0,92.0
2026-03-24,hpc-gpu-059,C,Chemistry,79.3,57.6,1410,377.0,79.8,0,0,0,9,152.3,0,0,102.0
2026-03-24,hpc-gpu-060,C,Computer Science,78.7,68.9,1410,374.0,79.0,0,0,0,8,151.1,2,0,101.0
2026-03-24,hpc-gpu-063,C,Engineering,88.9,67.7,1410,387.0,77.9,0,0,0,7,170.8,4,0,99.0
2026-03-24,hpc-gpu-064,C,Medical Research,73.2,58.3,1410,380.0,77.8,0,0,0,8,140.5,3,0,99.0
2026-03-24,hpc-gpu-065,C,Physics,93.0,68.2,1410,403.0,82.2,0,0,0,3,178.5,0,1,106.0
2026-03-24,hpc-gpu-066,C,Biology,90.7,86.1,1410,405.0,80.7,0,0,0,8,174.1,0,1,104.0
2026-03-24,hpc-gpu-068,C,Computer Science,71.3,53.3,1410,366.0,72.9,0,0,0,6,137.0,3,0,92.0
2026-03-24,hpc-gpu-071,C,Engineering,83.3,50.1,1410,384.0,77.9,0,0,0,3,159.9,0,0,99.0
2026-03-24,hpc-gpu-072,C,Medical Research,85.0,58.9,1410,391.0,76.7,0,0,0,4,163.1,4,0,97.0
2026-03-25,hpc-gpu-049,C,Physics,100.0,76.7,1410,397.0,79.7,0,0,0,1,192.0,4,0,102.0
2026-03-25,hpc-gpu-050,C,Biology,77.5,68.3,1410,383.0,77.0,0,0,0,6,148.8,3,1,98.0
2026-03-25,hpc-gpu-051,C,Chemistry,81.5,68.0,1410,365.0,80.3,0,0,0,5,156.4,4,1,103.0
2026-03-25,hpc-gpu-052,C,Computer Science,70.3,47.5,1410,389.0,72.6,0,0,0,11,135.1,0,0,91.0
2026-03-25,hpc-gpu-055,C,Engineering,76.3,57.6,1410,364.0,73.0,0,0,0,1,146.4,3,1,92.0
2026-03-25,hpc-gpu-056,C,Medical Research,94.3,76.2,1410,378.0,78.7,0,0,0,2,181.1,0,1,101.0
2026-03-25,hpc-gpu-057,C,Physics,90.5,61.8,1410,403.0,82.9,0,0,0,9,173.8,1,1,107.0
2026-03-25,hpc-gpu-058,C,Biology,91.9,72.8,1410,398.0,76.5,0,0,0,9,176.4,3,1,97.0
2026-03-25,hpc-gpu-060,C,Computer Science,70.5,63.5,1410,398.0,75.6,0,0,0,10,135.4,1,1,96.0
2026-03-25,hpc-gpu-063,C,Engineering,85.7,79.8,1410,381.0,77.6,0,0,0,2,164.6,4,1,99.0
2026-03-25,hpc-gpu-065,C,Physics,84.1,54.9,1410,386.0,80.3,0,0,0,1,161.5,0,1,103.0
2026-03-25,hpc-gpu-066,C,Biology,85.8,61.6,1410,392.0,78.1,0,0,0,8,164.8,3,1,100.0
2026-03-25,hpc-gpu-067,C,Chemistry,80.3,57.3,1410,402.0,77.6,0,0,0,7,154.2,3,1,99.0
2026-03-25,hpc-gpu-071,C,Engineering,81.8,56.4,1410,393.0,75.4,0,0,0,8,157.1,1,1,96.0
2026-03-25,hpc-gpu-072,C,Medical Research,84.9,60.7,1410,380.0,80.6,0,0,0,3,162.9,4,1,103.0
2026-03-26,hpc-gpu-049,C,Physics,91.4,64.4,1410,413.0,87.5,0,0,0,9,175.4,1,1,114.0
2026-03-26,hpc-gpu-051,C,Chemistry,76.7,53.0,1410,364.0,77.9,0,0,0,11,147.2,1,0,99.0
2026-03-26,hpc-gpu-052,C,Computer Science,68.0,44.5,1410,368.0,74.3,0,0,0,0,130.6,1,1,94.0
2026-03-26,hpc-gpu-055,C,Engineering,89.4,60.1,1410,388.0,78.7,0,0,0,10,171.6,1,1,101.0
2026-03-26,hpc-gpu-056,C,Medical Research,94.6,61.4,1410,440.0,82.3,0,0,0,8,181.7,2,1,106.0
2026-03-26,hpc-gpu-057,C,Physics,97.3,65.8,1410,408.0,80.6,0,0,0,0,186.8,3,0,103.0
2026-03-26,hpc-gpu-058,C,Biology,94.6,86.0,1410,401.0,77.9,0,0,0,8,181.5,3,0,99.0
2026-03-26,hpc-gpu-060,C,Computer Science,76.8,69.4,1410,363.0,72.2,0,0,0,4,147.5,0,1,91.0
2026-03-26,hpc-gpu-063,C,Engineering,88.5,66.2,1410,395.0,79.4,0,0,0,2,169.9,4,1,102.0
2026-03-26,hpc-gpu-064,C,Medical Research,89.6,59.6,1410,383.0,78.7,0,0,0,3,172.0,1,0,101.0
2026-03-26,hpc-gpu-065,C,Physics,78.0,49.5,1410,373.0,78.5,0,0,0,3,149.8,3,0,100.0
2026-03-26,hpc-gpu-066,C,Biology,91.1,80.7,1410,389.0,81.6,0,0,0,10,174.9,0,0,105.0
2026-03-26,hpc-gpu-071,C,Engineering,92.3,77.7,1410,409.0,79.5,0,0,0,8,177.2,0,0,102.0
2026-03-26,hpc-gpu-072,C,Medical Research,82.5,49.9,1410,373.0,75.0,0,0,0,9,158.5,3,0,95.0
2026-03-27,hpc-gpu-049,C,Physics,100.0,63.1,1410,411.0,86.0,0,0,0,11,192.0,0,0,111.0
2026-03-27,hpc-gpu-050,C,Biology,80.7,62.0,1410,378.0,77.3,0,0,0,6,155.0,2,0,98.0
2026-03-27,hpc-gpu-051,C,Chemistry,74.9,68.1,1410,366.0,72.4,0,0,0,3,143.8,1,0,91.0
2026-03-27,hpc-gpu-052,C,Computer Science,80.8,58.6,1410,375.0,77.2,0,0,0,6,155.1,3,0,98.0
2026-03-27,hpc-gpu-055,C,Engineering,77.8,59.7,1410,346.0,72.5,0,0,0,3,149.4,2,1,91.0
2026-03-27,hpc-gpu-056,C,Medical Research,100.0,67.2,1410,402.0,87.6,0,0,0,0,192.0,3,1,114.0
2026-03-27,hpc-gpu-057,C,Physics,99.8,73.2,1410,386.0,90.9,0,0,0,4,191.5,3,1,119.0
2026-03-27,hpc-gpu-058,C,Biology,94.0,85.3,1410,399.0,82.3,0,0,0,4,180.5,3,1,106.0
2026-03-27,hpc-gpu-059,C,Chemistry,81.3,71.3,1410,402.0,74.3,0,0,0,8,156.0,0,0,94.0
2026-03-27,hpc-gpu-060,C,Computer Science,89.4,82.5,1410,394.0,76.7,0,0,0,3,171.7,1,0,97.0
2026-03-27,hpc-gpu-063,C,Engineering,79.9,74.9,1410,364.0,82.1,0,0,0,0,153.4,4,0,106.0
2026-03-27,hpc-gpu-064,C,Medical Research,83.6,76.4,1410,382.0,79.6,0,0,0,10,160.4,2,1,102.0
2026-03-27,hpc-gpu-065,C,Physics,100.0,76.4,1410,418.0,84.2,0,0,0,3,192.0,2,0,109.0
2026-03-27,hpc-gpu-066,C,Biology,86.7,73.6,1410,381.0,79.3,0,0,0,9,166.4,1,1,101.0
2026-03-27,hpc-gpu-071,C,Engineering,88.8,81.0,1410,393.0,73.0,0,0,0,2,170.4,4,1,92.0
2026-03-27,hpc-gpu-072,C,Medical Research,82.0,50.3,1410,389.0,76.0,0,0,0,2,157.4,3,1,97.0
2026-03-29,hpc-gpu-061,C,Earth Sciences,40.0,32.4,1410,359.0,52.7,0,0,0,0,76.9,1,0,61.0
2026-03-29,hpc-gpu-071,C,Engineering,41.5,39.3,1410,338.0,57.7,0,0,0,2,79.6,0,0,69.0
2026-03-30,hpc-gpu-049,C,Physics,83.4,50.6,1410,401.0,79.6,0,0,0,8,160.1,0,0,102.0
2026-03-30,hpc-gpu-050,C,Biology,86.6,80.1,1410,380.0,81.4,0,0,0,7,166.3,3,0,105.0
2026-03-30,hpc-gpu-051,C,Chemistry,80.7,51.1,1410,384.0,81.3,0,0,0,3,155.0,2,0,104.0
2026-03-30,hpc-gpu-052,C,Computer Science,76.7,48.5,1410,355.0,72.9,0,0,0,0,147.3,3,1,92.0
2026-03-30,hpc-gpu-055,C,Engineering,86.9,54.4,1410,369.0,80.8,0,0,0,9,166.8,1,1,104.0
2026-03-30,hpc-gpu-056,C,Medical Research,84.6,64.7,1410,387.0,76.6,0,0,0,9,162.4,3,0,97.0
2026-03-30,hpc-gpu-057,C,Physics,96.1,86.5,1410,380.0,82.2,0,0,0,9,184.5,2,0,106.0
2026-03-30,hpc-gpu-058,C,Biology,92.4,85.8,1410,385.0,88.8,0,0,0,7,177.4,4,0,116.0
2026-03-30,hpc-gpu-059,C,Chemistry,75.1,46.3,1410,386.0,73.9,0,0,0,2,144.2,4,1,93.0
2026-03-30,hpc-gpu-063,C,Engineering,81.1,65.8,1410,374.0,72.3,0,0,0,0,155.7,2,1,91.0
2026-03-30,hpc-gpu-064,C,Medical Research,92.6,71.5,1410,405.0,85.5,0,0,0,11,177.7,0,1,111.0
2026-03-30,hpc-gpu-065,C,Physics,95.8,87.2,1410,383.0,80.0,0,0,0,9,184.0,3,1,102.0
2026-03-30,hpc-gpu-066,C,Biology,84.6,56.9,1410,376.0,74.5,0,0,0,1,162.5,1,0,94.0
2026-03-30,hpc-gpu-067,C,Chemistry,87.4,75.9,1410,393.0,76.0,0,0,0,0,167.7,4,1,96.0
2026-03-30,hpc-gpu-068,C,Computer Science,84.5,63.8,1410,386.0,78.8,0,0,0,4,162.3,4,1,101.0
2026-03-30,hpc-gpu-070,C,Mathematics,34.0,21.8,1410,348.0,53.1,0,0,0,0,65.2,4,1,62.0
2026-03-30,hpc-gpu-071,C,Engineering,86.9,68.9,1410,400.0,78.3,0,0,0,4,166.9,3,1,100.0
2026-03-30,hpc-gpu-072,C,Medical Research,85.7,59.8,1410,387.0,81.2,0,0,0,1,164.5,4,0,104.0
2026-03-31,hpc-gpu-049,C,Physics,97.0,84.3,1410,385.0,83.0,0,0,0,2,186.2,2,1,107.0
2026-03-31,hpc-gpu-050,C,Biology,80.4,48.8,1410,402.0,77.8,0,0,0,8,154.4,1,0,99.0
2026-03-31,hpc-gpu-052,C,Computer Science,76.2,66.3,1410,366.0,73.7,0,0,0,8,146.3,4,1,93.0
2026-03-31,hpc-gpu-055,C,Engineering,78.4,68.8,1410,384.0,78.0,0,0,0,6,150.6,3,0,99.0
2026-03-31,hpc-gpu-056,C,Medical Research,95.8,64.1,1410,373.0,82.2,0,0,0,8,183.9,3,0,106.0
2026-03-31,hpc-gpu-057,C,Physics,84.4,59.5,1410,373.0,74.9,0,0,0,5,162.0,0,1,95.0
2026-03-31,hpc-gpu-058,C,Biology,81.6,61.5,1410,364.0,76.2,0,0,0,0,156.7,4,0,97.0
2026-03-31,hpc-gpu-060,C,Computer Science,78.4,68.2,1410,380.0,74.4,0,0,0,2,150.5,3,1,94.0
2026-03-31,hpc-gpu-063,C,Engineering,93.8,83.5,1410,420.0,85.7,0,0,0,1,180.0,3,1,111.0
2026-03-31,hpc-gpu-064,C,Medical Research,99.2,92.5,1410,374.0,82.8,0,0,0,1,190.4,2,1,107.0
2026-03-31,hpc-gpu-065,C,Physics,98.2,79.0,1410,439.0,80.9,0,0,0,5,188.5,4,0,104.0
2026-03-31,hpc-gpu-066,C,Biology,83.2,66.9,1410,381.0,73.6,0,0,0,10,159.7,0,0,93.0
2026-03-31,hpc-gpu-071,C,Engineering,90.0,74.0,1410,404.0,77.5,0,0,0,2,172.9,1,0,99.0
2026-03-31,hpc-gpu-072,C,Medical Research,87.7,63.4,1410,377.0,81.5,0,0,0,9,168.3,4,0,105.0
2026-04-01,hpc-gpu-049,C,Physics,100.0,90.5,1410,395.0,91.8,0,0,0,6,192.0,4,0,120.0
2026-04-01,hpc-gpu-050,C,Biology,100.0,91.8,1410,394.0,83.6,0,0,0,10,192.0,1,1,108.0
2026-04-01,hpc-gpu-051,C,Chemistry,80.1,51.7,1410,416.0,77.2,0,0,0,1,153.7,3,1,98.0
2026-04-01,hpc-gpu-052,C,Computer Science,77.5,56.9,1410,373.0,72.3,0,0,0,7,148.8,4,0,91.0
2026-04-01,hpc-gpu-055,C,Engineering,94.3,62.4,1410,376.0,81.7,0,0,0,6,181.0,1,0,105.0
2026-04-01,hpc-gpu-056,C,Medical Research,100.0,78.1,1410,394.0,89.1,0,0,0,6,192.0,3,0,116.0
2026-04-01,hpc-gpu-057,C,Physics,100.0,94.4,1410,406.0,85.3,0,0,0,2,192.0,4,1,110.0
2026-04-01,hpc-gpu-058,C,Biology,86.4,78.3,1410,386.0,77.8,0,0,0,10,165.9,1,0,99.0
2026-04-01,hpc-gpu-063,C,Engineering,96.9,73.8,1410,385.0,78.9,0,0,0,9,186.1,3,0,101.0
2026-04-01,hpc-gpu-064,C,Medical Research,95.9,68.8,1410,391.0,80.0,0,0,0,1,184.1,1,1,102.0
2026-04-01,hpc-gpu-065,C,Physics,93.8,56.4,1410,394.0,85.5,0,0,0,4,180.1,0,0,111.0
2026-04-01,hpc-gpu-066,C,Biology,80.4,62.5,1410,367.0,80.8,0,0,0,9,154.4,1,1,104.0
2026-04-01,hpc-gpu-067,C,Chemistry,84.6,58.5,1410,394.0,77.4,0,0,0,3,162.5,3,1,99.0
2026-04-01,hpc-gpu-070,C,Mathematics,40.0,37.1,1410,314.0,57.3,0,0,0,1,76.8,2,0,68.0
2026-04-01,hpc-gpu-071,C,Engineering,85.7,53.6,1410,366.0,81.3,0,0,0,1,164.6,0,0,104.0
2026-04-01,hpc-gpu-072,C,Medical Research,84.3,53.4,1410,365.0,72.9,0,0,0,8,161.9,0,0,92.0
2026-04-02,hpc-gpu-049,C,Physics,98.7,75.8,1410,411.0,83.4,0,0,0,2,189.5,4,1,108.0
2026-04-02,hpc-gpu-050,C,Biology,91.4,85.7,1410,371.0,81.4,0,0,0,4,175.5,1,0,105.0
2026-04-02,hpc-gpu-051,C,Chemistry,79.8,69.8,1410,369.0,83.0,0,0,0,1,153.3,1,1,107.0
2026-04-02,hpc-gpu-055,C,Engineering,94.5,78.0,1410,423.0,90.8,0,0,0,11,181.4,3,1,119.0
2026-04-02,hpc-gpu-056,C,Medical Research,100.0,74.5,1410,384.0,81.6,0,0,0,8,192.0,3,0,105.0
2026-04-02,hpc-gpu-057,C,Physics,89.4,82.9,1410,379.0,80.7,0,0,0,2,171.7,4,0,104.0
2026-04-02,hpc-gpu-058,C,Biology,96.7,80.4,1410,383.0,82.7,0,0,0,5,185.7,4,1,107.0
2026-04-02,hpc-gpu-059,C,Chemistry,81.5,67.4,1410,415.0,81.5,0,0,0,8,156.6,1,1,105.0
2026-04-02,hpc-gpu-060,C,Computer Science,87.6,58.3,1410,382.0,83.3,0,0,0,2,168.3,4,1,107.0
2026-04-02,hpc-gpu-061,C,Earth Sciences,61.0,52.1,1410,343.0,69.5,0,0,0,8,117.1,4,0,87.0
2026-04-02,hpc-gpu-063,C,Engineering,74.0,58.6,1410,368.0,75.9,0,0,0,5,142.1,3,0,96.0
2026-04-02,hpc-gpu-064,C,Medical Research,92.6,69.3,1410,391.0,84.3,0,0,0,1,177.9,2,1,109.0
2026-04-02,hpc-gpu-065,C,Physics,96.2,73.9,1410,418.0,80.7,0,0,0,7,184.8,2,0,104.0
2026-04-02,hpc-gpu-066,C,Biology,72.7,50.9,1410,354.0,73.1,0,0,0,2,139.5,2,1,92.0
2026-04-02,hpc-gpu-067,C,Chemistry,81.3,51.4,1410,403.0,77.8,0,0,0,4,156.2,3,1,99.0
2026-04-02,hpc-gpu-068,C,Computer Science,72.8,61.6,1410,354.0,77.1,0,0,0,11,139.8,0,1,98.0
2026-04-02,hpc-gpu-071,C,Engineering,81.9,65.4,1410,391.0,73.5,0,0,0,6,157.2,4,1,93.0
2026-04-02,hpc-gpu-072,C,Medical Research,94.6,83.5,1410,370.0,80.9,0,0,0,0,181.7,4,0,104.0
2026-04-03,hpc-gpu-049,C,Physics,100.0,94.1,1410,432.0,91.5,0,0,0,11,192.0,3,0,120.0
2026-04-03,hpc-gpu-050,C,Biology,97.1,72.9,1410,389.0,85.8,0,0,0,7,186.4,3,1,111.0
2026-04-03,hpc-gpu-051,C,Chemistry,73.5,53.6,1410,370.0,74.3,0,0,0,3,141.2,4,0,94.0
2026-04-03,hpc-gpu-052,C,Computer Science,93.8,80.9,1410,372.0,77.4,0,0,0,11,180.1,4,1,99.0
2026-04-03,hpc-gpu-054,C,Mathematics,41.3,38.2,1410,323.0,58.5,0,0,0,3,79.3,4,1,70.0
2026-04-03,hpc-gpu-055,C,Engineering,91.5,83.0,1410,390.0,82.2,0,0,0,1,175.7,4,0,106.0
2026-04-03,hpc-gpu-056,C,Medical Research,100.0,90.1,1410,408.0,81.6,0,0,0,9,192.0,1,0,105.0
2026-04-03,hpc-gpu-057,C,Physics,95.8,59.5,1410,366.0,86.1,0,0,0,1,184.0,4,1,112.0
2026-04-03,hpc-gpu-058,C,Biology,91.9,82.5,1410,380.0,83.2,0,0,0,5,176.5,3,1,107.0
2026-04-03,hpc-gpu-060,C,Computer Science,72.5,59.2,1410,374.0,73.7,0,0,0,0,139.3,3,0,93.0
2026-04-03,hpc-gpu-063,C,Engineering,84.6,64.8,1410,378.0,76.4,0,0,0,10,162.4,4,1,97.0
2026-04-03,hpc-gpu-064,C,Medical Research,80.1,58.3,1410,354.0,72.2,0,0,0,9,153.8,0,1,91.0
2026-04-03,hpc-gpu-065,C,Physics,99.1,88.0,1410,406.0,82.1,0,0,0,6,190.2,0,1,106.0
2026-04-03,hpc-gpu-066,C,Biology,79.5,68.4,1410,363.0,79.9,0,0,0,9,152.7,4,0,102.0
2026-04-03,hpc-gpu-068,C,Computer Science,87.3,66.0,1410,384.0,80.3,0,0,0,5,167.6,1,0,103.0
2026-04-03,hpc-gpu-071,C,Engineering,85.6,53.7,1410,398.0,76.1,0,0,0,4,164.3,4,1,97.0
2026-04-03,hpc-gpu-072,C,Medical Research,97.3,60.9,1410,401.0,85.1,0,0,0,1,186.7,1,0,110.0
2026-04-04,hpc-gpu-065,C,Physics,68.1,59.0,1410,352.0,72.9,0,0,0,5,130.7,3,1,92.0
2026-04-05,hpc-gpu-049,C,Physics,72.2,62.2,1410,356.0,73.1,0,0,0,5,138.6,0,1,92.0
2026-04-05,hpc-gpu-055,C,Engineering,74.9,53.0,1410,359.0,74.2,0,0,0,9,143.8,4,0,94.0
2026-04-05,hpc-gpu-064,C,Medical Research,84.5,55.5,1410,354.0,73.6,0,0,0,2,162.3,3,1,93.0
2026-04-06,hpc-gpu-049,C,Physics,100.0,71.2,1410,406.0,84.0,0,0,0,0,192.0,3,0,108.0
2026-04-06,hpc-gpu-050,C,Biology,88.0,71.1,1410,383.0,84.4,0,0,0,2,169.0,3,0,109.0
2026-04-06,hpc-gpu-052,C,Computer Science,76.2,71.2,1410,378.0,72.3,0,0,0,3,146.3,0,0,91.0
2026-04-06,hpc-gpu-055,C,Engineering,81.1,64.7,1410,379.0,79.6,0,0,0,3,155.7,3,0,102.0
2026-04-06,hpc-gpu-056,C,Medical Research,85.7,73.6,1410,371.0,80.1,0,0,0,3,164.5,1,0,103.0
2026-04-06,hpc-gpu-057,C,Physics,90.9,59.8,1410,387.0,82.3,0,0,0,3,174.6,3,0,106.0
2026-04-06,hpc-gpu-058,C,Biology,93.8,67.0,1410,374.0,81.5,0,0,0,9,180.2,3,0,105.0
2026-04-06,hpc-gpu-059,C,Chemistry,77.7,58.3,1410,398.0,79.1,0,0,0,5,149.2,1,1,101.0
2026-04-06,hpc-gpu-063,C,Engineering,93.6,65.9,1410,385.0,77.1,0,0,0,9,179.8,4,0,98.0
2026-04-06,hpc-gpu-064,C,Medical Research,87.1,56.4,1410,385.0,82.7,0,0,0,0,167.2,0,1,107.0
2026-04-06,hpc-gpu-065,C,Physics,100.0,91.1,1410,385.0,82.3,0,0,0,11,192.0,0,1,106.0
2026-04-06,hpc-gpu-066,C,Biology,85.6,57.1,1410,376.0,78.5,0,0,0,3,164.3,3,0,100.0
2026-04-06,hpc-gpu-068,C,Computer Science,89.9,72.0,1410,410.0,81.8,0,0,0,4,172.5,3,0,105.0
2026-04-06,hpc-gpu-072,C,Medical Research,94.0,60.0,1410,403.0,82.2,0,0,0,0,180.5,4,1,106.0
2026-04-07,hpc-gpu-049,C,Physics,100.0,81.2,1410,421.0,83.0,0,0,0,1,192.0,1,0,107.0
2026-04-07,hpc-gpu-050,C,Biology,85.5,71.3,1410,384.0,79.2,0,0,0,5,164.2,2,0,101.0
2026-04-07,hpc-gpu-051,C,Chemistry,84.4,78.5,1410,377.0,75.4,0,0,0,1,162.0,0,0,96.0
2026-04-07,hpc-gpu-055,C,Engineering,97.7,76.8,1410,395.0,89.3,0,0,0,10,187.6,2,0,116.0
2026-04-07,hpc-gpu-056,C,Medical Research,91.7,69.8,1410,378.0,86.5,0,0,0,9,176.0,4,1,112.0
2026-04-07,hpc-gpu-057,C,Physics,92.9,78.5,1410,369.0,84.0,0,0,0,6,178.3,2,1,109.0
2026-04-07,hpc-gpu-059,C,Chemistry,81.9,73.8,1410,361.0,80.3,0,0,0,9,157.3,1,0,103.0
2026-04-07,hpc-gpu-063,C,Engineering,90.5,73.7,1410,371.0,80.6,0,0,0,1,173.7,0,0,103.0
2026-04-07,hpc-gpu-064,C,Medical Research,90.9,80.5,1410,376.0,80.0,0,0,0,8,174.6,4,1,102.0
2026-04-07,hpc-gpu-065,C,Physics,100.0,93.1,1410,405.0,83.4,0,0,0,5,192.0,2,0,108.0
2026-04-07,hpc-gpu-066,C,Biology,81.9,74.4,1410,395.0,74.6,0,0,0,2,157.2,0,0,94.0
2026-04-07,hpc-gpu-067,C,Chemistry,58.7,52.8,1410,374.0,62.4,0,0,0,8,112.7,1,0,76.0
2026-04-07,hpc-gpu-072,C,Medical Research,89.2,56.5,1410,377.0,84.4,0,0,0,3,171.2,4,0,109.0
2026-04-08,hpc-gpu-049,C,Physics,100.0,79.6,1410,383.0,85.1,0,0,0,3,192.0,3,1,110.0
2026-04-08,hpc-gpu-050,C,Biology,88.8,54.5,1410,402.0,79.3,0,0,0,4,170.5,4,1,101.0
2026-04-08,hpc-gpu-055,C,Engineering,84.3,76.4,1410,377.0,78.1,0,0,0,7,161.8,3,0,100.0
2026-04-08,hpc-gpu-056,C,Medical Research,95.0,73.5,1410,406.0,80.7,0,0,0,11,182.4,2,1,104.0
2026-04-08,hpc-gpu-057,C,Physics,100.0,90.9,1410,420.0,90.8,0,0,0,0,192.0,2,0,119.0
2026-04-08,hpc-gpu-058,C,Biology,83.8,52.8,1410,398.0,80.6,0,0,0,4,160.9,4,0,103.0
2026-04-08,hpc-gpu-059,C,Chemistry,87.7,66.8,1410,415.0,78.3,0,0,0,1,168.4,3,1,100.0
2026-04-08,hpc-gpu-060,C,Computer Science,72.7,46.8,1410,369.0,67.9,0,0,0,5,139.6,3,1,84.0
2026-04-08,hpc-gpu-063,C,Engineering,100.0,91.6,1410,434.0,82.5,0,0,0,11,192.0,2,0,106.0
2026-04-08,hpc-gpu-064,C,Medical Research,89.1,74.4,1410,404.0,86.0,0,0,0,11,171.1,4,0,111.0
2026-04-08,hpc-gpu-065,C,Physics,98.3,62.5,1410,401.0,80.1,0,0,0,0,188.7,4,0,103.0
2026-04-08,hpc-gpu-066,C,Biology,86.1,67.7,1410,407.0,81.7,0,0,0,9,165.3,2,1,105.0
2026-04-08,hpc-gpu-068,C,Computer Science,82.4,72.3,1410,348.0,73.2,0,0,0,9,158.3,0,0,92.0
2026-04-08,hpc-gpu-071,C,Engineering,77.7,72.6,1410,387.0,76.8,0,0,0,11,149.2,3,0,98.0
2026-04-08,hpc-gpu-072,C,Medical Research,95.0,57.0,1410,410.0,81.8,0,0,0,11,182.3,2,1,105.0
2026-04-09,hpc-gpu-049,C,Physics,89.9,70.6,1410,400.0,80.3,0,0,0,11,172.6,2,1,103.0
2026-04-09,hpc-gpu-050,C,Biology,79.6,48.5,1410,365.0,72.5,0,0,0,7,152.9,3,0,91.0
2026-04-09,hpc-gpu-051,C,Chemistry,82.3,56.3,1410,364.0,80.2,0,0,0,8,158.1,1,0,103.0
2026-04-09,hpc-gpu-052,C,Computer Science,83.4,70.8,1410,380.0,73.9,0,0,0,5,160.1,0,0,93.0
2026-04-09,hpc-gpu-056,C,Medical Research,95.6,79.7,1410,398.0,79.2,0,0,0,9,183.5,1,0,101.0
2026-04-09,hpc-gpu-057,C,Physics,89.7,61.0,1410,376.0,77.5,0,0,0,2,172.2,3,1,99.0
2026-04-09,hpc-gpu-058,C,Biology,93.1,63.5,1410,376.0,85.1,0,0,0,4,178.8,1,0,110.0
2026-04-09,hpc-gpu-060,C,Computer Science,72.5,47.8,1410,386.0,72.1,0,0,0,7,139.1,1,1,91.0
2026-04-09,hpc-gpu-063,C,Engineering,87.5,74.1,1410,383.0,74.8,0,0,0,2,167.9,0,1,95.0
2026-04-09,hpc-gpu-064,C,Medical Research,100.0,60.6,1410,399.0,87.0,0,0,0,11,192.0,1,1,113.0
2026-04-09,hpc-gpu-065,C,Physics,99.6,81.0,1410,422.0,81.2,0,0,0,9,191.2,3,0,104.0
2026-04-09,hpc-gpu-066,C,Biology,95.2,61.0,1410,391.0,85.4,0,0,0,11,182.8,4,1,111.0
2026-04-09,hpc-gpu-068,C,Computer Science,72.0,53.5,1410,376.0,75.1,0,0,0,3,138.3,1,0,95.0
2026-04-09,hpc-gpu-071,C,Engineering,91.3,67.9,1410,382.0,81.4,0,0,0,3,175.3,0,1,105.0
2026-04-09,hpc-gpu-072,C,Medical Research,87.3,57.4,1410,369.0,75.7,0,0,0,5,167.7,1,0,96.0
2026-04-10,hpc-gpu-049,C,Physics,98.6,59.2,1410,388.0,84.8,0,0,0,1,189.2,4,1,110.0
2026-04-10,hpc-gpu-050,C,Biology,100.0,65.4,1410,398.0,87.7,0,0,0,6,192.0,0,1,114.0
2026-04-10,hpc-gpu-055,C,Engineering,83.0,71.1,1410,406.0,74.8,0,0,0,7,159.4,3,1,95.0
2026-04-10,hpc-gpu-056,C,Medical Research,100.0,71.3,1410,391.0,88.7,0,0,0,6,192.0,2,1,116.0
2026-04-10,hpc-gpu-057,C,Physics,100.0,77.0,1410,397.0,84.8,0,0,0,8,192.0,1,1,110.0
2026-04-10,hpc-gpu-059,C,Chemistry,78.7,53.0,1410,376.0,78.9,0,0,0,1,151.1,3,1,101.0
2026-04-10,hpc-gpu-060,C,Computer Science,86.8,66.1,1410,393.0,77.8,0,0,0,1,166.7,4,0,99.0
2026-04-10,hpc-gpu-063,C,Engineering,75.5,64.5,1410,390.0,74.5,0,0,0,11,144.9,3,0,94.0
2026-04-10,hpc-gpu-064,C,Medical Research,86.5,64.9,1410,394.0,77.6,0,0,0,8,166.2,1,1,99.0
2026-04-10,hpc-gpu-065,C,Physics,100.0,88.1,1410,369.0,83.5,0,0,0,8,192.0,2,0,108.0
2026-04-10,hpc-gpu-066,C,Biology,79.5,53.3,1410,393.0,72.3,0,0,0,3,152.7,2,1,91.0
2026-04-10,hpc-gpu-067,C,Chemistry,70.8,54.5,1410,355.0,72.9,0,0,0,5,135.9,1,0,92.0
2026-04-10,hpc-gpu-068,C,Computer Science,73.2,52.3,1410,379.0,72.2,0,0,0,10,140.6,3,0,91.0
2026-04-10,hpc-gpu-071,C,Engineering,86.2,80.9,1410,379.0,76.0,0,0,0,1,165.4,1,0,97.0
2026-04-10,hpc-gpu-072,C,Medical Research,89.4,73.8,1410,383.0,79.1,0,0,0,3,171.7,3,0,101.0
2026-04-11,hpc-gpu-055,C,Engineering,53.2,38.1,1410,353.0,56.3,0,0,0,10,102.2,4,1,67.0
2026-04-11,hpc-gpu-069,C,Earth Sciences,60.5,45.4,1410,345.0,72.4,0,0,0,10,116.2,3,1,91.0
2026-04-12,hpc-gpu-049,C,Physics,79.3,62.2,1410,361.0,77.0,0,0,0,5,152.3,4,0,98.0
2026-04-12,hpc-gpu-057,C,Physics,73.3,58.8,1410,383.0,72.1,0,0,0,1,140.7,3,1,91.0
2026-04-13,hpc-gpu-049,C,Physics,100.0,63.7,1410,368.0,82.7,0,0,0,1,192.0,1,1,107.0
2026-04-13,hpc-gpu-050,C,Biology,86.5,71.1,1410,393.0,79.8,0,0,0,5,166.1,3,0,102.0
2026-04-13,hpc-gpu-051,C,Chemistry,83.9,51.5,1410,399.0,73.5,0,0,0,8,161.0,0,0,93.0
2026-04-13,hpc-gpu-052,C,Computer Science,80.2,61.4,1410,389.0,72.5,0,0,0,8,154.0,1,0,91.0
2026-04-13,hpc-gpu-053,C,Earth Sciences,55.3,43.3,1410,342.0,64.8,0,0,0,10,106.2,2,0,80.0
2026-04-13,hpc-gpu-055,C,Engineering,80.9,62.3,1410,377.0,73.5,0,0,0,0,155.4,4,1,93.0
2026-04-13,hpc-gpu-056,C,Medical Research,98.3,69.4,1410,406.0,81.8,0,0,0,1,188.7,4,0,105.0
2026-04-13,hpc-gpu-057,C,Physics,100.0,67.1,1410,407.0,81.2,0,0,0,4,192.0,1,1,104.0
2026-04-13,hpc-gpu-058,C,Biology,84.5,61.3,1410,392.0,79.8,0,0,0,2,162.2,1,1,102.0
2026-04-13,hpc-gpu-059,C,Chemistry,87.5,64.5,1410,382.0,74.0,0,0,0,4,168.0,0,0,93.0
2026-04-13,hpc-gpu-060,C,Computer Science,82.1,60.4,1410,377.0,76.9,0,0,0,2,157.6,4,1,98.0
2026-04-13,hpc-gpu-063,C,Engineering,90.1,70.2,1410,406.0,80.4,0,0,0,1,172.9,4,0,103.0
2026-04-13,hpc-gpu-064,C,Medical Research,100.0,62.8,1410,400.0,86.4,0,0,0,11,192.0,2,0,112.0
2026-04-13,hpc-gpu-065,C,Physics,96.3,70.0,1410,388.0,87.0,0,0,0,7,184.8,1,1,113.0
2026-04-13,hpc-gpu-068,C,Computer Science,76.7,71.7,1410,386.0,72.7,0,0,0,3,147.3,4,0,92.0
2026-04-13,hpc-gpu-071,C,Engineering,84.3,66.2,1410,376.0,82.7,0,0,0,3,161.8,3,0,107.0
2026-04-14,hpc-gpu-049,C,Physics,100.0,79.4,1410,403.0,90.7,0,0,0,10,192.0,4,1,119.0
2026-04-14,hpc-gpu-050,C,Biology,79.8,55.3,1410,388.0,77.6,0,0,0,4,153.2,0,1,99.0
2026-04-14,hpc-gpu-051,C,Chemistry,83.8,69.3,1410,384.0,77.3,0,0,0,7,160.9,2,0,98.0
2026-04-14,hpc-gpu-052,C,Computer Science,85.6,62.2,1410,390.0,76.4,0,0,0,1,164.4,1,0,97.0
2026-04-14,hpc-gpu-055,C,Engineering,83.0,52.3,1410,386.0,73.7,0,0,0,6,159.4,2,1,93.0
2026-04-14,hpc-gpu-056,C,Medical Research,95.3,71.5,1410,414.0,78.7,0,0,0,10,182.9,4,1,101.0
2026-04-14,hpc-gpu-057,C,Physics,100.0,66.7,1410,411.0,82.5,0,0,0,3,192.0,3,1,106.0
2026-04-14,hpc-gpu-058,C,Biology,78.1,47.3,1410,377.0,76.5,0,0,0,8,149.9,0,1,97.0
2026-04-14,hpc-gpu-059,C,Chemistry,90.8,85.8,1410,372.0,87.5,0,0,0,9,174.3,0,0,114.0
2026-04-14,hpc-gpu-060,C,Computer Science,73.2,55.0,1410,354.0,72.7,0,0,0,4,140.6,4,1,92.0
2026-04-14,hpc-gpu-063,C,Engineering,100.0,91.3,1410,403.0,84.8,0,0,0,8,192.0,1,0,110.0
2026-04-14,hpc-gpu-064,C,Medical Research,79.1,68.5,1410,392.0,76.0,0,0,0,5,151.9,4,0,96.0
2026-04-14,hpc-gpu-065,C,Physics,100.0,87.6,1410,371.0,83.5,0,0,0,11,192.0,0,1,108.0
2026-04-14,hpc-gpu-066,C,Biology,84.4,80.0,1410,396.0,76.6,0,0,0,5,162.0,2,0,97.0
2026-04-14,hpc-gpu-068,C,Computer Science,78.2,52.7,1410,395.0,73.3,0,0,0,6,150.1,2,1,93.0
2026-04-14,hpc-gpu-071,C,Engineering,100.0,93.5,1410,422.0,83.5,0,0,0,7,192.0,4,1,108.0
2026-04-14,hpc-gpu-072,C,Medical Research,96.9,79.4,1410,424.0,84.5,0,0,0,5,186.1,4,0,109.0
2026-04-15,hpc-gpu-049,C,Physics,97.0,65.9,1410,372.0,83.3,0,0,0,4,186.2,0,1,107.0
2026-04-15,hpc-gpu-050,C,Biology,88.7,78.6,1410,392.0,79.3,0,0,0,0,170.2,0,0,101.0
2026-04-15,hpc-gpu-051,C,Chemistry,90.6,69.9,1410,392.0,82.2,0,0,0,1,173.9,2,0,106.0
2026-04-15,hpc-gpu-053,C,Earth Sciences,75.0,64.1,1410,394.0,76.1,0,0,0,3,144.0,3,0,97.0
2026-04-15,hpc-gpu-055,C,Engineering,79.9,69.1,1410,382.0,73.4,0,0,0,0,153.4,4,0,93.0
2026-04-15,hpc-gpu-056,C,Medical Research,84.6,79.7,1410,397.0,81.5,0,0,0,1,162.5,0,0,105.0
2026-04-15,hpc-gpu-057,C,Physics,100.0,91.1,1410,383.0,84.0,0,0,0,1,192.0,3,0,109.0
2026-04-15,hpc-gpu-058,C,Biology,79.7,61.4,1410,400.0,75.7,0,0,0,0,153.1,0,0,96.0
2026-04-15,hpc-gpu-059,C,Chemistry,83.7,75.9,1410,374.0,73.8,0,0,0,9,160.7,0,1,93.0
2026-04-15,hpc-gpu-063,C,Engineering,80.6,71.6,1410,382.0,78.0,0,0,0,7,154.8,2,1,100.0
2026-04-15,hpc-gpu-064,C,Medical Research,91.7,86.2,1410,387.0,79.3,0,0,0,8,176.1,0,0,101.0
2026-04-15,hpc-gpu-065,C,Physics,90.4,67.3,1410,384.0,75.5,0,0,0,3,173.6,2,1,96.0
2026-04-15,hpc-gpu-066,C,Biology,83.3,78.8,1410,383.0,82.5,0,0,0,0,159.9,2,0,106.0
2026-04-15,hpc-gpu-071,C,Engineering,87.1,63.7,1410,381.0,76.3,0,0,0,4,167.1,4,1,97.0
2026-04-15,hpc-gpu-072,C,Medical Research,98.8,91.9,1410,424.0,81.7,0,0,0,3,189.7,2,1,105.0
2026-04-16,hpc-gpu-049,C,Physics,98.7,81.4,1410,364.0,85.1,0,0,0,7,189.5,4,1,110.0
2026-04-16,hpc-gpu-050,C,Biology,96.1,88.6,1410,431.0,86.5,0,0,0,10,184.5,1,0,112.0
2026-04-16,hpc-gpu-051,C,Chemistry,58.2,48.6,1410,374.0,62.2,0,0,0,10,111.8,2,0,76.0
2026-04-16,hpc-gpu-053,C,Earth Sciences,66.7,58.8,1410,365.0,73.8,0,0,0,4,128.0,0,1,93.0
2026-04-16,hpc-gpu-055,C,Engineering,88.3,76.3,1410,373.0,82.0,0,0,0,5,169.6,2,1,105.0
2026-04-16,hpc-gpu-056,C,Medical Research,92.3,77.5,1410,396.0,78.9,0,0,0,0,177.1,2,1,101.0
2026-04-16,hpc-gpu-057,C,Physics,93.0,70.3,1410,409.0,82.2,0,0,0,10,178.6,2,1,106.0
2026-04-16,hpc-gpu-058,C,Biology,92.4,68.7,1410,406.0,79.6,0,0,0,0,177.5,2,1,102.0
2026-04-16,hpc-gpu-059,C,Chemistry,74.8,67.7,1410,351.0,74.9,0,0,0,8,143.6,3,0,95.0
2026-04-16,hpc-gpu-060,C,Computer Science,88.5,66.1,1410,375.0,79.8,0,0,0,10,169.9,4,1,102.0
2026-04-16,hpc-gpu-061,C,Earth Sciences,77.2,63.5,1410,377.0,72.4,0,0,0,0,148.2,3,0,91.0
2026-04-16,hpc-gpu-063,C,Engineering,89.6,72.4,1410,408.0,77.1,0,0,0,0,172.1,4,0,98.0
2026-04-16,hpc-gpu-064,C,Medical Research,77.5,54.3,1410,383.0,73.7,0,0,0,2,148.8,0,1,93.0
2026-04-16,hpc-gpu-065,C,Physics,82.5,60.9,1410,381.0,78.1,0,0,0,0,158.5,2,0,100.0
2026-04-16,hpc-gpu-071,C,Engineering,91.1,66.6,1410,394.0,79.8,0,0,0,11,175.0,4,1,102.0
2026-04-16,hpc-gpu-072,C,Medical Research,96.1,58.0,1410,382.0,77.5,0,0,0,6,184.5,0,1,99.0
2026-04-17,hpc-gpu-049,C,Physics,95.0,82.0,1410,404.0,89.0,0,0,0,5,182.4,3,0,116.0
2026-04-17,hpc-gpu-050,C,Biology,87.2,68.5,1410,376.0,82.3,0,0,0,9,167.4,4,0,106.0
2026-04-17,hpc-gpu-051,C,Chemistry,83.0,66.7,1410,424.0,75.4,0,0,0,6,159.3,0,0,96.0
2026-04-17,hpc-gpu-056,C,Medical Research,91.2,72.3,1410,411.0,81.2,0,0,0,5,175.0,4,0,104.0
2026-04-17,hpc-gpu-057,C,Physics,90.5,74.3,1410,391.0,83.4,0,0,0,4,173.8,3,0,108.0
2026-04-17,hpc-gpu-058,C,Biology,81.1,72.6,1410,379.0,76.1,0,0,0,2,155.7,1,1,97.0
2026-04-17,hpc-gpu-059,C,Chemistry,75.4,51.8,1410,379.0,72.2,0,0,0,0,144.8,0,0,91.0
2026-04-17,hpc-gpu-064,C,Medical Research,85.6,77.5,1410,381.0,86.9,0,0,0,8,164.3,4,1,113.0
2026-04-17,hpc-gpu-065,C,Physics,96.4,64.9,1410,411.0,79.1,0,0,0,3,185.2,0,0,101.0
2026-04-17,hpc-gpu-071,C,Engineering,100.0,79.7,1410,384.0,81.1,0,0,0,9,192.0,4,0,104.0
2026-04-17,hpc-gpu-072,C,Medical Research,90.8,83.8,1410,374.0,78.1,0,0,0,8,174.2,2,1,100.0
2026-04-18,hpc-gpu-051,C,Chemistry,73.5,63.2,1410,369.0,76.9,0,0,0,3,141.1,2,1,98.0
2026-04-18,hpc-gpu-067,C,Chemistry,47.1,43.7,1410,361.0,57.2,0,0,0,10,90.5,4,0,68.0
2026-04-19,hpc-gpu-001,A,Physics,41.1,38.8,1410,372.0,51.5,0,0,0,7,78.9,4,0,60.0
2026-04-19,hpc-gpu-065,C,Physics,64.2,52.5,1410,345.0,69.3,0,0,0,1,123.2,4,1,87.0
2026-04-20,hpc-gpu-049,C,Physics,84.4,62.4,1410,421.0,76.6,0,0,0,0,162.0,2,0,97.0
2026-04-20,hpc-gpu-050,C,Biology,88.0,79.7,1410,405.0,81.6,0,0,0,10,169.0,4,1,105.0
2026-04-20,hpc-gpu-051,C,Chemistry,87.7,80.4,1410,377.0,79.1,0,0,0,6,168.4,4,0,101.0
2026-04-20,hpc-gpu-055,C,Engineering,89.5,61.9,1410,387.0,82.6,0,0,0,7,171.9,0,0,106.0
2026-04-20,hpc-gpu-056,C,Medical Research,93.0,87.7,1410,375.0,82.6,0,0,0,1,178.6,1,0,106.0
2026-04-20,hpc-gpu-057,C,Physics,90.0,65.6,1410,362.0,80.7,0,0,0,3,172.7,0,1,103.0
2026-04-20,hpc-gpu-058,C,Biology,88.7,64.8,1410,396.0,82.9,0,0,0,2,170.3,3,1,107.0
2026-04-20,hpc-gpu-063,C,Engineering,91.6,62.8,1410,387.0,82.3,0,0,0,2,176.0,0,0,106.0
2026-04-20,hpc-gpu-064,C,Medical Research,97.7,78.1,1410,371.0,88.3,0,0,0,8,187.7,3,1,115.0
2026-04-20,hpc-gpu-065,C,Physics,87.4,82.7,1410,398.0,81.4,0,0,0,9,167.9,2,0,105.0
2026-04-20,hpc-gpu-066,C,Biology,83.0,55.1,1410,407.0,74.5,0,0,0,7,159.4,0,1,94.0
2026-04-20,hpc-gpu-072,C,Medical Research,87.1,66.7,1410,417.0,78.4,0,0,0,9,167.2,0,1,100.0
2026-04-21,hpc-gpu-049,C,Physics,98.5,66.0,1410,426.0,85.0,0,0,0,3,189.1,2,0,110.0
2026-04-21,hpc-gpu-051,C,Chemistry,81.3,54.9,1410,367.0,73.9,0,0,0,2,156.1,4,0,93.0
2026-04-21,hpc-gpu-052,C,Computer Science,76.9,52.9,1410,386.0,74.1,0,0,0,10,147.7,0,0,94.0
2026-04-21,hpc-gpu-056,C,Medical Research,100.0,72.3,1410,399.0,87.8,0,0,0,1,192.0,1,1,114.0
2026-04-21,hpc-gpu-057,C,Physics,100.0,79.8,1410,384.0,87.7,0,0,0,6,192.0,2,0,114.0
2026-04-21,hpc-gpu-058,C,Biology,74.2,62.1,1410,359.0,74.4,0,0,0,8,142.4,1,1,94.0
2026-04-21,hpc-gpu-059,C,Chemistry,77.1,58.1,1410,371.0,73.8,0,0,0,11,148.1,0,0,93.0
2026-04-21,hpc-gpu-060,C,Computer Science,83.9,66.3,1410,365.0,77.1,0,0,0,4,161.1,2,0,98.0
2026-04-21,hpc-gpu-063,C,Engineering,81.3,59.3,1410,366.0,77.8,0,0,0,2,156.1,4,1,99.0
2026-04-21,hpc-gpu-064,C,Medical Research,100.0,66.4,1410,390.0,84.8,0,0,0,7,192.0,2,1,110.0
2026-04-21,hpc-gpu-065,C,Physics,100.0,89.5,1410,402.0,84.2,0,0,0,6,192.0,1,1,109.0
2026-04-21,hpc-gpu-066,C,Biology,81.5,70.8,1410,378.0,76.3,0,0,0,2,156.6,3,0,97.0
2026-04-21,hpc-gpu-067,C,Chemistry,81.5,51.3,1410,391.0,76.0,0,0,0,3,156.5,1,0,96.0
2026-04-21,hpc-gpu-068,C,Computer Science,74.3,68.4,1410,386.0,74.5,0,0,0,1,142.7,3,1,94.0
2026-04-21,hpc-gpu-070,C,Mathematics,51.5,38.0,1410,350.0,58.3,0,0,0,11,98.9,1,0,70.0
2026-04-21,hpc-gpu-071,C,Engineering,98.8,79.0,1410,401.0,80.5,0,0,0,3,189.6,2,1,103.0
2026-04-21,hpc-gpu-072,C,Medical Research,87.8,56.8,1410,430.0,79.0,0,0,0,1,168.5,4,0,101.0
2026-04-22,hpc-gpu-049,C,Physics,100.0,86.8,1410,392.0,84.0,0,0,0,3,192.0,1,0,108.0
2026-04-22,hpc-gpu-051,C,Chemistry,80.1,66.6,1410,382.0,77.9,0,0,0,3,153.7,1,0,99.0
2026-04-22,hpc-gpu-055,C,Engineering,82.2,50.1,1410,395.0,76.5,0,0,0,9,157.8,3,0,97.0
2026-04-22,hpc-gpu-056,C,Medical Research,100.0,68.7,1410,382.0,85.6,0,0,0,2,192.0,3,1,111.0
2026-04-22,hpc-gpu-057,C,Physics,97.7,81.2,1410,387.0,81.5,0,0,0,2,187.6,4,1,105.0
2026-04-22,hpc-gpu-058,C,Biology,76.6,58.2,1410,383.0,72.3,0,0,0,0,147.1,2,1,91.0
2026-04-22,hpc-gpu-059,C,Chemistry,78.4,64.4,1410,346.0,77.8,0,0,0,7,150.5,2,1,99.0
2026-04-22,hpc-gpu-060,C,Computer Science,85.0,65.2,1410,375.0,77.0,0,0,0,7,163.1,3,1,98.0
2026-04-22,hpc-gpu-063,C,Engineering,90.8,59.7,1410,376.0,84.5,0,0,0,7,174.3,2,0,109.0
2026-04-22,hpc-gpu-064,C,Medical Research,100.0,84.2,1410,427.0,83.3,0,0,0,9,192.0,4,0,107.0
2026-04-22,hpc-gpu-065,C,Physics,100.0,83.9,1410,422.0,90.4,0,0,0,2,192.0,0,0,118.0
2026-04-22,hpc-gpu-066,C,Biology,90.2,83.0,1410,403.0,77.4,0,0,0,3,173.1,4,0,99.0
2026-04-22,hpc-gpu-067,C,Chemistry,83.3,71.2,1410,406.0,75.5,0,0,0,4,159.9,0,1,96.0
2026-04-22,hpc-gpu-071,C,Engineering,75.3,68.7,1410,404.0,72.7,0,0,0,4,144.6,2,0,92.0
2026-04-22,hpc-gpu-072,C,Medical Research,95.3,90.1,1410,411.0,79.5,0,0,0,1,182.9,4,0,102.0
2026-04-23,hpc-gpu-049,C,Physics,100.0,71.4,1410,393.0,83.2,0,0,0,5,192.0,1,0,107.0
2026-04-23,hpc-gpu-050,C,Biology,84.5,73.7,1410,399.0,85.5,0,0,0,11,162.2,1,1,111.0
2026-04-23,hpc-gpu-051,C,Chemistry,77.5,50.0,1410,369.0,73.0,0,0,0,2,148.9,3,0,92.0
2026-04-23,hpc-gpu-055,C,Engineering,92.5,79.6,1410,388.0,78.2,0,0,0,1,177.5,3,1,100.0
2026-04-23,hpc-gpu-056,C,Medical Research,92.4,59.2,1410,407.0,84.2,0,0,0,3,177.4,1,1,109.0
2026-04-23,hpc-gpu-057,C,Physics,100.0,87.3,1410,399.0,86.4,0,0,0,4,192.0,3,0,112.0
2026-04-23,hpc-gpu-058,C,Biology,89.9,54.7,1410,398.0,78.0,0,0,0,8,172.7,1,0,100.0
2026-04-23,hpc-gpu-059,C,Chemistry,81.2,75.0,1410,387.0,82.9,0,0,0,6,155.9,3,1,107.0
2026-04-23,hpc-gpu-060,C,Computer Science,73.0,49.3,1410,345.0,73.8,0,0,0,5,140.2,4,1,93.0
2026-04-23,hpc-gpu-063,C,Engineering,85.3,77.9,1410,373.0,74.8,0,0,0,3,163.7,1,0,95.0
2026-04-23,hpc-gpu-064,C,Medical Research,87.6,77.6,1410,390.0,79.6,0,0,0,4,168.2,2,0,102.0
2026-04-23,hpc-gpu-065,C,Physics,100.0,82.6,1410,405.0,79.4,0,0,0,2,192.0,1,0,102.0
2026-04-23,hpc-gpu-066,C,Biology,99.1,76.7,1410,402.0,84.2,0,0,0,1,190.3,2,1,109.0
2026-04-23,hpc-gpu-067,C,Chemistry,77.8,54.1,1410,391.0,76.7,0,0,0,11,149.3,2,0,97.0
2026-04-23,hpc-gpu-068,C,Computer Science,77.9,62.8,1410,414.0,78.7,0,0,0,11,149.6,1,1,100.0
2026-04-23,hpc-gpu-070,C,Mathematics,65.9,41.8,1410,365.0,72.9,0,0,0,4,126.5,0,1,92.0
2026-04-23,hpc-gpu-071,C,Engineering,92.1,81.5,1410,389.0,84.7,0,0,0,4,176.7,3,1,110.0
2026-04-23,hpc-gpu-072,C,Medical Research,96.9,72.1,1410,392.0,84.0,0,0,0,5,186.1,0,0,108.0
2026-04-24,hpc-gpu-049,C,Physics,100.0,69.0,1410,401.0,82.9,0,0,0,3,192.0,3,0,107.0
2026-04-24,hpc-gpu-050,C,Biology,83.7,78.1,1410,390.0,79.5,0,0,0,5,160.7,3,1,102.0
2026-04-24,hpc-gpu-051,C,Chemistry,88.3,74.1,1410,417.0,83.5,0,0,0,5,169.6,4,0,108.0
2026-04-24,hpc-gpu-052,C,Computer Science,79.4,59.2,1410,384.0,77.9,0,0,0,6,152.5,1,0,99.0
2026-04-24,hpc-gpu-055,C,Engineering,89.5,55.0,1410,379.0,84.4,0,0,0,11,171.7,3,0,109.0
2026-04-24,hpc-gpu-056,C,Medical Research,91.1,65.1,1410,385.0,74.0,0,0,0,9,175.0,4,0,93.0
2026-04-24,hpc-gpu-057,C,Physics,93.4,78.4,1410,383.0,82.7,0,0,0,1,179.4,3,1,107.0
2026-04-24,hpc-gpu-058,C,Biology,90.7,83.1,1410,396.0,84.0,0,0,0,7,174.2,4,0,108.0
2026-04-24,hpc-gpu-059,C,Chemistry,75.7,55.2,1410,349.0,72.3,0,0,0,5,145.3,4,0,91.0
2026-04-24,hpc-gpu-062,C,Mathematics,59.7,38.0,1410,332.0,74.7,0,0,0,0,114.6,2,1,95.0
2026-04-24,hpc-gpu-063,C,Engineering,87.9,70.5,1410,384.0,77.8,0,0,0,5,168.7,2,0,99.0
2026-04-24,hpc-gpu-064,C,Medical Research,98.0,69.3,1410,370.0,87.5,0,0,0,9,188.1,1,1,114.0
2026-04-24,hpc-gpu-065,C,Physics,100.0,68.9,1410,421.0,87.8,0,0,0,10,192.0,2,0,114.0
2026-04-24,hpc-gpu-066,C,Biology,92.3,73.1,1410,413.0,84.5,0,0,0,3,177.3,1,0,109.0
2026-04-24,hpc-gpu-067,C,Chemistry,72.8,44.3,1410,377.0,73.9,0,0,0,3,139.8,3,1,93.0
2026-04-24,hpc-gpu-068,C,Computer Science,82.9,57.9,1410,392.0,78.4,0,0,0,5,159.1,0,1,100.0
2026-04-24,hpc-gpu-071,C,Engineering,95.7,76.0,1410,387.0,81.9,0,0,0,5,183.8,3,1,105.0
2026-04-24,hpc-gpu-072,C,Medical Research,87.4,62.2,1410,403.0,76.3,0,0,0,10,167.8,2,1,97.0
2026-04-25,hpc-gpu-049,C,Physics,76.0,60.9,1410,367.0,75.4,0,0,0,5,145.8,3,0,96.0
2026-04-25,hpc-gpu-051,C,Chemistry,43.2,37.6,1410,325.0,58.2,0,0,0,2,82.9,1,1,70.0
2026-04-25,hpc-gpu-053,C,Earth Sciences,44.1,33.0,1410,334.0,53.4,0,0,0,1,84.7,1,1,63.0
2026-04-25,hpc-gpu-057,C,Physics,66.9,63.5,1410,341.0,73.2,0,0,0,1,128.4,3,1,92.0
2026-04-25,hpc-gpu-058,C,Biology,48.1,44.6,1410,334.0,53.2,0,0,0,10,92.4,3,0,62.0
2026-04-25,hpc-gpu-065,C,Physics,77.9,72.2,1410,355.0,79.6,0,0,0,9,149.6,4,1,102.0
2026-04-26,hpc-gpu-072,C,Medical Research,72.6,59.7,1410,364.0,72.1,0,0,0,6,139.4,2,1,91.0
2026-04-27,hpc-gpu-049,C,Physics,100.0,70.3,1410,397.0,80.4,0,0,0,5,192.0,3,1,103.0
2026-04-27,hpc-gpu-055,C,Engineering,87.4,69.4,1410,419.0,76.3,0,0,0,8,167.7,2,0,97.0
2026-04-27,hpc-gpu-056,C,Medical Research,94.0,77.4,1410,376.0,87.4,0,0,0,6,180.6,1,0,114.0
2026-04-27,hpc-gpu-057,C,Physics,97.5,66.1,1410,390.0,84.5,0,0,0,8,187.2,4,0,109.0
2026-04-27,hpc-gpu-058,C,Biology,95.4,86.3,1410,392.0,80.1,0,0,0,2,183.1,3,0,103.0
2026-04-27,hpc-gpu-060,C,Computer Science,75.1,70.1,1410,392.0,72.1,0,0,0,10,144.2,2,1,91.0
2026-04-27,hpc-gpu-063,C,Engineering,89.4,74.4,1410,406.0,80.0,0,0,0,0,171.7,4,0,103.0
2026-04-27,hpc-gpu-064,C,Medical Research,97.3,87.3,1410,366.0,80.7,0,0,0,10,186.7,2,0,104.0
2026-04-27,hpc-gpu-065,C,Physics,88.9,58.4,1410,385.0,74.4,0,0,0,4,170.7,2,1,94.0
2026-04-27,hpc-gpu-067,C,Chemistry,74.2,52.4,1410,388.0,70.0,0,0,0,10,142.4,1,0,88.0
2026-04-27,hpc-gpu-072,C,Medical Research,100.0,88.4,1410,406.0,82.7,0,0,0,1,192.0,0,0,107.0
2026-04-28,hpc-gpu-049,C,Physics,100.0,71.0,1410,400.0,81.9,0,0,0,8,192.0,0,0,105.0
2026-04-28,hpc-gpu-050,C,Biology,89.9,63.8,1410,367.0,87.0,0,0,0,6,172.7,4,1,113.0
2026-04-28,hpc-gpu-051,C,Chemistry,79.7,71.7,1410,373.0,78.5,0,0,0,4,153.1,1,1,100.0
2026-04-28,hpc-gpu-052,C,Computer Science,77.9,50.7,1410,362.0,78.4,0,0,0,3,149.6,2,1,100.0
2026-04-28,hpc-gpu-053,C,Earth Sciences,73.7,66.0,1410,348.0,72.6,0,0,0,9,141.5,3,0,91.0
2026-04-28,hpc-gpu-055,C,Engineering,88.8,57.8,1410,381.0,79.1,0,0,0,6,170.4,0,0,101.0
2026-04-28,hpc-gpu-056,C,Medical Research,76.4,58.0,1410,361.0,73.4,0,0,0,8,146.7,2,1,93.0
2026-04-28,hpc-gpu-057,C,Physics,95.8,69.9,1410,393.0,87.2,0,0,0,1,183.9,4,1,113.0
2026-04-28,hpc-gpu-059,C,Chemistry,83.4,54.2,1410,380.0,74.0,0,0,0,2,160.1,3,1,93.0
2026-04-28,hpc-gpu-061,C,Earth Sciences,47.4,32.1,1410,348.0,57.9,0,0,0,9,91.1,4,0,69.0
2026-04-28,hpc-gpu-062,C,Mathematics,33.6,20.3,1410,355.0,50.2,0,0,0,0,64.5,4,1,58.0
2026-04-28,hpc-gpu-063,C,Engineering,100.0,61.4,1410,380.0,83.9,0,0,0,7,192.0,2,0,108.0
2026-04-28,hpc-gpu-064,C,Medical Research,97.2,75.0,1410,402.0,85.4,0,0,0,8,186.7,4,0,111.0
2026-04-28,hpc-gpu-065,C,Physics,98.9,66.8,1410,374.0,85.0,0,0,0,8,189.9,0,0,110.0
2026-04-28,hpc-gpu-066,C,Biology,89.0,56.2,1410,412.0,79.5,0,0,0,2,171.0,0,0,102.0
2026-04-28,hpc-gpu-067,C,Chemistry,84.0,70.5,1410,363.0,76.3,0,0,0,10,161.3,2,0,97.0
2026-04-28,hpc-gpu-071,C,Engineering,93.0,78.4,1410,362.0,78.9,0,0,0,2,178.5,0,1,101.0
2026-04-28,hpc-gpu-072,C,Medical Research,100.0,70.7,1410,403.0,83.8,0,0,0,6,192.0,1,1,108.0
2026-04-29,hpc-gpu-049,C,Physics,97.5,62.5,1410,401.0,86.4,0,0,0,7,187.3,0,1,112.0
2026-04-29,hpc-gpu-055,C,Engineering,95.8,82.7,1410,408.0,84.4,0,0,0,9,183.9,0,0,109.0
2026-04-29,hpc-gpu-056,C,Medical Research,98.8,63.0,1410,383.0,88.3,0,0,0,8,189.8,1,1,115.0
2026-04-29,hpc-gpu-057,C,Physics,92.8,85.7,1410,393.0,86.0,0,0,0,10,178.2,1,1,112.0
2026-04-29,hpc-gpu-058,C,Biology,82.8,74.5,1410,384.0,76.5,0,0,0,1,159.0,2,1,97.0
2026-04-29,hpc-gpu-059,C,Chemistry,89.4,79.8,1410,373.0,76.5,0,0,0,4,171.7,0,0,97.0
2026-04-29,hpc-gpu-060,C,Computer Science,78.8,74.5,1410,377.0,77.3,0,0,0,5,151.3,1,1,98.0
2026-04-29,hpc-gpu-063,C,Engineering,98.1,76.3,1410,392.0,79.4,0,0,0,7,188.3,4,1,102.0
2026-04-29,hpc-gpu-064,C,Medical Research,100.0,69.9,1410,395.0,84.9,0,0,0,8,192.0,3,0,110.0
2026-04-29,hpc-gpu-065,C,Physics,100.0,91.0,1410,381.0,88.0,0,0,0,5,192.0,2,1,115.0
2026-04-29,hpc-gpu-066,C,Biology,86.3,69.3,1410,396.0,79.3,0,0,0,5,165.7,2,1,101.0
2026-04-29,hpc-gpu-067,C,Chemistry,77.5,61.1,1410,363.0,73.6,0,0,0,11,148.9,3,0,93.0
2026-04-29,hpc-gpu-068,C,Computer Science,65.0,39.6,1410,371.0,72.3,0,0,0,3,124.7,0,0,91.0
2026-04-29,hpc-gpu-071,C,Engineering,90.4,61.1,1410,391.0,75.1,0,0,0,10,173.6,4,0,95.0
2026-04-29,hpc-gpu-072,C,Medical Research,100.0,61.0,1410,395.0,89.3,0,0,0,8,192.0,0,0,116.0
2026-04-30,hpc-gpu-049,C,Physics,100.0,61.9,1410,375.0,86.9,0,0,0,0,192.0,3,1,113.0
2026-04-30,hpc-gpu-050,C,Biology,100.0,61.1,1410,429.0,88.8,0,0,0,9,192.0,2,1,116.0
2026-04-30,hpc-gpu-051,C,Chemistry,72.0,46.2,1410,384.0,74.0,0,0,0,5,138.2,1,1,93.0
2026-04-30,hpc-gpu-052,C,Computer Science,83.6,54.1,1410,356.0,74.2,0,0,0,7,160.5,1,0,94.0
2026-04-30,hpc-gpu-055,C,Engineering,87.9,60.1,1410,369.0,78.4,0,0,0,7,168.8,1,1,100.0
2026-04-30,hpc-gpu-056,C,Medical Research,100.0,94.8,1410,427.0,84.1,0,0,0,4,192.0,2,0,109.0
2026-04-30,hpc-gpu-057,C,Physics,98.2,84.5,1410,388.0,82.9,0,0,0,6,188.6,1,0,107.0
2026-04-30,hpc-gpu-058,C,Biology,89.6,78.1,1410,395.0,78.3,0,0,0,10,172.0,4,0,100.0
2026-04-30,hpc-gpu-059,C,Chemistry,80.5,63.1,1410,364.0,76.4,0,0,0,8,154.6,4,0,97.0
2026-04-30,hpc-gpu-060,C,Computer Science,80.0,62.9,1410,391.0,76.2,0,0,0,2,153.6,4,1,97.0
2026-04-30,hpc-gpu-063,C,Engineering,78.3,60.9,1410,355.0,74.9,0,0,0,9,150.3,3,1,95.0
2026-04-30,hpc-gpu-064,C,Medical Research,86.7,68.2,1410,388.0,79.9,0,0,0,0,166.4,2,1,102.0
2026-04-30,hpc-gpu-065,C,Physics,100.0,85.2,1410,419.0,89.8,0,0,0,11,192.0,2,1,117.0
2026-04-30,hpc-gpu-066,C,Biology,90.2,84.4,1410,379.0,81.4,0,0,0,4,173.3,2,1,105.0
2026-04-30,hpc-gpu-067,C,Chemistry,75.4,69.5,1410,382.0,74.1,0,0,0,4,144.8,2,1,94.0
2026-04-30,hpc-gpu-071,C,Engineering,90.4,85.8,1410,393.0,80.2,0,0,0,7,173.7,0,0,103.0
2026-04-30,hpc-gpu-072,C,Medical Research,100.0,86.3,1410,396.0,84.5,0,0,0,8,192.0,2,0,109.0
2026-05-01,hpc-gpu-049,C,Physics,100.0,63.5,1410,404.0,91.8,0,0,0,6,192.0,4,0,118.0
2026-05-01,hpc-gpu-050,C,Biology,100.0,66.5,1410,412.0,88.2,0,0,0,8,192.0,4,1,110.0
2026-05-01,hpc-gpu-051,C,Chemistry,85.0,73.8,1410,387.0,76.9,0,0,0,10,163.3,4,1,96.0
2026-05-01,hpc-gpu-055,C,Engineering,94.1,76.1,1410,403.0,87.0,0,0,0,1,180.8,3,0,109.0
2026-05-01,hpc-gpu-056,C,Medical Research,83.3,74.6,1410,383.0,82.9,0,0,0,9,159.9,2,0,103.0
2026-05-01,hpc-gpu-057,C,Physics,95.6,87.3,1410,399.0,84.7,0,0,0,9,183.6,4,0,106.0
2026-05-01,hpc-gpu-058,C,Biology,88.8,66.4,1410,383.0,82.5,0,0,0,4,170.5,0,0,103.0
2026-05-01,hpc-gpu-059,C,Chemistry,84.4,59.1,1410,385.0,83.2,0,0,0,11,162.0,4,0,105.0
2026-05-01,hpc-gpu-064,C,Medical Research,88.9,69.1,1410,383.0,80.3,0,0,0,5,170.7,2,1,101.0
2026-05-01,hpc-gpu-065,C,Physics,100.0,76.6,1410,390.0,85.6,0,0,0,9,192.0,3,1,109.0
2026-05-01,hpc-gpu-066,C,Biology,80.0,53.2,1410,415.0,77.6,0,0,0,0,153.7,4,0,97.0
2026-05-01,hpc-gpu-067,C,Chemistry,93.2,86.7,1410,364.0,78.3,0,0,0,9,178.9,3,1,96.0
2026-05-01,hpc-gpu-071,C,Engineering,87.7,60.7,1410,388.0,75.2,0,0,0,9,168.4,2,0,93.0
2026-05-01,hpc-gpu-072,C,Medical Research,97.1,64.7,1410,391.0,81.4,0,0,0,10,186.4,1,1,103.0
2026-05-02,hpc-gpu-054,C,Mathematics,23.4,19.4,1410,310.0,46.5,0,0,0,5,44.9,2,0,48.0
2026-05-03,hpc-gpu-063,C,Engineering,48.5,43.9,1410,343.0,60.6,0,0,0,11,93.1,2,0,69.0
2026-05-03,hpc-gpu-071,C,Engineering,74.3,53.2,1410,390.0,79.1,0,0,0,8,142.7,2,1,97.0
2026-05-04,hpc-gpu-049,C,Physics,92.9,60.1,1410,361.0,81.1,0,0,0,4,178.4,2,0,100.0
2026-05-04,hpc-gpu-050,C,Biology,84.5,56.2,1410,386.0,75.6,0,0,0,6,162.3,0,1,94.0
2026-05-04,hpc-gpu-051,C,Chemistry,81.4,72.1,1410,407.0,76.6,0,0,0,10,156.3,4,0,95.0
2026-05-04,hpc-gpu-055,C,Engineering,70.9,64.0,1410,366.0,76.4,0,0,0,3,136.1,1,0,93.0
2026-05-04,hpc-gpu-057,C,Physics,96.6,90.0,1410,408.0,87.1,0,0,0,1,185.4,4,1,110.0
2026-05-04,hpc-gpu-058,C,Biology,96.1,69.9,1410,392.0,82.8,0,0,0,7,184.5,3,1,105.0
2026-05-04,hpc-gpu-059,C,Chemistry,82.8,67.8,1410,367.0,79.4,0,0,0,8,159.0,0,1,98.0
2026-05-04,hpc-gpu-060,C,Computer Science,72.7,47.9,1410,380.0,77.4,0,0,0,9,139.6,0,1,96.0
2026-05-04,hpc-gpu-063,C,Engineering,100.0,62.0,1410,417.0,83.0,0,0,0,4,192.0,2,1,105.0
2026-05-04,hpc-gpu-064,C,Medical Research,89.7,56.4,1410,429.0,84.9,0,0,0,1,172.2,3,1,107.0
2026-05-04,hpc-gpu-065,C,Physics,100.0,80.0,1410,410.0,84.6,0,0,0,7,192.0,1,1,106.0
2026-05-04,hpc-gpu-066,C,Biology,85.3,64.9,1410,393.0,81.5,0,0,0,7,163.7,1,0,101.0
2026-05-04,hpc-gpu-067,C,Chemistry,83.6,60.9,1410,392.0,76.7,0,0,0,4,160.4,0,1,96.0
2026-05-04,hpc-gpu-068,C,Computer Science,89.1,65.4,1410,375.0,87.6,0,0,0,8,171.1,0,0,110.0
2026-05-04,hpc-gpu-071,C,Engineering,94.8,62.7,1410,385.0,84.7,0,0,0,1,182.0,2,1,107.0
2026-05-04,hpc-gpu-072,C,Medical Research,79.5,50.7,1410,398.0,75.5,0,0,0,10,152.7,4,1,94.0
2026-05-05,hpc-gpu-049,C,Physics,100.0,94.1,1410,395.0,80.8,0,0,0,4,192.0,1,1,100.0
2026-05-05,hpc-gpu-050,C,Biology,89.9,75.9,1410,363.0,82.1,0,0,0,3,172.7,3,1,101.0
2026-05-05,hpc-gpu-055,C,Engineering,90.5,59.8,1410,400.0,82.3,0,0,0,0,173.8,4,0,102.0
2026-05-05,hpc-gpu-056,C,Medical Research,100.0,90.0,1410,407.0,86.4,0,0,0,9,192.0,0,1,108.0
2026-05-05,hpc-gpu-057,C,Physics,100.0,85.7,1410,385.0,85.8,0,0,0,4,192.0,3,0,108.0
2026-05-05,hpc-gpu-058,C,Biology,80.9,56.9,1410,373.0,78.5,0,0,0,5,155.3,3,1,97.0
2026-05-05,hpc-gpu-059,C,Chemistry,81.9,75.9,1410,380.0,76.5,0,0,0,5,157.3,0,0,96.0
2026-05-05,hpc-gpu-063,C,Engineering,80.7,53.3,1410,398.0,75.4,0,0,0,10,155.0,0,0,93.0
2026-05-05,hpc-gpu-065,C,Physics,100.0,73.0,1410,389.0,88.0,0,0,0,2,192.0,1,1,112.0
2026-05-05,hpc-gpu-066,C,Biology,87.6,65.7,1410,393.0,80.6,0,0,0,8,168.2,0,0,101.0
2026-05-05,hpc-gpu-067,C,Chemistry,81.1,52.5,1410,389.0,77.3,0,0,0,0,155.8,1,0,95.0
2026-05-05,hpc-gpu-068,C,Computer Science,64.9,48.1,1410,390.0,65.7,0,0,0,0,124.6,3,0,78.0
2026-05-05,hpc-gpu-071,C,Engineering,100.0,60.2,1410,405.0,87.3,0,0,0,2,192.0,0,0,112.0
2026-05-05,hpc-gpu-072,C,Medical Research,99.6,75.1,1410,415.0,85.9,0,0,0,5,191.2,2,0,109.0
2026-05-06,hpc-gpu-049,C,Physics,99.8,67.8,1410,392.0,85.8,0,0,0,1,191.6,1,0,108.0
2026-05-06,hpc-gpu-050,C,Biology,96.7,64.3,1410,393.0,82.8,0,0,0,10,185.8,4,1,105.0
2026-05-06,hpc-gpu-051,C,Chemistry,84.9,65.8,1410,383.0,83.1,0,0,0,2,162.9,0,0,103.0
2026-05-06,hpc-gpu-055,C,Engineering,98.3,88.6,1410,391.0,90.9,0,0,0,6,188.7,0,1,116.0
2026-05-06,hpc-gpu-056,C,Medical Research,100.0,74.5,1410,402.0,82.4,0,0,0,7,192.0,3,1,103.0
2026-05-06,hpc-gpu-057,C,Physics,92.4,87.0,1410,369.0,88.0,0,0,0,4,177.3,2,0,111.0
2026-05-06,hpc-gpu-058,C,Biology,98.2,87.2,1410,393.0,86.2,0,0,0,0,188.5,0,0,108.0
2026-05-06,hpc-gpu-059,C,Chemistry,80.2,56.2,1410,370.0,80.8,0,0,0,9,154.0,1,1,101.0
2026-05-06,hpc-gpu-063,C,Engineering,80.2,56.1,1410,380.0,79.6,0,0,0,10,154.1,2,0,98.0
2026-05-06,hpc-gpu-064,C,Medical Research,100.0,92.1,1410,399.0,80.7,0,0,0,9,192.0,0,0,100.0
2026-05-06,hpc-gpu-065,C,Physics,95.0,73.0,1410,402.0,92.7,0,0,0,4,182.4,0,0,119.0
2026-05-06,hpc-gpu-066,C,Biology,84.1,70.2,1410,394.0,80.0,0,0,0,2,161.4,4,1,98.0
2026-05-06,hpc-gpu-067,C,Chemistry,78.2,65.6,1410,386.0,79.9,0,0,0,9,150.1,1,0,98.0
2026-05-06,hpc-gpu-068,C,Computer Science,87.1,75.6,1410,392.0,78.3,0,0,0,2,167.2,1,0,96.0
2026-05-06,hpc-gpu-069,C,Earth Sciences,62.3,48.2,1410,360.0,71.9,0,0,0,4,119.7,1,1,86.0
2026-05-06,hpc-gpu-071,C,Engineering,100.0,65.5,1410,385.0,87.5,0,0,0,9,192.0,3,1,110.0
2026-05-06,hpc-gpu-072,C,Medical Research,85.8,74.6,1410,394.0,75.4,0,0,0,8,164.8,3,0,92.0
2026-05-07,hpc-gpu-049,C,Physics,100.0,78.5,1410,403.0,93.7,0,0,0,10,192.0,0,1,119.0
2026-05-07,hpc-gpu-050,C,Biology,88.3,67.3,1410,392.0,78.8,0,0,0,9,169.6,4,1,97.0
2026-05-07,hpc-gpu-051,C,Chemistry,77.9,63.1,1410,392.0,78.5,0,0,0,7,149.5,3,1,97.0
2026-05-07,hpc-gpu-055,C,Engineering,100.0,74.3,1410,421.0,87.3,0,0,0,9,192.0,2,1,110.0
2026-05-07,hpc-gpu-056,C,Medical Research,95.0,77.9,1410,392.0,82.9,0,0,0,7,182.4,1,0,103.0
2026-05-07,hpc-gpu-057,C,Physics,92.2,84.7,1410,400.0,84.5,0,0,0,1,177.1,2,1,107.0
2026-05-07,hpc-gpu-058,C,Biology,82.9,74.3,1410,361.0,81.5,0,0,0,3,159.2,2,0,101.0
2026-05-07,hpc-gpu-060,C,Computer Science,75.8,64.5,1410,381.0,78.5,0,0,0,10,145.6,3,1,96.0
2026-05-07,hpc-gpu-061,C,Earth Sciences,59.1,35.8,1410,351.0,59.9,0,0,0,7,113.5,3,1,71.0
2026-05-07,hpc-gpu-063,C,Engineering,89.3,59.3,1410,363.0,85.2,0,0,0,2,171.4,2,1,106.0
2026-05-07,hpc-gpu-064,C,Medical Research,92.0,71.4,1410,372.0,79.5,0,0,0,5,176.7,0,0,100.0
2026-05-07,hpc-gpu-065,C,Physics,100.0,73.1,1410,415.0,83.9,0,0,0,8,192.0,2,0,106.0
2026-05-07,hpc-gpu-066,C,Biology,89.9,59.0,1410,396.0,79.3,0,0,0,7,172.6,4,1,98.0
2026-05-07,hpc-gpu-067,C,Chemistry,86.2,64.0,1410,378.0,78.5,0,0,0,4,165.4,4,0,98.0
2026-05-07,hpc-gpu-071,C,Engineering,86.9,71.8,1410,379.0,80.5,0,0,0,2,166.8,0,1,99.0
2026-05-07,hpc-gpu-072,C,Medical Research,90.1,76.8,1410,361.0,83.6,0,0,0,9,173.0,4,0,104.0
2026-05-08,hpc-gpu-049,C,Physics,99.7,91.8,1410,393.0,89.1,0,0,0,3,191.3,2,1,113.0
2026-05-08,hpc-gpu-050,C,Biology,93.4,59.8,1410,376.0,80.9,0,0,0,9,179.3,2,1,102.0
2026-05-08,hpc-gpu-051,C,Chemistry,85.0,64.7,1410,409.0,76.2,0,0,0,7,163.2,1,1,94.0
2026-05-08,hpc-gpu-053,C,Earth Sciences,73.0,56.1,1410,362.0,77.2,0,0,0,2,140.2,2,1,95.0
2026-05-08,hpc-gpu-055,C,Engineering,84.8,63.4,1410,349.0,79.4,0,0,0,8,162.8,2,0,97.0
2026-05-08,hpc-gpu-056,C,Medical Research,90.2,56.5,1410,378.0,86.6,0,0,0,4,173.2,1,1,109.0
2026-05-08,hpc-gpu-057,C,Physics,99.1,86.4,1410,392.0,85.7,0,0,0,0,190.3,4,1,109.0
2026-05-08,hpc-gpu-059,C,Chemistry,86.1,63.4,1410,392.0,77.5,0,0,0,7,165.2,1,1,95.0
2026-05-08,hpc-gpu-060,C,Computer Science,88.0,61.6,1410,422.0,78.7,0,0,0,2,169.0,4,0,97.0
2026-05-08,hpc-gpu-061,C,Earth Sciences,67.6,41.7,1410,373.0,76.1,0,0,0,3,129.7,3,0,93.0
2026-05-08,hpc-gpu-063,C,Engineering,78.9,59.3,1410,391.0,77.5,0,0,0,11,151.5,3,1,97.0
2026-05-08,hpc-gpu-064,C,Medical Research,100.0,83.1,1410,389.0,89.3,0,0,0,8,192.0,4,1,113.0
2026-05-08,hpc-gpu-065,C,Physics,100.0,63.5,1410,407.0,92.3,0,0,0,0,192.0,4,1,118.0
2026-05-08,hpc-gpu-066,C,Biology,90.4,78.9,1410,383.0,81.9,0,0,0,7,173.5,1,1,101.0
2026-05-08,hpc-gpu-067,C,Chemistry,84.3,59.2,1410,389.0,83.0,0,0,0,11,161.9,0,1,104.0
2026-05-08,hpc-gpu-072,C,Medical Research,98.3,64.9,1410,386.0,86.3,0,0,0,10,188.7,3,1,108.0
2026-05-09,hpc-gpu-054,C,Mathematics,27.2,22.1,1410,314.0,55.0,0,0,0,7,52.2,3,1,61.0
2026-05-09,hpc-gpu-057,C,Physics,70.9,42.8,1410,366.0,74.1,0,0,0,7,136.1,3,0,92.0
2026-05-09,hpc-gpu-061,C,Earth Sciences,47.4,29.9,1410,342.0,61.1,0,0,0,5,91.0,0,1,70.0
2026-05-10,hpc-gpu-054,C,Mathematics,20.2,14.6,1410,325.0,47.6,0,0,0,7,38.9,2,1,50.0
2026-05-10,hpc-gpu-058,C,Biology,61.0,40.6,1410,355.0,70.4,0,0,0,2,117.1,1,0,86.0
2026-05-10,hpc-gpu-060,C,Computer Science,64.6,41.0,1410,369.0,75.0,0,0,0,9,124.1,1,1,93.0
2026-05-11,hpc-gpu-049,C,Physics,100.0,69.2,1410,393.0,81.3,0,0,0,1,192.0,3,0,101.0
2026-05-11,hpc-gpu-050,C,Biology,87.8,57.1,1410,385.0,80.1,0,0,0,0,168.5,3,1,101.0
2026-05-11,hpc-gpu-051,C,Chemistry,82.2,71.6,1410,381.0,79.0,0,0,0,1,157.8,2,0,98.0
2026-05-11,hpc-gpu-055,C,Engineering,79.6,59.7,1410,370.0,77.2,0,0,0,11,152.8,4,0,96.0
2026-05-11,hpc-gpu-056,C,Medical Research,93.2,74.2,1410,389.0,78.5,0,0,0,7,178.9,0,0,97.0
2026-05-11,hpc-gpu-057,C,Physics,100.0,67.6,1410,370.0,77.9,0,0,0,8,192.0,2,1,98.0
2026-05-11,hpc-gpu-058,C,Biology,90.8,71.4,1410,390.0,83.5,0,0,0,1,174.3,1,1,104.0
2026-05-11,hpc-gpu-059,C,Chemistry,91.4,78.9,1410,355.0,84.4,0,0,0,3,175.4,3,1,105.0
2026-05-11,hpc-gpu-063,C,Engineering,89.3,63.7,1410,399.0,83.2,0,0,0,2,171.4,0,1,103.0
2026-05-11,hpc-gpu-064,C,Medical Research,77.3,68.3,1410,361.0,79.7,0,0,0,11,148.5,1,1,98.0
2026-05-11,hpc-gpu-065,C,Physics,100.0,61.7,1410,404.0,85.3,0,0,0,1,192.0,4,1,109.0
2026-05-11,hpc-gpu-066,C,Biology,90.2,72.9,1410,400.0,82.5,0,0,0,2,173.2,2,1,103.0
2026-05-11,hpc-gpu-067,C,Chemistry,73.3,60.1,1410,354.0,72.9,0,0,0,10,140.7,3,1,90.0
2026-05-11,hpc-gpu-068,C,Computer Science,86.3,66.8,1410,370.0,75.5,0,0,0,9,165.6,2,1,94.0
2026-05-11,hpc-gpu-070,C,Mathematics,49.2,31.4,1410,350.0,59.8,0,0,0,7,94.4,4,0,70.0
2026-05-11,hpc-gpu-071,C,Engineering,80.9,56.8,1410,377.0,76.7,0,0,0,6,155.4,2,1,94.0
2026-05-11,hpc-gpu-072,C,Medical Research,93.1,71.7,1410,368.0,90.0,0,0,0,9,178.7,3,1,114.0
2026-05-12,hpc-gpu-049,C,Physics,90.8,85.8,1410,415.0,83.0,0,0,0,0,174.4,0,0,103.0
2026-05-12,hpc-gpu-050,C,Biology,92.4,59.0,1410,386.0,80.6,0,0,0,9,177.4,1,1,101.0
2026-05-12,hpc-gpu-051,C,Chemistry,90.5,82.3,1410,395.0,83.0,0,0,0,4,173.8,0,1,105.0
2026-05-12,hpc-gpu-052,C,Computer Science,78.5,59.8,1410,385.0,83.5,0,0,0,11,150.8,3,0,103.0
2026-05-12,hpc-gpu-055,C,Engineering,100.0,82.6,1410,391.0,85.7,0,0,0,1,192.0,0,1,108.0
2026-05-12,hpc-gpu-056,C,Medical Research,100.0,86.9,1410,395.0,86.1,0,0,0,3,192.0,4,0,109.0
2026-05-12,hpc-gpu-057,C,Physics,93.3,64.8,1410,413.0,80.4,0,0,0,10,179.2,0,1,101.0
2026-05-12,hpc-gpu-058,C,Biology,96.0,90.4,1410,394.0,88.8,0,0,0,11,184.4,2,0,112.0
2026-05-12,hpc-gpu-060,C,Computer Science,75.7,67.4,1410,353.0,79.4,0,0,0,11,145.3,4,0,98.0
2026-05-12,hpc-gpu-063,C,Engineering,91.1,67.0,1410,403.0,82.7,0,0,0,7,174.9,3,0,105.0
2026-05-12,hpc-gpu-064,C,Medical Research,96.2,71.1,1410,393.0,82.3,0,0,0,8,184.6,3,0,104.0
2026-05-12,hpc-gpu-065,C,Physics,100.0,73.5,1410,406.0,88.3,0,0,0,2,192.0,4,0,111.0
2026-05-12,hpc-gpu-066,C,Biology,78.6,59.9,1410,366.0,85.1,0,0,0,11,150.9,1,1,107.0
2026-05-12,hpc-gpu-067,C,Chemistry,88.1,58.3,1410,398.0,85.2,0,0,0,11,169.1,1,0,108.0
2026-05-12,hpc-gpu-068,C,Computer Science,84.5,59.5,1410,374.0,79.9,0,0,0,5,162.3,4,1,98.0
2026-05-12,hpc-gpu-071,C,Engineering,92.7,80.1,1410,430.0,82.4,0,0,0,1,178.0,0,1,104.0
2026-05-12,hpc-gpu-072,C,Medical Research,91.5,57.5,1410,370.0,84.9,0,0,0,0,175.6,4,0,107.0
2026-05-13,hpc-gpu-049,C,Physics,100.0,82.3,1410,383.0,86.8,0,0,0,6,192.0,3,1,108.0
2026-05-13,hpc-gpu-050,C,Biology,97.3,63.5,1410,379.0,84.7,0,0,0,6,186.8,0,0,107.0
2026-05-13,hpc-gpu-051,C,Chemistry,82.0,72.9,1410,373.0,81.6,0,0,0,5,157.5,2,0,101.0
2026-05-13,hpc-gpu-055,C,Engineering,80.8,67.5,1410,388.0,78.2,0,0,0,1,155.2,3,0,97.0
2026-05-13,hpc-gpu-056,C,Medical Research,100.0,64.4,1410,398.0,88.6,0,0,0,9,192.0,1,1,113.0
2026-05-13,hpc-gpu-057,C,Physics,100.0,88.4,1410,383.0,87.8,0,0,0,11,192.0,4,1,110.0
2026-05-13,hpc-gpu-058,C,Biology,100.0,86.1,1410,402.0,88.4,0,0,0,2,192.0,2,1,112.0
2026-05-13,hpc-gpu-063,C,Engineering,95.0,84.3,1410,401.0,82.8,0,0,0,10,182.4,3,0,102.0
2026-05-13,hpc-gpu-064,C,Medical Research,93.4,70.8,1410,389.0,82.5,0,0,0,3,179.4,2,0,104.0
2026-05-13,hpc-gpu-065,C,Physics,100.0,63.4,1410,417.0,88.6,0,0,0,7,192.0,3,1,113.0
2026-05-13,hpc-gpu-066,C,Biology,81.1,72.4,1410,371.0,80.2,0,0,0,9,155.7,2,1,101.0
2026-05-13,hpc-gpu-067,C,Chemistry,70.7,43.2,1410,393.0,74.8,0,0,0,0,135.8,4,1,91.0
2026-05-13,hpc-gpu-068,C,Computer Science,88.3,76.1,1410,375.0,81.0,0,0,0,3,169.6,0,0,101.0
2026-05-13,hpc-gpu-071,C,Engineering,83.0,68.1,1410,409.0,76.5,0,0,0,2,159.3,3,0,93.0
2026-05-13,hpc-gpu-072,C,Medical Research,85.8,77.3,1410,391.0,80.3,0,0,0,4,164.8,0,1,100.0
2026-05-14,hpc-gpu-049,C,Physics,100.0,71.6,1410,418.0,86.9,0,0,0,6,192.0,4,1,109.0
2026-05-14,hpc-gpu-050,C,Biology,85.6,69.6,1410,392.0,81.7,0,0,0,3,164.4,1,1,103.0
2026-05-14,hpc-gpu-051,C,Chemistry,83.0,75.1,1410,391.0,75.9,0,0,0,0,159.3,1,1,92.0
2026-05-14,hpc-gpu-052,C,Computer Science,77.6,60.4,1410,389.0,77.4,0,0,0,1,149.0,1,1,95.0
2026-05-14,hpc-gpu-055,C,Engineering,100.0,77.9,1410,412.0,87.0,0,0,0,5,192.0,1,1,109.0
2026-05-14,hpc-gpu-056,C,Medical Research,100.0,94.8,1410,390.0,87.7,0,0,0,0,192.0,1,0,110.0
2026-05-14,hpc-gpu-057,C,Physics,100.0,88.1,1410,405.0,84.5,0,0,0,0,192.0,0,0,105.0
2026-05-14,hpc-gpu-058,C,Biology,91.2,76.1,1410,360.0,91.4,0,0,0,7,175.1,0,1,116.0
2026-05-14,hpc-gpu-059,C,Chemistry,76.5,68.9,1410,392.0,85.0,0,0,0,9,146.9,4,0,108.0
2026-05-14,hpc-gpu-060,C,Computer Science,74.7,63.3,1410,388.0,75.1,0,0,0,7,143.4,1,0,94.0
2026-05-14,hpc-gpu-061,C,Earth Sciences,79.6,67.4,1410,382.0,84.9,0,0,0,3,152.9,3,1,106.0
2026-05-14,hpc-gpu-063,C,Engineering,91.5,55.3,1410,388.0,81.6,0,0,0,0,175.7,4,1,102.0
2026-05-14,hpc-gpu-064,C,Medical Research,99.5,70.1,1410,418.0,87.6,0,0,0,0,191.0,4,0,110.0
2026-05-14,hpc-gpu-065,C,Physics,100.0,82.4,1410,388.0,81.2,0,0,0,0,192.0,2,1,101.0
2026-05-14,hpc-gpu-066,C,Biology,94.1,56.8,1410,399.0,87.3,0,0,0,10,180.6,0,1,112.0
2026-05-14,hpc-gpu-067,C,Chemistry,98.5,71.7,1410,380.0,82.4,0,0,0,8,189.2,3,0,104.0
2026-05-14,hpc-gpu-071,C,Engineering,90.9,54.8,1410,403.0,80.3,0,0,0,3,174.6,3,0,99.0
2026-05-14,hpc-gpu-072,C,Medical Research,84.7,70.3,1410,399.0,84.7,0,0,0,9,162.6,2,1,107.0
2026-05-15,hpc-gpu-049,C,Physics,96.9,72.7,1410,410.0,87.9,0,0,0,3,186.0,1,0,112.0
2026-05-15,hpc-gpu-050,C,Biology,83.3,56.9,1410,360.0,79.5,0,0,0,5,159.9,2,0,99.0
2026-05-15,hpc-gpu-056,C,Medical Research,96.2,88.1,1410,404.0,79.4,0,0,0,1,184.7,3,1,100.0
2026-05-15,hpc-gpu-057,C,Physics,100.0,76.7,1410,410.0,86.2,0,0,0,7,192.0,4,1,108.0
2026-05-15,hpc-gpu-058,C,Biology,76.7,53.4,1410,355.0,73.8,0,0,0,3,147.3,1,0,91.0
2026-05-15,hpc-gpu-059,C,Chemistry,80.3,65.1,1410,383.0,79.6,0,0,0,5,154.1,3,0,98.0
2026-05-15,hpc-gpu-063,C,Engineering,93.8,61.4,1410,389.0,81.6,0,0,0,7,180.1,4,0,102.0
2026-05-15,hpc-gpu-064,C,Medical Research,99.5,79.3,1410,424.0,86.2,0,0,0,5,191.0,1,1,109.0
2026-05-15,hpc-gpu-065,C,Physics,100.0,94.6,1410,385.0,84.1,0,0,0,1,192.0,4,1,107.0
2026-05-15,hpc-gpu-066,C,Biology,89.3,71.4,1410,383.0,86.2,0,0,0,2,171.4,4,0,110.0
2026-05-15,hpc-gpu-068,C,Computer Science,63.4,46.9,1410,355.0,62.1,0,0,0,7,121.8,1,0,73.0
2026-05-15,hpc-gpu-071,C,Engineering,93.8,67.3,1410,392.0,87.5,0,0,0,1,180.0,2,0,111.0
2026-05-15,hpc-gpu-072,C,Medical Research,83.8,72.2,1410,386.0,78.3,0,0,0,6,160.9,0,0,97.0
2026-05-17,hpc-gpu-055,C,Engineering,62.3,41.7,1410,348.0,68.7,0,0,0,4,119.6,3,1,83.0
2026-05-17,hpc-gpu-057,C,Physics,76.2,58.9,1410,366.0,80.8,0,0,0,6,146.4,2,0,100.0
2026-05-17,hpc-gpu-065,C,Physics,75.6,64.0,1410,355.0,77.4,0,0,0,2,145.2,2,0,95.0
2026-05-18,hpc-gpu-049,C,Physics,100.0,88.3,1410,380.0,91.3,0,0,0,5,192.0,3,1,116.0
2026-05-18,hpc-gpu-050,C,Biology,75.0,64.7,1410,363.0,75.5,0,0,0,11,144.0,4,0,94.0
2026-05-18,hpc-gpu-051,C,Chemistry,84.7,60.9,1410,368.0,82.3,0,0,0,3,162.6,2,0,103.0
2026-05-18,hpc-gpu-055,C,Engineering,91.1,82.4,1410,365.0,86.1,0,0,0,0,174.9,2,1,110.0
2026-05-18,hpc-gpu-056,C,Medical Research,98.6,91.6,1410,416.0,85.7,0,0,0,11,189.2,3,0,109.0
2026-05-18,hpc-gpu-057,C,Physics,97.5,61.8,1410,408.0,81.3,0,0,0,4,187.3,4,1,100.0
2026-05-18,hpc-gpu-058,C,Biology,81.4,55.5,1410,379.0,81.5,0,0,0,10,156.3,2,1,103.0
2026-05-18,hpc-gpu-059,C,Chemistry,74.0,69.9,1410,369.0,77.6,0,0,0,8,142.1,4,1,96.0
2026-05-18,hpc-gpu-060,C,Computer Science,77.9,69.4,1410,388.0,80.9,0,0,0,6,149.6,4,0,101.0
2026-05-18,hpc-gpu-063,C,Engineering,100.0,74.7,1410,394.0,87.0,0,0,0,1,192.0,2,0,109.0
2026-05-18,hpc-gpu-064,C,Medical Research,100.0,73.5,1410,404.0,86.1,0,0,0,0,192.0,0,0,108.0
2026-05-18,hpc-gpu-065,C,Physics,88.5,77.8,1410,405.0,81.4,0,0,0,8,169.9,4,0,103.0
2026-05-18,hpc-gpu-069,C,Earth Sciences,74.2,69.7,1410,389.0,77.2,0,0,0,0,142.5,1,0,96.0
2026-05-18,hpc-gpu-071,C,Engineering,78.8,67.5,1410,370.0,79.2,0,0,0,4,151.3,1,0,98.0
2026-05-18,hpc-gpu-072,C,Medical Research,91.8,72.6,1410,425.0,82.4,0,0,0,5,176.3,3,0,104.0
2026-05-19,hpc-gpu-049,C,Physics,94.2,79.8,1410,400.0,83.3,0,0,0,5,180.8,0,0,105.0
2026-05-19,hpc-gpu-050,C,Biology,86.8,60.0,1410,369.0,81.2,0,0,0,1,166.6,0,1,103.0
2026-05-19,hpc-gpu-051,C,Chemistry,82.3,69.7,1410,363.0,77.0,0,0,0,7,158.0,4,0,96.0
2026-05-19,hpc-gpu-055,C,Engineering,91.2,67.7,1410,390.0,76.5,0,0,0,5,175.1,3,0,95.0
2026-05-19,hpc-gpu-056,C,Medical Research,92.6,59.1,1410,404.0,83.8,0,0,0,3,177.8,0,1,106.0
2026-05-19,hpc-gpu-057,C,Physics,100.0,93.4,1410,385.0,85.7,0,0,0,2,192.0,3,0,108.0
2026-05-19,hpc-gpu-058,C,Biology,92.9,64.4,1410,392.0,85.0,0,0,0,11,178.3,1,1,106.0
2026-05-19,hpc-gpu-059,C,Chemistry,81.1,52.2,1410,394.0,75.4,0,0,0,9,155.8,1,1,92.0
2026-05-19,hpc-gpu-063,C,Engineering,88.4,83.9,1410,391.0,81.5,0,0,0,11,169.7,4,1,103.0
2026-05-19,hpc-gpu-064,C,Medical Research,84.3,51.2,1410,375.0,79.7,0,0,0,5,161.9,0,0,100.0
2026-05-19,hpc-gpu-065,C,Physics,100.0,76.5,1410,394.0,87.6,0,0,0,10,192.0,4,1,112.0
2026-05-19,hpc-gpu-066,C,Biology,75.0,52.7,1410,377.0,82.5,0,0,0,7,144.0,2,0,103.0
2026-05-19,hpc-gpu-067,C,Chemistry,76.9,52.9,1410,381.0,78.7,0,0,0,8,147.6,4,1,97.0
2026-05-19,hpc-gpu-068,C,Computer Science,81.5,67.1,1410,395.0,76.3,0,0,0,1,156.4,2,1,95.0
2026-05-19,hpc-gpu-071,C,Engineering,78.3,63.9,1410,361.0,76.4,0,0,0,5,150.3,4,0,93.0
2026-05-19,hpc-gpu-072,C,Medical Research,88.5,71.3,1410,371.0,81.0,0,0,0,9,169.9,3,1,102.0
2026-05-20,hpc-gpu-049,C,Physics,94.0,81.9,1410,370.0,84.9,0,0,0,3,180.5,0,1,107.0
2026-05-20,hpc-gpu-050,C,Biology,85.9,61.8,1410,392.0,78.4,0,0,0,8,165.0,2,0,97.0
2026-05-20,hpc-gpu-051,C,Chemistry,83.4,67.7,1410,394.0,79.9,0,0,0,6,160.1,1,1,98.0
2026-05-20,hpc-gpu-055,C,Engineering,94.7,74.0,1410,410.0,85.1,0,0,0,10,181.7,0,0,106.0
2026-05-20,hpc-gpu-056,C,Medical Research,100.0,91.1,1410,389.0,91.3,0,0,0,7,192.0,0,0,116.0
2026-05-20,hpc-gpu-057,C,Physics,100.0,93.2,1410,421.0,85.9,0,0,0,3,192.0,1,1,109.0
2026-05-20,hpc-gpu-058,C,Biology,87.9,81.2,1410,398.0,84.3,0,0,0,3,168.8,4,1,105.0
2026-05-20,hpc-gpu-059,C,Chemistry,84.2,79.2,1410,383.0,78.6,0,0,0,3,161.6,2,1,99.0
2026-05-20,hpc-gpu-060,C,Computer Science,80.2,59.6,1410,367.0,78.7,0,0,0,6,154.1,2,0,96.0
2026-05-20,hpc-gpu-061,C,Earth Sciences,78.5,62.8,1410,370.0,78.9,0,0,0,5,150.7,2,1,98.0
2026-05-20,hpc-gpu-063,C,Engineering,91.4,66.0,1410,402.0,86.2,0,0,0,3,175.5,1,0,108.0
2026-05-20,hpc-gpu-064,C,Medical Research,100.0,61.3,1410,373.0,85.2,0,0,0,8,192.0,2,0,107.0
2026-05-20,hpc-gpu-065,C,Physics,100.0,60.1,1410,408.0,85.9,0,0,0,6,192.0,1,1,108.0
2026-05-20,hpc-gpu-067,C,Chemistry,80.5,62.7,1410,397.0,78.2,0,0,0,9,154.6,3,1,97.0
2026-05-20,hpc-gpu-071,C,Engineering,86.4,59.8,1410,368.0,82.0,0,0,0,5,165.9,0,1,102.0
2026-05-20,hpc-gpu-072,C,Medical Research,87.3,78.2,1410,361.0,83.2,0,0,0,2,167.6,1,1,105.0
2026-05-21,hpc-gpu-049,C,Physics,100.0,83.2,1410,394.0,82.6,0,0,0,5,192.0,0,0,105.0
2026-05-21,hpc-gpu-050,C,Biology,91.0,74.7,1410,376.0,84.0,0,0,0,2,174.8,2,0,106.0
2026-05-21,hpc-gpu-051,C,Chemistry,82.8,51.9,1410,402.0,76.4,0,0,0,1,159.1,0,1,95.0
2026-05-21,hpc-gpu-052,C,Computer Science,82.2,76.6,1410,385.0,77.4,0,0,0,7,157.8,3,1,94.0
2026-05-21,hpc-gpu-055,C,Engineering,82.1,65.6,1410,406.0,77.0,0,0,0,0,157.7,1,1,96.0
2026-05-21,hpc-gpu-056,C,Medical Research,85.3,80.6,1410,394.0,87.6,0,0,0,9,163.8,3,1,109.0
2026-05-21,hpc-gpu-057,C,Physics,97.7,83.6,1410,399.0,87.7,0,0,0,3,187.6,3,0,112.0
2026-05-21,hpc-gpu-058,C,Biology,82.5,61.0,1410,380.0,80.5,0,0,0,9,158.4,3,0,101.0
2026-05-21,hpc-gpu-059,C,Chemistry,79.3,52.9,1410,417.0,77.6,0,0,0,1,152.2,4,0,95.0
2026-05-21,hpc-gpu-060,C,Computer Science,70.5,59.7,1410,354.0,75.1,0,0,0,6,135.5,3,1,92.0
2026-05-21,hpc-gpu-062,C,Mathematics,54.3,47.7,1410,375.0,66.8,0,0,0,7,104.2,3,1,80.0
2026-05-21,hpc-gpu-063,C,Engineering,88.2,72.5,1410,371.0,78.4,0,0,0,2,169.3,2,0,97.0
2026-05-21,hpc-gpu-064,C,Medical Research,89.0,62.4,1410,372.0,84.7,0,0,0,9,170.8,0,0,106.0
2026-05-21,hpc-gpu-065,C,Physics,100.0,65.1,1410,420.0,85.5,0,0,0,8,192.0,3,1,108.0
2026-05-21,hpc-gpu-066,C,Biology,93.9,77.3,1410,417.0,84.0,0,0,0,2,180.3,1,1,104.0
2026-05-21,hpc-gpu-068,C,Computer Science,78.9,73.2,1410,380.0,75.5,0,0,0,3,151.5,4,0,91.0
2026-05-21,hpc-gpu-071,C,Engineering,75.5,55.1,1410,392.0,79.8,0,0,0,10,145.0,2,0,99.0
2026-05-21,hpc-gpu-072,C,Medical Research,87.2,77.6,1410,396.0,85.1,0,0,0,6,167.4,1,1,108.0
2026-05-22,hpc-gpu-049,C,Physics,99.6,64.2,1410,397.0,84.1,0,0,0,8,191.2,0,0,105.0
2026-05-22,hpc-gpu-051,C,Chemistry,80.7,75.0,1410,375.0,75.3,0,0,0,3,155.0,1,1,94.0
2026-05-22,hpc-gpu-052,C,Computer Science,83.5,74.2,1410,388.0,74.2,0,0,0,5,160.2,4,0,92.0
2026-05-22,hpc-gpu-054,C,Mathematics,42.6,35.5,1410,347.0,50.9,0,0,0,5,81.7,1,1,57.0
2026-05-22,hpc-gpu-055,C,Engineering,82.2,50.9,1410,380.0,75.4,0,0,0,10,157.9,1,0,93.0
2026-05-22,hpc-gpu-056,C,Medical Research,95.5,90.5,1410,387.0,86.0,0,0,0,9,183.4,0,0,107.0
2026-05-22,hpc-gpu-057,C,Physics,100.0,85.3,1410,410.0,87.6,0,0,0,5,192.0,3,1,110.0
2026-05-22,hpc-gpu-058,C,Biology,75.5,63.7,1410,364.0,75.1,0,0,0,4,145.0,1,0,91.0
2026-05-22,hpc-gpu-059,C,Chemistry,89.4,84.3,1410,417.0,85.9,0,0,0,1,171.7,0,1,109.0
2026-05-22,hpc-gpu-060,C,Computer Science,83.3,75.5,1410,383.0,78.3,0,0,0,5,160.0,4,1,97.0
2026-05-22,hpc-gpu-063,C,Engineering,97.8,87.0,1410,398.0,86.9,0,0,0,8,187.8,1,0,110.0
2026-05-22,hpc-gpu-064,C,Medical Research,85.3,74.1,1410,395.0,87.1,0,0,0,8,163.8,3,0,109.0
2026-05-22,hpc-gpu-065,C,Physics,87.8,83.1,1410,370.0,77.3,0,0,0,2,168.5,1,1,97.0
2026-05-22,hpc-gpu-066,C,Biology,92.1,79.4,1410,411.0,78.5,0,0,0,4,176.8,1,1,96.0
2026-05-22,hpc-gpu-067,C,Chemistry,86.8,82.3,1410,396.0,81.5,0,0,0,11,166.7,4,0,101.0
2026-05-22,hpc-gpu-071,C,Engineering,88.4,59.2,1410,400.0,77.2,0,0,0,8,169.8,0,1,95.0
2026-05-22,hpc-gpu-072,C,Medical Research,100.0,68.8,1410,410.0,87.7,0,0,0,7,192.0,4,1,110.0
2026-05-23,hpc-gpu-064,C,Medical Research,79.0,47.5,1410,367.0,74.9,0,0,0,11,151.7,1,1,92.0
2026-05-23,hpc-gpu-065,C,Physics,68.6,51.9,1410,387.0,75.9,0,0,0,4,131.6,2,1,92.0
2026-05-24,hpc-gpu-050,C,Biology,47.4,37.3,1410,341.0,63.3,0,0,0,11,91.0,4,0,73.0
2026-05-24,hpc-gpu-062,C,Mathematics,30.9,21.0,1410,315.0,48.9,0,0,0,2,59.3,3,1,53.0
2026-05-24,hpc-gpu-071,C,Engineering,64.3,51.8,1410,386.0,66.3,0,0,0,0,123.5,0,1,80.0
2026-05-25,hpc-gpu-037,B,Earth Sciences,60.9,48.4,1410,373.0,67.1,0,0,0,9,117.0,2,1,83.0
2026-05-25,hpc-gpu-049,C,Physics,87.2,76.4,1410,369.0,80.5,0,0,0,8,167.3,2,0,100.0
2026-05-25,hpc-gpu-050,C,Biology,88.3,67.6,1410,417.0,84.1,0,0,0,0,169.5,4,1,104.0
2026-05-25,hpc-gpu-051,C,Chemistry,80.9,54.4,1410,377.0,80.1,0,0,0,4,155.3,1,0,101.0
2026-05-25,hpc-gpu-052,C,Computer Science,75.5,52.0,1410,359.0,76.8,0,0,0,10,144.9,4,1,94.0
2026-05-25,hpc-gpu-054,C,Mathematics,48.0,36.5,1410,347.0,62.2,0,0,0,7,92.1,4,0,72.0
2026-05-25,hpc-gpu-055,C,Engineering,95.2,57.5,1410,403.0,87.7,0,0,0,1,182.7,4,1,110.0
2026-05-25,hpc-gpu-056,C,Medical Research,85.8,60.7,1410,422.0,77.4,0,0,0,5,164.8,1,0,97.0
2026-05-25,hpc-gpu-057,C,Physics,100.0,94.4,1410,380.0,86.9,0,0,0,9,192.0,1,1,109.0
2026-05-25,hpc-gpu-058,C,Biology,85.3,57.1,1410,368.0,81.4,0,0,0,11,163.8,1,0,100.0
2026-05-25,hpc-gpu-059,C,Chemistry,75.1,64.9,1410,360.0,75.3,0,0,0,2,144.1,1,0,93.0
2026-05-25,hpc-gpu-061,C,Earth Sciences,75.3,68.6,1410,351.0,75.1,0,0,0,2,144.6,0,1,93.0
2026-05-25,hpc-gpu-063,C,Engineering,86.3,52.9,1410,398.0,78.1,0,0,0,1,165.8,3,0,95.0
2026-05-25,hpc-gpu-064,C,Medical Research,99.7,74.7,1410,402.0,85.5,0,0,0,5,191.4,0,1,109.0
2026-05-25,hpc-gpu-065,C,Physics,90.2,73.6,1410,394.0,82.9,0,0,0,0,173.1,4,0,103.0
2026-05-25,hpc-gpu-066,C,Biology,85.6,59.9,1410,376.0,78.7,0,0,0,4,164.3,0,0,97.0
2026-05-25,hpc-gpu-068,C,Computer Science,71.2,50.9,1410,370.0,75.2,0,0,0,7,136.7,2,1,93.0
2026-05-25,hpc-gpu-071,C,Engineering,83.6,50.6,1410,383.0,78.8,0,0,0,6,160.6,3,1,97.0
2026-05-25,hpc-gpu-072,C,Medical Research,82.9,59.0,1410,397.0,75.5,0,0,0,6,159.2,3,0,93.0
2026-05-26,hpc-gpu-049,C,Physics,100.0,70.7,1410,393.0,90.5,0,0,0,3,192.0,4,0,115.0
2026-05-26,hpc-gpu-050,C,Biology,77.4,53.7,1410,372.0,83.5,0,0,0,10,148.5,0,0,105.0
2026-05-26,hpc-gpu-051,C,Chemistry,73.3,50.6,1410,351.0,77.3,0,0,0,8,140.7,2,1,95.0
2026-05-26,hpc-gpu-055,C,Engineering,85.2,54.2,1410,415.0,75.0,0,0,0,11,163.7,1,1,93.0
2026-05-26,hpc-gpu-056,C,Medical Research,97.4,62.8,1410,386.0,80.1,0,0,0,6,187.1,3,0,100.0
2026-05-26,hpc-gpu-057,C,Physics,100.0,87.5,1410,414.0,84.8,0,0,0,2,192.0,2,0,105.0
2026-05-26,hpc-gpu-058,C,Biology,91.1,61.8,1410,400.0,77.7,0,0,0,7,174.9,1,1,97.0
2026-05-26,hpc-gpu-063,C,Engineering,95.8,58.4,1410,386.0,81.9,0,0,0,0,183.9,3,0,102.0
2026-05-26,hpc-gpu-064,C,Medical Research,95.0,68.1,1410,404.0,86.5,0,0,0,2,182.4,1,0,110.0
2026-05-26,hpc-gpu-065,C,Physics,91.8,59.2,1410,404.0,84.2,0,0,0,4,176.3,3,1,105.0
2026-05-26,hpc-gpu-066,C,Biology,80.9,52.2,1410,366.0,79.1,0,0,0,9,155.3,0,0,99.0
2026-05-26,hpc-gpu-067,C,Chemistry,92.1,68.7,1410,371.0,86.3,0,0,0,8,176.8,0,1,108.0
2026-05-26,hpc-gpu-068,C,Computer Science,76.8,69.5,1410,353.0,80.8,0,0,0,0,147.4,2,0,101.0
2026-05-26,hpc-gpu-071,C,Engineering,96.3,67.2,1410,408.0,85.8,0,0,0,5,184.9,0,1,109.0
2026-05-26,hpc-gpu-072,C,Medical Research,84.7,66.9,1410,364.0,78.1,0,0,0,11,162.6,3,0,98.0
2026-05-27,hpc-gpu-049,C,Physics,100.0,94.5,1410,415.0,88.6,0,0,0,0,192.0,0,0,113.0
2026-05-27,hpc-gpu-050,C,Biology,89.1,70.3,1410,403.0,89.0,0,0,0,4,171.0,3,1,113.0
2026-05-27,hpc-gpu-051,C,Chemistry,79.9,58.9,1410,373.0,76.9,0,0,0,5,153.3,2,0,95.0
2026-05-27,hpc-gpu-052,C,Computer Science,88.0,64.4,1410,390.0,86.0,0,0,0,4,169.0,3,0,108.0
2026-05-27,hpc-gpu-053,C,Earth Sciences,70.5,64.6,1410,404.0,76.3,0,0,0,5,135.4,3,1,94.0
2026-05-27,hpc-gpu-055,C,Engineering,76.3,69.0,1410,355.0,77.4,0,0,0,1,146.4,0,1,96.0
2026-05-27,hpc-gpu-056,C,Medical Research,98.0,77.9,1410,403.0,84.0,0,0,0,3,188.2,1,0,105.0
2026-05-27,hpc-gpu-057,C,Physics,87.7,67.6,1410,414.0,75.9,0,0,0,4,168.4,1,0,93.0
2026-05-27,hpc-gpu-058,C,Biology,100.0,91.9,1410,411.0,87.3,0,0,0,3,192.0,0,0,112.0
2026-05-27,hpc-gpu-059,C,Chemistry,87.4,56.3,1410,380.0,82.6,0,0,0,1,167.9,2,1,104.0
2026-05-27,hpc-gpu-060,C,Computer Science,87.1,67.9,1410,363.0,79.9,0,0,0,11,167.2,2,0,101.0
2026-05-27,hpc-gpu-063,C,Engineering,94.3,62.3,1410,389.0,86.5,0,0,0,1,181.1,2,1,109.0
2026-05-27,hpc-gpu-064,C,Medical Research,87.9,80.7,1410,379.0,85.9,0,0,0,8,168.8,2,1,108.0
2026-05-27,hpc-gpu-065,C,Physics,100.0,82.0,1410,381.0,85.1,0,0,0,10,192.0,3,0,107.0
2026-05-27,hpc-gpu-066,C,Biology,97.3,72.1,1410,384.0,85.5,0,0,0,11,186.8,1,1,107.0
2026-05-27,hpc-gpu-067,C,Chemistry,75.5,46.3,1410,383.0,73.5,0,0,0,0,145.0,1,1,89.0
2026-05-27,hpc-gpu-068,C,Computer Science,84.7,67.7,1410,389.0,85.2,0,0,0,11,162.7,3,1,107.0
2026-05-27,hpc-gpu-071,C,Engineering,100.0,62.4,1410,382.0,95.0,0,0,0,9,192.0,0,1,121.0
2026-05-27,hpc-gpu-072,C,Medical Research,82.5,64.7,1410,415.0,83.3,0,0,0,5,158.4,2,1,105.0
2026-05-28,hpc-gpu-049,C,Physics,98.5,92.6,1410,374.0,86.0,0,0,0,9,189.2,3,0,110.0
2026-05-28,hpc-gpu-050,C,Biology,72.5,66.3,1410,380.0,69.3,0,0,0,10,139.1,4,0,84.0
2026-05-28,hpc-gpu-051,C,Chemistry,65.5,55.4,1410,378.0,73.2,0,0,0,4,125.8,1,1,91.0
2026-05-28,hpc-gpu-052,C,Computer Science,73.8,59.0,1410,358.0,75.7,0,0,0,6,141.6,3,0,93.0
2026-05-28,hpc-gpu-055,C,Engineering,81.1,65.8,1410,377.0,79.6,0,0,0,4,155.7,2,1,98.0
2026-05-28,hpc-gpu-056,C,Medical Research,100.0,70.9,1410,402.0,84.0,0,0,0,8,192.0,4,1,107.0
2026-05-28,hpc-gpu-057,C,Physics,100.0,63.0,1410,420.0,86.5,0,0,0,9,192.0,3,1,110.0
2026-05-28,hpc-gpu-058,C,Biology,81.9,56.6,1410,392.0,76.2,0,0,0,6,157.3,2,1,94.0
2026-05-28,hpc-gpu-059,C,Chemistry,82.4,67.7,1410,380.0,79.1,0,0,0,8,158.2,3,1,97.0
2026-05-28,hpc-gpu-060,C,Computer Science,82.3,66.0,1410,366.0,79.8,0,0,0,2,157.9,0,1,100.0
2026-05-28,hpc-gpu-063,C,Engineering,100.0,73.3,1410,393.0,83.9,0,0,0,7,192.0,0,0,105.0
2026-05-28,hpc-gpu-064,C,Medical Research,98.4,64.6,1410,401.0,85.5,0,0,0,5,189.0,2,1,109.0
2026-05-28,hpc-gpu-065,C,Physics,97.0,67.0,1410,387.0,83.5,0,0,0,4,186.3,0,1,106.0
2026-05-28,hpc-gpu-066,C,Biology,83.2,77.1,1410,357.0,79.5,0,0,0,5,159.8,2,0,97.0
2026-05-28,hpc-gpu-067,C,Chemistry,82.8,76.0,1410,393.0,77.1,0,0,0,6,159.0,0,0,94.0
2026-05-28,hpc-gpu-071,C,Engineering,93.3,63.1,1410,380.0,84.0,0,0,0,11,179.2,1,1,107.0
2026-05-28,hpc-gpu-072,C,Medical Research,100.0,70.2,1410,382.0,90.9,0,0,0,6,192.0,0,1,115.0
2026-05-29,hpc-gpu-049,C,Physics,100.0,66.8,1410,397.0,80.8,0,0,0,9,192.0,1,0,100.0
2026-05-29,hpc-gpu-051,C,Chemistry,93.9,58.6,1410,388.0,85.4,0,0,0,3,180.3,0,0,107.0
2026-05-29,hpc-gpu-052,C,Computer Science,76.5,52.4,1410,380.0,76.9,0,0,0,7,146.9,3,0,95.0
2026-05-29,hpc-gpu-055,C,Engineering,82.3,70.4,1410,348.0,85.7,0,0,0,5,157.9,4,0,108.0
2026-05-29,hpc-gpu-056,C,Medical Research,92.6,60.7,1410,366.0,81.6,0,0,0,4,177.8,0,0,102.0
2026-05-29,hpc-gpu-057,C,Physics,100.0,70.6,1410,390.0,90.3,0,0,0,7,192.0,1,1,114.0
2026-05-29,hpc-gpu-058,C,Biology,84.0,64.6,1410,387.0,80.0,0,0,0,10,161.3,3,1,101.0
2026-05-29,hpc-gpu-059,C,Chemistry,82.1,64.4,1410,371.0,80.9,0,0,0,6,157.7,4,0,102.0
2026-05-29,hpc-gpu-063,C,Engineering,84.0,53.0,1410,377.0,77.3,0,0,0,9,161.2,1,1,96.0
2026-05-29,hpc-gpu-064,C,Medical Research,100.0,80.3,1410,401.0,89.2,0,0,0,7,192.0,0,1,113.0
2026-05-29,hpc-gpu-065,C,Physics,100.0,89.5,1410,396.0,86.0,0,0,0,11,192.0,3,1,109.0
2026-05-29,hpc-gpu-066,C,Biology,98.0,65.5,1410,377.0,87.1,0,0,0,0,188.1,2,1,110.0
2026-05-29,hpc-gpu-067,C,Chemistry,79.1,65.2,1410,348.0,81.7,0,0,0,1,151.8,4,0,101.0
2026-05-29,hpc-gpu-069,C,Earth Sciences,74.4,64.4,1410,361.0,78.8,0,0,0,1,142.9,3,0,99.0
2026-05-29,hpc-gpu-071,C,Engineering,92.6,86.0,1410,425.0,79.6,0,0,0,8,177.8,2,0,98.0
2026-05-29,hpc-gpu-072,C,Medical Research,89.6,65.7,1410,393.0,83.8,0,0,0,10,172.0,3,0,105.0
2026-05-30,hpc-gpu-057,C,Physics,70.4,43.7,1410,343.0,78.2,0,0,0,11,135.3,0,0,96.0
2026-05-30,hpc-gpu-058,C,Biology,57.8,48.5,1410,347.0,73.5,0,0,0,9,111.0,2,1,91.0
2026-05-31,hpc-gpu-049,C,Physics,72.8,51.1,1410,377.0,77.7,0,0,0,5,139.7,1,1,95.0
2026-05-31,hpc-gpu-053,C,Earth Sciences,54.1,51.0,1410,360.0,68.1,0,0,0,3,103.8,0,1,81.0
2026-06-01,hpc-gpu-049,C,Physics,89.1,63.4,1410,391.0,91.1,0,0,0,1,171.0,3,1,110.0
2026-06-01,hpc-gpu-050,C,Biology,95.7,75.0,1410,393.0,84.7,0,0,0,10,183.8,0,0,102.0
2026-06-01,hpc-gpu-051,C,Chemistry,86.5,75.5,1410,404.0,79.9,0,0,0,5,166.1,0,0,96.0
2026-06-01,hpc-gpu-055,C,Engineering,85.4,61.1,1410,395.0,84.3,0,0,0,0,164.1,2,1,102.0
2026-06-01,hpc-gpu-056,C,Medical Research,83.0,58.5,1410,372.0,83.7,0,0,0,11,159.4,3,1,100.0
2026-06-01,hpc-gpu-057,C,Physics,100.0,68.6,1410,417.0,92.3,0,0,0,4,192.0,0,1,115.0
2026-06-01,hpc-gpu-058,C,Biology,79.8,54.0,1410,351.0,76.0,0,0,0,4,153.2,0,1,93.0
2026-06-01,hpc-gpu-059,C,Chemistry,79.7,75.1,1410,405.0,81.2,0,0,0,7,153.0,2,0,96.0
2026-06-01,hpc-gpu-063,C,Engineering,93.0,78.6,1410,413.0,84.2,0,0,0,10,178.5,3,1,102.0
2026-06-01,hpc-gpu-064,C,Medical Research,85.2,70.1,1410,378.0,86.1,0,0,0,7,163.5,4,1,105.0
2026-06-01,hpc-gpu-065,C,Physics,100.0,69.3,1410,413.0,86.6,0,0,0,6,192.0,2,0,108.0
2026-06-01,hpc-gpu-066,C,Biology,83.7,63.2,1410,400.0,83.7,0,0,0,3,160.7,0,1,101.0
2026-06-01,hpc-gpu-067,C,Chemistry,83.1,62.7,1410,390.0,80.4,0,0,0,8,159.6,2,1,98.0
2026-06-01,hpc-gpu-072,C,Medical Research,78.0,68.4,1410,369.0,81.9,0,0,0,2,149.8,4,1,98.0
2026-06-02,hpc-gpu-049,C,Physics,100.0,79.6,1410,401.0,88.3,0,0,0,0,192.0,3,0,111.0
2026-06-02,hpc-gpu-050,C,Biology,85.1,69.0,1410,396.0,84.3,0,0,0,9,163.5,1,0,102.0
2026-06-02,hpc-gpu-056,C,Medical Research,100.0,62.7,1410,410.0,90.2,0,0,0,8,192.0,3,0,109.0
2026-06-02,hpc-gpu-057,C,Physics,100.0,66.8,1410,392.0,88.1,0,0,0,10,192.0,0,1,111.0
2026-06-02,hpc-gpu-058,C,Biology,82.4,60.0,1410,379.0,80.8,0,0,0,6,158.2,2,1,95.0
2026-06-02,hpc-gpu-059,C,Chemistry,84.9,68.6,1410,401.0,80.7,0,0,0,2,163.1,1,1,98.0
2026-06-02,hpc-gpu-060,C,Computer Science,86.9,67.2,1410,374.0,85.9,0,0,0,8,166.8,3,0,103.0
2026-06-02,hpc-gpu-062,C,Mathematics,55.5,42.3,1410,344.0,69.4,0,0,0,2,106.6,1,1,79.0
2026-06-02,hpc-gpu-063,C,Engineering,100.0,91.1,1410,412.0,90.9,0,0,0,1,192.0,1,1,112.0
2026-06-02,hpc-gpu-064,C,Medical Research,96.8,84.2,1410,397.0,89.1,0,0,0,10,185.8,0,0,109.0
2026-06-02,hpc-gpu-065,C,Physics,95.8,90.0,1410,399.0,90.4,0,0,0,6,183.9,1,1,110.0
2026-06-02,hpc-gpu-066,C,Biology,82.4,75.3,1410,404.0,86.3,0,0,0,9,158.2,0,0,107.0
2026-06-02,hpc-gpu-067,C,Chemistry,81.9,66.3,1410,357.0,84.6,0,0,0,3,157.3,2,1,104.0
2026-06-02,hpc-gpu-070,C,Mathematics,44.5,36.2,1410,346.0,59.5,0,0,0,1,85.4,2,1,65.0
2026-06-02,hpc-gpu-071,C,Engineering,96.7,75.2,1410,403.0,86.5,0,0,0,6,185.6,1,1,104.0
2026-06-02,hpc-gpu-072,C,Medical Research,86.8,53.1,1410,349.0,84.3,0,0,0,4,166.6,4,0,102.0
2026-06-03,hpc-gpu-049,C,Physics,91.6,57.4,1410,399.0,85.1,0,0,0,0,175.9,3,0,102.0
2026-06-03,hpc-gpu-050,C,Biology,89.2,64.5,1410,387.0,83.5,0,0,0,4,171.2,0,1,102.0
2026-06-03,hpc-gpu-053,C,Earth Sciences,55.9,42.7,1410,338.0,72.0,0,0,0,0,107.3,3,1,83.0
2026-06-03,hpc-gpu-055,C,Engineering,88.1,73.7,1410,379.0,83.9,0,0,0,7,169.2,0,1,105.0
2026-06-03,hpc-gpu-056,C,Medical Research,100.0,63.1,1410,411.0,91.8,0,0,0,11,192.0,0,1,114.0
2026-06-03,hpc-gpu-057,C,Physics,100.0,68.7,1410,418.0,88.8,0,0,0,7,192.0,4,0,113.0
2026-06-03,hpc-gpu-058,C,Biology,83.5,50.3,1410,370.0,80.3,0,0,0,10,160.2,2,1,98.0
2026-06-03,hpc-gpu-059,C,Chemistry,80.0,48.3,1410,400.0,75.5,0,0,0,7,153.6,4,0,90.0
2026-06-03,hpc-gpu-060,C,Computer Science,71.9,58.5,1410,376.0,77.2,0,0,0,5,138.0,0,0,93.0
2026-06-03,hpc-gpu-063,C,Engineering,79.4,60.0,1410,354.0,80.3,0,0,0,4,152.5,1,0,96.0
2026-06-03,hpc-gpu-064,C,Medical Research,91.4,69.8,1410,367.0,81.0,0,0,0,4,175.5,4,1,99.0
2026-06-03,hpc-gpu-065,C,Physics,98.8,63.0,1410,405.0,87.7,0,0,0,8,189.8,2,1,108.0
2026-06-03,hpc-gpu-066,C,Biology,91.2,61.9,1410,371.0,84.8,0,0,0,4,175.2,1,0,105.0
2026-06-03,hpc-gpu-067,C,Chemistry,71.0,58.2,1410,363.0,78.0,0,0,0,1,136.4,0,1,94.0
2026-06-03,hpc-gpu-068,C,Computer Science,91.6,75.9,1410,380.0,84.8,0,0,0,11,175.8,1,1,105.0
2026-06-03,hpc-gpu-071,C,Engineering,93.0,86.5,1410,415.0,82.9,0,0,0,4,178.6,1,0,103.0
2026-06-03,hpc-gpu-072,C,Medical Research,90.3,68.5,1410,408.0,88.7,0,0,0,8,173.5,2,0,109.0
2026-06-04,hpc-gpu-049,C,Physics,100.0,75.6,1410,417.0,88.7,0,0,0,0,192.0,0,0,108.0
2026-06-04,hpc-gpu-050,C,Biology,89.0,63.3,1410,401.0,86.4,0,0,0,3,170.8,0,0,105.0
2026-06-04,hpc-gpu-051,C,Chemistry,79.5,60.2,1410,406.0,78.5,0,0,0,4,152.6,2,1,94.0
2026-06-04,hpc-gpu-052,C,Computer Science,68.3,57.2,1410,371.0,78.4,0,0,0,3,131.2,4,0,95.0
2026-06-04,hpc-gpu-053,C,Earth Sciences,63.3,55.8,1410,380.0,77.6,0,0,0,7,121.5,3,1,91.0
2026-06-04,hpc-gpu-054,C,Mathematics,50.4,46.0,1410,362.0,64.3,0,0,0,7,96.8,0,1,73.0
2026-06-04,hpc-gpu-055,C,Engineering,99.7,75.8,1410,410.0,85.2,0,0,0,4,191.5,3,0,104.0
2026-06-04,hpc-gpu-056,C,Medical Research,82.8,70.4,1410,395.0,76.4,0,0,0,11,159.0,1,1,94.0
2026-06-04,hpc-gpu-057,C,Physics,91.2,82.5,1410,378.0,85.3,0,0,0,0,175.1,1,0,105.0
2026-06-04,hpc-gpu-058,C,Biology,89.0,59.7,1410,406.0,84.3,0,0,0,1,170.9,1,1,104.0
2026-06-04,hpc-gpu-063,C,Engineering,88.3,78.2,1410,372.0,89.5,0,0,0,11,169.6,3,0,111.0
2026-06-04,hpc-gpu-064,C,Medical Research,98.9,76.7,1410,391.0,87.1,0,0,0,4,190.0,4,1,107.0
2026-06-04,hpc-gpu-065,C,Physics,95.0,85.5,1410,373.0,88.3,0,0,0,6,182.3,1,0,109.0
2026-06-04,hpc-gpu-066,C,Biology,85.9,61.1,1410,360.0,79.9,0,0,0,3,165.0,0,1,96.0
2026-06-04,hpc-gpu-068,C,Computer Science,74.9,68.9,1410,372.0,77.2,0,0,0,1,143.7,2,0,91.0
2026-06-04,hpc-gpu-071,C,Engineering,99.3,68.7,1410,415.0,87.9,0,0,0,1,190.7,0,0,106.0
2026-06-04,hpc-gpu-072,C,Medical Research,99.2,87.4,1410,402.0,87.5,0,0,0,7,190.4,3,0,106.0
2026-06-05,hpc-gpu-049,C,Physics,91.1,73.3,1410,394.0,90.9,0,0,0,7,174.8,1,0,110.0
2026-06-05,hpc-gpu-050,C,Biology,95.8,82.7,1410,407.0,86.6,0,0,0,10,183.8,3,1,109.0
2026-06-05,hpc-gpu-051,C,Chemistry,83.9,54.6,1410,385.0,83.1,0,0,0,8,161.1,4,1,103.0
2026-06-05,hpc-gpu-055,C,Engineering,96.6,72.2,1410,398.0,83.4,0,0,0,0,185.4,4,1,105.0
2026-06-05,hpc-gpu-056,C,Medical Research,90.8,80.7,1410,362.0,86.1,0,0,0,11,174.3,4,1,105.0
2026-06-05,hpc-gpu-057,C,Physics,100.0,76.9,1410,434.0,92.8,0,0,0,5,192.0,0,1,113.0
2026-06-05,hpc-gpu-058,C,Biology,86.1,80.0,1410,379.0,75.5,0,0,0,8,165.3,4,1,91.0
2026-06-05,hpc-gpu-059,C,Chemistry,74.6,49.2,1410,377.0,79.7,0,0,0,0,143.3,0,0,93.0
2026-06-05,hpc-gpu-060,C,Computer Science,81.9,65.1,1410,408.0,82.5,0,0,0,8,157.2,3,1,103.0
2026-06-05,hpc-gpu-061,C,Earth Sciences,74.5,60.1,1410,373.0,79.2,0,0,0,0,143.1,2,1,93.0
2026-06-05,hpc-gpu-063,C,Engineering,84.1,74.8,1410,362.0,79.5,0,0,0,9,161.5,0,0,97.0
2026-06-05,hpc-gpu-064,C,Medical Research,89.8,78.6,1410,375.0,86.3,0,0,0,11,172.4,4,1,108.0
2026-06-05,hpc-gpu-065,C,Physics,100.0,71.9,1410,395.0,91.3,0,0,0,1,192.0,3,0,114.0
2026-06-05,hpc-gpu-066,C,Biology,82.4,63.0,1410,382.0,80.6,0,0,0,10,158.2,0,0,99.0
2026-06-05,hpc-gpu-067,C,Chemistry,76.6,51.1,1410,395.0,78.7,0,0,0,0,147.1,3,1,96.0
2026-06-05,hpc-gpu-068,C,Computer Science,83.8,55.0,1410,396.0,82.3,0,0,0,8,160.8,1,0,101.0
2026-06-05,hpc-gpu-071,C,Engineering,100.0,67.2,1410,410.0,87.6,0,0,0,4,192.0,1,1,106.0
2026-06-05,hpc-gpu-072,C,Medical Research,99.8,77.4,1410,411.0,85.5,0,0,0,0,191.7,1,0,105.0
2026-06-06,hpc-gpu-052,C,Computer Science,42.9,31.5,1410,335.0,57.6,0,0,0,4,82.4,4,0,64.0
2026-06-06,hpc-gpu-056,C,Medical Research,76.5,52.3,1410,367.0,79.6,0,0,0,11,146.8,4,1,95.0
2026-06-06,hpc-gpu-066,C,Biology,66.5,41.9,1410,370.0,70.1,0,0,0,10,127.6,1,1,80.0
2026-06-07,hpc-gpu-072,C,Medical Research,68.6,47.8,1410,384.0,72.1,0,0,0,0,131.6,4,0,86.0
2026-06-08,hpc-gpu-049,C,Physics,100.0,86.8,1410,387.0,93.9,0,0,0,1,192.0,1,0,118.0
2026-06-08,hpc-gpu-056,C,Medical Research,95.5,58.8,1410,389.0,84.7,0,0,0,0,183.4,3,0,106.0
2026-06-08,hpc-gpu-057,C,Physics,98.0,60.7,1410,409.0,83.6,0,0,0,0,188.2,3,0,104.0
2026-06-08,hpc-gpu-058,C,Biology,96.2,84.6,1410,402.0,91.5,0,0,0,0,184.6,0,1,113.0
2026-06-08,hpc-gpu-060,C,Computer Science,89.6,75.8,1410,389.0,84.8,0,0,0,2,172.0,0,0,106.0
2026-06-08,hpc-gpu-063,C,Engineering,91.2,74.5,1410,418.0,83.2,0,0,0,4,175.1,2,0,101.0
2026-06-08,hpc-gpu-064,C,Medical Research,88.6,83.8,1410,412.0,90.6,0,0,0,1,170.1,2,0,111.0
2026-06-08,hpc-gpu-065,C,Physics,97.8,70.8,1410,386.0,81.4,0,0,0,1,187.7,0,0,101.0
2026-06-08,hpc-gpu-067,C,Chemistry,82.0,66.7,1410,381.0,77.1,0,0,0,2,157.4,2,0,92.0
2026-06-08,hpc-gpu-071,C,Engineering,95.7,59.1,1410,405.0,86.1,0,0,0,7,183.7,4,0,107.0
2026-06-08,hpc-gpu-072,C,Medical Research,85.0,74.2,1410,369.0,80.1,0,0,0,1,163.1,3,1,94.0
2026-06-09,hpc-gpu-049,C,Physics,94.4,83.0,1410,396.0,83.6,0,0,0,6,181.3,3,0,102.0
2026-06-09,hpc-gpu-050,C,Biology,81.9,72.2,1410,374.0,79.5,0,0,0,11,157.2,3,0,94.0
2026-06-09,hpc-gpu-051,C,Chemistry,77.9,53.9,1410,408.0,85.1,0,0,0,9,149.6,3,1,104.0
2026-06-09,hpc-gpu-056,C,Medical Research,86.2,55.2,1410,367.0,80.2,0,0,0,10,165.6,4,1,100.0
2026-06-09,hpc-gpu-057,C,Physics,97.0,76.6,1410,405.0,91.9,0,0,0,10,186.2,0,1,114.0
2026-06-09,hpc-gpu-058,C,Biology,95.7,67.8,1410,386.0,88.1,0,0,0,8,183.8,1,1,106.0
2026-06-09,hpc-gpu-059,C,Chemistry,79.2,69.4,1410,365.0,81.0,0,0,0,1,152.0,0,0,97.0
2026-06-09,hpc-gpu-061,C,Earth Sciences,74.5,67.0,1410,392.0,84.8,0,0,0,0,143.0,0,0,102.0
2026-06-09,hpc-gpu-063,C,Engineering,88.1,57.5,1410,376.0,85.2,0,0,0,9,169.2,3,0,102.0
2026-06-09,hpc-gpu-064,C,Medical Research,91.2,58.4,1410,412.0,84.3,0,0,0,6,175.2,2,1,105.0
2026-06-09,hpc-gpu-065,C,Physics,100.0,92.0,1410,388.0,89.1,0,0,0,4,192.0,3,1,112.0
2026-06-09,hpc-gpu-066,C,Biology,93.5,58.5,1410,371.0,90.0,0,0,0,5,179.4,4,0,111.0
2026-06-09,hpc-gpu-067,C,Chemistry,100.0,91.0,1410,418.0,87.1,0,0,0,5,192.0,3,0,108.0
2026-06-09,hpc-gpu-069,C,Earth Sciences,81.1,76.1,1410,382.0,85.6,0,0,0,0,155.8,2,1,103.0
2026-06-09,hpc-gpu-071,C,Engineering,90.5,64.5,1410,413.0,85.4,0,0,0,2,173.7,4,0,102.0
2026-06-09,hpc-gpu-072,C,Medical Research,98.2,61.4,1410,389.0,88.8,0,0,0,8,188.5,4,1,111.0
2026-06-10,hpc-gpu-049,C,Physics,97.0,81.5,1410,411.0,85.1,0,0,0,2,186.3,2,1,106.0
2026-06-10,hpc-gpu-053,C,Earth Sciences,76.7,57.8,1410,367.0,79.6,0,0,0,3,147.3,0,1,94.0
2026-06-10,hpc-gpu-055,C,Engineering,93.6,58.7,1410,374.0,91.4,0,0,0,0,179.8,1,0,115.0
2026-06-10,hpc-gpu-056,C,Medical Research,90.8,54.7,1410,379.0,83.9,0,0,0,0,174.3,0,1,100.0
2026-06-10,hpc-gpu-057,C,Physics,93.6,80.2,1410,383.0,76.0,0,0,0,5,179.7,0,1,91.0
2026-06-10,hpc-gpu-058,C,Biology,92.2,66.4,1410,403.0,87.2,0,0,0,6,177.0,4,1,106.0
2026-06-10,hpc-gpu-059,C,Chemistry,93.9,61.7,1410,397.0,79.4,0,0,0,3,180.2,0,0,98.0
2026-06-10,hpc-gpu-060,C,Computer Science,87.2,80.9,1410,406.0,85.6,0,0,0,2,167.5,0,1,104.0
2026-06-10,hpc-gpu-063,C,Engineering,95.0,86.9,1410,427.0,90.1,0,0,0,3,182.5,0,0,112.0
2026-06-10,hpc-gpu-064,C,Medical Research,83.0,61.6,1410,387.0,85.8,0,0,0,4,159.3,3,0,105.0
2026-06-10,hpc-gpu-065,C,Physics,98.2,71.9,1410,406.0,87.4,0,0,0,2,188.6,2,0,110.0
2026-06-10,hpc-gpu-066,C,Biology,77.6,61.2,1410,397.0,82.0,0,0,0,4,149.0,2,0,98.0
2026-06-10,hpc-gpu-067,C,Chemistry,80.5,67.3,1410,368.0,78.4,0,0,0,5,154.5,0,1,92.0
2026-06-10,hpc-gpu-068,C,Computer Science,82.5,73.5,1410,384.0,82.0,0,0,0,5,158.3,4,1,101.0
2026-06-10,hpc-gpu-071,C,Engineering,90.2,59.9,1410,412.0,81.7,0,0,0,5,173.1,4,1,101.0
2026-06-10,hpc-gpu-072,C,Medical Research,88.6,77.2,1410,398.0,79.5,0,0,0,1,170.1,2,0,99.0
2026-06-11,hpc-gpu-049,C,Physics,100.0,66.6,1410,402.0,92.2,0,0,0,7,192.0,1,1,114.0
2026-06-11,hpc-gpu-051,C,Chemistry,81.6,58.7,1410,389.0,82.2,0,0,0,11,156.6,4,0,99.0
2026-06-11,hpc-gpu-055,C,Engineering,81.8,74.2,1410,384.0,84.4,0,0,0,8,157.0,0,1,103.0
2026-06-11,hpc-gpu-056,C,Medical Research,93.5,76.7,1410,385.0,80.8,0,0,0,5,179.5,4,0,99.0
2026-06-11,hpc-gpu-057,C,Physics,97.0,87.6,1410,391.0,89.7,0,0,0,9,186.3,4,1,112.0
2026-06-11,hpc-gpu-058,C,Biology,74.6,65.8,1410,376.0,77.3,0,0,0,11,143.2,4,1,92.0
2026-06-11,hpc-gpu-063,C,Engineering,90.9,78.0,1410,396.0,83.3,0,0,0,5,174.5,4,1,101.0
2026-06-11,hpc-gpu-064,C,Medical Research,100.0,67.2,1410,426.0,91.6,0,0,0,7,192.0,1,1,111.0
2026-06-11,hpc-gpu-065,C,Physics,84.0,51.3,1410,403.0,78.1,0,0,0,6,161.3,1,1,96.0
2026-06-11,hpc-gpu-066,C,Biology,97.7,64.4,1410,422.0,86.6,0,0,0,9,187.6,2,1,105.0
2026-06-11,hpc-gpu-067,C,Chemistry,81.3,65.7,1410,399.0,81.8,0,0,0,1,156.2,4,1,100.0
2026-06-11,hpc-gpu-071,C,Engineering,96.2,78.9,1410,383.0,81.8,0,0,0,10,184.7,4,1,100.0
2026-06-11,hpc-gpu-072,C,Medical Research,84.7,51.4,1410,370.0,84.9,0,0,0,10,162.5,2,1,103.0
2026-06-12,hpc-gpu-049,C,Physics,90.0,84.4,1410,419.0,88.2,0,0,0,2,172.8,3,0,108.0
2026-06-12,hpc-gpu-050,C,Biology,84.6,55.6,1410,389.0,83.5,0,0,0,1,162.5,4,1,99.0
2026-06-12,hpc-gpu-051,C,Chemistry,72.2,67.9,1410,384.0,76.1,0,0,0,7,138.7,0,1,93.0
2026-06-12,hpc-gpu-056,C,Medical Research,93.5,58.8,1410,378.0,85.9,0,0,0,2,179.6,3,0,108.0
2026-06-12,hpc-gpu-057,C,Physics,100.0,83.6,1410,402.0,88.2,0,0,0,0,192.0,1,0,107.0
2026-06-12,hpc-gpu-058,C,Biology,84.6,75.4,1410,365.0,83.3,0,0,0,8,162.5,0,0,101.0
2026-06-12,hpc-gpu-059,C,Chemistry,88.8,65.1,1410,340.0,79.2,1,0,0,3,170.4,1,0,97.0
2026-06-12,hpc-gpu-061,C,Earth Sciences,62.7,51.2,1410,355.0,76.6,0,0,0,2,120.3,1,0,94.0
2026-06-12,hpc-gpu-063,C,Engineering,84.4,51.7,1410,384.0,81.0,0,0,0,6,162.0,0,0,101.0
2026-06-12,hpc-gpu-064,C,Medical Research,85.5,55.5,1410,363.0,85.6,0,0,0,2,164.2,2,1,103.0
2026-06-12,hpc-gpu-065,C,Physics,85.7,51.9,1410,391.0,79.9,0,0,0,5,164.6,0,0,98.0
2026-06-12,hpc-gpu-066,C,Biology,87.4,72.7,1410,396.0,85.0,0,0,0,1,167.8,1,1,105.0
2026-06-12,hpc-gpu-068,C,Computer Science,91.2,76.6,1410,387.0,85.1,0,0,0,2,175.1,3,1,106.0
2026-06-12,hpc-gpu-071,C,Engineering,94.6,65.6,1410,411.0,86.2,0,0,0,0,181.6,2,1,107.0
2026-06-12,hpc-gpu-072,C,Medical Research,82.0,58.9,1410,385.0,78.0,0,0,0,1,157.5,1,0,96.0
2026-06-15,hpc-gpu-049,C,Physics,100.0,86.7,1410,430.0,88.5,0,0,0,1,192.0,4,0,109.0
2026-06-15,hpc-gpu-050,C,Biology,92.7,64.3,1410,397.0,80.9,0,0,0,2,177.9,1,1,100.0
2026-06-15,hpc-gpu-051,C,Chemistry,76.8,62.8,1410,395.0,79.6,0,0,0,8,147.5,0,0,94.0
2026-06-15,hpc-gpu-055,C,Engineering,91.9,57.2,1410,394.0,81.5,0,0,0,1,176.5,1,1,100.0
2026-06-15,hpc-gpu-056,C,Medical Research,91.6,58.7,1410,372.0,77.7,0,0,0,0,175.9,4,0,93.0
2026-06-15,hpc-gpu-057,C,Physics,100.0,60.9,1410,385.0,91.6,0,0,0,0,192.0,3,0,112.0
2026-06-15,hpc-gpu-058,C,Biology,71.7,62.3,1410,381.0,80.0,0,0,0,0,137.7,4,1,96.0
2026-06-15,hpc-gpu-059,C,Chemistry,71.2,56.1,1410,354.0,77.1,0,0,0,6,136.7,2,1,92.0
2026-06-15,hpc-gpu-063,C,Engineering,87.6,53.8,1410,406.0,88.0,0,0,0,3,168.3,2,1,110.0
2026-06-15,hpc-gpu-064,C,Medical Research,82.7,76.7,1410,386.0,78.6,0,0,0,5,158.8,2,0,96.0
2026-06-15,hpc-gpu-065,C,Physics,100.0,78.0,1410,395.0,86.3,0,0,0,9,192.0,3,0,105.0
2026-06-15,hpc-gpu-066,C,Biology,81.6,57.3,1410,373.0,81.8,0,0,0,10,156.6,1,1,96.0
2026-06-15,hpc-gpu-067,C,Chemistry,81.9,50.8,1410,399.0,77.5,0,0,0,9,157.2,0,1,92.0
2026-06-15,hpc-gpu-068,C,Computer Science,79.4,64.1,1410,377.0,82.4,0,0,0,7,152.5,0,1,100.0
2026-06-15,hpc-gpu-071,C,Engineering,94.9,60.8,1410,400.0,89.1,0,0,0,9,182.2,3,1,109.0
2026-06-15,hpc-gpu-072,C,Medical Research,79.2,58.3,1410,369.0,78.8,0,0,0,6,152.1,0,0,95.0
2026-06-16,hpc-gpu-049,C,Physics,100.0,74.8,1410,374.0,87.8,0,0,0,4,192.0,2,0,111.0
2026-06-16,hpc-gpu-050,C,Biology,77.4,70.5,1410,363.0,79.5,0,0,0,2,148.6,2,0,95.0
2026-06-16,hpc-gpu-051,C,Chemistry,78.7,69.3,1410,384.0,81.2,0,0,0,2,151.1,1,0,96.0
2026-06-16,hpc-gpu-055,C,Engineering,90.4,76.4,1410,369.0,83.9,0,0,0,4,173.5,0,0,104.0
2026-06-16,hpc-gpu-056,C,Medical Research,91.8,82.2,1410,386.0,81.0,0,0,0,4,176.3,3,0,97.0
2026-06-16,hpc-gpu-057,C,Physics,100.0,77.7,1410,389.0,89.0,0,0,0,6,192.0,4,1,112.0
2026-06-16,hpc-gpu-058,C,Biology,80.6,76.2,1410,399.0,83.9,0,0,0,0,154.8,4,1,102.0
2026-06-16,hpc-gpu-060,C,Computer Science,77.2,65.5,1410,403.0,76.1,0,0,0,9,148.2,2,0,93.0
2026-06-16,hpc-gpu-063,C,Engineering,91.3,86.6,1410,418.0,83.3,0,0,0,2,175.2,1,1,102.0
2026-06-16,hpc-gpu-064,C,Medical Research,93.1,84.3,1410,387.0,87.5,0,0,0,9,178.7,2,1,106.0
2026-06-16,hpc-gpu-065,C,Physics,99.9,72.5,1410,401.0,83.8,0,0,0,7,191.7,4,0,103.0
2026-06-16,hpc-gpu-067,C,Chemistry,75.9,60.8,1410,396.0,79.0,0,0,0,6,145.8,4,1,94.0
2026-06-16,hpc-gpu-071,C,Engineering,98.0,81.9,1410,395.0,90.8,0,0,0,1,188.2,0,0,111.0
2026-06-16,hpc-gpu-072,C,Medical Research,97.5,68.0,1410,384.0,90.3,0,0,0,1,187.3,1,1,109.0
2026-06-17,hpc-gpu-049,C,Physics,100.0,94.9,1410,397.0,87.4,0,0,0,0,192.0,2,1,109.0
2026-06-17,hpc-gpu-050,C,Biology,88.7,66.1,1410,383.0,78.2,0,0,0,0,170.2,2,1,94.0
2026-06-17,hpc-gpu-051,C,Chemistry,95.8,60.3,1410,382.0,84.2,0,0,0,7,183.9,2,1,105.0
2026-06-17,hpc-gpu-052,C,Computer Science,71.2,60.7,1410,356.0,78.9,0,0,0,10,136.7,3,0,92.0
2026-06-17,hpc-gpu-055,C,Engineering,92.3,57.8,1410,424.0,84.7,0,0,0,4,177.2,4,0,101.0
2026-06-17,hpc-gpu-056,C,Medical Research,97.1,67.8,1410,385.0,81.2,0,0,0,2,186.5,0,0,98.0
2026-06-17,hpc-gpu-057,C,Physics,100.0,60.4,1410,421.0,92.0,0,0,0,5,192.0,1,1,112.0
2026-06-17,hpc-gpu-058,C,Biology,95.9,76.9,1410,407.0,89.6,0,0,0,1,184.2,1,0,111.0
2026-06-17,hpc-gpu-060,C,Computer Science,82.3,72.6,1410,399.0,78.1,0,0,0,3,158.0,0,1,93.0
2026-06-17,hpc-gpu-063,C,Engineering,84.3,68.7,1410,365.0,80.0,0,0,0,0,161.9,1,0,99.0
2026-06-17,hpc-gpu-064,C,Medical Research,100.0,70.7,1410,421.0,91.5,0,0,0,7,192.0,0,0,112.0
2026-06-17,hpc-gpu-065,C,Physics,99.2,79.9,1410,395.0,91.0,0,0,0,4,190.5,4,1,115.0
2026-06-17,hpc-gpu-066,C,Biology,96.0,71.4,1410,419.0,94.7,0,0,0,5,184.4,0,0,117.0
2026-06-17,hpc-gpu-067,C,Chemistry,74.3,50.0,1410,359.0,80.6,0,0,0,0,142.7,0,0,96.0
2026-06-17,hpc-gpu-068,C,Computer Science,79.7,49.5,1410,359.0,79.0,0,0,0,3,153.0,3,0,94.0
2026-06-17,hpc-gpu-071,C,Engineering,87.6,64.6,1410,391.0,80.3,0,0,0,9,168.2,1,1,100.0
2026-06-17,hpc-gpu-072,C,Medical Research,95.6,77.4,1410,413.0,87.6,0,0,0,0,183.6,2,1,109.0
2026-06-18,hpc-gpu-049,C,Physics,100.0,84.0,1410,408.0,91.7,0,0,0,9,192.0,0,0,115.0
2026-06-18,hpc-gpu-051,C,Chemistry,88.3,65.3,1410,385.0,84.3,0,0,0,5,169.5,0,1,104.0
2026-06-18,hpc-gpu-055,C,Engineering,79.8,71.9,1410,377.0,78.9,0,0,0,5,153.3,0,0,97.0
2026-06-18,hpc-gpu-056,C,Medical Research,96.8,67.9,1410,385.0,88.9,0,0,0,3,185.8,3,0,107.0
2026-06-18,hpc-gpu-057,C,Physics,93.2,60.1,1410,378.0,81.7,0,0,0,10,178.9,3,0,99.0
2026-06-18,hpc-gpu-058,C,Biology,87.5,76.4,1410,369.0,81.2,0,0,0,10,168.0,4,0,100.0
2026-06-18,hpc-gpu-059,C,Chemistry,69.1,51.1,1410,373.0,76.1,0,0,0,0,132.7,4,0,91.0
2026-06-18,hpc-gpu-060,C,Computer Science,84.8,52.2,1410,378.0,85.7,0,0,0,2,162.9,3,0,105.0
2026-06-18,hpc-gpu-063,C,Engineering,88.6,66.8,1410,372.0,86.7,0,0,0,3,170.0,4,1,106.0
2026-06-18,hpc-gpu-064,C,Medical Research,86.1,77.0,1410,355.0,82.8,0,0,0,1,165.3,3,0,101.0
2026-06-18,hpc-gpu-065,C,Physics,92.2,68.5,1410,382.0,87.1,0,0,0,0,177.1,0,1,105.0
2026-06-18,hpc-gpu-066,C,Biology,90.3,55.1,1410,397.0,85.0,0,0,0,5,173.4,0,0,104.0
2026-06-18,hpc-gpu-067,C,Chemistry,78.3,58.0,1410,398.0,78.7,0,0,0,4,150.3,2,1,92.0
2026-06-18,hpc-gpu-069,C,Earth Sciences,70.7,65.9,1410,352.0,79.5,0,0,0,6,135.7,2,1,94.0
2026-06-18,hpc-gpu-071,C,Engineering,95.0,59.2,1410,382.0,86.4,0,0,0,5,182.4,2,1,108.0
2026-06-18,hpc-gpu-072,C,Medical Research,91.9,73.5,1410,364.0,90.6,0,0,0,9,176.5,1,0,110.0
2026-06-19,hpc-gpu-049,C,Physics,91.0,66.2,1410,397.0,82.9,0,0,0,2,174.8,4,0,103.0
2026-06-19,hpc-gpu-050,C,Biology,80.5,54.1,1410,367.0,79.0,0,0,0,0,154.6,2,0,93.0
2026-06-19,hpc-gpu-052,C,Computer Science,79.9,71.2,1410,378.0,76.8,0,0,0,1,153.4,1,1,92.0
2026-06-19,hpc-gpu-055,C,Engineering,79.5,72.2,1410,394.0,84.8,0,0,0,7,152.7,3,1,101.0
2026-06-19,hpc-gpu-056,C,Medical Research,86.1,60.8,1410,362.0,86.2,0,0,0,4,165.4,2,0,104.0
2026-06-19,hpc-gpu-057,C,Physics,100.0,86.6,1410,416.0,91.9,0,0,0,1,192.0,1,1,113.0
2026-06-19,hpc-gpu-058,C,Biology,90.2,71.5,1410,401.0,85.6,0,0,0,3,173.2,1,1,103.0
2026-06-19,hpc-gpu-061,C,Earth Sciences,80.9,50.9,1410,370.0,82.7,0,0,0,0,155.4,1,1,102.0
2026-06-19,hpc-gpu-063,C,Engineering,94.4,62.5,1410,427.0,85.8,0,0,0,3,181.2,4,0,108.0
2026-06-19,hpc-gpu-064,C,Medical Research,80.0,54.2,1410,367.0,78.5,0,0,0,8,153.6,4,1,95.0
2026-06-19,hpc-gpu-065,C,Physics,100.0,74.8,1410,403.0,86.3,0,0,0,6,192.0,0,1,108.0
2026-06-19,hpc-gpu-066,C,Biology,86.7,63.7,1410,378.0,86.2,0,0,0,9,166.4,3,1,105.0
2026-06-19,hpc-gpu-067,C,Chemistry,83.8,54.6,1410,394.0,78.6,0,0,0,2,161.0,4,1,95.0
2026-06-19,hpc-gpu-068,C,Computer Science,91.6,85.7,1410,391.0,84.2,0,0,0,1,175.8,3,1,100.0
2026-06-19,hpc-gpu-071,C,Engineering,88.1,61.8,1410,405.0,79.5,0,0,0,5,169.1,3,0,95.0
2026-06-19,hpc-gpu-072,C,Medical Research,96.2,89.7,1410,393.0,87.4,0,0,0,10,184.7,0,1,106.0
2026-06-20,hpc-gpu-052,C,Computer Science,57.0,39.8,1410,379.0,69.4,0,0,0,10,109.4,4,0,83.0
2026-06-20,hpc-gpu-057,C,Physics,69.7,62.3,1410,344.0,80.9,0,0,0,9,133.7,4,0,96.0
2026-06-20,hpc-gpu-066,C,Biology,64.1,56.4,1410,364.0,67.1,0,0,0,8,123.1,3,0,75.0
2026-06-21,hpc-gpu-057,C,Physics,74.6,56.4,1410,383.0,78.2,0,0,0,7,143.2,2,1,94.0
2026-06-22,hpc-gpu-049,C,Physics,94.2,67.8,1410,378.0,87.5,0,0,0,6,180.9,0,1,107.0
2026-06-22,hpc-gpu-050,C,Biology,87.5,53.8,1410,367.0,85.3,0,0,0,11,168.1,4,1,103.0
2026-06-22,hpc-gpu-051,C,Chemistry,80.2,50.4,1410,362.0,77.6,0,0,0,6,154.1,1,1,95.0
2026-06-22,hpc-gpu-055,C,Engineering,76.9,67.0,1410,364.0,77.0,0,0,0,3,147.7,2,0,92.0
2026-06-22,hpc-gpu-056,C,Medical Research,94.2,79.1,1410,391.0,77.5,0,0,0,2,180.8,2,1,93.0
2026-06-22,hpc-gpu-057,C,Physics,90.6,60.8,1410,361.0,86.2,0,0,0,2,174.0,3,1,108.0
2026-06-22,hpc-gpu-058,C,Biology,93.0,73.7,1410,377.0,83.4,0,0,0,9,178.5,0,1,102.0
2026-06-22,hpc-gpu-059,C,Chemistry,83.7,77.6,1410,397.0,81.0,0,0,0,10,160.7,4,0,101.0
2026-06-22,hpc-gpu-060,C,Computer Science,79.5,56.5,1410,368.0,76.6,0,0,0,6,152.6,3,1,94.0
2026-06-22,hpc-gpu-063,C,Engineering,99.9,71.2,1410,402.0,89.5,0,0,0,10,191.7,1,1,113.0
2026-06-22,hpc-gpu-064,C,Medical Research,89.7,59.1,1410,387.0,90.9,0,0,0,8,172.3,4,0,110.0
2026-06-22,hpc-gpu-065,C,Physics,88.2,81.0,1410,386.0,81.2,0,0,0,9,169.4,1,1,98.0
2026-06-22,hpc-gpu-066,C,Biology,82.6,70.4,1410,383.0,84.8,0,0,0,3,158.7,0,0,101.0
2026-06-22,hpc-gpu-068,C,Computer Science,67.3,49.4,1410,361.0,77.3,0,0,0,5,129.3,4,1,93.0
2026-06-22,hpc-gpu-071,C,Engineering,83.1,73.0,1410,370.0,75.9,0,0,0,8,159.5,0,0,92.0
2026-06-22,hpc-gpu-072,C,Medical Research,88.1,65.3,1410,403.0,87.1,0,0,0,11,169.1,4,0,107.0
2026-06-23,hpc-gpu-049,C,Physics,100.0,79.8,1410,383.0,88.9,0,0,0,9,192.0,0,1,110.0
2026-06-23,hpc-gpu-050,C,Biology,90.6,82.3,1410,393.0,82.5,0,0,0,1,174.0,3,0,103.0
2026-06-23,hpc-gpu-051,C,Chemistry,76.3,60.6,1410,370.0,76.8,0,0,0,7,146.5,3,1,91.0
2026-06-23,hpc-gpu-055,C,Engineering,88.5,54.8,1410,396.0,84.9,0,0,0,7,169.8,1,0,106.0
2026-06-23,hpc-gpu-056,C,Medical Research,93.0,80.5,1410,411.0,89.6,0,0,0,10,178.6,1,1,110.0
2026-06-23,hpc-gpu-057,C,Physics,100.0,62.6,1410,373.0,86.6,0,0,0,8,192.0,1,0,106.0
2026-06-23,hpc-gpu-058,C,Biology,91.4,77.7,1410,401.0,76.2,0,0,0,2,175.5,2,0,93.0
2026-06-23,hpc-gpu-059,C,Chemistry,86.7,62.5,1410,399.0,79.1,0,0,0,3,166.4,2,0,98.0
2026-06-23,hpc-gpu-060,C,Computer Science,76.5,68.5,1410,374.0,79.6,0,0,0,0,146.9,3,0,94.0
2026-06-23,hpc-gpu-061,C,Earth Sciences,82.1,57.3,1410,387.0,76.5,0,0,0,0,157.6,2,0,91.0
2026-06-23,hpc-gpu-063,C,Engineering,94.2,70.2,1410,425.0,84.5,0,0,0,4,180.9,0,0,106.0
2026-06-23,hpc-gpu-064,C,Medical Research,79.2,57.8,1410,407.0,79.5,0,0,0,10,152.0,3,0,93.0
2026-06-23,hpc-gpu-065,C,Physics,96.2,73.4,1410,413.0,86.8,0,0,0,7,184.6,0,0,109.0
2026-06-23,hpc-gpu-067,C,Chemistry,76.4,61.1,1410,395.0,79.2,0,0,0,4,146.7,3,0,94.0
2026-06-23,hpc-gpu-071,C,Engineering,77.3,54.4,1410,398.0,78.2,0,0,0,5,148.4,3,1,91.0
2026-06-23,hpc-gpu-072,C,Medical Research,84.1,79.1,1410,350.0,79.9,0,0,0,9,161.5,0,0,98.0
2026-06-24,hpc-gpu-049,C,Physics,100.0,71.4,1410,409.0,89.6,0,0,0,1,192.0,2,0,113.0
2026-06-24,hpc-gpu-050,C,Biology,100.0,82.7,1410,399.0,87.8,0,0,0,11,192.0,1,0,110.0
2026-06-24,hpc-gpu-051,C,Chemistry,85.5,75.7,1410,383.0,78.0,0,0,0,6,164.2,4,0,95.0
2026-06-24,hpc-gpu-055,C,Engineering,85.1,66.0,1410,343.0,84.2,0,0,0,0,163.5,0,1,105.0
2026-06-24,hpc-gpu-056,C,Medical Research,81.1,71.7,1410,415.0,78.7,0,0,0,9,155.7,1,1,93.0
2026-06-24,hpc-gpu-057,C,Physics,97.0,65.2,1410,391.0,88.5,0,0,0,2,186.1,4,0,112.0
2026-06-24,hpc-gpu-058,C,Biology,80.0,73.7,1410,397.0,82.2,0,0,0,1,153.6,3,0,100.0
2026-06-24,hpc-gpu-059,C,Chemistry,79.1,53.9,1410,399.0,83.1,0,0,0,7,152.0,0,1,98.0
2026-06-24,hpc-gpu-062,C,Mathematics,49.1,41.7,1410,371.0,65.2,0,0,0,8,94.2,2,0,72.0
2026-06-24,hpc-gpu-064,C,Medical Research,100.0,83.8,1410,409.0,93.8,0,0,0,8,192.0,0,0,116.0
2026-06-24,hpc-gpu-065,C,Physics,100.0,79.7,1410,398.0,90.1,0,0,0,11,192.0,1,0,113.0
2026-06-24,hpc-gpu-066,C,Biology,78.6,51.5,1410,367.0,82.7,0,0,0,6,150.9,1,1,100.0
2026-06-24,hpc-gpu-067,C,Chemistry,77.0,51.4,1410,390.0,77.2,0,0,0,1,147.8,0,0,92.0
2026-06-24,hpc-gpu-068,C,Computer Science,80.9,62.9,1410,368.0,82.2,0,0,0,5,155.3,3,1,100.0
2026-06-24,hpc-gpu-069,C,Earth Sciences,71.6,65.2,1410,371.0,76.7,0,0,0,11,137.4,0,0,94.0
2026-06-24,hpc-gpu-071,C,Engineering,90.1,85.0,1410,349.0,89.3,0,0,0,6,172.9,2,1,108.0
2026-06-24,hpc-gpu-072,C,Medical Research,78.8,51.2,1410,346.0,77.2,0,0,0,8,151.3,3,0,93.0
2026-06-25,hpc-gpu-049,C,Physics,100.0,87.7,1410,387.0,85.6,0,0,0,4,192.0,0,0,107.0
2026-06-25,hpc-gpu-050,C,Biology,83.5,56.4,1410,392.0,82.0,0,0,0,8,160.4,2,0,100.0
2026-06-25,hpc-gpu-052,C,Computer Science,82.1,61.4,1410,407.0,83.9,0,0,0,10,157.7,1,1,103.0
2026-06-25,hpc-gpu-053,C,Earth Sciences,62.5,56.3,1410,369.0,78.2,0,0,0,8,120.0,0,0,92.0
2026-06-25,hpc-gpu-055,C,Engineering,89.0,59.8,1410,396.0,86.5,0,0,0,7,170.8,3,1,105.0
2026-06-25,hpc-gpu-056,C,Medical Research,100.0,90.2,1410,399.0,92.7,0,0,0,3,192.0,4,0,114.0
2026-06-25,hpc-gpu-057,C,Physics,100.0,79.4,1410,397.0,87.1,0,0,0,10,192.0,4,0,110.0
2026-06-25,hpc-gpu-058,C,Biology,93.2,63.1,1410,385.0,85.3,0,0,0,8,178.9,0,1,105.0
2026-06-25,hpc-gpu-059,C,Chemistry,75.2,67.4,1410,386.0,76.0,0,0,0,10,144.3,1,1,91.0
2026-06-25,hpc-gpu-063,C,Engineering,96.6,84.2,1410,390.0,86.2,0,0,0,10,185.5,4,0,109.0
2026-06-25,hpc-gpu-064,C,Medical Research,98.5,79.3,1410,417.0,87.9,0,0,0,6,189.2,0,1,110.0
2026-06-25,hpc-gpu-065,C,Physics,95.8,62.8,1410,381.0,83.9,0,0,0,1,183.9,0,0,101.0
2026-06-25,hpc-gpu-066,C,Biology,72.8,67.6,1410,391.0,74.8,0,0,0,7,139.7,3,1,91.0
2026-06-25,hpc-gpu-067,C,Chemistry,84.8,65.7,1410,362.0,80.8,0,0,0,4,162.8,2,0,98.0
2026-06-25,hpc-gpu-068,C,Computer Science,72.3,56.3,1410,362.0,75.5,0,0,0,2,138.7,4,1,91.0
2026-06-25,hpc-gpu-071,C,Engineering,94.5,63.4,1410,400.0,87.9,0,0,0,3,181.4,4,1,111.0
2026-06-25,hpc-gpu-072,C,Medical Research,93.0,78.2,1410,386.0,82.1,0,0,0,8,178.6,0,1,101.0
2026-06-26,hpc-gpu-049,C,Physics,100.0,72.5,1410,395.0,91.3,0,0,0,0,192.0,4,1,111.0
2026-06-26,hpc-gpu-050,C,Biology,77.2,50.7,1410,366.0,77.7,0,0,0,9,148.2,1,0,91.0
2026-06-26,hpc-gpu-051,C,Chemistry,87.2,66.8,1410,399.0,80.6,0,0,0,4,167.5,0,0,95.0
2026-06-26,hpc-gpu-055,C,Engineering,93.1,59.0,1410,407.0,82.8,0,0,0,10,178.7,3,1,101.0
2026-06-26,hpc-gpu-056,C,Medical Research,89.6,55.6,1410,414.0,82.9,0,0,0,0,172.0,0,0,103.0
2026-06-26,hpc-gpu-057,C,Physics,91.7,59.8,1410,404.0,89.0,0,0,0,5,176.0,0,0,110.0
2026-06-26,hpc-gpu-058,C,Biology,88.6,56.6,1410,384.0,82.2,0,0,0,7,170.2,2,0,100.0
2026-06-26,hpc-gpu-059,C,Chemistry,85.7,61.3,1410,387.0,85.3,0,0,0,0,164.5,1,1,102.0
2026-06-26,hpc-gpu-063,C,Engineering,86.7,74.2,1410,391.0,80.5,0,0,0,1,166.4,3,1,100.0
2026-06-26,hpc-gpu-064,C,Medical Research,96.2,89.0,1410,397.0,84.0,0,0,0,1,184.7,2,1,102.0
2026-06-26,hpc-gpu-065,C,Physics,100.0,89.4,1410,400.0,89.9,0,0,0,6,192.0,3,0,113.0
2026-06-26,hpc-gpu-066,C,Biology,81.4,67.7,1410,397.0,79.7,0,0,0,10,156.2,0,0,97.0
2026-06-26,hpc-gpu-068,C,Computer Science,68.5,41.4,1410,371.0,78.2,0,0,0,3,131.4,1,1,92.0
2026-06-26,hpc-gpu-071,C,Engineering,96.2,84.7,1410,382.0,87.3,0,0,0,0,184.7,4,0,108.0
2026-06-26,hpc-gpu-072,C,Medical Research,89.7,62.9,1410,369.0,78.8,0,0,0,2,172.1,1,0,96.0
2026-06-27,hpc-gpu-050,C,Biology,52.6,46.2,1410,349.0,71.5,0,0,0,2,100.9,3,1,84.0
2026-06-27,hpc-gpu-051,C,Chemistry,45.5,35.6,1410,349.0,62.8,0,0,0,9,87.4,3,0,71.0
2026-06-27,hpc-gpu-056,C,Medical Research,74.3,59.3,1410,365.0,82.6,0,0,0,0,142.6,3,1,99.0
2026-06-28,hpc-gpu-065,C,Physics,73.9,56.8,1410,384.0,78.2,0,0,0,0,141.9,3,0,91.0
2026-06-29,hpc-gpu-049,C,Physics,99.9,62.4,1410,421.0,91.4,0,0,0,0,191.8,3,1,111.0
2026-06-29,hpc-gpu-055,C,Engineering,98.9,75.9,1410,415.0,89.2,0,0,0,11,189.9,1,0,109.0
2026-06-29,hpc-gpu-056,C,Medical Research,95.3,61.5,1410,377.0,84.6,0,0,0,2,182.9,3,1,104.0
2026-06-29,hpc-gpu-057,C,Physics,92.6,61.3,1410,389.0,85.0,0,0,0,3,177.7,4,1,103.0
2026-06-29,hpc-gpu-059,C,Chemistry,82.8,71.3,1410,376.0,79.4,0,0,0,0,158.9,3,0,96.0
2026-06-29,hpc-gpu-063,C,Engineering,96.3,58.0,1410,424.0,88.2,0,0,0,0,184.8,2,1,110.0
2026-06-29,hpc-gpu-064,C,Medical Research,83.6,63.6,1410,371.0,86.3,0,0,0,9,160.6,0,1,104.0
2026-06-29,hpc-gpu-065,C,Physics,95.8,84.0,1410,385.0,79.5,0,0,0,3,183.9,2,1,98.0
2026-06-29,hpc-gpu-066,C,Biology,79.4,73.6,1410,379.0,78.8,0,0,0,3,152.4,2,0,92.0
2026-06-29,hpc-gpu-067,C,Chemistry,81.9,74.8,1410,401.0,79.5,0,0,0,5,157.3,2,0,96.0
2026-06-29,hpc-gpu-071,C,Engineering,83.0,75.6,1410,392.0,78.2,0,0,0,4,159.3,1,0,93.0
2026-06-29,hpc-gpu-072,C,Medical Research,95.5,66.9,1410,383.0,84.8,0,0,0,4,183.4,1,1,103.0
2026-06-30,hpc-gpu-049,C,Physics,100.0,77.0,1410,417.0,88.3,0,0,0,4,192.0,1,0,107.0
2026-06-30,hpc-gpu-050,C,Biology,69.9,50.9,1410,381.0,71.5,0,0,0,3,134.1,3,0,83.0
2026-06-30,hpc-gpu-051,C,Chemistry,85.0,74.0,1410,385.0,85.3,0,0,0,1,163.1,1,1,104.0
2026-06-30,hpc-gpu-052,C,Computer Science,87.5,60.4,1410,405.0,81.6,0,0,0,5,167.9,3,1,101.0
2026-06-30,hpc-gpu-055,C,Engineering,97.0,80.0,1410,396.0,88.6,0,0,0,6,186.3,1,1,109.0
2026-06-30,hpc-gpu-056,C,Medical Research,96.7,71.9,1410,400.0,91.1,0,0,0,7,185.6,1,0,115.0
2026-06-30,hpc-gpu-057,C,Physics,100.0,63.2,1410,422.0,97.0,0,0,0,10,192.0,2,1,121.0
2026-06-30,hpc-gpu-058,C,Biology,96.3,79.1,1410,390.0,87.0,0,0,0,7,184.9,1,1,107.0
2026-06-30,hpc-gpu-059,C,Chemistry,79.0,53.8,1410,381.0,80.2,0,0,0,7,151.7,3,0,96.0
2026-06-30,hpc-gpu-060,C,Computer Science,92.5,61.1,1410,380.0,85.1,0,0,0,2,177.7,4,1,107.0
2026-06-30,hpc-gpu-063,C,Engineering,93.5,63.9,1410,385.0,82.9,0,0,0,8,179.5,4,0,103.0
2026-06-30,hpc-gpu-064,C,Medical Research,100.0,70.8,1410,397.0,91.5,0,0,0,1,192.0,1,1,112.0
2026-06-30,hpc-gpu-065,C,Physics,99.0,87.3,1410,396.0,79.2,0,0,0,9,190.1,4,0,98.0
2026-06-30,hpc-gpu-066,C,Biology,82.7,50.8,1410,379.0,75.2,0,0,0,9,158.8,1,1,92.0
2026-06-30,hpc-gpu-067,C,Chemistry,80.0,60.3,1410,367.0,76.6,0,0,0,4,153.6,4,0,94.0
2026-06-30,hpc-gpu-068,C,Computer Science,93.6,86.0,1410,407.0,85.3,0,0,0,4,179.6,2,1,102.0
2026-06-30,hpc-gpu-071,C,Engineering,92.2,57.6,1410,394.0,86.4,0,0,0,11,177.1,2,1,105.0
2026-06-30,hpc-gpu-072,C,Medical Research,99.1,78.1,1410,383.0,81.4,0,0,0,5,190.2,4,1,100.0
