Timestamp,Node_ID,Avg_Power_W,GPU_Util_PCT,CPU_Util_PCT,Mem_Used_GB,Fan_RPM,Inlet_Temp_C
2026-06-01 00:00,hpc-gpu-001,2744,43.5,79.9,861,9259,20.5
2026-06-01 00:00,hpc-gpu-010,2612,42.5,68.5,866,10561,18.4
2026-06-01 00:00,hpc-gpu-019,3722,67.1,21.5,669,8284,21.5
2026-06-01 00:00,hpc-gpu-029,3283,57.8,21.9,468,5990,25.1
2026-06-01 00:00,hpc-gpu-038,2276,33.7,42.7,628,8068,25.3
2026-06-01 00:00,hpc-gpu-048,2260,31.6,23.5,861,7196,22.4
2026-06-01 00:00,hpc-gpu-057,2671,43.3,51.9,728,9235,24.9
2026-06-01 00:00,hpc-gpu-067,3381,59.3,36.8,510,8389,26.3
2026-06-01 00:00,hpc-gpu-076,2908,47.3,61.0,237,7790,20.7
2026-06-01 00:00,hpc-gpu-086,2991,50.3,62.4,802,10751,19.2
2026-06-01 00:00,hpc-gpu-095,2052,28.4,87.8,367,6445,27.7
2026-06-01 00:00,hpc-cpu-009,501,0.0,37.5,366,5258,20.2
2026-06-01 00:00,hpc-cpu-018,566,0.0,27.8,298,6461,21.1
2026-06-01 00:00,hpc-cpu-028,878,0.0,20.4,397,6280,22.7
2026-06-01 00:00,infra-009,1550,0.0,86.1,315,8944,19.2
2026-06-01 01:00,hpc-gpu-003,3673,66.0,81.7,361,5689,27.8
2026-06-01 01:00,hpc-gpu-012,2011,27.9,84.5,513,11419,22.7
2026-06-01 01:00,hpc-gpu-022,2931,47.9,35.5,636,7504,26.4
2026-06-01 01:00,hpc-gpu-031,2183,32.2,33.3,811,10199,24.6
2026-06-01 01:00,hpc-gpu-041,3082,53.7,21.0,254,7741,19.5
2026-06-01 01:00,hpc-gpu-050,2432,37.6,37.4,631,8563,27.9
2026-06-01 01:00,hpc-gpu-060,2688,44.4,94.2,349,7924,20.9
2026-06-01 01:00,hpc-gpu-069,3710,67.8,34.1,550,10552,19.5
2026-06-01 01:00,hpc-gpu-079,3537,63.6,65.0,309,8748,20.3
2026-06-01 01:00,hpc-gpu-088,2371,35.0,31.2,358,8280,22.2
2026-06-01 01:00,hpc-cpu-002,847,0.0,52.4,213,11904,22.3
2026-06-01 01:00,hpc-cpu-011,523,0.0,22.6,239,7714,19.0
2026-06-01 01:00,hpc-cpu-021,636,0.0,50.9,311,7828,24.8
2026-06-01 01:00,infra-002,1344,0.0,75.1,230,10697,25.2
2026-06-01 01:00,infra-012,877,0.0,30.3,110,5380,24.6
2026-06-01 02:00,hpc-gpu-005,3430,61.2,56.1,617,7011,23.9
2026-06-01 02:00,hpc-gpu-015,3324,58.9,63.9,665,9989,26.8
2026-06-01 02:00,hpc-gpu-024,2560,41.3,90.5,499,7508,22.4
2026-06-01 02:00,hpc-gpu-033,1790,21.8,33.8,558,5652,27.2
2026-06-01 02:00,hpc-gpu-043,3516,61.4,91.5,787,7982,24.4
2026-06-01 02:00,hpc-gpu-052,3154,55.6,67.6,471,11363,27.7
2026-06-01 02:00,hpc-gpu-062,2183,31.0,75.1,730,7934,21.0
2026-06-01 02:00,hpc-gpu-071,2272,33.5,82.1,217,9727,27.3
2026-06-01 02:00,hpc-gpu-081,1670,20.1,92.8,709,7447,18.9
2026-06-01 02:00,hpc-gpu-090,2580,41.5,57.6,830,6825,26.7
2026-06-01 02:00,hpc-cpu-004,898,0.0,54.5,77,11718,26.8
2026-06-01 02:00,hpc-cpu-013,648,0.0,26.9,290,8002,26.6
2026-06-01 02:00,hpc-cpu-023,663,0.0,82.6,156,8283,26.7
2026-06-01 02:00,infra-004,1267,0.0,38.3,68,11574,19.9
2026-06-01 02:00,infra-014,1138,0.0,49.6,120,5493,25.7
2026-06-01 03:00,hpc-gpu-007,3359,59.8,78.9,285,6325,20.1
2026-06-01 03:00,hpc-gpu-017,3450,60.7,85.9,856,7838,23.7
2026-06-01 03:00,hpc-gpu-026,2721,44.5,25.6,224,8281,22.0
2026-06-01 03:00,hpc-gpu-036,2143,30.2,71.2,735,10879,20.9
2026-06-01 03:00,hpc-gpu-045,3645,65.9,59.9,829,11983,25.5
2026-06-01 03:00,hpc-gpu-055,3690,65.8,57.6,887,10817,27.1
2026-06-01 03:00,hpc-gpu-064,2791,45.7,55.5,728,11162,27.6
2026-06-01 03:00,hpc-gpu-074,3067,52.3,46.7,671,10104,24.9
2026-06-01 03:00,hpc-gpu-083,3586,63.8,25.8,380,5659,21.2
2026-06-01 03:00,hpc-gpu-093,3770,68.8,58.2,322,10643,26.9
2026-06-01 03:00,hpc-cpu-006,875,0.0,76.7,334,5031,23.0
2026-06-01 03:00,hpc-cpu-016,905,0.0,44.7,356,10902,27.5
2026-06-01 03:00,hpc-cpu-025,819,0.0,66.0,269,10138,24.2
2026-06-01 03:00,infra-007,1642,0.0,26.0,246,5095,22.1
2026-06-01 03:00,infra-016,854,0.0,56.6,320,6058,24.1
2026-06-01 04:00,hpc-gpu-010,2735,44.2,82.6,855,11924,22.0
2026-06-01 04:00,hpc-gpu-019,3012,50.7,36.4,579,7597,25.0
2026-06-01 04:00,hpc-gpu-029,2684,43.6,61.3,415,8735,19.3
2026-06-01 04:00,hpc-gpu-038,2680,42.9,93.6,339,5456,26.6
2026-06-01 04:00,hpc-gpu-047,1669,20.1,49.5,292,8553,24.9
2026-06-01 04:00,hpc-gpu-057,2719,43.3,52.8,252,11626,27.2
2026-06-01 04:00,hpc-gpu-066,1978,26.2,45.9,296,11987,18.5
2026-06-01 04:00,hpc-gpu-076,2119,29.3,36.4,380,8957,23.0
2026-06-01 04:00,hpc-gpu-085,2016,27.6,27.5,684,5203,24.2
2026-06-01 04:00,hpc-gpu-095,2266,33.7,84.4,439,6866,27.8
2026-06-01 04:00,hpc-cpu-008,571,0.0,33.2,321,8597,18.1
2026-06-01 04:00,hpc-cpu-018,584,0.0,34.2,332,6825,26.0
2026-06-01 04:00,hpc-cpu-027,571,0.0,94.2,217,6598,21.8
2026-06-01 04:00,infra-009,877,0.0,20.3,190,6307,24.2
2026-06-01 05:00,hpc-gpu-002,2408,36.1,71.5,351,9965,27.4
2026-06-01 05:00,hpc-gpu-012,3055,50.7,74.2,705,10705,26.5
2026-06-01 05:00,hpc-gpu-021,3645,65.1,60.1,617,7910,21.0
2026-06-01 05:00,hpc-gpu-031,3467,62.1,45.6,876,9159,26.0
2026-06-01 05:00,hpc-gpu-040,3359,58.7,38.0,710,6763,22.0
2026-06-01 05:00,hpc-gpu-050,1766,20.0,86.2,213,10304,21.6
2026-06-01 05:00,hpc-gpu-059,2960,50.8,47.8,267,6585,27.0
2026-06-01 05:00,hpc-gpu-069,2884,48.0,74.8,409,8166,19.3
2026-06-01 05:00,hpc-gpu-078,3145,54.4,46.2,558,11537,18.4
2026-06-01 05:00,hpc-gpu-088,2190,31.9,70.9,544,10403,27.5
2026-06-01 05:00,hpc-cpu-001,890,0.0,93.1,127,8308,18.6
2026-06-01 05:00,hpc-cpu-011,563,0.0,24.0,290,5517,20.0
2026-06-01 05:00,hpc-cpu-020,902,0.0,45.6,153,6638,26.3
2026-06-01 05:00,infra-002,1316,0.0,53.8,247,6102,26.6
2026-06-01 05:00,infra-011,843,0.0,73.6,244,5761,27.3
2026-06-01 06:00,hpc-gpu-005,2127,29.8,39.4,427,6653,27.1
2026-06-01 06:00,hpc-gpu-014,2920,48.1,29.3,256,10288,18.1
2026-06-01 06:00,hpc-gpu-024,2687,44.8,87.5,425,9564,25.1
2026-06-01 06:00,hpc-gpu-033,3496,61.9,36.8,247,8370,19.7
2026-06-01 06:00,hpc-gpu-043,3377,59.4,61.6,642,8073,24.8
2026-06-01 06:00,hpc-gpu-052,3130,53.3,81.3,462,10940,19.6
2026-06-01 06:00,hpc-gpu-061,1893,23.8,68.6,402,10917,22.9
2026-06-01 06:00,hpc-gpu-071,1876,24.0,75.5,253,11445,27.7
2026-06-01 06:00,hpc-gpu-080,2761,46.0,57.9,243,11454,19.8
2026-06-01 06:00,hpc-gpu-090,2139,30.3,59.6,342,5844,23.1
2026-06-01 06:00,hpc-cpu-003,882,0.0,60.5,199,11808,23.6
2026-06-01 06:00,hpc-cpu-013,564,0.0,91.9,79,9505,27.7
2026-06-01 06:00,hpc-cpu-022,912,0.0,84.9,203,7668,27.3
2026-06-01 06:00,infra-004,1180,0.0,61.6,265,7251,23.7
2026-06-01 06:00,infra-013,1601,0.0,31.1,163,7870,26.1
2026-06-01 07:00,hpc-gpu-007,3825,69.6,46.4,520,6040,22.0
2026-06-01 07:00,hpc-gpu-016,1696,20.5,78.5,773,11758,19.8
2026-06-01 07:00,hpc-gpu-026,3335,58.9,57.9,556,10077,23.0
2026-06-01 07:00,hpc-gpu-035,3718,68.3,35.3,427,5049,24.8
2026-06-01 07:00,hpc-gpu-045,1743,21.3,26.1,537,7843,24.1
2026-06-01 07:00,hpc-gpu-054,3521,62.5,89.9,850,5055,27.2
2026-06-01 07:00,hpc-gpu-064,3521,62.8,61.0,488,5754,21.9
2026-06-01 07:00,hpc-gpu-073,3099,52.9,21.4,474,5523,22.8
2026-06-01 07:00,hpc-gpu-083,2626,42.4,58.0,570,8601,23.7
2026-06-01 07:00,hpc-gpu-092,2249,32.1,65.7,830,7149,19.9
2026-06-01 07:00,hpc-cpu-006,653,0.0,75.7,77,8971,22.3
2026-06-01 07:00,hpc-cpu-015,597,0.0,52.1,131,5375,22.3
2026-06-01 07:00,hpc-cpu-025,818,0.0,24.3,183,11322,18.2
2026-06-01 07:00,infra-006,1577,0.0,76.6,163,11567,18.8
2026-06-01 07:00,infra-016,1142,0.0,24.7,216,6888,25.2
2026-06-01 08:00,hpc-gpu-009,4718,92.1,24.2,674,7297,22.7
2026-06-01 08:00,hpc-gpu-019,4619,88.5,45.6,416,10087,21.0
2026-06-01 08:00,hpc-gpu-028,4607,89.2,76.8,669,8143,26.9
2026-06-01 08:00,hpc-gpu-038,4696,89.1,42.9,485,7111,18.8
2026-06-01 08:00,hpc-gpu-047,4743,92.6,90.1,757,5389,28.0
2026-06-01 08:00,hpc-gpu-057,4937,96.0,69.7,654,5408,20.2
2026-06-01 08:00,hpc-gpu-066,4585,88.1,20.7,458,9247,22.5
2026-06-01 08:00,hpc-gpu-075,3886,71.6,86.2,303,8558,24.5
2026-06-01 08:00,hpc-gpu-085,3383,61.9,47.1,895,5778,23.9
2026-06-01 08:00,hpc-gpu-094,4880,95.4,59.8,846,6454,24.0
2026-06-01 08:00,hpc-cpu-008,861,0.0,92.5,171,11938,22.6
2026-06-01 08:00,hpc-cpu-017,860,0.0,83.6,351,9313,27.3
2026-06-01 08:00,hpc-cpu-027,916,0.0,64.6,322,10154,27.7
2026-06-01 08:00,infra-008,1575,0.0,62.3,276,11087,25.8
2026-06-01 09:00,hpc-gpu-002,4253,79.5,38.7,525,8945,28.0
2026-06-01 09:00,hpc-gpu-011,3673,67.3,21.7,348,8754,22.8
2026-06-01 09:00,hpc-gpu-021,4948,95.5,35.4,632,5907,18.0
2026-06-01 09:00,hpc-gpu-030,3498,63.8,84.0,554,10364,20.2
2026-06-01 09:00,hpc-gpu-040,3735,66.6,89.2,565,10008,19.1
2026-06-01 09:00,hpc-gpu-049,4896,96.1,58.0,290,11101,21.6
2026-06-01 09:00,hpc-gpu-059,3746,68.9,89.1,592,5315,22.1
2026-06-01 09:00,hpc-gpu-068,3519,62.9,41.5,261,11016,23.9
2026-06-01 09:00,hpc-gpu-078,4942,97.8,64.7,750,10383,21.5
2026-06-01 09:00,hpc-gpu-087,4224,79.8,48.8,636,8080,21.9
2026-06-01 09:00,hpc-cpu-001,774,0.0,94.9,256,9768,24.8
2026-06-01 09:00,hpc-cpu-010,695,0.0,86.9,178,10070,18.8
2026-06-01 09:00,hpc-cpu-020,616,0.0,41.7,114,9719,24.9
2026-06-01 09:00,infra-001,1282,0.0,66.2,373,5672,23.0
2026-06-01 09:00,infra-011,1235,0.0,87.4,298,11796,24.4
2026-06-01 10:00,hpc-gpu-004,4792,92.8,45.7,862,5502,22.9
2026-06-01 10:00,hpc-gpu-014,4565,87.9,90.0,346,11961,25.7
2026-06-01 10:00,hpc-gpu-023,4726,92.0,85.4,831,7372,21.5
2026-06-01 10:00,hpc-gpu-033,4111,76.8,83.7,429,7376,27.0
2026-06-01 10:00,hpc-gpu-042,4343,82.0,37.7,826,5316,20.0
2026-06-01 10:00,hpc-gpu-052,4976,96.0,34.5,834,5374,21.1
2026-06-01 10:00,hpc-gpu-061,3509,62.1,39.5,333,8211,24.1
2026-06-01 10:00,hpc-gpu-071,3945,73.1,76.6,507,10494,27.8
2026-06-01 10:00,hpc-gpu-080,4392,82.6,94.8,750,6915,20.6
2026-06-01 10:00,hpc-gpu-089,4676,88.8,36.4,655,10358,21.6
2026-06-01 10:00,hpc-cpu-003,884,0.0,28.8,195,10871,24.2
2026-06-01 10:00,hpc-cpu-012,699,0.0,89.1,350,11781,24.5
2026-06-01 10:00,hpc-cpu-022,578,0.0,69.3,398,9564,24.1
2026-06-01 10:00,infra-003,1553,0.0,71.0,168,7533,21.1
2026-06-01 10:00,infra-013,1418,0.0,89.8,382,11644,27.4
2026-06-01 11:00,hpc-gpu-006,3845,70.4,50.1,534,8805,20.7
2026-06-01 11:00,hpc-gpu-016,4419,84.5,93.7,418,6303,22.0
2026-06-01 11:00,hpc-gpu-025,4402,82.9,20.2,397,8767,19.8
2026-06-01 11:00,hpc-gpu-035,4248,79.4,25.2,617,5095,21.2
2026-06-01 11:00,hpc-gpu-044,4898,95.0,86.6,483,5268,18.5
2026-06-01 11:00,hpc-gpu-054,4848,94.7,25.9,777,8831,24.7
2026-06-01 11:00,hpc-gpu-063,4669,88.9,91.8,216,8765,20.2
2026-06-01 11:00,hpc-gpu-073,4245,80.3,20.5,305,7960,26.0
2026-06-01 11:00,hpc-gpu-082,4810,92.9,64.0,861,9022,19.2
2026-06-01 11:00,hpc-gpu-092,4591,88.1,79.9,707,6415,24.9
2026-06-01 11:00,hpc-cpu-005,680,0.0,91.8,158,7309,19.9
2026-06-01 11:00,hpc-cpu-015,790,0.0,75.3,192,5438,26.7
2026-06-01 11:00,hpc-cpu-024,851,0.0,75.2,56,7527,18.2
2026-06-01 11:00,infra-006,1358,0.0,58.0,161,6796,18.2
2026-06-01 11:00,infra-015,1604,0.0,54.8,336,10083,22.9
2026-06-01 12:00,hpc-gpu-009,4973,97.3,23.7,786,8427,26.1
2026-06-01 12:00,hpc-gpu-018,4172,78.6,20.7,878,10260,19.6
2026-06-01 12:00,hpc-gpu-028,4298,80.7,44.9,322,10379,22.0
2026-06-01 12:00,hpc-gpu-037,4125,77.1,93.8,566,6276,18.2
2026-06-01 12:00,hpc-gpu-047,4950,97.0,49.2,542,7918,26.3
2026-06-01 12:00,hpc-gpu-056,4902,96.2,24.4,888,11004,24.6
2026-06-01 12:00,hpc-gpu-066,3530,62.9,52.1,367,9412,26.1
2026-06-01 12:00,hpc-gpu-075,4304,81.5,92.0,390,10211,22.2
2026-06-01 12:00,hpc-gpu-085,4107,77.0,86.9,631,8691,21.3
2026-06-01 12:00,hpc-gpu-094,3965,73.3,43.1,347,6210,24.4
2026-06-01 12:00,hpc-cpu-007,575,0.0,37.3,280,5811,21.9
2026-06-01 12:00,hpc-cpu-017,691,0.0,83.7,255,6128,18.2
2026-06-01 12:00,hpc-cpu-026,942,0.0,37.6,302,8044,24.5
2026-06-01 12:00,infra-008,1583,0.0,87.4,210,8080,19.8
2026-06-01 13:00,hpc-gpu-001,5029,97.9,65.2,517,6558,25.4
2026-06-01 13:00,hpc-gpu-011,4971,97.1,51.6,276,6732,26.8
2026-06-01 13:00,hpc-gpu-020,4620,88.2,57.6,769,10216,18.2
2026-06-01 13:00,hpc-gpu-030,4813,93.2,31.5,666,6862,21.6
2026-06-01 13:00,hpc-gpu-039,4676,89.7,50.3,542,7486,20.8
2026-06-01 13:00,hpc-gpu-049,3719,68.4,20.1,808,9700,19.0
2026-06-01 13:00,hpc-gpu-058,4639,89.8,74.6,489,7273,26.5
2026-06-01 13:00,hpc-gpu-068,4568,87.1,22.3,403,9259,21.6
2026-06-01 13:00,hpc-gpu-077,4986,96.8,46.5,830,10512,18.7
2026-06-01 13:00,hpc-gpu-087,3585,64.0,34.3,483,8770,26.4
2026-06-01 13:00,hpc-gpu-096,4563,87.8,29.4,393,6548,21.8
2026-06-01 13:00,hpc-cpu-010,807,0.0,26.5,175,7884,26.4
2026-06-01 13:00,hpc-cpu-019,882,0.0,57.9,362,11081,23.7
2026-06-01 13:00,infra-001,1240,0.0,74.5,305,6550,27.0
2026-06-01 13:00,infra-010,982,0.0,69.4,392,5780,22.6
2026-06-01 14:00,hpc-gpu-004,3674,65.5,71.7,290,6334,26.2
2026-06-01 14:00,hpc-gpu-013,4274,80.5,63.9,260,10940,23.5
2026-06-01 14:00,hpc-gpu-023,3931,72.4,92.8,778,11822,26.5
2026-06-01 14:00,hpc-gpu-032,4570,87.1,60.1,771,8337,25.8
2026-06-01 14:00,hpc-gpu-042,4038,75.3,48.0,891,10974,21.9
2026-06-01 14:00,hpc-gpu-051,4418,84.6,54.7,840,6435,22.6
2026-06-01 14:00,hpc-gpu-061,4580,89.7,41.5,533,11110,18.4
2026-06-01 14:00,hpc-gpu-070,3976,73.8,50.6,826,7271,21.8
2026-06-01 14:00,hpc-gpu-080,4119,75.5,74.0,334,10753,21.3
2026-06-01 14:00,hpc-gpu-089,3910,71.4,82.4,430,9148,19.4
2026-06-01 14:00,hpc-cpu-003,636,0.0,63.1,310,11799,26.8
2026-06-01 14:00,hpc-cpu-012,901,0.0,38.0,202,6471,26.8
2026-06-01 14:00,hpc-cpu-021,559,0.0,85.6,266,7841,23.3
2026-06-01 14:00,infra-003,976,0.0,93.5,88,5712,25.5
2026-06-01 14:00,infra-012,1322,0.0,64.5,321,9307,23.9
2026-06-01 15:00,hpc-gpu-006,4491,85.3,59.8,238,11669,25.9
2026-06-01 15:00,hpc-gpu-015,4869,94.2,69.1,259,11651,19.1
2026-06-01 15:00,hpc-gpu-025,3940,73.3,26.9,662,8824,22.3
2026-06-01 15:00,hpc-gpu-034,4760,91.9,48.5,231,9996,27.3
2026-06-01 15:00,hpc-gpu-044,3648,66.0,59.9,397,5673,22.7
2026-06-01 15:00,hpc-gpu-053,4930,95.7,39.4,879,9181,18.1
2026-06-01 15:00,hpc-gpu-063,4434,85.3,57.1,229,6347,22.2
2026-06-01 15:00,hpc-gpu-072,4219,77.3,58.6,563,11652,24.5
2026-06-01 15:00,hpc-gpu-082,4225,79.4,65.5,393,7992,22.8
2026-06-01 15:00,hpc-gpu-091,3492,61.6,91.9,324,8719,18.4
2026-06-01 15:00,hpc-cpu-005,751,0.0,47.6,106,6760,20.1
2026-06-01 15:00,hpc-cpu-014,650,0.0,38.2,354,9377,18.0
2026-06-01 15:00,hpc-cpu-024,795,0.0,28.7,94,5503,24.9
2026-06-01 15:00,infra-005,1395,0.0,48.2,156,6777,18.5
2026-06-01 15:00,infra-015,1221,0.0,27.8,147,8762,25.0
2026-06-01 16:00,hpc-gpu-008,4987,96.5,93.2,695,10282,23.6
2026-06-01 16:00,hpc-gpu-018,4368,82.8,84.5,202,6329,20.2
2026-06-01 16:00,hpc-gpu-027,3976,73.2,57.1,530,9056,20.2
2026-06-01 16:00,hpc-gpu-037,4311,82.7,39.7,606,9945,18.3
2026-06-01 16:00,hpc-gpu-046,3611,64.8,39.5,272,8593,18.7
2026-06-01 16:00,hpc-gpu-056,4703,90.4,85.2,686,6302,18.3
2026-06-01 16:00,hpc-gpu-065,4305,82.8,48.1,459,11806,20.3
2026-06-01 16:00,hpc-gpu-075,3790,70.4,75.9,233,5321,26.1
2026-06-01 16:00,hpc-gpu-084,4652,89.6,25.6,423,7235,21.3
2026-06-01 16:00,hpc-gpu-094,3703,67.3,31.0,754,8255,25.9
2026-06-01 16:00,hpc-cpu-007,491,0.0,31.8,150,7295,22.2
2026-06-01 16:00,hpc-cpu-017,875,0.0,65.8,245,5674,26.0
2026-06-01 16:00,hpc-cpu-026,569,0.0,80.6,331,8483,23.3
2026-06-01 16:00,infra-007,1299,0.0,49.5,203,8744,21.9
2026-06-01 17:00,hpc-gpu-001,3666,65.9,94.3,823,9151,23.4
2026-06-01 17:00,hpc-gpu-010,3981,74.4,91.2,493,10716,20.8
2026-06-01 17:00,hpc-gpu-020,4201,80.0,26.7,524,10754,19.9
2026-06-01 17:00,hpc-gpu-029,3565,64.1,42.6,746,8677,27.6
2026-06-01 17:00,hpc-gpu-039,4027,75.2,33.0,334,10335,18.6
2026-06-01 17:00,hpc-gpu-048,4337,83.2,81.7,326,9867,25.9
2026-06-01 17:00,hpc-gpu-058,3522,62.6,27.1,439,5826,22.8
2026-06-01 17:00,hpc-gpu-067,4053,75.6,59.1,771,10959,20.4
2026-06-01 17:00,hpc-gpu-077,4562,88.1,45.4,559,9464,23.4
2026-06-01 17:00,hpc-gpu-086,3562,64.5,91.0,503,6363,27.3
2026-06-01 17:00,hpc-gpu-096,3862,70.8,70.2,299,10150,24.5
2026-06-01 17:00,hpc-cpu-009,851,0.0,57.6,295,5218,26.9
2026-06-01 17:00,hpc-cpu-019,501,0.0,67.3,282,11593,27.5
2026-06-01 17:00,hpc-cpu-028,915,0.0,49.0,212,10632,23.8
2026-06-01 17:00,infra-010,1135,0.0,38.2,285,7639,24.3
2026-06-01 18:00,hpc-gpu-003,4179,78.2,63.6,342,10585,18.4
2026-06-01 18:00,hpc-gpu-013,3756,67.5,23.7,617,9502,24.0
2026-06-01 18:00,hpc-gpu-022,3796,70.1,73.0,798,5160,23.7
2026-06-01 18:00,hpc-gpu-032,4541,87.2,84.7,662,5213,26.6
2026-06-01 18:00,hpc-gpu-041,4511,85.5,22.8,475,10417,27.0
2026-06-01 18:00,hpc-gpu-051,4370,81.3,76.6,588,11567,27.8
2026-06-01 18:00,hpc-gpu-060,3896,71.6,40.0,769,11862,25.7
2026-06-01 18:00,hpc-gpu-070,3879,72.3,25.5,762,11981,18.6
2026-06-01 18:00,hpc-gpu-079,4933,96.0,85.8,255,8877,26.2
2026-06-01 18:00,hpc-gpu-089,4601,87.9,70.5,208,5412,24.5
2026-06-01 18:00,hpc-cpu-002,540,0.0,45.2,250,5298,24.1
2026-06-01 18:00,hpc-cpu-012,894,0.0,93.4,121,9039,18.1
2026-06-01 18:00,hpc-cpu-021,977,0.0,52.5,169,6488,24.0
2026-06-01 18:00,infra-003,1445,0.0,88.8,352,11962,19.8
2026-06-01 18:00,infra-012,1163,0.0,48.1,314,7065,19.2
2026-06-01 19:00,hpc-gpu-005,2363,36.1,90.0,646,5188,24.6
2026-06-01 19:00,hpc-gpu-015,1763,21.5,68.1,488,7418,20.2
2026-06-01 19:00,hpc-gpu-024,2307,34.4,24.2,673,9541,26.0
2026-06-01 19:00,hpc-gpu-034,2213,31.3,67.7,856,10503,20.7
2026-06-01 19:00,hpc-gpu-043,3550,62.9,88.3,251,10294,20.6
2026-06-01 19:00,hpc-gpu-053,2507,39.3,80.8,398,5241,19.1
2026-06-01 19:00,hpc-gpu-062,2206,32.3,63.5,704,7317,24.0
2026-06-01 19:00,hpc-gpu-072,3106,54.1,91.1,595,7780,20.7
2026-06-01 19:00,hpc-gpu-081,2028,27.4,83.1,243,7239,19.4
2026-06-01 19:00,hpc-gpu-091,2397,36.5,93.1,281,10411,21.7
2026-06-01 19:00,hpc-cpu-004,803,0.0,44.2,258,6939,25.3
2026-06-01 19:00,hpc-cpu-014,971,0.0,69.1,236,6424,26.3
2026-06-01 19:00,hpc-cpu-023,558,0.0,82.5,89,11816,24.9
2026-06-01 19:00,infra-005,984,0.0,72.4,316,8202,19.8
2026-06-01 19:00,infra-014,882,0.0,60.7,119,5594,23.3
2026-06-01 20:00,hpc-gpu-008,2962,48.7,55.0,652,8263,24.4
2026-06-01 20:00,hpc-gpu-017,2540,39.1,82.9,460,10216,22.3
2026-06-01 20:00,hpc-gpu-027,3468,61.5,33.4,783,10440,25.6
2026-06-01 20:00,hpc-gpu-036,2375,36.7,33.5,395,7328,23.6
2026-06-01 20:00,hpc-gpu-046,1871,25.1,36.5,736,7581,19.7
2026-06-01 20:00,hpc-gpu-055,3217,55.9,86.6,337,8077,25.5
2026-06-01 20:00,hpc-gpu-065,2859,48.6,27.3,827,9199,25.0
2026-06-01 20:00,hpc-gpu-074,2403,37.0,34.1,568,9807,22.9
2026-06-01 20:00,hpc-gpu-084,2633,41.9,34.9,475,8414,21.5
2026-06-01 20:00,hpc-gpu-093,1742,21.6,29.3,689,10900,18.2
2026-06-01 20:00,hpc-cpu-007,632,0.0,68.1,100,9434,22.0
2026-06-01 20:00,hpc-cpu-016,848,0.0,64.5,77,11227,24.2
2026-06-01 20:00,hpc-cpu-026,815,0.0,36.8,227,9540,23.6
2026-06-01 20:00,infra-007,1322,0.0,27.3,310,11292,20.6
2026-06-01 21:00,hpc-gpu-001,2578,41.2,63.6,422,7682,22.4
2026-06-01 21:00,hpc-gpu-010,2942,49.0,44.0,338,7930,20.9
2026-06-01 21:00,hpc-gpu-019,3451,60.9,29.4,884,8182,26.2
2026-06-01 21:00,hpc-gpu-029,2884,47.4,50.4,785,5511,23.7
2026-06-01 21:00,hpc-gpu-038,2255,33.0,82.3,387,7402,20.0
2026-06-01 21:00,hpc-gpu-048,3106,53.4,57.0,672,10713,24.9
2026-06-01 21:00,hpc-gpu-057,3390,59.9,70.1,716,10196,23.0
2026-06-01 21:00,hpc-gpu-067,1827,23.6,44.5,288,6585,20.3
2026-06-01 21:00,hpc-gpu-076,3087,53.4,63.5,653,7406,25.7
2026-06-01 21:00,hpc-gpu-086,2227,32.7,94.8,448,7705,19.2
2026-06-01 21:00,hpc-gpu-095,2049,28.8,92.9,642,11901,21.4
2026-06-01 21:00,hpc-cpu-009,921,0.0,43.3,115,5813,18.5
2026-06-01 21:00,hpc-cpu-018,705,0.0,37.5,129,8254,18.1
2026-06-01 21:00,hpc-cpu-028,573,0.0,38.4,309,9009,25.6
2026-06-01 21:00,infra-009,1175,0.0,46.1,342,6794,18.8
2026-06-01 22:00,hpc-gpu-003,2368,35.6,54.4,589,8187,26.9
2026-06-01 22:00,hpc-gpu-012,3089,53.4,87.3,587,9834,24.2
2026-06-01 22:00,hpc-gpu-022,2612,42.0,42.2,443,8637,27.4
2026-06-01 22:00,hpc-gpu-031,2397,35.4,40.7,511,6483,18.5
2026-06-01 22:00,hpc-gpu-041,1812,21.6,77.1,701,10085,18.6
2026-06-01 22:00,hpc-gpu-050,3609,64.2,34.1,565,8584,24.0
2026-06-01 22:00,hpc-gpu-060,2334,35.7,93.1,855,9493,18.2
2026-06-01 22:00,hpc-gpu-069,2372,35.4,35.0,770,8660,20.3
2026-06-01 22:00,hpc-gpu-079,1752,21.3,90.0,439,9402,18.1
2026-06-01 22:00,hpc-gpu-088,2095,28.2,37.9,246,5463,18.1
2026-06-01 22:00,hpc-cpu-002,773,0.0,73.3,234,10389,25.5
2026-06-01 22:00,hpc-cpu-011,619,0.0,47.1,324,6679,24.9
2026-06-01 22:00,hpc-cpu-021,757,0.0,92.7,281,6380,25.5
2026-06-01 22:00,infra-002,1368,0.0,25.8,170,10616,22.8
2026-06-01 22:00,infra-012,1362,0.0,62.0,131,9526,26.8
2026-06-01 23:00,hpc-gpu-005,2129,30.6,24.6,469,7868,21.2
2026-06-01 23:00,hpc-gpu-015,2165,30.3,85.5,897,7399,25.6
2026-06-01 23:00,hpc-gpu-024,3378,59.3,43.1,355,8293,27.2
2026-06-01 23:00,hpc-gpu-033,1998,26.8,72.3,762,7959,19.0
2026-06-01 23:00,hpc-gpu-043,2383,35.6,33.3,574,9994,22.0
2026-06-01 23:00,hpc-gpu-052,2507,40.1,68.0,531,5148,26.1
2026-06-01 23:00,hpc-gpu-062,3773,68.7,53.1,867,8210,23.3
2026-06-01 23:00,hpc-gpu-071,3060,52.3,73.0,342,11279,21.2
2026-06-01 23:00,hpc-gpu-081,3574,64.2,59.1,891,5240,22.6
2026-06-01 23:00,hpc-gpu-090,3167,55.3,50.4,431,11105,27.2
2026-06-01 23:00,hpc-cpu-004,671,0.0,81.8,173,10064,25.8
2026-06-01 23:00,hpc-cpu-013,895,0.0,72.6,57,5194,23.3
2026-06-01 23:00,hpc-cpu-023,910,0.0,46.9,399,6957,23.9
2026-06-01 23:00,infra-004,1214,0.0,61.9,343,10340,19.2
2026-06-01 23:00,infra-014,997,0.0,54.5,283,6198,18.6
2026-06-02 00:00,hpc-gpu-007,2392,37.4,55.2,802,6527,19.0
2026-06-02 00:00,hpc-gpu-017,2556,39.6,47.0,628,7544,18.9
2026-06-02 00:00,hpc-gpu-026,1804,22.6,91.9,317,9678,27.1
2026-06-02 00:00,hpc-gpu-036,2534,39.3,73.4,451,10980,26.6
2026-06-02 00:00,hpc-gpu-045,2224,32.9,57.0,608,5857,26.9
2026-06-02 00:00,hpc-gpu-055,3071,52.6,67.8,613,9356,19.7
2026-06-02 00:00,hpc-gpu-064,2920,46.5,46.5,241,9775,20.8
2026-06-02 00:00,hpc-gpu-074,2510,37.8,45.4,208,11914,24.1
2026-06-02 00:00,hpc-gpu-083,3812,68.9,32.9,285,10485,26.4
2026-06-02 00:00,hpc-gpu-093,2822,47.4,49.4,779,6038,22.3
2026-06-02 00:00,hpc-cpu-006,862,0.0,65.5,55,5876,20.4
2026-06-02 00:00,hpc-cpu-016,722,0.0,42.5,275,11359,18.1
2026-06-02 00:00,hpc-cpu-025,572,0.0,87.1,231,8710,25.1
2026-06-02 00:00,infra-007,1408,0.0,33.7,136,5442,25.1
2026-06-02 00:00,infra-016,1656,0.0,81.1,247,8689,21.3
2026-06-02 01:00,hpc-gpu-010,2429,36.8,88.3,295,10044,24.9
2026-06-02 01:00,hpc-gpu-019,3701,67.1,66.7,482,10585,24.9
2026-06-02 01:00,hpc-gpu-029,3662,66.5,34.0,297,6460,23.5
2026-06-02 01:00,hpc-gpu-038,1717,20.3,32.5,770,11257,25.1
2026-06-02 01:00,hpc-gpu-047,3116,52.9,46.1,456,8188,26.6
2026-06-02 01:00,hpc-gpu-057,3783,69.3,60.7,586,9797,24.9
2026-06-02 01:00,hpc-gpu-066,1907,24.4,84.1,605,6812,26.5
2026-06-02 01:00,hpc-gpu-076,2952,48.2,79.7,308,8768,25.7
2026-06-02 01:00,hpc-gpu-085,1767,21.1,72.5,530,11353,22.1
2026-06-02 01:00,hpc-gpu-095,2898,48.3,80.6,235,11195,23.9
2026-06-02 01:00,hpc-cpu-008,615,0.0,40.7,50,8991,21.9
2026-06-02 01:00,hpc-cpu-018,571,0.0,34.9,341,10047,26.1
2026-06-02 01:00,hpc-cpu-027,912,0.0,91.2,176,10141,21.5
2026-06-02 01:00,infra-009,1479,0.0,41.0,279,8783,22.2
2026-06-02 02:00,hpc-gpu-002,2370,35.9,70.3,433,9007,21.0
2026-06-02 02:00,hpc-gpu-012,3114,52.8,70.8,543,9809,27.2
2026-06-02 02:00,hpc-gpu-021,3535,63.9,57.7,677,8530,27.5
2026-06-02 02:00,hpc-gpu-031,3248,56.5,92.6,839,8859,22.4
2026-06-02 02:00,hpc-gpu-040,2743,44.3,64.5,752,10943,18.8
2026-06-02 02:00,hpc-gpu-050,3599,66.1,85.4,613,9006,19.1
2026-06-02 02:00,hpc-gpu-059,3753,67.7,38.1,251,10614,23.6
2026-06-02 02:00,hpc-gpu-069,3003,51.7,68.6,608,6856,18.7
2026-06-02 02:00,hpc-gpu-078,3605,65.3,26.6,488,8257,22.4
2026-06-02 02:00,hpc-gpu-088,3142,54.4,85.6,273,8189,20.3
2026-06-02 02:00,hpc-cpu-001,887,0.0,30.3,270,11116,18.7
2026-06-02 02:00,hpc-cpu-011,672,0.0,71.7,185,10938,27.6
2026-06-02 02:00,hpc-cpu-020,822,0.0,84.0,270,11538,23.9
2026-06-02 02:00,infra-002,1620,0.0,88.9,289,10890,20.6
2026-06-02 02:00,infra-011,1066,0.0,46.8,62,5991,21.2
2026-06-02 03:00,hpc-gpu-005,3159,52.8,77.9,811,7745,26.1
2026-06-02 03:00,hpc-gpu-014,3578,65.2,26.9,516,7643,20.9
2026-06-02 03:00,hpc-gpu-024,2135,31.2,67.9,469,6198,26.9
2026-06-02 03:00,hpc-gpu-033,2799,46.4,46.6,761,6657,22.9
2026-06-02 03:00,hpc-gpu-043,2146,31.1,50.0,404,6180,23.8
2026-06-02 03:00,hpc-gpu-052,2072,27.9,72.0,774,9931,22.4
2026-06-02 03:00,hpc-gpu-061,2741,43.9,59.3,384,5991,19.6
2026-06-02 03:00,hpc-gpu-071,2882,45.9,82.1,719,10993,23.1
2026-06-02 03:00,hpc-gpu-080,2334,33.8,94.6,491,8511,25.7
2026-06-02 03:00,hpc-gpu-090,1902,23.5,25.6,592,11438,27.1
2026-06-02 03:00,hpc-cpu-003,594,0.0,58.7,240,6368,24.4
2026-06-02 03:00,hpc-cpu-013,504,0.0,34.1,330,7919,27.2
2026-06-02 03:00,hpc-cpu-022,775,0.0,65.9,157,6086,24.2
2026-06-02 03:00,infra-004,1293,0.0,88.9,219,10534,22.1
2026-06-02 03:00,infra-013,1018,0.0,67.2,117,6819,26.6
2026-06-02 04:00,hpc-gpu-007,2772,44.5,69.8,638,9660,20.7
2026-06-02 04:00,hpc-gpu-016,2631,41.1,21.3,634,11157,25.7
2026-06-02 04:00,hpc-gpu-026,2395,37.0,62.6,744,10005,23.4
2026-06-02 04:00,hpc-gpu-035,2989,50.6,60.9,803,9795,26.2
2026-06-02 04:00,hpc-gpu-045,2397,37.1,67.0,896,9199,27.3
2026-06-02 04:00,hpc-gpu-054,3473,61.8,43.4,292,5303,24.4
2026-06-02 04:00,hpc-gpu-064,3672,65.3,87.7,894,8856,21.4
2026-06-02 04:00,hpc-gpu-073,2805,46.1,54.1,722,11241,23.9
2026-06-02 04:00,hpc-gpu-083,2282,33.3,51.2,839,9509,23.6
2026-06-02 04:00,hpc-gpu-092,3539,64.4,71.4,311,8976,26.2
2026-06-02 04:00,hpc-cpu-006,728,0.0,86.4,299,11090,24.7
2026-06-02 04:00,hpc-cpu-015,725,0.0,63.2,88,7464,26.1
2026-06-02 04:00,hpc-cpu-025,661,0.0,36.1,144,9349,25.4
2026-06-02 04:00,infra-006,971,0.0,88.0,111,7759,25.1
2026-06-02 04:00,infra-016,1057,0.0,39.8,135,6476,25.4
2026-06-02 05:00,hpc-gpu-009,2520,39.5,84.2,222,11750,22.2
2026-06-02 05:00,hpc-gpu-019,3721,67.6,91.4,533,11045,18.6
2026-06-02 05:00,hpc-gpu-028,3562,64.4,51.7,798,10480,26.2
2026-06-02 05:00,hpc-gpu-038,2640,43.2,33.3,347,7567,25.6
2026-06-02 05:00,hpc-gpu-047,2524,39.6,87.2,247,5695,20.5
2026-06-02 05:00,hpc-gpu-057,3121,53.3,89.8,252,7909,25.3
2026-06-02 05:00,hpc-gpu-066,2633,42.0,62.2,841,11243,24.4
2026-06-02 05:00,hpc-gpu-075,2673,44.3,66.5,423,7698,27.7
2026-06-02 05:00,hpc-gpu-085,1998,27.2,94.9,266,6491,20.7
2026-06-02 05:00,hpc-gpu-094,1780,22.6,78.2,833,10348,26.3
2026-06-02 05:00,hpc-cpu-008,658,0.0,93.0,130,5931,26.6
2026-06-02 05:00,hpc-cpu-017,741,0.0,57.6,317,11044,20.5
2026-06-02 05:00,hpc-cpu-027,721,0.0,32.5,322,11929,20.8
2026-06-02 05:00,infra-008,1013,0.0,67.3,359,9429,24.6
2026-06-02 06:00,hpc-gpu-002,3530,62.3,64.8,533,7179,18.0
2026-06-02 06:00,hpc-gpu-011,1924,26.9,92.9,892,7874,19.5
2026-06-02 06:00,hpc-gpu-021,3806,67.8,82.7,544,7847,24.1
2026-06-02 06:00,hpc-gpu-030,1816,23.2,33.2,279,7427,21.4
2026-06-02 06:00,hpc-gpu-040,3561,64.6,45.3,569,9532,21.3
2026-06-02 06:00,hpc-gpu-049,3159,53.3,43.5,553,6816,27.3
2026-06-02 06:00,hpc-gpu-059,2864,46.5,57.1,616,10924,21.1
2026-06-02 06:00,hpc-gpu-068,1986,27.0,33.6,793,6139,24.7
2026-06-02 06:00,hpc-gpu-078,1882,25.0,33.6,629,9607,18.3
2026-06-02 06:00,hpc-gpu-087,2250,34.1,26.9,279,7234,18.1
2026-06-02 06:00,hpc-cpu-001,788,0.0,47.5,253,6582,18.4
2026-06-02 06:00,hpc-cpu-010,642,0.0,69.8,179,6532,22.1
2026-06-02 06:00,hpc-cpu-020,739,0.0,91.3,213,5550,23.5
2026-06-02 06:00,infra-001,1402,0.0,64.6,53,5481,25.5
2026-06-02 06:00,infra-011,844,0.0,65.8,158,6113,25.2
2026-06-02 07:00,hpc-gpu-004,1782,22.3,36.3,605,8538,21.5
2026-06-02 07:00,hpc-gpu-014,2132,28.7,54.2,548,8348,26.1
2026-06-02 07:00,hpc-gpu-023,2370,34.7,40.4,505,11501,21.0
2026-06-02 07:00,hpc-gpu-033,3721,67.9,30.8,616,9525,22.2
2026-06-02 07:00,hpc-gpu-042,3282,57.9,74.8,787,11530,21.1
2026-06-02 07:00,hpc-gpu-052,3408,61.2,44.4,275,10837,25.6
2026-06-02 07:00,hpc-gpu-061,3288,57.6,93.8,675,10206,19.9
2026-06-02 07:00,hpc-gpu-071,2586,42.2,87.8,756,10609,22.3
2026-06-02 07:00,hpc-gpu-080,3675,66.4,49.8,514,10618,23.1
2026-06-02 07:00,hpc-gpu-089,3469,61.3,25.8,556,9947,20.1
2026-06-02 07:00,hpc-cpu-003,793,0.0,45.0,215,9350,26.4
2026-06-02 07:00,hpc-cpu-012,672,0.0,75.1,169,6034,25.5
2026-06-02 07:00,hpc-cpu-022,862,0.0,71.2,163,11098,24.0
2026-06-02 07:00,infra-003,1474,0.0,91.0,376,5271,24.0
2026-06-02 07:00,infra-013,1044,0.0,74.2,199,9451,27.3
2026-06-02 08:00,hpc-gpu-006,4419,83.5,57.5,545,11469,23.3
2026-06-02 08:00,hpc-gpu-016,3472,62.8,80.1,683,7469,24.5
2026-06-02 08:00,hpc-gpu-025,4190,79.0,62.0,475,6199,18.7
2026-06-02 08:00,hpc-gpu-035,4822,93.7,92.1,863,9981,23.2
2026-06-02 08:00,hpc-gpu-044,3934,73.4,80.3,620,11817,26.3
2026-06-02 08:00,hpc-gpu-054,4647,89.0,53.7,459,10761,26.7
2026-06-02 08:00,hpc-gpu-063,4616,88.6,65.4,604,8320,26.5
2026-06-02 08:00,hpc-gpu-073,4801,94.0,89.9,338,10218,24.5
2026-06-02 08:00,hpc-gpu-082,3813,70.1,83.6,850,6798,27.3
2026-06-02 08:00,hpc-gpu-092,4683,90.2,56.7,388,5094,23.1
2026-06-02 08:00,hpc-cpu-005,550,0.0,79.7,61,11122,22.7
2026-06-02 08:00,hpc-cpu-015,760,0.0,56.4,83,6891,22.8
2026-06-02 08:00,hpc-cpu-024,694,0.0,38.7,317,6263,27.3
2026-06-02 08:00,infra-006,1277,0.0,20.6,140,5763,24.6
2026-06-02 08:00,infra-015,930,0.0,92.6,63,8984,19.1
2026-06-02 09:00,hpc-gpu-009,4853,95.8,57.7,706,9676,20.2
2026-06-02 09:00,hpc-gpu-018,4757,92.4,56.6,619,10124,24.6
2026-06-02 09:00,hpc-gpu-028,4185,77.8,40.8,789,11991,24.5
2026-06-02 09:00,hpc-gpu-037,4619,88.2,51.9,243,8230,19.4
2026-06-02 09:00,hpc-gpu-047,4052,75.7,62.6,415,11210,23.3
2026-06-02 09:00,hpc-gpu-056,4881,95.2,74.3,402,6554,28.0
2026-06-02 09:00,hpc-gpu-066,4953,97.4,82.0,733,9839,25.7
2026-06-02 09:00,hpc-gpu-075,3981,74.6,75.5,359,8205,26.2
2026-06-02 09:00,hpc-gpu-085,4306,82.3,38.8,346,7811,19.9
2026-06-02 09:00,hpc-gpu-094,4406,83.6,50.3,303,5623,25.4
2026-06-02 09:00,hpc-cpu-007,643,0.0,38.3,286,5678,21.6
2026-06-02 09:00,hpc-cpu-017,984,0.0,37.3,396,6948,25.8
2026-06-02 09:00,hpc-cpu-026,787,0.0,82.1,280,7558,22.2
2026-06-02 09:00,infra-008,1221,0.0,33.6,154,7101,27.9
2026-06-02 10:00,hpc-gpu-001,4499,86.5,49.4,354,8459,25.8
2026-06-02 10:00,hpc-gpu-011,3895,72.4,35.6,692,11164,18.8
2026-06-02 10:00,hpc-gpu-020,4622,89.0,71.6,652,8832,22.8
2026-06-02 10:00,hpc-gpu-030,4200,79.3,61.8,605,7619,19.7
2026-06-02 10:00,hpc-gpu-039,4417,86.0,87.1,206,9574,24.5
2026-06-02 10:00,hpc-gpu-049,3671,66.3,46.7,499,8027,18.8
2026-06-02 10:00,hpc-gpu-058,3979,74.7,71.8,751,10902,26.2
2026-06-02 10:00,hpc-gpu-068,4546,85.6,67.4,878,11006,23.0
2026-06-02 10:00,hpc-gpu-077,4026,74.0,52.9,403,7133,23.5
2026-06-02 10:00,hpc-gpu-087,4260,79.8,24.0,732,6627,21.7
2026-06-02 10:00,hpc-gpu-096,4211,79.6,62.3,258,7556,19.6
2026-06-02 10:00,hpc-cpu-010,922,0.0,46.2,169,9503,24.6
2026-06-02 10:00,hpc-cpu-019,984,0.0,80.9,189,8788,23.4
2026-06-02 10:00,infra-001,1201,0.0,29.8,336,7592,24.3
2026-06-02 10:00,infra-010,850,0.0,61.3,199,6929,25.9
2026-06-02 11:00,hpc-gpu-004,4802,93.0,20.2,349,5673,19.0
2026-06-02 11:00,hpc-gpu-013,3846,70.4,62.7,745,10692,26.9
2026-06-02 11:00,hpc-gpu-023,4163,79.2,89.0,205,5854,25.3
2026-06-02 11:00,hpc-gpu-032,3901,71.1,77.5,770,11247,25.5
2026-06-02 11:00,hpc-gpu-042,4003,74.4,29.7,373,7935,27.2
2026-06-02 11:00,hpc-gpu-051,3849,70.7,81.7,797,7799,27.9
2026-06-02 11:00,hpc-gpu-061,4854,94.8,25.9,868,5596,25.7
2026-06-02 11:00,hpc-gpu-070,4943,96.1,84.6,867,10119,22.1
2026-06-02 11:00,hpc-gpu-080,3635,66.1,88.9,457,11750,22.0
2026-06-02 11:00,hpc-gpu-089,4430,84.6,32.1,471,8939,22.4
2026-06-02 11:00,hpc-cpu-003,649,0.0,25.3,205,7121,23.0
2026-06-02 11:00,hpc-cpu-012,597,0.0,43.4,198,5360,19.3
2026-06-02 11:00,hpc-cpu-021,746,0.0,48.4,240,8293,18.5
2026-06-02 11:00,infra-003,1677,0.0,66.0,223,9674,25.0
2026-06-02 11:00,infra-012,1341,0.0,94.1,60,8247,27.9
2026-06-02 12:00,hpc-gpu-006,3798,70.4,25.9,294,6754,20.0
2026-06-02 12:00,hpc-gpu-015,4058,76.5,53.1,475,7303,20.4
2026-06-02 12:00,hpc-gpu-025,4204,79.2,52.4,225,8172,22.8
2026-06-02 12:00,hpc-gpu-034,4220,79.9,48.8,410,8592,21.2
2026-06-02 12:00,hpc-gpu-044,4527,85.8,26.3,420,5037,21.2
2026-06-02 12:00,hpc-gpu-053,3749,68.6,52.0,721,9016,23.5
2026-06-02 12:00,hpc-gpu-063,3685,66.5,37.8,547,5754,19.0
2026-06-02 12:00,hpc-gpu-072,3750,67.3,65.6,818,11425,23.6
2026-06-02 12:00,hpc-gpu-082,3690,67.2,33.0,699,9983,23.3
2026-06-02 12:00,hpc-gpu-091,3623,64.5,55.3,394,7168,21.4
2026-06-02 12:00,hpc-cpu-005,888,0.0,63.7,199,9451,26.1
2026-06-02 12:00,hpc-cpu-014,500,0.0,76.0,100,5183,23.2
2026-06-02 12:00,hpc-cpu-024,867,0.0,83.5,189,10354,21.1
2026-06-02 12:00,infra-005,1068,0.0,89.8,220,7833,24.5
2026-06-02 12:00,infra-015,1214,0.0,39.2,324,10556,23.5
2026-06-02 13:00,hpc-gpu-008,4567,86.9,79.7,346,7834,27.6
2026-06-02 13:00,hpc-gpu-018,4482,86.1,46.0,409,7347,18.4
2026-06-02 13:00,hpc-gpu-027,3845,70.9,29.0,458,11683,27.5
2026-06-02 13:00,hpc-gpu-037,3949,73.6,37.8,671,10809,27.8
2026-06-02 13:00,hpc-gpu-046,4216,80.1,63.2,862,7797,23.6
2026-06-02 13:00,hpc-gpu-056,3478,61.5,26.8,676,10984,19.6
2026-06-02 13:00,hpc-gpu-065,4392,84.1,37.0,368,9421,18.6
2026-06-02 13:00,hpc-gpu-075,4183,78.8,64.9,622,9083,26.9
2026-06-02 13:00,hpc-gpu-084,3595,64.7,74.1,754,7759,24.9
2026-06-02 13:00,hpc-gpu-094,3568,63.9,46.0,498,8353,25.4
2026-06-02 13:00,hpc-cpu-007,567,0.0,46.0,226,10282,18.2
2026-06-02 13:00,hpc-cpu-017,895,0.0,80.2,331,9331,23.8
2026-06-02 13:00,hpc-cpu-026,834,0.0,57.6,326,9892,26.5
2026-06-02 13:00,infra-007,1556,0.0,83.6,277,6104,23.6
2026-06-02 14:00,hpc-gpu-001,4002,73.9,70.2,664,8794,25.5
2026-06-02 14:00,hpc-gpu-010,4330,82.4,33.9,526,8530,22.3
2026-06-02 14:00,hpc-gpu-020,3548,63.0,69.4,670,6185,24.0
2026-06-02 14:00,hpc-gpu-029,4497,84.9,36.2,307,7993,21.8
2026-06-02 14:00,hpc-gpu-039,4018,74.0,80.6,584,11271,27.7
2026-06-02 14:00,hpc-gpu-048,3859,71.8,78.6,892,10455,26.5
2026-06-02 14:00,hpc-gpu-058,3984,73.9,54.4,422,9285,18.6
2026-06-02 14:00,hpc-gpu-067,4789,93.4,34.3,636,8379,24.7
2026-06-02 14:00,hpc-gpu-077,3817,69.6,38.1,544,10809,22.5
2026-06-02 14:00,hpc-gpu-086,4302,81.6,25.4,692,8760,23.7
2026-06-02 14:00,hpc-gpu-096,4051,76.0,94.4,875,5889,27.1
2026-06-02 14:00,hpc-cpu-009,793,0.0,58.6,398,6117,23.4
2026-06-02 14:00,hpc-cpu-019,505,0.0,56.3,101,5965,26.8
2026-06-02 14:00,hpc-cpu-028,747,0.0,74.3,307,7625,26.7
2026-06-02 14:00,infra-010,1505,0.0,30.6,341,9767,21.9
2026-06-02 15:00,hpc-gpu-003,4874,95.2,80.9,443,7187,26.6
2026-06-02 15:00,hpc-gpu-013,3550,63.4,39.8,681,7225,23.1
2026-06-02 15:00,hpc-gpu-022,3770,68.5,81.7,461,5469,19.0
2026-06-02 15:00,hpc-gpu-032,3473,62.4,91.6,235,11479,23.5
2026-06-02 15:00,hpc-gpu-041,4045,75.8,28.6,778,5289,24.9
2026-06-02 15:00,hpc-gpu-051,4519,85.7,54.5,392,6995,25.3
2026-06-02 15:00,hpc-gpu-060,4360,81.4,21.7,488,10479,22.7
2026-06-02 15:00,hpc-gpu-070,4422,84.3,41.3,833,6894,24.4
2026-06-02 15:00,hpc-gpu-079,4726,91.8,47.9,497,11721,23.7
2026-06-02 15:00,hpc-gpu-089,4897,95.6,71.8,594,7291,24.8
2026-06-02 15:00,hpc-cpu-002,606,0.0,26.0,59,5740,25.4
2026-06-02 15:00,hpc-cpu-012,708,0.0,24.8,90,10690,27.5
2026-06-02 15:00,hpc-cpu-021,964,0.0,26.5,301,6852,19.2
2026-06-02 15:00,infra-003,1058,0.0,93.7,295,8933,22.1
2026-06-02 15:00,infra-012,1086,0.0,82.6,144,5220,25.8
2026-06-02 16:00,hpc-gpu-005,4235,78.8,79.7,892,7142,23.5
2026-06-02 16:00,hpc-gpu-015,4777,91.1,29.1,585,6842,20.8
2026-06-02 16:00,hpc-gpu-024,3576,64.2,36.2,583,8904,24.1
2026-06-02 16:00,hpc-gpu-034,4177,78.6,91.7,773,8939,19.4
2026-06-02 16:00,hpc-gpu-043,4205,79.2,40.6,722,9897,18.9
2026-06-02 16:00,hpc-gpu-053,4379,82.8,63.6,546,5241,27.1
2026-06-02 16:00,hpc-gpu-062,4678,90.1,42.4,404,5374,18.5
2026-06-02 16:00,hpc-gpu-072,3743,66.2,65.8,602,10328,26.7
2026-06-02 16:00,hpc-gpu-081,4582,87.4,82.4,673,10257,21.8
2026-06-02 16:00,hpc-gpu-091,4839,93.7,31.2,601,7409,21.9
2026-06-02 16:00,hpc-cpu-004,628,0.0,38.8,305,7235,20.8
2026-06-02 16:00,hpc-cpu-014,632,0.0,69.4,76,7056,21.7
2026-06-02 16:00,hpc-cpu-023,896,0.0,46.1,67,7924,24.4
2026-06-02 16:00,infra-005,1187,0.0,54.5,78,9437,22.7
2026-06-02 16:00,infra-014,1135,0.0,20.4,64,10374,18.8
2026-06-02 17:00,hpc-gpu-008,3459,60.4,69.6,555,5887,23.4
2026-06-02 17:00,hpc-gpu-017,4831,92.7,83.5,207,6859,27.1
2026-06-02 17:00,hpc-gpu-027,4277,80.0,25.5,763,9490,18.4
2026-06-02 17:00,hpc-gpu-036,4575,87.9,46.7,265,9669,25.3
2026-06-02 17:00,hpc-gpu-046,3441,61.1,56.9,702,5182,22.1
2026-06-02 17:00,hpc-gpu-055,4410,84.1,36.9,874,7345,20.7
2026-06-02 17:00,hpc-gpu-065,4613,88.4,32.1,572,9292,26.9
2026-06-02 17:00,hpc-gpu-074,4548,87.9,22.6,278,6504,18.2
2026-06-02 17:00,hpc-gpu-084,3982,72.5,93.9,232,8471,21.2
2026-06-02 17:00,hpc-gpu-093,3535,63.4,42.4,636,8980,23.4
2026-06-02 17:00,hpc-cpu-007,492,0.0,34.5,67,11131,24.0
2026-06-02 17:00,hpc-cpu-016,620,0.0,94.7,163,9701,26.4
2026-06-02 17:00,hpc-cpu-026,596,0.0,54.6,348,10852,21.4
2026-06-02 17:00,infra-007,1252,0.0,84.4,161,5191,27.2
2026-06-02 18:00,hpc-gpu-001,3466,62.2,25.3,628,7261,21.4
2026-06-02 18:00,hpc-gpu-010,3522,61.7,84.9,805,9158,20.7
2026-06-02 18:00,hpc-gpu-019,3797,69.8,75.3,868,7693,18.5
2026-06-02 18:00,hpc-gpu-029,3642,66.3,80.4,540,6109,25.2
2026-06-02 18:00,hpc-gpu-038,4801,93.1,34.3,249,5060,20.2
2026-06-02 18:00,hpc-gpu-048,4674,89.3,42.1,552,5135,24.1
2026-06-02 18:00,hpc-gpu-057,4680,90.6,89.1,461,9679,24.7
2026-06-02 18:00,hpc-gpu-067,4383,84.0,33.6,607,11765,19.9
2026-06-02 18:00,hpc-gpu-076,4663,90.0,35.8,372,8978,18.0
2026-06-02 18:00,hpc-gpu-086,3795,69.9,27.8,833,9108,24.1
2026-06-02 18:00,hpc-gpu-095,3879,71.8,29.7,393,10335,27.7
2026-06-02 18:00,hpc-cpu-009,843,0.0,92.4,281,8805,19.3
2026-06-02 18:00,hpc-cpu-018,933,0.0,63.7,328,6074,26.1
2026-06-02 18:00,hpc-cpu-028,793,0.0,34.0,96,9428,24.2
2026-06-02 18:00,infra-009,1077,0.0,80.2,223,10499,25.7
2026-06-02 19:00,hpc-gpu-003,2594,40.2,42.3,466,7570,26.7
2026-06-02 19:00,hpc-gpu-012,2840,47.2,58.4,263,7835,20.0
2026-06-02 19:00,hpc-gpu-022,3048,52.1,81.0,400,9739,25.4
2026-06-02 19:00,hpc-gpu-031,2277,33.1,90.9,525,5365,25.0
2026-06-02 19:00,hpc-gpu-041,2459,37.8,55.5,782,8822,22.5
2026-06-02 19:00,hpc-gpu-050,2122,29.3,85.5,783,7920,25.2
2026-06-02 19:00,hpc-gpu-060,3188,54.1,52.3,617,11288,24.5
2026-06-02 19:00,hpc-gpu-069,1999,26.3,58.3,754,10284,23.9
2026-06-02 19:00,hpc-gpu-079,2097,30.1,80.6,742,6768,18.6
2026-06-02 19:00,hpc-gpu-088,3674,66.9,88.4,236,6348,24.8
2026-06-02 19:00,hpc-cpu-002,674,0.0,44.7,378,7552,27.1
2026-06-02 19:00,hpc-cpu-011,740,0.0,68.7,164,9286,26.4
2026-06-02 19:00,hpc-cpu-021,980,0.0,51.2,323,7387,26.1
2026-06-02 19:00,infra-002,860,0.0,77.3,152,11615,26.9
2026-06-02 19:00,infra-012,1491,0.0,33.6,151,8824,24.2
2026-06-02 20:00,hpc-gpu-005,1903,25.5,48.4,391,6760,21.5
2026-06-02 20:00,hpc-gpu-015,1692,20.1,48.7,292,6565,23.0
2026-06-02 20:00,hpc-gpu-024,2971,49.9,23.9,577,7854,23.3
2026-06-02 20:00,hpc-gpu-033,2087,28.9,88.2,591,9168,23.4
2026-06-02 20:00,hpc-gpu-043,2298,35.5,72.0,565,11717,21.6
2026-06-02 20:00,hpc-gpu-052,2467,38.0,62.4,404,11983,22.5
2026-06-02 20:00,hpc-gpu-062,1961,25.7,44.1,654,6919,26.8
2026-06-02 20:00,hpc-gpu-071,2459,37.6,92.0,805,11215,24.3
2026-06-02 20:00,hpc-gpu-081,2977,50.1,21.7,391,8586,21.5
2026-06-02 20:00,hpc-gpu-090,1885,24.5,36.5,433,5896,25.1
2026-06-02 20:00,hpc-cpu-004,464,0.0,67.4,313,11681,19.6
2026-06-02 20:00,hpc-cpu-013,567,0.0,32.9,88,11159,22.4
2026-06-02 20:00,hpc-cpu-023,574,0.0,89.1,269,5229,24.0
2026-06-02 20:00,infra-004,1157,0.0,66.0,77,5724,24.1
2026-06-02 20:00,infra-014,1476,0.0,72.4,80,6998,26.9
2026-06-02 21:00,hpc-gpu-007,3671,65.5,20.2,454,11347,24.9
2026-06-02 21:00,hpc-gpu-017,3538,62.6,35.9,339,10372,21.3
2026-06-02 21:00,hpc-gpu-026,3730,68.2,52.4,636,11001,20.2
2026-06-02 21:00,hpc-gpu-036,2621,41.7,82.2,278,8368,22.8
2026-06-02 21:00,hpc-gpu-045,3655,66.4,27.0,786,8141,27.1
2026-06-02 21:00,hpc-gpu-055,1989,27.4,73.5,310,5168,21.7
2026-06-02 21:00,hpc-gpu-064,2651,41.7,72.5,804,9267,19.7
2026-06-02 21:00,hpc-gpu-074,2151,30.3,57.4,790,8039,27.9
2026-06-02 21:00,hpc-gpu-083,3294,57.4,72.8,806,10905,21.5
2026-06-02 21:00,hpc-gpu-093,2670,43.1,30.3,540,10921,19.0
2026-06-02 21:00,hpc-cpu-006,731,0.0,61.1,82,6327,23.4
2026-06-02 21:00,hpc-cpu-016,892,0.0,72.5,107,10261,19.8
2026-06-02 21:00,hpc-cpu-025,507,0.0,86.2,166,8816,26.3
2026-06-02 21:00,infra-007,1091,0.0,62.1,381,9562,24.8
2026-06-02 21:00,infra-016,1611,0.0,75.7,164,5244,23.4
2026-06-02 22:00,hpc-gpu-010,3539,63.1,66.7,208,6594,22.5
2026-06-02 22:00,hpc-gpu-019,2245,32.7,52.5,567,5086,27.5
2026-06-02 22:00,hpc-gpu-029,3697,67.4,67.3,422,5464,26.9
2026-06-02 22:00,hpc-gpu-038,3143,53.4,77.9,662,5560,20.9
2026-06-02 22:00,hpc-gpu-047,2712,44.4,66.9,216,10770,28.0
2026-06-02 22:00,hpc-gpu-057,2613,41.1,22.3,222,11324,19.2
2026-06-02 22:00,hpc-gpu-066,2540,39.5,43.5,565,11695,18.5
2026-06-02 22:00,hpc-gpu-076,2806,46.9,48.8,764,8466,27.0
2026-06-02 22:00,hpc-gpu-085,3041,50.5,84.7,830,5220,19.2
2026-06-02 22:00,hpc-gpu-095,1786,22.4,90.3,603,7957,23.6
2026-06-02 22:00,hpc-cpu-008,738,0.0,92.7,308,11895,25.4
2026-06-02 22:00,hpc-cpu-018,914,0.0,55.4,107,7612,27.9
2026-06-02 22:00,hpc-cpu-027,600,0.0,33.3,168,7003,21.6
2026-06-02 22:00,infra-009,855,0.0,26.1,262,8551,19.5
2026-06-02 23:00,hpc-gpu-002,1886,25.2,37.2,699,11257,25.5
2026-06-02 23:00,hpc-gpu-012,3349,59.8,85.3,792,11099,20.2
2026-06-02 23:00,hpc-gpu-021,2075,28.1,30.2,657,5417,21.3
2026-06-02 23:00,hpc-gpu-031,2618,39.9,63.3,884,11410,26.5
2026-06-02 23:00,hpc-gpu-040,2981,48.4,67.3,788,9450,19.1
2026-06-02 23:00,hpc-gpu-050,3296,56.7,63.0,248,6271,19.5
2026-06-02 23:00,hpc-gpu-059,2795,46.2,39.3,521,8460,26.7
2026-06-02 23:00,hpc-gpu-069,3122,52.2,90.6,745,7130,25.6
2026-06-02 23:00,hpc-gpu-078,2904,48.5,22.6,403,8141,25.4
2026-06-02 23:00,hpc-gpu-088,1955,26.2,89.4,689,6181,27.5
2026-06-02 23:00,hpc-cpu-001,778,0.0,23.0,214,6660,18.5
2026-06-02 23:00,hpc-cpu-011,833,0.0,73.6,227,9023,18.1
2026-06-02 23:00,hpc-cpu-020,686,0.0,64.1,206,8701,26.3
2026-06-02 23:00,infra-002,1243,0.0,33.2,157,6889,20.8
2026-06-02 23:00,infra-011,1512,0.0,52.5,249,7955,23.1
2026-06-03 00:00,hpc-gpu-005,3220,55.7,77.4,271,10097,20.6
2026-06-03 00:00,hpc-gpu-014,2426,37.3,55.6,881,8556,27.1
2026-06-03 00:00,hpc-gpu-024,1798,21.7,87.7,601,8663,25.1
2026-06-03 00:00,hpc-gpu-033,3367,59.5,92.7,327,6929,26.1
2026-06-03 00:00,hpc-gpu-043,1831,23.0,83.5,420,8836,18.1
2026-06-03 00:00,hpc-gpu-052,3072,53.6,44.3,864,10452,23.0
2026-06-03 00:00,hpc-gpu-061,2628,42.0,52.3,620,10579,18.5
2026-06-03 00:00,hpc-gpu-071,3694,66.7,20.7,272,10519,21.9
2026-06-03 00:00,hpc-gpu-080,2696,42.4,21.1,423,8638,18.8
2026-06-03 00:00,hpc-gpu-090,3665,65.7,68.2,596,8361,20.4
2026-06-03 00:00,hpc-cpu-003,657,0.0,44.8,237,10703,27.8
2026-06-03 00:00,hpc-cpu-013,773,0.0,95.0,209,11555,22.9
2026-06-03 00:00,hpc-cpu-022,829,0.0,89.4,228,10937,18.5
2026-06-03 00:00,infra-004,1472,0.0,92.6,303,9660,27.0
2026-06-03 00:00,infra-013,1244,0.0,33.6,144,8974,24.9
2026-06-03 01:00,hpc-gpu-007,3637,65.8,49.4,765,10317,27.0
2026-06-03 01:00,hpc-gpu-016,3307,57.7,26.1,839,7830,22.5
2026-06-03 01:00,hpc-gpu-026,2555,40.2,34.0,417,8709,24.6
2026-06-03 01:00,hpc-gpu-035,3088,51.4,69.0,595,10896,22.4
2026-06-03 01:00,hpc-gpu-045,2236,32.6,36.0,824,11007,21.0
2026-06-03 01:00,hpc-gpu-054,3781,68.7,45.9,616,10760,23.3
2026-06-03 01:00,hpc-gpu-064,3310,58.0,72.2,351,7038,19.7
2026-06-03 01:00,hpc-gpu-073,2796,45.5,31.1,527,9079,26.2
2026-06-03 01:00,hpc-gpu-083,2298,34.3,44.8,447,8491,21.6
2026-06-03 01:00,hpc-gpu-092,3088,52.5,26.6,420,11519,26.6
2026-06-03 01:00,hpc-cpu-006,875,0.0,35.2,299,6793,21.5
2026-06-03 01:00,hpc-cpu-015,647,0.0,70.3,70,9607,25.9
2026-06-03 01:00,hpc-cpu-025,771,0.0,80.9,217,11006,22.7
2026-06-03 01:00,infra-006,1540,0.0,24.3,53,11030,27.4
2026-06-03 01:00,infra-016,965,0.0,65.7,346,10859,19.7
2026-06-03 02:00,hpc-gpu-009,3186,54.4,32.5,216,7681,23.6
2026-06-03 02:00,hpc-gpu-019,2102,29.1,50.3,806,6579,28.0
2026-06-03 02:00,hpc-gpu-028,3179,55.2,94.3,483,11430,23.9
2026-06-03 02:00,hpc-gpu-038,3076,52.8,72.3,882,10339,24.9
2026-06-03 02:00,hpc-gpu-047,2493,38.3,74.3,517,7568,19.9
2026-06-03 02:00,hpc-gpu-057,2699,43.7,61.8,691,7722,21.5
2026-06-03 02:00,hpc-gpu-066,3700,67.0,20.8,379,5588,27.5
2026-06-03 02:00,hpc-gpu-075,3392,59.6,74.1,384,10187,24.0
2026-06-03 02:00,hpc-gpu-085,2566,40.6,68.3,334,11640,23.3
2026-06-03 02:00,hpc-gpu-094,2836,46.6,76.0,473,7855,18.6
2026-06-03 02:00,hpc-cpu-008,743,0.0,24.9,393,7641,21.2
2026-06-03 02:00,hpc-cpu-017,654,0.0,21.0,52,6077,23.0
2026-06-03 02:00,hpc-cpu-027,659,0.0,80.7,138,10890,23.6
2026-06-03 02:00,infra-008,1394,0.0,78.7,351,7176,23.2
2026-06-03 03:00,hpc-gpu-002,1914,24.3,39.5,348,8969,26.4
2026-06-03 03:00,hpc-gpu-011,2277,32.9,46.1,565,5292,18.9
2026-06-03 03:00,hpc-gpu-021,3840,69.7,75.0,615,10014,24.0
2026-06-03 03:00,hpc-gpu-030,3370,59.5,77.2,331,7906,26.5
2026-06-03 03:00,hpc-gpu-040,2998,50.2,68.7,602,7841,23.4
2026-06-03 03:00,hpc-gpu-049,3161,54.3,50.8,757,6071,26.1
2026-06-03 03:00,hpc-gpu-059,2721,44.4,90.8,579,5138,25.0
2026-06-03 03:00,hpc-gpu-068,2984,51.2,79.3,375,10020,19.2
2026-06-03 03:00,hpc-gpu-078,1994,26.6,45.6,254,10844,26.6
2026-06-03 03:00,hpc-gpu-087,2340,35.2,88.5,325,9047,21.2
2026-06-03 03:00,hpc-cpu-001,955,0.0,46.4,50,9198,22.1
2026-06-03 03:00,hpc-cpu-010,904,0.0,44.7,312,11486,19.3
2026-06-03 03:00,hpc-cpu-020,828,0.0,52.9,149,9418,23.1
2026-06-03 03:00,infra-001,921,0.0,48.9,67,9967,23.0
2026-06-03 03:00,infra-011,1247,0.0,43.9,76,8569,24.7
2026-06-03 04:00,hpc-gpu-004,2512,39.3,68.8,878,8308,24.9
2026-06-03 04:00,hpc-gpu-014,3388,60.4,69.5,687,8681,23.6
2026-06-03 04:00,hpc-gpu-023,3018,50.9,66.6,507,9604,26.6
2026-06-03 04:00,hpc-gpu-033,3098,53.5,92.4,632,9560,26.5
2026-06-03 04:00,hpc-gpu-042,1862,23.5,85.8,745,11016,26.7
2026-06-03 04:00,hpc-gpu-052,2305,33.7,50.0,529,6017,22.5
2026-06-03 04:00,hpc-gpu-061,3333,59.2,40.7,735,10883,25.0
2026-06-03 04:00,hpc-gpu-071,3658,65.0,62.8,238,9963,25.9
2026-06-03 04:00,hpc-gpu-080,1983,26.9,36.3,647,6267,21.8
2026-06-03 04:00,hpc-gpu-089,1782,22.9,55.3,269,7784,18.7
2026-06-03 04:00,hpc-cpu-003,834,0.0,35.5,385,10327,26.1
2026-06-03 04:00,hpc-cpu-012,773,0.0,58.2,369,6705,25.0
2026-06-03 04:00,hpc-cpu-022,818,0.0,75.7,296,5665,21.9
2026-06-03 04:00,infra-003,1670,0.0,60.8,371,10179,18.7
2026-06-03 04:00,infra-013,1267,0.0,27.3,347,5345,20.8
2026-06-03 05:00,hpc-gpu-006,2899,49.0,44.7,649,5265,21.4
2026-06-03 05:00,hpc-gpu-016,1723,20.6,92.6,596,9928,23.0
2026-06-03 05:00,hpc-gpu-025,1852,24.3,33.8,566,10466,22.1
2026-06-03 05:00,hpc-gpu-035,2315,34.9,80.9,680,8279,23.2
2026-06-03 05:00,hpc-gpu-044,2930,48.9,40.6,837,7930,27.9
2026-06-03 05:00,hpc-gpu-054,3014,51.4,93.6,538,7892,27.5
2026-06-03 05:00,hpc-gpu-063,2759,45.4,89.3,750,8097,23.5
2026-06-03 05:00,hpc-gpu-073,3553,63.2,94.3,599,6915,27.1
2026-06-03 05:00,hpc-gpu-082,2687,43.4,24.0,617,6643,19.8
2026-06-03 05:00,hpc-gpu-092,2224,32.5,79.1,535,5765,18.5
2026-06-03 05:00,hpc-cpu-005,483,0.0,67.3,81,6864,19.1
2026-06-03 05:00,hpc-cpu-015,723,0.0,31.9,362,8212,23.2
2026-06-03 05:00,hpc-cpu-024,936,0.0,73.4,119,11572,20.3
2026-06-03 05:00,infra-006,1353,0.0,80.8,312,10664,25.4
2026-06-03 05:00,infra-015,964,0.0,83.9,258,11054,22.3
2026-06-03 06:00,hpc-gpu-009,3221,55.9,23.6,705,5204,23.0
2026-06-03 06:00,hpc-gpu-018,2873,47.9,65.2,374,10041,26.4
2026-06-03 06:00,hpc-gpu-028,2189,31.3,36.9,815,8884,26.0
2026-06-03 06:00,hpc-gpu-037,2759,44.9,59.2,748,7896,18.4
2026-06-03 06:00,hpc-gpu-047,3006,50.1,86.4,462,6694,22.8
2026-06-03 06:00,hpc-gpu-056,2441,38.5,73.6,700,7156,21.0
2026-06-03 06:00,hpc-gpu-066,2868,46.4,92.4,794,6246,23.1
2026-06-03 06:00,hpc-gpu-075,1967,26.1,28.6,383,9598,19.1
2026-06-03 06:00,hpc-gpu-085,2248,33.2,47.0,266,9115,27.4
2026-06-03 06:00,hpc-gpu-094,3132,54.4,68.4,277,11899,23.6
2026-06-03 06:00,hpc-cpu-007,626,0.0,80.1,81,9166,26.6
2026-06-03 06:00,hpc-cpu-017,851,0.0,75.7,200,9237,20.4
2026-06-03 06:00,hpc-cpu-026,809,0.0,35.1,171,6426,26.9
2026-06-03 06:00,infra-008,1270,0.0,85.5,74,8808,25.0
2026-06-03 07:00,hpc-gpu-001,3805,69.1,42.0,598,8650,21.3
2026-06-03 07:00,hpc-gpu-011,3030,52.5,30.3,353,5402,25.6
2026-06-03 07:00,hpc-gpu-020,3758,68.9,34.1,445,9948,19.4
2026-06-03 07:00,hpc-gpu-030,3182,54.7,63.2,606,11528,27.2
2026-06-03 07:00,hpc-gpu-039,3725,66.9,77.0,762,11369,21.7
2026-06-03 07:00,hpc-gpu-049,2975,51.1,93.7,792,5143,22.2
2026-06-03 07:00,hpc-gpu-058,2288,34.7,69.5,609,6314,22.1
2026-06-03 07:00,hpc-gpu-068,3234,56.3,87.6,525,10224,19.3
2026-06-03 07:00,hpc-gpu-077,1733,20.1,63.6,524,5815,18.8
2026-06-03 07:00,hpc-gpu-087,3250,56.8,81.9,456,5485,21.2
2026-06-03 07:00,hpc-gpu-096,2366,35.6,90.9,495,10527,24.4
2026-06-03 07:00,hpc-cpu-010,812,0.0,33.2,360,6732,26.1
2026-06-03 07:00,hpc-cpu-019,736,0.0,78.6,99,7571,23.4
2026-06-03 07:00,infra-001,953,0.0,44.1,180,6788,19.0
2026-06-03 07:00,infra-010,1341,0.0,21.4,259,7232,26.3
2026-06-03 08:00,hpc-gpu-004,3789,69.5,93.2,542,11561,22.3
2026-06-03 08:00,hpc-gpu-013,4561,87.8,65.5,267,10831,21.4
2026-06-03 08:00,hpc-gpu-023,4901,96.4,35.7,770,6751,18.4
2026-06-03 08:00,hpc-gpu-032,4166,78.4,32.8,574,11090,21.9
2026-06-03 08:00,hpc-gpu-042,3820,69.1,57.4,663,9833,18.2
2026-06-03 08:00,hpc-gpu-051,4886,94.8,22.0,570,8134,23.9
2026-06-03 08:00,hpc-gpu-061,4845,91.9,69.7,709,8138,21.6
2026-06-03 08:00,hpc-gpu-070,4836,94.1,62.5,310,5554,22.9
2026-06-03 08:00,hpc-gpu-080,3653,66.7,84.7,340,11766,27.9
2026-06-03 08:00,hpc-gpu-089,4899,94.6,30.3,668,6954,20.3
2026-06-03 08:00,hpc-cpu-003,654,0.0,30.8,182,6826,24.5
2026-06-03 08:00,hpc-cpu-012,915,0.0,41.8,352,7456,26.1
2026-06-03 08:00,hpc-cpu-021,895,0.0,32.4,163,8861,25.0
2026-06-03 08:00,infra-003,1075,0.0,37.6,393,6727,25.6
2026-06-03 08:00,infra-012,1021,0.0,48.4,270,6994,21.8
2026-06-03 09:00,hpc-gpu-006,3463,62.3,78.0,624,7779,27.8
2026-06-03 09:00,hpc-gpu-015,3908,72.1,26.2,593,8381,25.2
2026-06-03 09:00,hpc-gpu-025,3832,70.1,29.3,478,5535,25.9
2026-06-03 09:00,hpc-gpu-034,3919,72.8,58.6,885,9868,24.5
2026-06-03 09:00,hpc-gpu-044,4471,84.4,55.4,701,11296,18.5
2026-06-03 09:00,hpc-gpu-053,4979,96.6,34.3,765,5287,25.0
2026-06-03 09:00,hpc-gpu-063,3977,74.9,77.4,787,6041,19.7
2026-06-03 09:00,hpc-gpu-072,3689,66.2,48.9,881,8677,25.2
2026-06-03 09:00,hpc-gpu-082,3945,73.3,63.0,373,8528,23.6
2026-06-03 09:00,hpc-gpu-091,3514,62.4,89.8,502,7810,27.7
2026-06-03 09:00,hpc-cpu-005,861,0.0,27.0,100,11678,23.7
2026-06-03 09:00,hpc-cpu-014,801,0.0,60.3,133,10280,25.8
2026-06-03 09:00,hpc-cpu-024,823,0.0,44.2,336,6352,20.9
2026-06-03 09:00,infra-005,1396,0.0,42.1,66,7818,21.1
2026-06-03 09:00,infra-015,1038,0.0,77.8,267,7795,20.8
2026-06-03 10:00,hpc-gpu-008,4562,87.2,69.5,823,6862,22.4
2026-06-03 10:00,hpc-gpu-018,4840,94.5,21.4,655,5520,24.0
2026-06-03 10:00,hpc-gpu-027,4798,94.8,67.5,587,5430,19.8
2026-06-03 10:00,hpc-gpu-037,4698,89.1,29.5,634,10675,18.6
2026-06-03 10:00,hpc-gpu-046,3818,69.1,40.4,383,11188,21.2
2026-06-03 10:00,hpc-gpu-056,4043,74.4,64.3,319,9208,23.0
2026-06-03 10:00,hpc-gpu-065,3745,68.4,82.5,200,11229,18.7
2026-06-03 10:00,hpc-gpu-075,4704,90.7,71.0,773,9196,27.8
2026-06-03 10:00,hpc-gpu-084,4255,80.1,51.1,843,7836,24.0
2026-06-03 10:00,hpc-gpu-094,3441,61.6,87.9,236,10146,27.2
2026-06-03 10:00,hpc-cpu-007,557,0.0,88.6,352,6555,26.8
2026-06-03 10:00,hpc-cpu-017,648,0.0,27.5,351,8479,24.6
2026-06-03 10:00,hpc-cpu-026,789,0.0,80.7,70,11233,22.2
2026-06-03 10:00,infra-007,1652,0.0,55.9,269,5011,19.2
2026-06-03 11:00,hpc-gpu-001,3813,68.5,94.3,617,11028,26.3
2026-06-03 11:00,hpc-gpu-010,4047,76.3,29.3,225,6068,21.0
2026-06-03 11:00,hpc-gpu-020,3913,72.4,46.7,781,11816,21.2
2026-06-03 11:00,hpc-gpu-029,4933,96.4,63.5,886,9839,19.1
2026-06-03 11:00,hpc-gpu-039,4222,79.2,52.3,632,6189,21.9
2026-06-03 11:00,hpc-gpu-048,4970,97.3,31.2,813,8668,19.1
2026-06-03 11:00,hpc-gpu-058,4538,86.5,49.8,843,8940,25.5
2026-06-03 11:00,hpc-gpu-067,4953,95.9,52.9,455,7300,24.6
2026-06-03 11:00,hpc-gpu-077,3638,65.7,23.0,747,10534,25.0
2026-06-03 11:00,hpc-gpu-086,4059,75.6,49.0,405,8405,25.3
2026-06-03 11:00,hpc-gpu-096,4643,89.7,44.7,785,6687,26.7
2026-06-03 11:00,hpc-cpu-009,808,0.0,52.6,213,7628,20.4
2026-06-03 11:00,hpc-cpu-019,741,0.0,84.4,86,10432,19.6
2026-06-03 11:00,hpc-cpu-028,773,0.0,20.1,143,11995,27.7
2026-06-03 11:00,infra-010,1185,0.0,24.8,199,10923,19.0
2026-06-03 12:00,hpc-gpu-003,3936,72.0,39.7,667,7520,21.9
2026-06-03 12:00,hpc-gpu-013,4197,78.9,40.0,716,10428,22.4
2026-06-03 12:00,hpc-gpu-022,3716,66.1,36.8,486,10034,23.1
2026-06-03 12:00,hpc-gpu-032,3779,68.6,52.5,309,6838,19.8
2026-06-03 12:00,hpc-gpu-041,4682,90.8,90.0,422,10192,20.9
2026-06-03 12:00,hpc-gpu-051,3555,64.3,60.4,322,6723,22.4
2026-06-03 12:00,hpc-gpu-060,3750,68.8,36.7,429,5380,27.4
2026-06-03 12:00,hpc-gpu-070,4696,89.8,81.2,270,5684,20.0
2026-06-03 12:00,hpc-gpu-079,3668,66.8,94.3,797,10160,23.9
2026-06-03 12:00,hpc-gpu-089,4774,93.3,38.2,328,9071,18.6
2026-06-03 12:00,hpc-cpu-002,983,0.0,49.3,79,5470,25.0
2026-06-03 12:00,hpc-cpu-012,933,0.0,70.1,200,6962,21.4
2026-06-03 12:00,hpc-cpu-021,590,0.0,57.1,79,5261,24.2
2026-06-03 12:00,infra-003,910,0.0,49.0,266,8940,18.9
2026-06-03 12:00,infra-012,1333,0.0,81.5,65,10151,23.3
2026-06-03 13:00,hpc-gpu-005,4559,88.0,32.9,220,10352,22.9
2026-06-03 13:00,hpc-gpu-015,4189,78.3,51.3,866,5345,18.1
2026-06-03 13:00,hpc-gpu-024,4689,90.3,78.9,731,6505,25.5
2026-06-03 13:00,hpc-gpu-034,3751,67.6,83.2,794,7830,19.3
2026-06-03 13:00,hpc-gpu-043,3795,69.4,62.3,288,8577,19.9
2026-06-03 13:00,hpc-gpu-053,3696,66.6,41.5,338,8587,20.2
2026-06-03 13:00,hpc-gpu-062,4585,88.5,79.1,561,6491,23.9
2026-06-03 13:00,hpc-gpu-072,4670,89.5,61.7,888,6241,24.0
2026-06-03 13:00,hpc-gpu-081,3944,72.2,58.5,799,6477,25.7
2026-06-03 13:00,hpc-gpu-091,4253,80.1,64.6,421,11718,24.2
2026-06-03 13:00,hpc-cpu-004,743,0.0,73.7,314,7769,27.0
2026-06-03 13:00,hpc-cpu-014,769,0.0,23.0,299,5262,26.7
2026-06-03 13:00,hpc-cpu-023,629,0.0,24.0,187,7450,24.5
2026-06-03 13:00,infra-005,1150,0.0,83.9,342,10638,25.6
2026-06-03 13:00,infra-014,1058,0.0,78.9,306,6318,18.4
2026-06-03 14:00,hpc-gpu-008,3775,67.3,45.0,869,5744,23.8
2026-06-03 14:00,hpc-gpu-017,3904,71.0,58.3,810,11639,27.2
2026-06-03 14:00,hpc-gpu-027,4187,78.1,30.4,443,5446,25.4
2026-06-03 14:00,hpc-gpu-036,3662,66.5,46.3,864,9331,24.1
2026-06-03 14:00,hpc-gpu-046,3935,73.8,52.2,603,11784,24.4
2026-06-03 14:00,hpc-gpu-055,4618,87.8,20.6,553,8668,20.4
2026-06-03 14:00,hpc-gpu-065,4178,78.1,24.1,246,10600,21.6
2026-06-03 14:00,hpc-gpu-074,4267,80.0,86.8,739,11240,20.8
2026-06-03 14:00,hpc-gpu-084,4082,76.9,84.1,658,6119,23.0
2026-06-03 14:00,hpc-gpu-093,4649,90.0,87.2,299,7509,25.0
2026-06-03 14:00,hpc-cpu-007,632,0.0,32.9,339,8173,19.5
2026-06-03 14:00,hpc-cpu-016,764,0.0,70.2,302,11562,26.4
2026-06-03 14:00,hpc-cpu-026,884,0.0,64.0,165,9324,20.1
2026-06-03 14:00,infra-007,1182,0.0,74.4,113,8059,22.3
2026-06-03 15:00,hpc-gpu-001,3972,73.5,79.6,746,10935,26.5
2026-06-03 15:00,hpc-gpu-010,3879,71.2,26.8,318,5380,22.2
2026-06-03 15:00,hpc-gpu-019,4571,87.0,94.4,856,10349,24.9
2026-06-03 15:00,hpc-gpu-029,4650,89.6,42.4,296,11997,19.5
2026-06-03 15:00,hpc-gpu-038,4429,83.2,48.3,366,6663,19.3
2026-06-03 15:00,hpc-gpu-048,4710,90.8,39.2,679,9151,24.5
2026-06-03 15:00,hpc-gpu-057,3524,62.8,83.5,754,6687,26.8
2026-06-03 15:00,hpc-gpu-067,3649,65.6,69.4,447,9982,19.4
2026-06-03 15:00,hpc-gpu-076,3652,65.3,84.3,431,10067,26.8
2026-06-03 15:00,hpc-gpu-086,3703,67.3,29.8,279,11953,25.6
2026-06-03 15:00,hpc-gpu-095,4025,74.9,94.6,674,11375,26.4
2026-06-03 15:00,hpc-cpu-009,720,0.0,87.9,288,10864,21.6
2026-06-03 15:00,hpc-cpu-018,664,0.0,51.7,204,6896,20.9
2026-06-03 15:00,hpc-cpu-028,873,0.0,50.9,209,11091,18.3
2026-06-03 15:00,infra-009,1196,0.0,69.7,58,6424,20.9
2026-06-03 16:00,hpc-gpu-003,4231,79.2,24.2,610,6414,18.1
2026-06-03 16:00,hpc-gpu-012,3623,64.8,29.0,667,6626,24.8
2026-06-03 16:00,hpc-gpu-022,3711,66.4,83.5,806,6426,22.2
2026-06-03 16:00,hpc-gpu-031,4439,84.2,27.7,767,10636,23.4
2026-06-03 16:00,hpc-gpu-041,4937,94.9,65.7,515,8111,27.2
2026-06-03 16:00,hpc-gpu-050,5026,97.8,23.9,450,9685,19.8
2026-06-03 16:00,hpc-gpu-060,4675,89.4,23.4,440,8915,23.9
2026-06-03 16:00,hpc-gpu-069,4507,86.4,92.1,813,6486,23.7
2026-06-03 16:00,hpc-gpu-079,3968,73.0,44.9,677,9494,21.4
2026-06-03 16:00,hpc-gpu-088,4639,89.1,34.6,442,5350,25.0
2026-06-03 16:00,hpc-cpu-002,743,0.0,52.4,118,7691,24.3
2026-06-03 16:00,hpc-cpu-011,639,0.0,87.2,136,11643,18.2
2026-06-03 16:00,hpc-cpu-021,759,0.0,64.0,188,6642,24.3
2026-06-03 16:00,infra-002,1400,0.0,47.9,153,7155,24.5
2026-06-03 16:00,infra-012,771,0.0,33.1,207,7922,19.9
2026-06-03 17:00,hpc-gpu-005,4649,89.6,43.7,453,8078,27.6
2026-06-03 17:00,hpc-gpu-015,4167,78.0,92.7,603,6014,21.8
2026-06-03 17:00,hpc-gpu-024,3572,64.4,92.1,473,7711,20.7
2026-06-03 17:00,hpc-gpu-033,4931,96.5,32.5,874,11606,19.6
2026-06-03 17:00,hpc-gpu-043,4905,94.9,39.7,260,10574,26.8
2026-06-03 17:00,hpc-gpu-052,4676,89.9,90.9,693,11131,21.6
2026-06-03 17:00,hpc-gpu-062,3617,65.7,22.8,822,8286,27.7
2026-06-03 17:00,hpc-gpu-071,3555,63.7,30.4,376,10072,25.9
2026-06-03 17:00,hpc-gpu-081,4315,82.2,46.0,350,11891,23.4
2026-06-03 17:00,hpc-gpu-090,4890,95.8,31.4,638,9076,26.7
2026-06-03 17:00,hpc-cpu-004,594,0.0,79.9,283,8656,25.7
2026-06-03 17:00,hpc-cpu-013,713,0.0,36.6,62,5272,22.1
2026-06-03 17:00,hpc-cpu-023,564,0.0,93.9,255,9790,25.9
2026-06-03 17:00,infra-004,1464,0.0,30.7,271,5442,18.4
2026-06-03 17:00,infra-014,862,0.0,61.4,297,8756,18.7
2026-06-03 18:00,hpc-gpu-007,3429,60.3,48.8,603,8165,27.7
2026-06-03 18:00,hpc-gpu-017,4524,86.0,46.6,807,6396,20.2
2026-06-03 18:00,hpc-gpu-026,3694,67.4,47.9,275,8694,22.1
2026-06-03 18:00,hpc-gpu-036,4273,80.6,37.4,563,9542,18.0
2026-06-03 18:00,hpc-gpu-045,3808,69.7,64.5,221,11580,22.8
2026-06-03 18:00,hpc-gpu-055,4865,94.2,88.1,335,11920,21.7
2026-06-03 18:00,hpc-gpu-064,4918,93.7,21.9,809,8686,26.4
2026-06-03 18:00,hpc-gpu-074,4700,90.5,74.5,430,9827,26.3
2026-06-03 18:00,hpc-gpu-083,3847,71.9,28.2,362,5765,27.8
2026-06-03 18:00,hpc-gpu-093,4602,88.4,44.2,303,6485,19.3
2026-06-03 18:00,hpc-cpu-006,879,0.0,65.8,379,8903,23.0
2026-06-03 18:00,hpc-cpu-016,868,0.0,38.8,328,6065,20.2
2026-06-03 18:00,hpc-cpu-025,483,0.0,85.6,194,9885,21.6
2026-06-03 18:00,infra-007,1386,0.0,94.9,325,8125,26.1
2026-06-03 18:00,infra-016,1013,0.0,56.2,246,11615,18.8
2026-06-03 19:00,hpc-gpu-010,2287,34.9,63.6,235,8361,21.8
2026-06-03 19:00,hpc-gpu-019,3656,65.8,22.8,809,7250,27.2
2026-06-03 19:00,hpc-gpu-029,2073,29.5,20.3,376,7025,22.5
2026-06-03 19:00,hpc-gpu-038,3704,68.1,46.0,376,7882,22.1
2026-06-03 19:00,hpc-gpu-047,2109,30.0,85.0,876,10809,19.3
2026-06-03 19:00,hpc-gpu-057,2377,36.1,81.8,291,8881,19.3
2026-06-03 19:00,hpc-gpu-066,2170,32.6,65.0,882,5121,24.7
2026-06-03 19:00,hpc-gpu-076,1875,24.5,77.3,597,10774,21.6
2026-06-03 19:00,hpc-gpu-085,1917,24.4,70.8,819,9132,20.9
2026-06-03 19:00,hpc-gpu-095,3526,62.2,42.3,347,9995,24.2
2026-06-03 19:00,hpc-cpu-008,592,0.0,64.4,195,7701,19.3
2026-06-03 19:00,hpc-cpu-018,815,0.0,36.7,336,5235,22.4
2026-06-03 19:00,hpc-cpu-027,959,0.0,73.4,130,5440,25.5
2026-06-03 19:00,infra-009,1212,0.0,30.3,114,5567,23.1
2026-06-03 20:00,hpc-gpu-002,3670,66.5,83.3,233,8586,25.2
2026-06-03 20:00,hpc-gpu-012,2545,40.0,25.6,858,6818,23.6
2026-06-03 20:00,hpc-gpu-021,2441,37.2,64.1,559,10087,25.4
2026-06-03 20:00,hpc-gpu-031,3242,56.4,52.9,376,9509,26.8
2026-06-03 20:00,hpc-gpu-040,2592,40.6,51.5,342,9954,24.1
2026-06-03 20:00,hpc-gpu-050,3662,66.1,40.7,508,6252,19.2
2026-06-03 20:00,hpc-gpu-059,2425,36.8,58.2,629,7121,24.5
2026-06-03 20:00,hpc-gpu-069,2236,32.8,85.8,414,7921,21.1
2026-06-03 20:00,hpc-gpu-078,2132,30.1,77.8,548,8753,26.6
2026-06-03 20:00,hpc-gpu-088,2059,28.6,69.8,214,5048,27.3
2026-06-03 20:00,hpc-cpu-001,561,0.0,89.7,91,9205,20.2
2026-06-03 20:00,hpc-cpu-011,759,0.0,66.1,357,6715,19.9
2026-06-03 20:00,hpc-cpu-020,833,0.0,76.1,310,11443,25.6
2026-06-03 20:00,infra-002,1160,0.0,49.9,311,7977,25.1
2026-06-03 20:00,infra-011,873,0.0,32.2,356,5572,22.1
2026-06-03 21:00,hpc-gpu-005,2696,42.9,57.2,703,7455,25.4
2026-06-03 21:00,hpc-gpu-014,2111,28.4,55.3,505,6381,26.3
2026-06-03 21:00,hpc-gpu-024,2272,32.6,39.6,408,7580,23.8
2026-06-03 21:00,hpc-gpu-033,1951,25.8,35.2,603,9796,24.5
2026-06-03 21:00,hpc-gpu-043,1735,21.5,71.0,423,5303,25.7
2026-06-03 21:00,hpc-gpu-052,3631,64.8,75.3,238,8916,25.0
2026-06-03 21:00,hpc-gpu-061,2312,36.2,79.1,737,10406,21.7
2026-06-03 21:00,hpc-gpu-071,3665,66.7,78.9,751,6381,26.2
2026-06-03 21:00,hpc-gpu-080,1831,23.8,24.4,500,11513,23.2
2026-06-03 21:00,hpc-gpu-090,3257,57.2,44.2,831,6947,24.9
2026-06-03 21:00,hpc-cpu-003,744,0.0,66.1,390,9212,22.5
2026-06-03 21:00,hpc-cpu-013,694,0.0,61.7,305,9135,23.5
2026-06-03 21:00,hpc-cpu-022,752,0.0,22.5,155,9892,27.7
2026-06-03 21:00,infra-004,1350,0.0,36.2,298,9576,27.3
2026-06-03 21:00,infra-013,1671,0.0,33.8,207,5062,20.8
2026-06-03 22:00,hpc-gpu-007,1893,24.6,76.1,666,10594,18.3
2026-06-03 22:00,hpc-gpu-016,3500,62.3,51.9,215,7624,24.1
2026-06-03 22:00,hpc-gpu-026,3544,64.8,31.0,630,10279,18.7
2026-06-03 22:00,hpc-gpu-035,2269,32.5,92.2,203,8665,22.5
2026-06-03 22:00,hpc-gpu-045,3553,64.2,65.5,564,10739,27.4
2026-06-03 22:00,hpc-gpu-054,3257,57.9,23.8,501,6412,27.5
2026-06-03 22:00,hpc-gpu-064,2392,37.5,76.0,791,10059,18.1
2026-06-03 22:00,hpc-gpu-073,3101,51.5,21.9,822,11662,24.1
2026-06-03 22:00,hpc-gpu-083,2318,34.0,83.0,620,6086,26.2
2026-06-03 22:00,hpc-gpu-092,2466,38.8,78.3,376,10912,20.9
2026-06-03 22:00,hpc-cpu-006,632,0.0,66.4,200,5924,24.4
2026-06-03 22:00,hpc-cpu-015,876,0.0,88.7,319,8995,23.3
2026-06-03 22:00,hpc-cpu-025,598,0.0,22.3,325,11510,20.2
2026-06-03 22:00,infra-006,1539,0.0,75.1,384,11653,25.8
2026-06-03 22:00,infra-016,1006,0.0,23.8,347,8301,23.0
2026-06-03 23:00,hpc-gpu-009,2364,35.4,48.1,535,5480,20.1
2026-06-03 23:00,hpc-gpu-019,3010,50.5,60.6,571,8555,25.8
2026-06-03 23:00,hpc-gpu-028,3467,61.5,20.8,380,6512,19.1
2026-06-03 23:00,hpc-gpu-038,2068,27.8,87.1,205,11325,18.3
2026-06-03 23:00,hpc-gpu-047,2062,29.5,37.4,759,6046,24.3
2026-06-03 23:00,hpc-gpu-057,2705,42.5,90.7,329,7922,23.6
2026-06-03 23:00,hpc-gpu-066,3416,60.6,48.5,641,8023,23.0
2026-06-03 23:00,hpc-gpu-075,3327,58.6,72.6,298,11673,22.5
2026-06-03 23:00,hpc-gpu-085,2836,48.2,51.5,517,10362,27.6
2026-06-03 23:00,hpc-gpu-094,2639,41.6,47.0,850,5369,25.5
2026-06-03 23:00,hpc-cpu-008,819,0.0,81.4,211,8124,25.6
2026-06-03 23:00,hpc-cpu-017,798,0.0,36.4,206,10278,18.0
2026-06-03 23:00,hpc-cpu-027,484,0.0,22.8,53,9086,21.2
2026-06-03 23:00,infra-008,1411,0.0,31.1,276,7006,26.0
2026-06-04 00:00,hpc-gpu-002,3500,62.8,59.2,854,5022,18.0
2026-06-04 00:00,hpc-gpu-011,3339,58.9,34.2,833,6803,27.2
2026-06-04 00:00,hpc-gpu-021,2905,47.8,62.5,482,5364,21.3
2026-06-04 00:00,hpc-gpu-030,3730,68.8,53.5,445,6777,18.5
2026-06-04 00:00,hpc-gpu-040,2609,41.6,22.5,687,5088,26.2
2026-06-04 00:00,hpc-gpu-049,2451,37.4,28.4,680,6309,23.5
2026-06-04 00:00,hpc-gpu-059,3428,62.0,25.6,525,7520,25.1
2026-06-04 00:00,hpc-gpu-068,2076,29.0,34.7,641,6986,21.2
2026-06-04 00:00,hpc-gpu-078,2388,36.0,83.0,441,9425,23.4
2026-06-04 00:00,hpc-gpu-087,1762,20.9,39.6,850,5059,18.8
2026-06-04 00:00,hpc-cpu-001,867,0.0,63.2,244,9332,21.0
2026-06-04 00:00,hpc-cpu-010,923,0.0,25.4,115,7178,26.3
2026-06-04 00:00,hpc-cpu-020,714,0.0,56.4,132,9739,22.2
2026-06-04 00:00,infra-001,956,0.0,88.4,201,8084,19.7
2026-06-04 00:00,infra-011,1037,0.0,68.5,121,8385,19.4
2026-06-04 01:00,hpc-gpu-004,2952,49.5,66.1,479,10175,18.8
2026-06-04 01:00,hpc-gpu-014,2689,42.9,49.4,386,5233,24.7
2026-06-04 01:00,hpc-gpu-023,3109,51.8,80.1,810,8919,20.8
2026-06-04 01:00,hpc-gpu-033,2345,35.8,43.8,253,10938,25.2
2026-06-04 01:00,hpc-gpu-042,3042,51.8,61.5,794,7182,20.8
2026-06-04 01:00,hpc-gpu-052,2854,47.0,74.0,451,5000,23.0
2026-06-04 01:00,hpc-gpu-061,2972,50.7,68.5,321,10794,27.4
2026-06-04 01:00,hpc-gpu-071,3225,56.6,89.3,462,8457,23.6
2026-06-04 01:00,hpc-gpu-080,3129,52.5,94.8,710,10569,24.3
2026-06-04 01:00,hpc-gpu-089,2962,49.7,46.5,857,11887,25.8
2026-06-04 01:00,hpc-cpu-003,555,0.0,88.4,199,10948,20.4
2026-06-04 01:00,hpc-cpu-012,818,0.0,92.6,324,5051,20.2
2026-06-04 01:00,hpc-cpu-022,904,0.0,30.4,68,10915,21.6
2026-06-04 01:00,infra-003,886,0.0,93.1,192,8968,20.0
2026-06-04 01:00,infra-013,1560,0.0,50.5,327,6273,19.5
2026-06-04 02:00,hpc-gpu-006,2863,46.7,86.1,291,8949,25.5
2026-06-04 02:00,hpc-gpu-016,1791,23.5,69.1,522,10783,19.0
2026-06-04 02:00,hpc-gpu-025,3553,63.5,87.1,735,6419,18.4
2026-06-04 02:00,hpc-gpu-035,3186,54.7,34.7,202,11806,25.5
2026-06-04 02:00,hpc-gpu-044,2621,42.8,59.5,887,5306,24.5
2026-06-04 02:00,hpc-gpu-054,3449,60.6,85.0,423,8218,18.3
2026-06-04 02:00,hpc-gpu-063,3491,61.8,31.2,277,5017,25.2
2026-06-04 02:00,hpc-gpu-073,2504,38.5,25.8,334,5129,25.8
2026-06-04 02:00,hpc-gpu-082,3791,69.0,42.1,613,8546,23.4
2026-06-04 02:00,hpc-gpu-092,2225,32.4,69.2,731,6919,22.1
2026-06-04 02:00,hpc-cpu-005,712,0.0,42.9,302,5413,25.4
2026-06-04 02:00,hpc-cpu-015,747,0.0,94.4,67,5495,18.8
2026-06-04 02:00,hpc-cpu-024,629,0.0,20.2,128,7929,22.6
2026-06-04 02:00,infra-006,1499,0.0,46.2,79,5590,23.7
2026-06-04 02:00,infra-015,1293,0.0,51.0,378,9205,26.2
2026-06-04 03:00,hpc-gpu-009,2521,39.2,74.1,653,6126,19.9
2026-06-04 03:00,hpc-gpu-018,2900,49.7,78.2,218,5619,27.3
2026-06-04 03:00,hpc-gpu-028,2169,29.1,55.9,292,7227,19.1
2026-06-04 03:00,hpc-gpu-037,2937,49.3,40.2,304,10601,21.8
2026-06-04 03:00,hpc-gpu-047,3158,54.0,34.5,370,10962,23.7
2026-06-04 03:00,hpc-gpu-056,2629,40.5,86.8,283,5657,24.6
2026-06-04 03:00,hpc-gpu-066,1979,26.6,66.2,594,10784,27.7
2026-06-04 03:00,hpc-gpu-075,3618,65.5,62.1,792,8776,27.1
2026-06-04 03:00,hpc-gpu-085,3339,59.4,32.9,639,6697,21.7
2026-06-04 03:00,hpc-gpu-094,2259,34.2,73.0,569,5735,27.3
2026-06-04 03:00,hpc-cpu-007,796,0.0,39.1,61,11745,23.7
2026-06-04 03:00,hpc-cpu-017,543,0.0,91.9,382,8196,18.3
2026-06-04 03:00,hpc-cpu-026,656,0.0,40.1,324,6979,20.9
2026-06-04 03:00,infra-008,1373,0.0,59.3,126,10806,20.5
2026-06-04 04:00,hpc-gpu-001,2746,44.8,30.2,368,10137,27.9
2026-06-04 04:00,hpc-gpu-011,2768,45.4,30.8,663,11084,22.6
2026-06-04 04:00,hpc-gpu-020,2472,38.9,81.0,837,7205,18.5
2026-06-04 04:00,hpc-gpu-030,3416,59.5,44.4,289,8078,21.6
2026-06-04 04:00,hpc-gpu-039,3312,58.8,85.6,498,11039,25.4
2026-06-04 04:00,hpc-gpu-049,3020,50.7,89.4,785,11349,27.4
2026-06-04 04:00,hpc-gpu-058,2137,31.9,48.5,213,10814,21.7
2026-06-04 04:00,hpc-gpu-068,2900,48.4,56.6,899,11219,20.7
2026-06-04 04:00,hpc-gpu-077,2834,47.4,24.3,597,7782,20.0
2026-06-04 04:00,hpc-gpu-087,2295,33.7,60.9,247,11179,23.1
2026-06-04 04:00,hpc-gpu-096,3766,68.6,20.4,411,9087,20.8
2026-06-04 04:00,hpc-cpu-010,605,0.0,55.9,255,5792,21.0
2026-06-04 04:00,hpc-cpu-019,647,0.0,74.4,66,11919,24.4
2026-06-04 04:00,infra-001,1168,0.0,76.2,380,7954,22.7
2026-06-04 04:00,infra-010,1291,0.0,36.0,336,11335,19.1
2026-06-04 05:00,hpc-gpu-004,2811,45.2,59.5,625,9219,24.7
2026-06-04 05:00,hpc-gpu-013,2750,45.1,58.6,346,7001,26.3
2026-06-04 05:00,hpc-gpu-023,2383,35.2,29.6,427,9871,18.3
2026-06-04 05:00,hpc-gpu-032,1991,26.4,45.6,869,5299,27.2
2026-06-04 05:00,hpc-gpu-042,2249,32.6,63.9,681,8282,27.4
2026-06-04 05:00,hpc-gpu-051,2946,48.7,68.4,653,10515,21.4
2026-06-04 05:00,hpc-gpu-061,2204,32.5,77.1,516,10688,19.4
2026-06-04 05:00,hpc-gpu-070,2351,35.2,79.2,595,11128,20.3
2026-06-04 05:00,hpc-gpu-080,1866,23.3,51.6,327,5674,21.2
2026-06-04 05:00,hpc-gpu-089,3169,54.0,40.3,265,11845,24.5
2026-06-04 05:00,hpc-cpu-003,900,0.0,67.4,192,8342,26.0
2026-06-04 05:00,hpc-cpu-012,900,0.0,44.2,246,7721,22.0
2026-06-04 05:00,hpc-cpu-021,672,0.0,23.4,52,11016,27.8
2026-06-04 05:00,infra-003,1337,0.0,93.2,182,7691,20.4
2026-06-04 05:00,infra-012,1489,0.0,87.3,113,7074,18.0
2026-06-04 06:00,hpc-gpu-006,1836,23.9,91.3,349,6873,21.8
2026-06-04 06:00,hpc-gpu-015,2769,44.1,65.0,284,11837,27.1
2026-06-04 06:00,hpc-gpu-025,2727,42.5,20.3,379,6191,25.1
2026-06-04 06:00,hpc-gpu-034,1892,25.1,28.0,453,8340,24.4
2026-06-04 06:00,hpc-gpu-044,3516,63.5,42.1,391,5881,18.2
2026-06-04 06:00,hpc-gpu-053,2224,32.6,71.7,629,8303,26.3
2026-06-04 06:00,hpc-gpu-063,2999,51.5,65.3,661,6803,21.4
2026-06-04 06:00,hpc-gpu-072,1775,22.4,80.3,319,5998,22.2
2026-06-04 06:00,hpc-gpu-082,2776,44.5,69.6,391,5662,25.8
2026-06-04 06:00,hpc-gpu-091,2709,43.0,50.5,430,6258,18.6
2026-06-04 06:00,hpc-cpu-005,690,0.0,85.1,328,9841,23.4
2026-06-04 06:00,hpc-cpu-014,864,0.0,56.4,365,10660,24.9
2026-06-04 06:00,hpc-cpu-024,643,0.0,41.2,282,7162,26.8
2026-06-04 06:00,infra-005,1632,0.0,58.0,186,5250,27.2
2026-06-04 06:00,infra-015,1286,0.0,63.3,345,5070,19.9
2026-06-04 07:00,hpc-gpu-008,2280,33.3,30.4,694,8631,21.2
2026-06-04 07:00,hpc-gpu-018,3333,58.2,86.8,592,7570,26.6
2026-06-04 07:00,hpc-gpu-027,2034,27.6,55.8,482,11527,26.2
2026-06-04 07:00,hpc-gpu-037,2840,45.8,59.4,890,6184,25.2
2026-06-04 07:00,hpc-gpu-046,3499,62.5,83.7,519,7154,21.7
2026-06-04 07:00,hpc-gpu-056,3522,64.9,78.3,613,7203,20.0
2026-06-04 07:00,hpc-gpu-065,3192,55.5,35.3,351,11520,19.4
2026-06-04 07:00,hpc-gpu-075,3656,66.4,51.8,401,10219,21.4
2026-06-04 07:00,hpc-gpu-084,3203,56.4,27.8,566,6779,26.5
2026-06-04 07:00,hpc-gpu-094,2744,45.2,36.7,819,9271,20.3
2026-06-04 07:00,hpc-cpu-007,812,0.0,22.3,316,9361,24.1
2026-06-04 07:00,hpc-cpu-017,788,0.0,86.4,291,5454,26.9
2026-06-04 07:00,hpc-cpu-026,623,0.0,87.7,198,6651,27.3
2026-06-04 07:00,infra-007,1175,0.0,53.2,269,5462,23.9
2026-06-04 08:00,hpc-gpu-001,4269,80.6,87.4,456,6786,24.9
2026-06-04 08:00,hpc-gpu-010,3879,70.3,58.3,756,8682,24.4
2026-06-04 08:00,hpc-gpu-020,3451,61.1,77.6,829,5838,23.9
2026-06-04 08:00,hpc-gpu-029,3993,74.0,38.1,548,6108,23.5
2026-06-04 08:00,hpc-gpu-039,3634,65.8,58.2,479,9900,23.0
2026-06-04 08:00,hpc-gpu-048,4990,97.3,82.5,628,9665,23.2
2026-06-04 08:00,hpc-gpu-058,3629,65.4,54.0,859,11718,19.9
2026-06-04 08:00,hpc-gpu-067,3870,70.5,60.3,828,9626,18.8
2026-06-04 08:00,hpc-gpu-077,4604,88.6,91.0,590,8438,25.5
2026-06-04 08:00,hpc-gpu-086,3998,73.9,61.5,667,8936,27.1
2026-06-04 08:00,hpc-gpu-096,4821,92.8,41.6,509,6254,20.4
2026-06-04 08:00,hpc-cpu-009,609,0.0,28.4,340,10875,18.6
2026-06-04 08:00,hpc-cpu-019,944,0.0,44.3,229,9825,21.9
2026-06-04 08:00,hpc-cpu-028,704,0.0,59.9,294,11562,19.6
2026-06-04 08:00,infra-010,1566,0.0,83.0,358,11151,24.7
2026-06-04 09:00,hpc-gpu-003,3831,69.7,46.9,385,11765,25.7
2026-06-04 09:00,hpc-gpu-013,3547,62.8,90.3,710,5289,22.5
2026-06-04 09:00,hpc-gpu-022,3634,65.9,30.4,685,9437,25.1
2026-06-04 09:00,hpc-gpu-032,4467,85.3,32.4,871,6083,21.4
2026-06-04 09:00,hpc-gpu-041,4354,83.0,66.3,428,8601,25.4
2026-06-04 09:00,hpc-gpu-051,4177,77.2,38.7,479,5490,24.1
2026-06-04 09:00,hpc-gpu-060,3476,61.6,38.6,668,9116,20.1
2026-06-04 09:00,hpc-gpu-070,4552,86.9,31.3,254,8806,21.7
2026-06-04 09:00,hpc-gpu-079,4243,80.0,68.9,550,6750,27.0
2026-06-04 09:00,hpc-gpu-089,4513,86.0,73.1,836,5224,18.6
2026-06-04 09:00,hpc-cpu-002,584,0.0,77.5,331,10136,21.3
2026-06-04 09:00,hpc-cpu-012,668,0.0,87.7,52,10612,27.2
2026-06-04 09:00,hpc-cpu-021,743,0.0,84.0,249,11899,19.4
2026-06-04 09:00,infra-003,1280,0.0,64.8,331,10365,22.0
2026-06-04 09:00,infra-012,1376,0.0,36.3,109,5588,19.1
2026-06-04 10:00,hpc-gpu-005,4790,93.2,89.8,689,5454,19.2
2026-06-04 10:00,hpc-gpu-015,4021,75.3,49.9,655,5401,22.3
2026-06-04 10:00,hpc-gpu-024,3731,68.3,70.8,525,10134,26.6
2026-06-04 10:00,hpc-gpu-034,4572,86.8,27.9,310,9650,21.7
2026-06-04 10:00,hpc-gpu-043,3464,61.2,92.7,866,9850,19.6
2026-06-04 10:00,hpc-gpu-053,3626,65.9,91.8,616,8029,21.5
2026-06-04 10:00,hpc-gpu-062,3423,60.0,68.2,538,5764,18.9
2026-06-04 10:00,hpc-gpu-072,3711,67.8,44.6,784,11724,25.4
2026-06-04 10:00,hpc-gpu-081,3903,72.7,91.6,230,7707,21.3
2026-06-04 10:00,hpc-gpu-091,4359,83.0,31.6,375,6175,27.7
2026-06-04 10:00,hpc-cpu-004,859,0.0,85.2,142,7578,23.9
2026-06-04 10:00,hpc-cpu-014,546,0.0,78.2,374,8692,19.4
2026-06-04 10:00,hpc-cpu-023,936,0.0,90.7,267,5589,23.0
2026-06-04 10:00,infra-005,1667,0.0,43.9,157,8846,26.5
2026-06-04 10:00,infra-014,827,0.0,88.6,116,6978,26.7
2026-06-04 11:00,hpc-gpu-008,3702,67.0,24.0,493,8563,27.0
2026-06-04 11:00,hpc-gpu-017,4385,82.6,57.1,592,5498,27.3
2026-06-04 11:00,hpc-gpu-027,4504,86.6,52.3,687,10629,18.9
2026-06-04 11:00,hpc-gpu-036,4404,83.3,69.3,272,9515,23.1
2026-06-04 11:00,hpc-gpu-046,3442,60.2,68.9,562,11981,19.0
2026-06-04 11:00,hpc-gpu-055,4757,91.1,85.8,588,10671,22.2
2026-06-04 11:00,hpc-gpu-065,4400,83.5,72.1,837,9962,22.8
2026-06-04 11:00,hpc-gpu-074,4505,84.8,38.6,671,6308,21.8
2026-06-04 11:00,hpc-gpu-084,3514,63.7,55.5,805,7890,27.6
2026-06-04 11:00,hpc-gpu-093,3425,60.5,38.6,552,6565,23.4
2026-06-04 11:00,hpc-cpu-007,640,0.0,53.5,154,7057,23.8
2026-06-04 11:00,hpc-cpu-016,623,0.0,56.6,237,5446,26.7
2026-06-04 11:00,hpc-cpu-026,594,0.0,56.8,183,7418,23.8
2026-06-04 11:00,infra-007,874,0.0,27.5,314,9890,24.4
2026-06-04 12:00,hpc-gpu-001,4862,95.6,92.4,710,8631,25.2
2026-06-04 12:00,hpc-gpu-010,3550,64.2,53.7,740,11325,18.1
2026-06-04 12:00,hpc-gpu-019,4211,79.5,48.6,243,8154,27.8
2026-06-04 12:00,hpc-gpu-029,3583,65.4,39.8,899,6072,26.3
2026-06-04 12:00,hpc-gpu-038,4953,97.2,72.0,461,6728,20.2
2026-06-04 12:00,hpc-gpu-048,3466,61.3,90.4,649,5045,27.6
2026-06-04 12:00,hpc-gpu-057,4653,89.7,57.7,270,8356,20.2
2026-06-04 12:00,hpc-gpu-067,4065,77.3,26.2,743,8274,26.2
2026-06-04 12:00,hpc-gpu-076,3662,67.1,76.9,641,7714,19.0
2026-06-04 12:00,hpc-gpu-086,4845,94.7,74.9,695,9786,23.4
2026-06-04 12:00,hpc-gpu-095,4950,96.9,39.4,603,6522,21.4
2026-06-04 12:00,hpc-cpu-009,873,0.0,64.3,393,8444,18.1
2026-06-04 12:00,hpc-cpu-018,838,0.0,93.2,319,9863,18.8
2026-06-04 12:00,hpc-cpu-028,732,0.0,88.1,302,5522,19.3
2026-06-04 12:00,infra-009,973,0.0,78.2,137,11122,20.9
2026-06-04 13:00,hpc-gpu-003,4203,78.0,27.4,813,6174,24.6
2026-06-04 13:00,hpc-gpu-012,4483,85.5,85.3,595,7845,18.4
2026-06-04 13:00,hpc-gpu-022,4573,88.3,56.0,586,9986,20.5
2026-06-04 13:00,hpc-gpu-031,4411,83.1,25.0,864,8234,22.8
2026-06-04 13:00,hpc-gpu-041,4572,86.7,45.0,621,6384,19.9
2026-06-04 13:00,hpc-gpu-050,4424,83.1,51.5,432,11921,25.0
2026-06-04 13:00,hpc-gpu-060,3844,70.8,83.1,461,8869,21.4
2026-06-04 13:00,hpc-gpu-069,3691,66.6,20.6,366,5395,23.0
2026-06-04 13:00,hpc-gpu-079,3936,73.2,39.2,894,10376,22.3
2026-06-04 13:00,hpc-gpu-088,3447,61.1,40.7,411,10478,19.2
2026-06-04 13:00,hpc-cpu-002,692,0.0,30.8,374,9367,22.4
2026-06-04 13:00,hpc-cpu-011,532,0.0,48.6,375,7855,27.5
2026-06-04 13:00,hpc-cpu-021,735,0.0,36.0,391,8671,18.6
2026-06-04 13:00,infra-002,985,0.0,53.2,241,10873,20.2
2026-06-04 13:00,infra-012,1504,0.0,36.1,67,7616,20.0
2026-06-04 14:00,hpc-gpu-005,4771,92.3,34.6,849,5749,19.2
2026-06-04 14:00,hpc-gpu-015,4768,92.7,39.8,804,11718,25.9
2026-06-04 14:00,hpc-gpu-024,3829,69.5,27.2,764,7389,25.8
2026-06-04 14:00,hpc-gpu-033,4111,76.3,79.0,685,8597,27.5
2026-06-04 14:00,hpc-gpu-043,3586,62.8,20.8,659,10343,19.2
2026-06-04 14:00,hpc-gpu-052,4321,81.5,45.8,851,7846,24.9
2026-06-04 14:00,hpc-gpu-062,3859,71.8,63.9,302,5277,20.4
2026-06-04 14:00,hpc-gpu-071,3850,70.3,22.8,216,9438,18.9
2026-06-04 14:00,hpc-gpu-081,4182,78.2,87.2,519,5582,27.5
2026-06-04 14:00,hpc-gpu-090,4060,74.4,58.7,581,6929,20.5
2026-06-04 14:00,hpc-cpu-004,616,0.0,38.1,135,10107,21.6
2026-06-04 14:00,hpc-cpu-013,691,0.0,87.3,326,8886,25.9
2026-06-04 14:00,hpc-cpu-023,641,0.0,28.9,96,7408,19.2
2026-06-04 14:00,infra-004,1572,0.0,80.3,175,10375,26.3
2026-06-04 14:00,infra-014,1342,0.0,48.7,133,7438,20.9
2026-06-04 15:00,hpc-gpu-007,4812,92.9,76.9,214,8238,26.4
2026-06-04 15:00,hpc-gpu-017,3437,60.9,32.5,768,5675,18.9
2026-06-04 15:00,hpc-gpu-026,3376,60.5,83.2,465,11050,21.2
2026-06-04 15:00,hpc-gpu-036,4543,87.0,92.5,435,8014,20.9
2026-06-04 15:00,hpc-gpu-045,4462,83.1,39.0,591,9219,22.3
2026-06-04 15:00,hpc-gpu-055,4874,95.1,46.4,562,5697,24.9
2026-06-04 15:00,hpc-gpu-064,4922,95.6,88.8,499,7887,22.4
2026-06-04 15:00,hpc-gpu-074,4177,77.8,22.0,857,8931,19.7
2026-06-04 15:00,hpc-gpu-083,4359,83.5,50.2,418,6332,25.2
2026-06-04 15:00,hpc-gpu-093,5020,96.8,65.7,447,10622,24.1
2026-06-04 15:00,hpc-cpu-006,828,0.0,67.8,314,6954,23.1
2026-06-04 15:00,hpc-cpu-016,716,0.0,32.6,315,9501,18.4
2026-06-04 15:00,hpc-cpu-025,585,0.0,38.5,127,10695,23.3
2026-06-04 15:00,infra-007,1553,0.0,62.3,129,10226,18.3
2026-06-04 15:00,infra-016,1083,0.0,37.0,288,9227,25.6
2026-06-04 16:00,hpc-gpu-010,3902,71.9,55.9,870,7386,25.2
2026-06-04 16:00,hpc-gpu-019,4215,79.2,32.6,745,8596,19.2
2026-06-04 16:00,hpc-gpu-029,4433,84.0,79.5,332,6183,26.3
2026-06-04 16:00,hpc-gpu-038,3595,65.2,82.8,370,5225,21.9
2026-06-04 16:00,hpc-gpu-047,3495,61.9,27.9,214,11513,26.7
2026-06-04 16:00,hpc-gpu-057,5064,97.4,38.4,829,9110,24.8
2026-06-04 16:00,hpc-gpu-066,3472,62.6,88.2,740,11396,21.7
2026-06-04 16:00,hpc-gpu-076,3704,66.3,77.0,812,5380,21.3
2026-06-04 16:00,hpc-gpu-085,4820,94.4,62.3,270,5819,19.2
2026-06-04 16:00,hpc-gpu-095,3670,66.9,31.0,377,6615,20.8
2026-06-04 16:00,hpc-cpu-008,846,0.0,86.3,105,6572,23.9
2026-06-04 16:00,hpc-cpu-018,909,0.0,84.0,172,6476,22.3
2026-06-04 16:00,hpc-cpu-027,539,0.0,74.3,133,11912,27.2
2026-06-04 16:00,infra-009,1208,0.0,58.0,192,11603,20.8
2026-06-04 17:00,hpc-gpu-002,4426,85.0,90.5,351,7148,22.1
2026-06-04 17:00,hpc-gpu-012,3711,66.4,38.1,286,10064,25.4
2026-06-04 17:00,hpc-gpu-021,4603,87.7,67.3,568,8516,24.2
2026-06-04 17:00,hpc-gpu-031,4660,90.5,66.5,494,5592,23.2
2026-06-04 17:00,hpc-gpu-040,4074,76.2,94.9,461,5603,25.4
2026-06-04 17:00,hpc-gpu-050,3757,69.7,42.9,629,10136,26.0
2026-06-04 17:00,hpc-gpu-059,5000,97.2,94.1,729,5848,27.9
2026-06-04 17:00,hpc-gpu-069,4824,94.8,50.4,831,10691,26.0
2026-06-04 17:00,hpc-gpu-078,4120,76.3,58.9,320,8337,26.7
2026-06-04 17:00,hpc-gpu-088,4712,90.9,20.2,841,5897,18.5
2026-06-04 17:00,hpc-cpu-001,882,0.0,26.3,214,5994,21.3
2026-06-04 17:00,hpc-cpu-011,548,0.0,68.4,351,8870,25.1
2026-06-04 17:00,hpc-cpu-020,786,0.0,24.4,85,9363,22.5
2026-06-04 17:00,infra-002,1646,0.0,48.2,258,5240,25.1
2026-06-04 17:00,infra-011,1317,0.0,24.0,154,9686,19.8
2026-06-04 18:00,hpc-gpu-005,3938,73.2,85.9,812,8948,25.4
2026-06-04 18:00,hpc-gpu-014,3873,70.8,54.7,730,6177,26.2
2026-06-04 18:00,hpc-gpu-024,3588,62.7,62.1,801,8935,26.0
2026-06-04 18:00,hpc-gpu-033,3600,65.6,86.1,688,5219,18.0
2026-06-04 18:00,hpc-gpu-043,4884,95.0,54.0,783,9833,24.8
2026-06-04 18:00,hpc-gpu-052,3885,71.1,26.4,711,7130,21.1
2026-06-04 18:00,hpc-gpu-061,4965,97.5,76.4,675,8814,19.3
2026-06-04 18:00,hpc-gpu-071,4274,80.7,69.1,602,10890,23.0
2026-06-04 18:00,hpc-gpu-080,4013,73.0,29.0,553,11863,18.2
2026-06-04 18:00,hpc-gpu-090,4224,79.6,87.7,312,7901,18.4
2026-06-04 18:00,hpc-cpu-003,965,0.0,20.1,352,8514,18.9
2026-06-04 18:00,hpc-cpu-013,641,0.0,24.2,330,10528,21.9
2026-06-04 18:00,hpc-cpu-022,720,0.0,46.4,54,7784,19.2
2026-06-04 18:00,infra-004,1034,0.0,84.8,156,11938,27.8
2026-06-04 18:00,infra-013,1064,0.0,57.5,376,11511,21.5
2026-06-04 19:00,hpc-gpu-007,2025,28.5,84.5,610,6591,18.1
2026-06-04 19:00,hpc-gpu-016,2972,50.4,57.8,545,11230,18.9
2026-06-04 19:00,hpc-gpu-026,3453,62.0,80.8,755,10199,26.9
2026-06-04 19:00,hpc-gpu-035,3624,65.5,28.1,679,7288,18.7
2026-06-04 19:00,hpc-gpu-045,2571,40.3,88.4,718,6452,23.1
2026-06-04 19:00,hpc-gpu-054,2961,48.6,58.4,663,11573,25.5
2026-06-04 19:00,hpc-gpu-064,3087,53.2,25.9,281,8975,22.7
2026-06-04 19:00,hpc-gpu-073,3641,65.5,60.2,882,5146,20.7
2026-06-04 19:00,hpc-gpu-083,1802,22.5,23.1,671,5558,24.5
2026-06-04 19:00,hpc-gpu-092,3634,64.3,93.0,530,9431,27.1
2026-06-04 19:00,hpc-cpu-006,757,0.0,70.4,234,8134,21.7
2026-06-04 19:00,hpc-cpu-015,952,0.0,65.3,208,5258,21.3
2026-06-04 19:00,hpc-cpu-025,601,0.0,75.5,60,6024,23.7
2026-06-04 19:00,infra-006,1042,0.0,64.6,263,9408,21.4
2026-06-04 19:00,infra-016,1086,0.0,76.1,325,7077,20.2
2026-06-04 20:00,hpc-gpu-009,3186,55.1,38.7,802,10800,26.6
2026-06-04 20:00,hpc-gpu-019,3739,67.9,90.8,308,6926,20.1
2026-06-04 20:00,hpc-gpu-028,1840,23.6,76.6,393,9700,20.9
2026-06-04 20:00,hpc-gpu-038,2213,32.5,79.9,506,11925,24.7
2026-06-04 20:00,hpc-gpu-047,2447,38.3,27.7,378,7709,21.4
2026-06-04 20:00,hpc-gpu-057,2545,39.2,61.1,543,6817,23.0
2026-06-04 20:00,hpc-gpu-066,3478,62.1,30.5,638,7457,26.7
2026-06-04 20:00,hpc-gpu-075,3204,55.7,56.3,595,10459,22.2
2026-06-04 20:00,hpc-gpu-085,1895,24.6,75.3,361,9856,25.3
2026-06-04 20:00,hpc-gpu-094,2149,30.4,27.2,282,10331,20.8
2026-06-04 20:00,hpc-cpu-008,538,0.0,81.4,226,7886,21.4
2026-06-04 20:00,hpc-cpu-017,525,0.0,29.3,391,9085,23.9
2026-06-04 20:00,hpc-cpu-027,743,0.0,42.3,314,10872,26.7
2026-06-04 20:00,infra-008,1224,0.0,77.7,115,6188,20.2
2026-06-04 21:00,hpc-gpu-002,2928,48.3,21.5,600,11517,20.1
2026-06-04 21:00,hpc-gpu-011,1837,23.3,46.8,392,8947,23.2
2026-06-04 21:00,hpc-gpu-021,1857,24.1,21.1,421,7271,20.3
2026-06-04 21:00,hpc-gpu-030,3150,54.7,25.3,790,8012,25.5
2026-06-04 21:00,hpc-gpu-040,3456,62.0,69.2,808,9596,21.5
2026-06-04 21:00,hpc-gpu-049,3764,68.4,34.9,317,6092,25.1
2026-06-04 21:00,hpc-gpu-059,2921,47.5,87.3,383,9715,19.5
2026-06-04 21:00,hpc-gpu-068,2627,41.7,35.0,326,10110,26.3
2026-06-04 21:00,hpc-gpu-078,2269,33.6,76.5,357,8793,20.2
2026-06-04 21:00,hpc-gpu-087,2350,34.9,70.9,274,7841,25.0
2026-06-04 21:00,hpc-cpu-001,845,0.0,86.1,196,10289,22.0
2026-06-04 21:00,hpc-cpu-010,545,0.0,58.8,165,7439,18.7
2026-06-04 21:00,hpc-cpu-020,645,0.0,45.9,273,8976,26.8
2026-06-04 21:00,infra-001,1634,0.0,35.7,136,5697,20.8
2026-06-04 21:00,infra-011,1178,0.0,44.7,373,10223,22.0
2026-06-04 22:00,hpc-gpu-004,3731,68.1,68.7,457,9823,18.1
2026-06-04 22:00,hpc-gpu-014,3050,51.4,32.0,266,9252,24.7
2026-06-04 22:00,hpc-gpu-023,2927,50.8,82.1,337,8235,24.4
2026-06-04 22:00,hpc-gpu-033,2527,40.2,34.9,869,8706,23.4
2026-06-04 22:00,hpc-gpu-042,1780,22.1,52.1,533,10722,24.2
2026-06-04 22:00,hpc-gpu-052,2036,27.7,60.0,432,6454,27.7
2026-06-04 22:00,hpc-gpu-061,2188,31.6,91.3,657,8052,22.9
2026-06-04 22:00,hpc-gpu-071,3454,59.8,77.0,401,9242,25.5
2026-06-04 22:00,hpc-gpu-080,3727,66.4,58.7,310,6585,27.7
2026-06-04 22:00,hpc-gpu-089,1930,26.8,28.9,532,8557,25.9
2026-06-04 22:00,hpc-cpu-003,971,0.0,41.7,102,6211,26.4
2026-06-04 22:00,hpc-cpu-012,819,0.0,39.8,210,5502,24.1
2026-06-04 22:00,hpc-cpu-022,584,0.0,76.6,313,6157,21.0
2026-06-04 22:00,infra-003,1277,0.0,50.4,154,6576,18.6
2026-06-04 22:00,infra-013,1153,0.0,71.8,334,8235,20.4
2026-06-04 23:00,hpc-gpu-006,1888,24.9,71.4,389,6915,23.4
2026-06-04 23:00,hpc-gpu-016,3755,67.5,27.7,218,8728,25.7
2026-06-04 23:00,hpc-gpu-025,2392,35.8,36.2,549,7222,26.2
2026-06-04 23:00,hpc-gpu-035,3714,67.5,61.9,447,10741,21.0
2026-06-04 23:00,hpc-gpu-044,2829,47.1,73.0,750,10603,25.7
2026-06-04 23:00,hpc-gpu-054,1839,24.2,54.7,475,8237,22.6
2026-06-04 23:00,hpc-gpu-063,2091,28.9,61.1,433,6203,26.2
2026-06-04 23:00,hpc-gpu-073,3032,51.4,54.2,881,5617,25.5
2026-06-04 23:00,hpc-gpu-082,2004,27.6,67.4,456,6044,19.2
2026-06-04 23:00,hpc-gpu-092,1714,21.3,56.4,570,9730,19.9
2026-06-04 23:00,hpc-cpu-005,840,0.0,73.8,98,6552,23.0
2026-06-04 23:00,hpc-cpu-015,579,0.0,41.6,344,8988,18.9
2026-06-04 23:00,hpc-cpu-024,715,0.0,49.6,359,9035,26.2
2026-06-04 23:00,infra-006,979,0.0,48.1,205,7477,20.7
2026-06-04 23:00,infra-015,1133,0.0,30.0,315,8438,18.9
2026-06-05 00:00,hpc-gpu-009,2935,49.4,26.1,823,6715,23.0
2026-06-05 00:00,hpc-gpu-018,1771,21.5,54.4,612,8222,22.9
2026-06-05 00:00,hpc-gpu-028,3646,66.3,87.5,468,11060,19.9
2026-06-05 00:00,hpc-gpu-037,1919,24.7,62.5,850,9387,18.5
2026-06-05 00:00,hpc-gpu-047,2880,46.7,32.1,698,7801,24.2
2026-06-05 00:00,hpc-gpu-056,2698,43.6,75.2,457,6587,24.6
2026-06-05 00:00,hpc-gpu-066,3780,68.4,43.9,758,9807,19.1
2026-06-05 00:00,hpc-gpu-075,3482,60.8,25.0,607,8928,24.6
2026-06-05 00:00,hpc-gpu-085,2671,43.4,61.7,498,6410,22.7
2026-06-05 00:00,hpc-gpu-094,2833,46.3,53.2,831,5126,23.3
2026-06-05 00:00,hpc-cpu-007,806,0.0,39.9,159,10168,27.9
2026-06-05 00:00,hpc-cpu-017,652,0.0,35.5,293,5362,20.6
2026-06-05 00:00,hpc-cpu-026,793,0.0,54.7,275,11378,22.9
2026-06-05 00:00,infra-008,1388,0.0,29.1,375,8314,23.4
2026-06-05 01:00,hpc-gpu-001,3295,56.8,64.8,538,5609,25.4
2026-06-05 01:00,hpc-gpu-011,2217,32.8,87.9,615,9094,18.6
2026-06-05 01:00,hpc-gpu-020,2662,42.1,40.3,809,11750,25.7
2026-06-05 01:00,hpc-gpu-030,2536,39.1,90.3,771,7196,25.4
2026-06-05 01:00,hpc-gpu-039,2780,46.0,92.9,532,11498,25.6
2026-06-05 01:00,hpc-gpu-049,3678,66.6,40.4,649,10918,19.3
2026-06-05 01:00,hpc-gpu-058,3664,65.8,60.6,452,6223,26.1
2026-06-05 01:00,hpc-gpu-068,2608,41.7,50.2,342,10276,21.0
2026-06-05 01:00,hpc-gpu-077,2675,42.8,72.8,287,6133,18.2
2026-06-05 01:00,hpc-gpu-087,2909,47.5,39.9,454,8900,27.8
2026-06-05 01:00,hpc-gpu-096,3146,53.8,62.1,886,11990,18.6
2026-06-05 01:00,hpc-cpu-010,541,0.0,94.7,225,11307,22.9
2026-06-05 01:00,hpc-cpu-019,802,0.0,62.5,236,11893,21.4
2026-06-05 01:00,infra-001,1134,0.0,81.0,393,8889,22.8
2026-06-05 01:00,infra-010,1256,0.0,33.9,73,5069,21.8
2026-06-05 02:00,hpc-gpu-004,2148,31.5,44.5,568,11055,20.1
2026-06-05 02:00,hpc-gpu-013,2813,47.4,66.2,779,6836,25.9
2026-06-05 02:00,hpc-gpu-023,3609,65.3,83.6,870,10272,24.4
2026-06-05 02:00,hpc-gpu-032,3589,64.3,48.7,861,11496,22.1
2026-06-05 02:00,hpc-gpu-042,2456,37.1,88.5,602,5323,25.6
2026-06-05 02:00,hpc-gpu-051,3394,60.5,82.1,777,6741,22.4
2026-06-05 02:00,hpc-gpu-061,3757,69.4,77.6,376,6706,21.2
2026-06-05 02:00,hpc-gpu-070,1811,23.2,38.6,791,7773,26.9
2026-06-05 02:00,hpc-gpu-080,1826,23.9,79.9,450,7134,24.2
2026-06-05 02:00,hpc-gpu-089,2386,35.6,86.7,825,7056,26.2
2026-06-05 02:00,hpc-cpu-003,894,0.0,46.8,370,6422,20.0
2026-06-05 02:00,hpc-cpu-012,689,0.0,53.6,179,9890,27.1
2026-06-05 02:00,hpc-cpu-021,948,0.0,94.5,328,5440,19.7
2026-06-05 02:00,infra-003,1417,0.0,36.7,152,10288,26.3
2026-06-05 02:00,infra-012,1024,0.0,73.4,276,5673,24.5
2026-06-05 03:00,hpc-gpu-006,2076,29.1,75.8,867,8468,23.7
2026-06-05 03:00,hpc-gpu-015,2615,41.5,56.6,847,7669,25.5
2026-06-05 03:00,hpc-gpu-025,1792,22.7,38.8,867,5732,18.5
2026-06-05 03:00,hpc-gpu-034,2655,43.0,57.4,413,10483,24.2
2026-06-05 03:00,hpc-gpu-044,3272,57.8,69.1,561,10719,21.2
2026-06-05 03:00,hpc-gpu-053,3572,63.2,38.0,851,9444,23.1
2026-06-05 03:00,hpc-gpu-063,2921,49.3,31.5,449,9496,24.7
2026-06-05 03:00,hpc-gpu-072,2773,45.0,69.7,720,11302,24.3
2026-06-05 03:00,hpc-gpu-082,3650,66.2,42.4,325,9711,20.9
2026-06-05 03:00,hpc-gpu-091,2154,32.0,43.8,500,10527,21.6
2026-06-05 03:00,hpc-cpu-005,820,0.0,24.5,296,8728,25.4
2026-06-05 03:00,hpc-cpu-014,842,0.0,40.6,344,10151,21.0
2026-06-05 03:00,hpc-cpu-024,934,0.0,59.8,351,7925,24.3
2026-06-05 03:00,infra-005,1004,0.0,90.8,125,5905,23.4
2026-06-05 03:00,infra-015,1299,0.0,20.8,158,10824,26.7
2026-06-05 04:00,hpc-gpu-008,3582,63.3,76.7,362,8671,26.7
2026-06-05 04:00,hpc-gpu-018,3106,53.1,75.7,625,10224,21.4
2026-06-05 04:00,hpc-gpu-027,3086,54.2,93.8,219,5867,24.0
2026-06-05 04:00,hpc-gpu-037,3339,57.7,40.7,893,11433,26.6
2026-06-05 04:00,hpc-gpu-046,2854,47.8,39.5,250,11671,26.5
2026-06-05 04:00,hpc-gpu-056,3223,54.9,53.4,311,8565,23.7
2026-06-05 04:00,hpc-gpu-065,1974,25.4,89.5,263,7481,27.7
2026-06-05 04:00,hpc-gpu-075,2567,41.3,81.3,491,10283,26.1
2026-06-05 04:00,hpc-gpu-084,3622,66.5,75.7,806,9967,18.6
2026-06-05 04:00,hpc-gpu-094,3481,61.9,82.2,204,7976,18.9
2026-06-05 04:00,hpc-cpu-007,695,0.0,31.0,157,7146,21.3
2026-06-05 04:00,hpc-cpu-017,709,0.0,26.1,260,9633,23.8
2026-06-05 04:00,hpc-cpu-026,663,0.0,34.3,160,6209,26.5
2026-06-05 04:00,infra-007,844,0.0,81.1,89,5007,26.2
2026-06-05 05:00,hpc-gpu-001,1885,23.6,80.0,448,10254,27.8
2026-06-05 05:00,hpc-gpu-010,3036,52.3,48.0,506,6067,23.8
2026-06-05 05:00,hpc-gpu-020,1721,20.2,32.4,434,6450,23.5
2026-06-05 05:00,hpc-gpu-029,2380,35.8,44.8,420,8200,27.5
2026-06-05 05:00,hpc-gpu-039,2375,35.9,41.9,400,10487,19.2
2026-06-05 05:00,hpc-gpu-048,2184,31.0,48.8,348,5326,18.6
2026-06-05 05:00,hpc-gpu-058,3685,66.3,77.8,227,6275,22.1
2026-06-05 05:00,hpc-gpu-067,2908,48.8,60.2,359,7708,18.5
2026-06-05 05:00,hpc-gpu-077,2875,46.5,42.6,634,5578,26.2
2026-06-05 05:00,hpc-gpu-086,2326,33.9,23.5,652,5338,22.4
2026-06-05 05:00,hpc-gpu-096,2008,27.8,85.9,200,8567,23.2
2026-06-05 05:00,hpc-cpu-009,644,0.0,34.4,262,10028,25.5
2026-06-05 05:00,hpc-cpu-019,617,0.0,50.9,271,6976,26.1
2026-06-05 05:00,hpc-cpu-028,821,0.0,88.6,328,8423,23.1
2026-06-05 05:00,infra-010,1255,0.0,54.6,199,7351,23.9
2026-06-05 06:00,hpc-gpu-003,3232,56.1,60.4,894,8156,24.7
2026-06-05 06:00,hpc-gpu-013,3349,59.0,28.3,750,8409,24.5
2026-06-05 06:00,hpc-gpu-022,2730,45.4,91.1,402,10714,20.2
2026-06-05 06:00,hpc-gpu-032,3800,68.1,85.3,624,7271,22.2
2026-06-05 06:00,hpc-gpu-041,3177,55.5,86.2,335,10297,18.2
2026-06-05 06:00,hpc-gpu-051,1916,24.4,68.5,430,6991,22.6
2026-06-05 06:00,hpc-gpu-060,2577,40.1,54.5,715,11119,25.9
2026-06-05 06:00,hpc-gpu-070,3076,53.0,63.5,208,7238,24.9
2026-06-05 06:00,hpc-gpu-079,3576,63.2,72.3,243,9226,22.8
2026-06-05 06:00,hpc-gpu-089,1824,23.0,54.6,679,9442,20.4
2026-06-05 06:00,hpc-cpu-002,913,0.0,50.7,329,6628,23.9
2026-06-05 06:00,hpc-cpu-012,658,0.0,21.9,361,10582,22.0
2026-06-05 06:00,hpc-cpu-021,770,0.0,25.9,374,11509,21.9
2026-06-05 06:00,infra-003,1405,0.0,65.0,388,5667,18.3
2026-06-05 06:00,infra-012,1584,0.0,70.4,320,5291,18.5
2026-06-05 07:00,hpc-gpu-005,3189,55.2,80.8,823,5469,27.6
2026-06-05 07:00,hpc-gpu-015,2416,35.3,46.4,877,8791,26.8
2026-06-05 07:00,hpc-gpu-024,3528,61.8,46.2,695,8691,22.4
2026-06-05 07:00,hpc-gpu-034,2130,28.6,34.0,458,6488,21.1
2026-06-05 07:00,hpc-gpu-043,3722,67.9,56.6,687,7655,18.4
2026-06-05 07:00,hpc-gpu-053,2489,39.2,42.8,441,8958,26.6
2026-06-05 07:00,hpc-gpu-062,2942,49.8,86.2,589,5161,22.6
2026-06-05 07:00,hpc-gpu-072,2234,32.7,28.3,261,11160,26.1
2026-06-05 07:00,hpc-gpu-081,2557,41.9,68.9,324,11442,26.7
2026-06-05 07:00,hpc-gpu-091,1836,23.5,90.0,482,7037,19.5
2026-06-05 07:00,hpc-cpu-004,804,0.0,33.2,326,5852,20.6
2026-06-05 07:00,hpc-cpu-014,659,0.0,80.4,67,6709,20.0
2026-06-05 07:00,hpc-cpu-023,631,0.0,33.7,142,8862,26.7
2026-06-05 07:00,infra-005,1223,0.0,62.1,323,11495,26.2
2026-06-05 07:00,infra-014,912,0.0,24.8,213,11518,23.6
2026-06-05 08:00,hpc-gpu-008,4192,78.7,78.9,389,7846,19.5
2026-06-05 08:00,hpc-gpu-017,4981,96.3,35.9,495,10061,18.9
2026-06-05 08:00,hpc-gpu-027,4143,78.7,76.4,394,5173,19.0
2026-06-05 08:00,hpc-gpu-036,3797,68.3,88.6,883,7973,20.5
2026-06-05 08:00,hpc-gpu-046,3681,67.1,52.2,586,11161,20.2
2026-06-05 08:00,hpc-gpu-055,4726,91.7,64.2,565,10868,19.0
2026-06-05 08:00,hpc-gpu-065,4765,91.9,49.3,490,7076,19.2
2026-06-05 08:00,hpc-gpu-074,4201,79.3,83.4,289,9004,23.4
2026-06-05 08:00,hpc-gpu-084,4376,83.0,49.0,563,6624,25.0
2026-06-05 08:00,hpc-gpu-093,3639,67.9,21.6,313,11313,25.9
2026-06-05 08:00,hpc-cpu-007,779,0.0,30.4,306,10784,18.4
2026-06-05 08:00,hpc-cpu-016,872,0.0,41.3,304,9779,19.5
2026-06-05 08:00,hpc-cpu-026,560,0.0,27.4,209,9166,24.4
2026-06-05 08:00,infra-007,1369,0.0,81.6,249,10386,18.7
2026-06-05 09:00,hpc-gpu-001,3863,71.4,59.0,281,11083,26.0
2026-06-05 09:00,hpc-gpu-010,4299,81.8,93.7,811,10910,25.5
2026-06-05 09:00,hpc-gpu-019,3764,67.5,84.1,306,7754,19.7
2026-06-05 09:00,hpc-gpu-029,3562,64.7,43.9,581,6491,26.9
2026-06-05 09:00,hpc-gpu-038,3982,72.8,22.2,573,7509,27.1
2026-06-05 09:00,hpc-gpu-048,4731,91.2,31.3,322,7672,27.3
2026-06-05 09:00,hpc-gpu-057,4804,92.1,62.6,582,7196,19.6
2026-06-05 09:00,hpc-gpu-067,4744,90.9,25.3,249,6000,27.8
2026-06-05 09:00,hpc-gpu-076,3549,63.2,36.5,247,11276,25.1
2026-06-05 09:00,hpc-gpu-086,3862,70.4,42.0,696,6451,25.7
2026-06-05 09:00,hpc-gpu-095,4091,77.4,91.5,642,10345,22.3
2026-06-05 09:00,hpc-cpu-009,814,0.0,56.3,213,7945,24.5
2026-06-05 09:00,hpc-cpu-018,873,0.0,46.9,135,6212,23.3
2026-06-05 09:00,hpc-cpu-028,749,0.0,47.3,275,10495,21.6
2026-06-05 09:00,infra-009,1195,0.0,64.8,213,7151,18.2
2026-06-05 10:00,hpc-gpu-003,4571,87.5,30.3,286,7281,18.4
2026-06-05 10:00,hpc-gpu-012,3859,71.2,38.0,849,11998,23.9
2026-06-05 10:00,hpc-gpu-022,3487,62.5,45.5,227,8463,26.2
2026-06-05 10:00,hpc-gpu-031,3614,64.2,26.1,354,7247,27.4
2026-06-05 10:00,hpc-gpu-041,4207,78.8,65.3,579,11114,22.5
2026-06-05 10:00,hpc-gpu-050,3696,66.3,36.2,891,6419,21.0
2026-06-05 10:00,hpc-gpu-060,3886,71.1,94.6,765,11402,19.5
2026-06-05 10:00,hpc-gpu-069,4581,87.5,78.6,652,8533,26.5
2026-06-05 10:00,hpc-gpu-079,3850,72.1,57.6,628,5826,27.1
2026-06-05 10:00,hpc-gpu-088,3786,68.1,27.6,207,5049,19.1
2026-06-05 10:00,hpc-cpu-002,721,0.0,45.5,385,5094,27.5
2026-06-05 10:00,hpc-cpu-011,782,0.0,26.3,333,6746,25.9
2026-06-05 10:00,hpc-cpu-021,826,0.0,81.4,369,10259,24.8
2026-06-05 10:00,infra-002,844,0.0,82.7,158,9661,23.0
2026-06-05 10:00,infra-012,1283,0.0,46.7,339,5937,27.1
2026-06-05 11:00,hpc-gpu-005,4285,80.5,48.5,630,11968,24.8
2026-06-05 11:00,hpc-gpu-015,4465,85.6,67.1,346,5969,27.8
2026-06-05 11:00,hpc-gpu-024,3733,68.2,86.2,330,10551,25.4
2026-06-05 11:00,hpc-gpu-033,4961,95.7,56.8,330,10844,25.4
2026-06-05 11:00,hpc-gpu-043,4740,91.3,74.4,831,10913,23.3
2026-06-05 11:00,hpc-gpu-052,4379,82.3,61.8,571,9439,19.5
2026-06-05 11:00,hpc-gpu-062,3444,61.6,31.1,341,11212,26.9
2026-06-05 11:00,hpc-gpu-071,3549,63.1,89.8,294,8073,21.0
2026-06-05 11:00,hpc-gpu-081,3922,73.3,33.4,421,5704,22.9
2026-06-05 11:00,hpc-gpu-090,4550,86.2,45.7,516,10955,19.2
2026-06-05 11:00,hpc-cpu-004,675,0.0,76.1,57,11100,25.2
2026-06-05 11:00,hpc-cpu-013,602,0.0,85.6,292,9707,23.3
2026-06-05 11:00,hpc-cpu-023,789,0.0,79.9,369,10879,19.8
2026-06-05 11:00,infra-004,1245,0.0,65.4,186,9526,22.4
2026-06-05 11:00,infra-014,1261,0.0,75.4,327,6755,26.6
2026-06-05 12:00,hpc-gpu-007,3713,67.3,53.1,411,9120,25.4
2026-06-05 12:00,hpc-gpu-017,4583,88.1,34.9,294,6854,26.4
2026-06-05 12:00,hpc-gpu-026,4880,94.6,89.8,461,6728,25.4
2026-06-05 12:00,hpc-gpu-036,4353,81.1,54.3,662,11872,23.8
2026-06-05 12:00,hpc-gpu-045,3817,68.9,81.6,837,5410,18.9
2026-06-05 12:00,hpc-gpu-055,3752,68.3,55.4,887,9173,22.1
2026-06-05 12:00,hpc-gpu-064,4931,96.3,30.2,875,8991,26.3
2026-06-05 12:00,hpc-gpu-074,4487,86.7,37.9,662,11766,24.3
2026-06-05 12:00,hpc-gpu-083,3670,66.8,54.7,498,6422,25.8
2026-06-05 12:00,hpc-gpu-093,3899,71.7,51.3,421,6044,19.9
2026-06-05 12:00,hpc-cpu-006,881,0.0,87.9,267,9989,20.4
2026-06-05 12:00,hpc-cpu-016,665,0.0,59.4,107,6875,26.5
2026-06-05 12:00,hpc-cpu-025,730,0.0,56.9,181,11349,26.3
2026-06-05 12:00,infra-007,1403,0.0,66.9,265,11471,24.5
2026-06-05 12:00,infra-016,1038,0.0,22.5,96,7746,21.4
2026-06-05 13:00,hpc-gpu-010,4441,83.6,77.4,339,10137,18.5
2026-06-05 13:00,hpc-gpu-019,4965,97.6,80.4,586,11967,25.6
2026-06-05 13:00,hpc-gpu-029,4639,89.1,73.1,341,5703,19.5
2026-06-05 13:00,hpc-gpu-038,3944,72.6,88.1,879,6053,24.6
2026-06-05 13:00,hpc-gpu-047,4030,76.6,79.5,781,5097,27.2
2026-06-05 13:00,hpc-gpu-057,3429,61.0,63.1,744,8425,19.0
2026-06-05 13:00,hpc-gpu-066,3960,73.5,59.8,294,6814,18.5
2026-06-05 13:00,hpc-gpu-076,3622,66.2,32.9,515,6843,22.8
2026-06-05 13:00,hpc-gpu-085,3965,72.7,43.3,682,5278,19.3
2026-06-05 13:00,hpc-gpu-095,4473,85.3,30.5,361,8789,23.4
2026-06-05 13:00,hpc-cpu-008,525,0.0,44.1,200,5665,23.6
2026-06-05 13:00,hpc-cpu-018,860,0.0,20.7,389,5562,22.0
2026-06-05 13:00,hpc-cpu-027,882,0.0,49.3,219,6482,24.9
2026-06-05 13:00,infra-009,1061,0.0,32.7,326,10381,22.6
2026-06-05 14:00,hpc-gpu-002,4474,86.1,69.5,657,5741,26.2
2026-06-05 14:00,hpc-gpu-012,3713,66.8,61.9,287,10904,18.5
2026-06-05 14:00,hpc-gpu-021,4701,90.6,66.8,456,11802,25.3
2026-06-05 14:00,hpc-gpu-031,4218,78.5,67.1,821,9064,19.8
2026-06-05 14:00,hpc-gpu-040,4332,81.9,74.2,395,5472,25.9
2026-06-05 14:00,hpc-gpu-050,4335,81.7,71.6,632,5692,24.3
2026-06-05 14:00,hpc-gpu-059,4523,86.0,73.8,635,7506,18.6
2026-06-05 14:00,hpc-gpu-069,3732,68.2,92.3,583,10399,23.5
2026-06-05 14:00,hpc-gpu-078,3681,64.9,29.0,667,8211,23.5
2026-06-05 14:00,hpc-gpu-088,4977,96.6,54.9,525,6744,19.2
2026-06-05 14:00,hpc-cpu-001,764,0.0,30.3,235,8364,27.0
2026-06-05 14:00,hpc-cpu-011,868,0.0,69.4,52,9033,27.4
2026-06-05 14:00,hpc-cpu-020,923,0.0,79.1,261,5722,25.9
2026-06-05 14:00,infra-002,1338,0.0,75.9,221,9822,22.3
2026-06-05 14:00,infra-011,1108,0.0,70.3,144,8360,18.6
2026-06-05 15:00,hpc-gpu-005,3436,61.7,86.4,693,9983,24.7
2026-06-05 15:00,hpc-gpu-014,4336,81.0,39.8,452,8046,23.6
2026-06-05 15:00,hpc-gpu-024,3438,61.6,78.4,662,10899,20.9
2026-06-05 15:00,hpc-gpu-033,4402,82.8,75.9,681,11633,20.4
2026-06-05 15:00,hpc-gpu-043,3676,66.4,40.6,415,7124,26.7
2026-06-05 15:00,hpc-gpu-052,4146,77.8,49.4,445,8847,19.6
2026-06-05 15:00,hpc-gpu-061,3438,60.5,53.8,530,5487,25.0
2026-06-05 15:00,hpc-gpu-071,3753,68.4,53.9,414,5112,26.2
2026-06-05 15:00,hpc-gpu-080,4286,82.0,90.8,834,9974,21.4
2026-06-05 15:00,hpc-gpu-090,3376,60.2,78.0,278,6405,27.5
2026-06-05 15:00,hpc-cpu-003,799,0.0,63.6,200,6078,24.7
2026-06-05 15:00,hpc-cpu-013,639,0.0,59.0,93,10960,21.2
2026-06-05 15:00,hpc-cpu-022,706,0.0,84.5,310,5829,20.9
2026-06-05 15:00,infra-004,1542,0.0,73.5,110,11477,22.5
2026-06-05 15:00,infra-013,1200,0.0,68.8,316,7252,18.0
2026-06-05 16:00,hpc-gpu-007,3566,63.1,60.0,274,5364,19.0
2026-06-05 16:00,hpc-gpu-016,4501,85.1,88.9,238,5511,26.5
2026-06-05 16:00,hpc-gpu-026,3496,62.0,82.2,792,10272,25.7
2026-06-05 16:00,hpc-gpu-035,4479,87.2,76.0,491,5033,26.9
2026-06-05 16:00,hpc-gpu-045,4742,91.7,87.2,381,10611,24.1
2026-06-05 16:00,hpc-gpu-054,3989,74.0,47.7,868,10603,24.4
2026-06-05 16:00,hpc-gpu-064,4881,95.4,78.2,736,8452,24.2
2026-06-05 16:00,hpc-gpu-073,3461,62.8,93.2,829,8085,26.5
2026-06-05 16:00,hpc-gpu-083,4936,96.1,33.9,494,11825,25.9
2026-06-05 16:00,hpc-gpu-092,4154,78.2,82.4,740,9976,19.2
2026-06-05 16:00,hpc-cpu-006,764,0.0,21.2,145,9780,27.4
2026-06-05 16:00,hpc-cpu-015,706,0.0,79.6,311,11610,24.5
2026-06-05 16:00,hpc-cpu-025,794,0.0,92.1,388,10623,19.7
2026-06-05 16:00,infra-006,963,0.0,80.5,190,10081,26.5
2026-06-05 16:00,infra-016,1194,0.0,85.9,61,8665,25.8
2026-06-05 17:00,hpc-gpu-009,3595,66.0,68.6,886,10093,23.1
2026-06-05 17:00,hpc-gpu-019,4926,95.8,85.8,789,6227,18.9
2026-06-05 17:00,hpc-gpu-028,3977,73.9,81.7,667,5922,22.7
2026-06-05 17:00,hpc-gpu-038,4193,79.3,24.5,454,5309,20.2
2026-06-05 17:00,hpc-gpu-047,4763,92.2,64.0,710,7792,20.9
2026-06-05 17:00,hpc-gpu-057,4928,96.0,37.4,487,11547,25.2
2026-06-05 17:00,hpc-gpu-066,4272,79.9,38.7,853,5589,24.6
2026-06-05 17:00,hpc-gpu-075,4434,84.5,88.8,797,7559,21.9
2026-06-05 17:00,hpc-gpu-085,3428,60.2,88.9,757,6780,21.9
2026-06-05 17:00,hpc-gpu-094,3630,65.7,82.6,401,8323,21.6
2026-06-05 17:00,hpc-cpu-008,794,0.0,86.8,265,9908,19.0
2026-06-05 17:00,hpc-cpu-017,733,0.0,70.4,343,10936,19.3
2026-06-05 17:00,hpc-cpu-027,544,0.0,27.4,340,5322,23.1
2026-06-05 17:00,infra-008,1233,0.0,20.2,294,5536,19.5
2026-06-05 18:00,hpc-gpu-002,4999,97.3,50.6,512,9646,19.8
2026-06-05 18:00,hpc-gpu-011,3498,62.5,49.4,730,11153,25.0
2026-06-05 18:00,hpc-gpu-021,4093,76.0,43.9,829,8724,19.0
2026-06-05 18:00,hpc-gpu-030,3409,60.3,68.2,395,6094,25.4
2026-06-05 18:00,hpc-gpu-040,3464,61.1,94.7,735,7355,24.8
2026-06-05 18:00,hpc-gpu-049,4972,97.1,66.8,755,7050,22.6
2026-06-05 18:00,hpc-gpu-059,4145,77.3,54.9,716,7159,22.2
2026-06-05 18:00,hpc-gpu-068,4727,92.2,50.1,796,8104,27.3
2026-06-05 18:00,hpc-gpu-078,3467,62.6,73.1,355,11756,21.2
2026-06-05 18:00,hpc-gpu-087,3891,72.3,27.9,211,10256,27.2
2026-06-05 18:00,hpc-cpu-001,859,0.0,27.4,386,9897,19.1
2026-06-05 18:00,hpc-cpu-010,910,0.0,61.3,134,8539,18.8
2026-06-05 18:00,hpc-cpu-020,769,0.0,52.4,166,10427,23.5
2026-06-05 18:00,infra-001,1452,0.0,83.6,275,7124,20.0
2026-06-05 18:00,infra-011,1089,0.0,53.0,295,5424,26.7
2026-06-05 19:00,hpc-gpu-004,3435,60.9,27.7,835,8964,19.1
2026-06-05 19:00,hpc-gpu-014,3340,57.4,31.8,832,5124,18.3
2026-06-05 19:00,hpc-gpu-023,3648,66.6,69.9,457,6615,27.7
2026-06-05 19:00,hpc-gpu-033,2256,32.5,24.5,721,9266,21.6
2026-06-05 19:00,hpc-gpu-042,2012,27.0,57.0,610,11891,23.7
2026-06-05 19:00,hpc-gpu-052,3293,57.4,55.0,240,5115,18.6
2026-06-05 19:00,hpc-gpu-061,2467,39.0,77.1,834,8333,26.7
2026-06-05 19:00,hpc-gpu-071,1831,22.9,29.1,803,8624,26.4
2026-06-05 19:00,hpc-gpu-080,3012,51.6,39.1,598,7131,19.6
2026-06-05 19:00,hpc-gpu-089,1783,22.5,86.1,627,8399,19.1
2026-06-05 19:00,hpc-cpu-003,556,0.0,65.4,128,10198,22.6
2026-06-05 19:00,hpc-cpu-012,590,0.0,59.5,294,6081,18.7
2026-06-05 19:00,hpc-cpu-022,557,0.0,24.0,139,10722,26.4
2026-06-05 19:00,infra-003,1559,0.0,70.0,127,5233,18.2
2026-06-05 19:00,infra-013,1505,0.0,67.4,354,6456,27.0
2026-06-05 20:00,hpc-gpu-006,3596,65.3,53.0,521,7515,26.8
2026-06-05 20:00,hpc-gpu-016,3473,62.1,83.2,223,10009,20.5
2026-06-05 20:00,hpc-gpu-025,2321,34.4,56.3,392,10161,20.9
2026-06-05 20:00,hpc-gpu-035,1849,22.8,32.6,337,6966,23.6
2026-06-05 20:00,hpc-gpu-044,1799,22.2,76.8,669,11145,18.5
2026-06-05 20:00,hpc-gpu-054,2963,50.1,33.7,307,5700,25.4
2026-06-05 20:00,hpc-gpu-063,1893,24.2,85.7,811,5890,27.0
2026-06-05 20:00,hpc-gpu-073,3429,58.8,66.3,228,11711,23.5
2026-06-05 20:00,hpc-gpu-082,2391,36.8,24.2,726,9838,23.1
2026-06-05 20:00,hpc-gpu-092,1836,22.6,21.2,534,9633,27.5
2026-06-05 20:00,hpc-cpu-005,898,0.0,60.1,155,8156,24.7
2026-06-05 20:00,hpc-cpu-015,887,0.0,43.3,185,8181,24.4
2026-06-05 20:00,hpc-cpu-024,710,0.0,30.6,221,7063,26.0
2026-06-05 20:00,infra-006,1059,0.0,70.7,215,9230,18.5
2026-06-05 20:00,infra-015,1411,0.0,53.7,313,9241,25.3
2026-06-05 21:00,hpc-gpu-009,1953,26.7,56.1,825,7781,27.0
2026-06-05 21:00,hpc-gpu-018,2723,43.8,31.8,711,7183,22.9
2026-06-05 21:00,hpc-gpu-028,3189,55.5,45.4,847,11524,22.8
2026-06-05 21:00,hpc-gpu-037,2236,33.1,67.1,386,6716,27.8
2026-06-05 21:00,hpc-gpu-047,2653,42.1,31.2,376,11897,24.2
2026-06-05 21:00,hpc-gpu-056,2678,43.0,91.6,247,9150,19.4
2026-06-05 21:00,hpc-gpu-066,3634,65.9,39.2,855,11131,24.9
2026-06-05 21:00,hpc-gpu-075,1982,26.6,82.9,563,6740,24.8
2026-06-05 21:00,hpc-gpu-085,2379,36.2,92.0,848,7419,24.6
2026-06-05 21:00,hpc-gpu-094,2300,35.0,44.9,557,8475,23.2
2026-06-05 21:00,hpc-cpu-007,750,0.0,29.5,368,8737,23.6
2026-06-05 21:00,hpc-cpu-017,622,0.0,37.4,394,5649,21.1
2026-06-05 21:00,hpc-cpu-026,859,0.0,60.0,123,5900,26.7
2026-06-05 21:00,infra-008,895,0.0,56.4,192,11617,23.5
2026-06-05 22:00,hpc-gpu-001,3522,63.3,58.3,764,8032,23.1
2026-06-05 22:00,hpc-gpu-011,3587,65.3,92.6,693,11379,21.0
2026-06-05 22:00,hpc-gpu-020,1976,25.2,62.8,425,8512,22.8
2026-06-05 22:00,hpc-gpu-030,3738,69.0,39.6,268,6124,18.2
2026-06-05 22:00,hpc-gpu-039,3211,57.2,39.1,618,8142,23.1
2026-06-05 22:00,hpc-gpu-049,3298,57.1,29.6,448,5602,20.9
2026-06-05 22:00,hpc-gpu-058,2524,40.0,77.8,639,11282,23.7
2026-06-05 22:00,hpc-gpu-068,2917,48.3,37.5,235,11226,20.3
2026-06-05 22:00,hpc-gpu-077,2426,37.5,48.1,616,9766,18.2
2026-06-05 22:00,hpc-gpu-087,2195,31.6,82.5,554,11250,24.6
2026-06-05 22:00,hpc-gpu-096,2059,28.4,85.9,382,11402,20.9
2026-06-05 22:00,hpc-cpu-010,498,0.0,67.6,140,11584,20.3
2026-06-05 22:00,hpc-cpu-019,521,0.0,90.0,229,11689,19.6
2026-06-05 22:00,infra-001,1595,0.0,40.1,257,7632,23.7
2026-06-05 22:00,infra-010,1065,0.0,74.3,338,7566,21.7
2026-06-05 23:00,hpc-gpu-004,2437,36.3,63.5,814,11251,22.0
2026-06-05 23:00,hpc-gpu-013,3057,52.0,62.4,834,8914,20.5
2026-06-05 23:00,hpc-gpu-023,2899,48.3,24.9,724,10167,19.4
2026-06-05 23:00,hpc-gpu-032,3004,50.1,35.5,796,11777,21.1
2026-06-05 23:00,hpc-gpu-042,2485,38.2,74.2,851,8989,19.7
2026-06-05 23:00,hpc-gpu-051,2905,48.3,58.0,398,6578,19.1
2026-06-05 23:00,hpc-gpu-061,2442,38.3,29.1,258,8952,26.9
2026-06-05 23:00,hpc-gpu-070,2340,34.1,28.5,786,6388,19.3
2026-06-05 23:00,hpc-gpu-080,2208,33.0,66.7,371,10506,27.4
2026-06-05 23:00,hpc-gpu-089,2218,31.2,83.6,508,8563,23.9
2026-06-05 23:00,hpc-cpu-003,549,0.0,79.0,206,11473,26.8
2026-06-05 23:00,hpc-cpu-012,802,0.0,47.8,80,9486,18.8
2026-06-05 23:00,hpc-cpu-021,743,0.0,35.5,89,6793,26.8
2026-06-05 23:00,infra-003,1000,0.0,44.8,50,11085,25.6
2026-06-05 23:00,infra-012,1338,0.0,22.1,187,9320,25.3
2026-06-06 00:00,hpc-gpu-006,2322,34.9,45.6,567,10458,23.5
2026-06-06 00:00,hpc-gpu-015,2644,42.8,64.7,207,7113,18.2
2026-06-06 00:00,hpc-gpu-025,2614,40.9,71.8,309,10442,19.3
2026-06-06 00:00,hpc-gpu-034,3799,69.4,86.6,450,9493,24.4
2026-06-06 00:00,hpc-gpu-044,1990,26.8,46.5,477,8414,21.5
2026-06-06 00:00,hpc-gpu-053,2489,39.8,63.1,717,5943,23.5
2026-06-06 00:00,hpc-gpu-063,1792,21.0,92.4,269,7854,25.1
2026-06-06 00:00,hpc-gpu-072,3433,59.9,27.4,358,7048,23.1
2026-06-06 00:00,hpc-gpu-082,2367,36.0,64.7,665,11952,23.0
2026-06-06 00:00,hpc-gpu-091,3025,51.0,51.4,751,11516,27.4
2026-06-06 00:00,hpc-cpu-005,631,0.0,58.5,226,11228,21.9
2026-06-06 00:00,hpc-cpu-014,854,0.0,20.2,69,9646,21.7
2026-06-06 00:00,hpc-cpu-024,819,0.0,88.4,277,8709,22.6
2026-06-06 00:00,infra-005,1520,0.0,56.4,262,9026,23.8
2026-06-06 00:00,infra-015,1017,0.0,58.1,240,10450,21.1
2026-06-06 01:00,hpc-gpu-008,2852,47.0,40.1,220,5266,27.5
2026-06-06 01:00,hpc-gpu-018,2099,29.2,64.9,367,7310,23.5
2026-06-06 01:00,hpc-gpu-027,1808,21.8,85.2,359,6863,18.7
2026-06-06 01:00,hpc-gpu-037,3777,68.7,41.8,693,6688,24.7
2026-06-06 01:00,hpc-gpu-046,2470,38.7,43.9,612,9378,21.1
2026-06-06 01:00,hpc-gpu-056,1754,21.7,20.8,577,11498,26.5
2026-06-06 01:00,hpc-gpu-065,2296,32.9,44.1,358,8999,22.0
2026-06-06 01:00,hpc-gpu-075,1901,24.4,91.6,806,6515,24.8
2026-06-06 01:00,hpc-gpu-084,3706,67.7,94.1,690,8946,21.2
2026-06-06 01:00,hpc-gpu-094,3213,55.9,36.6,499,11113,22.3
2026-06-06 01:00,hpc-cpu-007,834,0.0,66.4,156,10188,20.4
2026-06-06 01:00,hpc-cpu-017,625,0.0,77.6,327,6611,26.3
2026-06-06 01:00,hpc-cpu-026,645,0.0,43.6,380,7701,19.5
2026-06-06 01:00,infra-007,1628,0.0,45.7,356,11744,23.2
2026-06-06 02:00,hpc-gpu-001,3151,54.6,24.9,488,6731,25.2
2026-06-06 02:00,hpc-gpu-010,2288,34.0,62.1,343,5960,19.9
2026-06-06 02:00,hpc-gpu-020,3115,53.3,20.0,768,8715,19.1
2026-06-06 02:00,hpc-gpu-029,2637,41.6,69.2,508,7817,23.2
2026-06-06 02:00,hpc-gpu-039,1918,26.0,49.5,365,10568,19.8
2026-06-06 02:00,hpc-gpu-048,3638,65.9,33.3,623,8058,25.0
2026-06-06 02:00,hpc-gpu-058,2257,32.6,46.9,587,6620,27.4
2026-06-06 02:00,hpc-gpu-067,3176,53.7,93.3,624,10166,20.4
2026-06-06 02:00,hpc-gpu-077,2047,28.7,66.6,722,5974,20.5
2026-06-06 02:00,hpc-gpu-086,3487,62.5,45.0,416,8745,28.0
2026-06-06 02:00,hpc-gpu-096,2204,31.3,44.2,856,7983,24.9
2026-06-06 02:00,hpc-cpu-009,862,0.0,20.5,371,11089,19.9
2026-06-06 02:00,hpc-cpu-019,669,0.0,43.0,139,6887,22.1
2026-06-06 02:00,hpc-cpu-028,699,0.0,93.6,364,8175,25.1
2026-06-06 02:00,infra-010,1267,0.0,84.5,345,7361,19.1
2026-06-06 03:00,hpc-gpu-003,2831,47.0,41.5,466,10542,22.0
2026-06-06 03:00,hpc-gpu-013,1784,22.0,68.4,213,11487,24.0
2026-06-06 03:00,hpc-gpu-022,3117,53.4,89.8,870,8222,24.7
2026-06-06 03:00,hpc-gpu-032,3245,56.7,34.8,682,7042,26.6
2026-06-06 03:00,hpc-gpu-041,2973,49.7,46.5,694,11249,26.2
2026-06-06 03:00,hpc-gpu-051,3174,54.2,57.9,544,5103,23.3
2026-06-06 03:00,hpc-gpu-060,3603,65.7,22.8,610,11168,25.9
2026-06-06 03:00,hpc-gpu-070,2146,31.6,34.0,242,11410,27.1
2026-06-06 03:00,hpc-gpu-079,2712,44.0,42.9,844,5946,23.8
2026-06-06 03:00,hpc-gpu-089,3246,57.4,28.6,849,9605,24.0
2026-06-06 03:00,hpc-cpu-002,560,0.0,24.2,173,8248,26.9
2026-06-06 03:00,hpc-cpu-012,818,0.0,93.5,211,6893,18.0
2026-06-06 03:00,hpc-cpu-021,856,0.0,53.3,296,9650,26.5
2026-06-06 03:00,infra-003,1332,0.0,76.9,71,6605,24.4
2026-06-06 03:00,infra-012,1403,0.0,30.5,143,6941,20.1
2026-06-06 04:00,hpc-gpu-005,3774,68.8,74.6,509,5964,25.4
2026-06-06 04:00,hpc-gpu-015,2042,28.9,50.0,272,9408,20.3
2026-06-06 04:00,hpc-gpu-024,3380,60.0,20.3,228,8265,21.5
2026-06-06 04:00,hpc-gpu-034,3746,67.8,57.2,631,9682,22.2
2026-06-06 04:00,hpc-gpu-043,3365,59.8,38.1,497,7653,21.1
2026-06-06 04:00,hpc-gpu-053,2949,49.7,88.8,857,7733,21.3
2026-06-06 04:00,hpc-gpu-062,2160,30.3,31.2,429,7110,25.4
2026-06-06 04:00,hpc-gpu-072,2714,44.2,83.7,443,10179,21.3
2026-06-06 04:00,hpc-gpu-081,2312,34.0,79.0,314,7458,20.0
2026-06-06 04:00,hpc-gpu-091,2338,33.8,52.7,806,9090,24.5
2026-06-06 04:00,hpc-cpu-004,680,0.0,44.0,176,6190,22.9
2026-06-06 04:00,hpc-cpu-014,978,0.0,65.2,225,6729,23.3
2026-06-06 04:00,hpc-cpu-023,562,0.0,43.1,143,11688,21.4
2026-06-06 04:00,infra-005,1673,0.0,84.9,52,5541,23.5
2026-06-06 04:00,infra-014,1001,0.0,44.3,387,7532,26.3
2026-06-06 05:00,hpc-gpu-008,3474,60.6,26.5,412,7249,21.2
2026-06-06 05:00,hpc-gpu-017,3794,68.8,75.9,445,6002,21.2
2026-06-06 05:00,hpc-gpu-027,2630,41.8,73.9,270,9268,27.4
2026-06-06 05:00,hpc-gpu-036,3285,58.2,20.4,445,8097,20.2
2026-06-06 05:00,hpc-gpu-046,3711,67.1,75.5,296,7558,25.5
2026-06-06 05:00,hpc-gpu-055,3233,56.3,82.1,567,9382,18.4
2026-06-06 05:00,hpc-gpu-065,3547,63.7,82.2,409,6810,26.7
2026-06-06 05:00,hpc-gpu-074,2922,50.1,37.2,630,9202,23.7
2026-06-06 05:00,hpc-gpu-084,3610,65.2,94.3,596,10320,24.0
2026-06-06 05:00,hpc-gpu-093,2960,50.3,36.9,645,8942,23.1
2026-06-06 05:00,hpc-cpu-007,715,0.0,70.9,164,9730,26.0
2026-06-06 05:00,hpc-cpu-016,649,0.0,63.2,123,10660,22.8
2026-06-06 05:00,hpc-cpu-026,876,0.0,62.1,134,7065,22.1
2026-06-06 05:00,infra-007,880,0.0,53.9,105,7728,18.4
2026-06-06 06:00,hpc-gpu-001,2281,34.0,86.0,458,9925,21.6
2026-06-06 06:00,hpc-gpu-010,2033,27.4,48.2,532,8824,25.9
2026-06-06 06:00,hpc-gpu-019,1943,26.0,22.0,234,10030,21.3
2026-06-06 06:00,hpc-gpu-029,3416,60.2,24.5,890,8904,26.3
2026-06-06 06:00,hpc-gpu-038,2596,40.4,61.5,894,10209,26.4
2026-06-06 06:00,hpc-gpu-048,3512,62.0,22.3,643,8866,21.8
2026-06-06 06:00,hpc-gpu-057,2859,47.2,78.4,619,7137,23.7
2026-06-06 06:00,hpc-gpu-067,3617,64.2,46.8,578,10395,27.2
2026-06-06 06:00,hpc-gpu-076,1828,22.2,91.1,409,9665,28.0
2026-06-06 06:00,hpc-gpu-086,3085,52.0,39.3,414,9190,25.9
2026-06-06 06:00,hpc-gpu-095,2231,33.2,53.9,699,8581,26.5
2026-06-06 06:00,hpc-cpu-009,980,0.0,48.8,89,10283,22.9
2026-06-06 06:00,hpc-cpu-018,733,0.0,23.5,346,6955,20.9
2026-06-06 06:00,hpc-cpu-028,642,0.0,89.4,197,8262,25.3
2026-06-06 06:00,infra-009,1591,0.0,50.0,150,9786,23.3
2026-06-06 07:00,hpc-gpu-003,2092,28.3,50.9,665,6369,24.5
2026-06-06 07:00,hpc-gpu-012,3629,62.7,37.7,514,7132,19.8
2026-06-06 07:00,hpc-gpu-022,2423,37.6,35.8,394,5554,22.5
2026-06-06 07:00,hpc-gpu-031,1920,25.0,34.7,335,6759,18.5
2026-06-06 07:00,hpc-gpu-041,1910,23.1,57.7,507,6707,18.9
2026-06-06 07:00,hpc-gpu-050,2290,33.1,50.9,781,5056,26.9
2026-06-06 07:00,hpc-gpu-060,1652,20.4,61.0,205,7543,27.9
2026-06-06 07:00,hpc-gpu-069,2525,40.1,58.1,807,6222,18.8
2026-06-06 07:00,hpc-gpu-079,3745,69.2,75.3,354,11371,22.9
2026-06-06 07:00,hpc-gpu-088,2470,37.5,64.6,567,6194,26.7
2026-06-06 07:00,hpc-cpu-002,704,0.0,43.3,222,11373,24.2
2026-06-06 07:00,hpc-cpu-011,646,0.0,44.0,53,5488,23.4
2026-06-06 07:00,hpc-cpu-021,819,0.0,35.8,218,7350,24.0
2026-06-06 07:00,infra-002,1017,0.0,61.8,220,10131,27.6
2026-06-06 07:00,infra-012,1444,0.0,34.0,152,10620,26.8
2026-06-06 08:00,hpc-gpu-005,2316,35.6,91.9,312,9272,22.6
2026-06-06 08:00,hpc-gpu-015,2540,40.1,70.6,821,10531,20.9
2026-06-06 08:00,hpc-gpu-024,3744,67.5,31.9,334,6638,26.3
2026-06-06 08:00,hpc-gpu-033,1720,20.1,72.1,866,5912,20.4
2026-06-06 08:00,hpc-gpu-043,2896,48.0,34.5,647,9340,27.6
2026-06-06 08:00,hpc-gpu-052,2327,34.5,20.6,839,6387,21.6
2026-06-06 08:00,hpc-gpu-062,3252,56.6,41.2,622,11309,20.5
2026-06-06 08:00,hpc-gpu-071,2929,49.7,40.9,309,11439,23.8
2026-06-06 08:00,hpc-gpu-081,2403,35.9,87.8,657,5163,23.3
2026-06-06 08:00,hpc-gpu-090,3415,60.0,78.6,852,7621,23.9
2026-06-06 08:00,hpc-cpu-004,800,0.0,49.3,149,5217,22.8
2026-06-06 08:00,hpc-cpu-013,936,0.0,85.7,88,8190,21.6
2026-06-06 08:00,hpc-cpu-023,654,0.0,34.9,384,7500,25.5
2026-06-06 08:00,infra-004,1030,0.0,74.7,370,5178,22.8
2026-06-06 08:00,infra-014,1388,0.0,53.7,287,8368,25.6
2026-06-06 09:00,hpc-gpu-007,2553,39.9,20.1,506,11768,27.6
2026-06-06 09:00,hpc-gpu-017,2215,31.7,21.4,649,9932,24.0
2026-06-06 09:00,hpc-gpu-026,3524,62.6,68.3,840,7815,26.4
2026-06-06 09:00,hpc-gpu-036,2620,41.6,34.6,400,7109,20.3
2026-06-06 09:00,hpc-gpu-045,2477,38.5,67.2,664,5883,27.4
2026-06-06 09:00,hpc-gpu-055,2545,39.7,69.7,432,10728,26.2
2026-06-06 09:00,hpc-gpu-064,3750,68.0,42.1,843,6628,27.0
2026-06-06 09:00,hpc-gpu-074,3485,62.8,80.8,329,7682,25.9
2026-06-06 09:00,hpc-gpu-083,3691,67.7,56.7,711,11195,22.1
2026-06-06 09:00,hpc-gpu-093,2770,45.3,21.8,769,10402,26.7
2026-06-06 09:00,hpc-cpu-006,534,0.0,93.0,75,5244,21.1
2026-06-06 09:00,hpc-cpu-016,747,0.0,89.6,276,6894,25.2
2026-06-06 09:00,hpc-cpu-025,924,0.0,38.2,56,10290,23.0
2026-06-06 09:00,infra-007,1177,0.0,41.9,133,7118,20.0
2026-06-06 09:00,infra-016,1206,0.0,42.3,277,9248,24.8
2026-06-06 10:00,hpc-gpu-010,3285,57.2,42.2,416,10661,20.6
2026-06-06 10:00,hpc-gpu-019,2890,47.8,29.1,469,8667,21.5
2026-06-06 10:00,hpc-gpu-029,3037,50.6,61.7,307,8315,26.8
2026-06-06 10:00,hpc-gpu-038,2452,36.4,29.8,691,11536,27.1
2026-06-06 10:00,hpc-gpu-047,2775,45.4,51.5,260,6370,18.8
2026-06-06 10:00,hpc-gpu-057,3241,57.0,20.4,260,11458,23.8
2026-06-06 10:00,hpc-gpu-066,3645,64.9,88.1,883,7465,21.8
2026-06-06 10:00,hpc-gpu-076,2770,44.3,59.4,274,6028,20.1
2026-06-06 10:00,hpc-gpu-085,1836,23.8,62.3,421,10704,18.9
2026-06-06 10:00,hpc-gpu-095,2358,34.7,66.3,586,7848,25.8
2026-06-06 10:00,hpc-cpu-008,876,0.0,23.3,116,9751,27.0
2026-06-06 10:00,hpc-cpu-018,721,0.0,38.4,269,10728,24.7
2026-06-06 10:00,hpc-cpu-027,772,0.0,93.6,212,5245,18.7
2026-06-06 10:00,infra-009,1286,0.0,50.7,239,6619,19.4
2026-06-06 11:00,hpc-gpu-002,1742,20.7,91.0,609,11615,21.5
2026-06-06 11:00,hpc-gpu-012,2517,39.2,81.2,539,8318,22.8
2026-06-06 11:00,hpc-gpu-021,3712,67.4,39.4,363,11203,23.6
2026-06-06 11:00,hpc-gpu-031,3252,56.7,73.7,424,8216,26.8
2026-06-06 11:00,hpc-gpu-040,3728,68.8,66.7,253,9659,28.0
2026-06-06 11:00,hpc-gpu-050,3146,52.5,70.7,494,5489,22.2
2026-06-06 11:00,hpc-gpu-059,2155,29.9,76.1,344,9671,19.1
2026-06-06 11:00,hpc-gpu-069,2603,41.0,61.9,314,8073,23.3
2026-06-06 11:00,hpc-gpu-078,3706,65.6,62.9,762,6824,19.6
2026-06-06 11:00,hpc-gpu-088,2377,34.5,33.7,673,8758,20.5
2026-06-06 11:00,hpc-cpu-001,502,0.0,43.1,175,6593,22.8
2026-06-06 11:00,hpc-cpu-011,902,0.0,76.4,74,7767,20.3
2026-06-06 11:00,hpc-cpu-020,766,0.0,82.1,154,10869,20.1
2026-06-06 11:00,infra-002,1548,0.0,43.3,361,6023,18.5
2026-06-06 11:00,infra-011,1191,0.0,55.3,147,6750,24.7
2026-06-06 12:00,hpc-gpu-005,2287,33.0,62.4,355,6918,22.7
2026-06-06 12:00,hpc-gpu-014,2254,33.7,88.8,651,11384,23.6
2026-06-06 12:00,hpc-gpu-024,3112,52.7,42.8,389,10175,27.8
2026-06-06 12:00,hpc-gpu-033,3275,58.2,91.3,424,7665,23.9
2026-06-06 12:00,hpc-gpu-043,3422,60.7,27.6,226,8458,24.6
2026-06-06 12:00,hpc-gpu-052,2469,38.3,61.5,507,10420,20.8
2026-06-06 12:00,hpc-gpu-061,2742,43.8,92.7,507,10976,23.3
2026-06-06 12:00,hpc-gpu-071,2602,41.0,86.2,850,8892,18.1
2026-06-06 12:00,hpc-gpu-080,1925,25.7,66.3,776,11492,24.3
2026-06-06 12:00,hpc-gpu-090,2949,50.8,69.1,898,11942,22.4
2026-06-06 12:00,hpc-cpu-003,733,0.0,87.9,112,7783,18.2
2026-06-06 12:00,hpc-cpu-013,470,0.0,74.5,174,11207,22.0
2026-06-06 12:00,hpc-cpu-022,718,0.0,48.3,327,9523,26.8
2026-06-06 12:00,infra-004,1202,0.0,71.1,63,6950,26.3
2026-06-06 12:00,infra-013,1496,0.0,78.8,189,9204,26.7
2026-06-06 13:00,hpc-gpu-007,2006,26.5,80.3,369,7648,24.6
2026-06-06 13:00,hpc-gpu-016,3044,52.0,53.5,702,10531,24.9
2026-06-06 13:00,hpc-gpu-026,3736,68.4,62.0,574,8540,25.7
2026-06-06 13:00,hpc-gpu-035,3242,56.6,56.0,755,11665,26.6
2026-06-06 13:00,hpc-gpu-045,3208,55.0,88.4,740,5119,19.1
2026-06-06 13:00,hpc-gpu-054,2376,35.5,22.4,766,6843,20.2
2026-06-06 13:00,hpc-gpu-064,3359,58.9,57.5,387,8277,20.1
2026-06-06 13:00,hpc-gpu-073,3565,63.1,92.7,847,6025,25.4
2026-06-06 13:00,hpc-gpu-083,3555,64.1,39.9,483,8648,21.3
2026-06-06 13:00,hpc-gpu-092,1972,25.4,35.7,321,5083,19.4
2026-06-06 13:00,hpc-cpu-006,848,0.0,54.6,352,10271,20.7
2026-06-06 13:00,hpc-cpu-015,864,0.0,83.3,240,11808,27.3
2026-06-06 13:00,hpc-cpu-025,840,0.0,84.0,121,8020,18.2
2026-06-06 13:00,infra-006,1288,0.0,47.6,313,11792,25.7
2026-06-06 13:00,infra-016,1517,0.0,21.9,341,6363,22.7
2026-06-06 14:00,hpc-gpu-009,2949,50.6,80.4,624,11687,25.0
2026-06-06 14:00,hpc-gpu-019,1900,23.7,93.3,594,11515,27.4
2026-06-06 14:00,hpc-gpu-028,3687,65.0,68.7,572,9306,21.1
2026-06-06 14:00,hpc-gpu-038,2876,47.1,47.1,514,7173,27.2
2026-06-06 14:00,hpc-gpu-047,1720,20.1,72.2,435,6438,25.3
2026-06-06 14:00,hpc-gpu-057,3303,56.6,39.5,814,11802,21.9
2026-06-06 14:00,hpc-gpu-066,2280,33.9,73.0,617,9336,26.1
2026-06-06 14:00,hpc-gpu-075,2326,34.0,27.8,286,6964,23.9
2026-06-06 14:00,hpc-gpu-085,2425,38.5,88.8,231,7112,27.3
2026-06-06 14:00,hpc-gpu-094,3527,63.4,62.5,766,8128,27.7
2026-06-06 14:00,hpc-cpu-008,765,0.0,69.8,336,5376,21.1
2026-06-06 14:00,hpc-cpu-017,883,0.0,85.2,192,6877,23.0
2026-06-06 14:00,hpc-cpu-027,887,0.0,38.2,274,9281,21.3
2026-06-06 14:00,infra-008,1309,0.0,81.6,370,7801,20.3
2026-06-06 15:00,hpc-gpu-002,2463,38.0,82.8,260,11501,20.2
2026-06-06 15:00,hpc-gpu-011,3757,68.2,27.4,441,6943,27.9
2026-06-06 15:00,hpc-gpu-021,3784,68.6,31.5,356,5897,27.4
2026-06-06 15:00,hpc-gpu-030,3649,65.9,83.6,584,8748,27.1
2026-06-06 15:00,hpc-gpu-040,3449,61.3,63.1,308,11809,23.2
2026-06-06 15:00,hpc-gpu-049,2522,38.9,83.4,411,9008,24.6
2026-06-06 15:00,hpc-gpu-059,3413,60.8,36.1,364,10623,22.9
2026-06-06 15:00,hpc-gpu-068,2995,50.5,25.5,542,9637,22.4
2026-06-06 15:00,hpc-gpu-078,3688,65.4,73.0,412,7291,21.1
2026-06-06 15:00,hpc-gpu-087,2990,51.6,51.6,516,6053,19.8
2026-06-06 15:00,hpc-cpu-001,659,0.0,29.9,117,9896,27.9
2026-06-06 15:00,hpc-cpu-010,799,0.0,34.3,136,8539,26.3
2026-06-06 15:00,hpc-cpu-020,736,0.0,22.5,51,6712,24.9
2026-06-06 15:00,infra-001,1268,0.0,36.3,109,7440,18.4
2026-06-06 15:00,infra-011,1613,0.0,21.0,80,10670,22.7
2026-06-06 16:00,hpc-gpu-004,2364,37.1,21.7,264,5860,22.1
2026-06-06 16:00,hpc-gpu-014,2542,40.9,72.1,294,10357,27.2
2026-06-06 16:00,hpc-gpu-023,3335,58.9,46.4,616,7070,24.5
2026-06-06 16:00,hpc-gpu-033,1891,24.6,87.6,739,9848,20.6
2026-06-06 16:00,hpc-gpu-042,2292,33.5,32.9,269,6092,23.5
2026-06-06 16:00,hpc-gpu-052,2370,36.5,44.6,345,11782,22.9
2026-06-06 16:00,hpc-gpu-061,1853,22.7,30.3,721,5487,18.9
2026-06-06 16:00,hpc-gpu-071,2469,38.6,86.0,398,8854,20.5
2026-06-06 16:00,hpc-gpu-080,3430,60.5,50.0,513,9397,25.1
2026-06-06 16:00,hpc-gpu-089,1822,23.7,70.5,319,8453,22.0
2026-06-06 16:00,hpc-cpu-003,715,0.0,36.1,308,5793,18.1
2026-06-06 16:00,hpc-cpu-012,832,0.0,39.8,93,8293,23.0
2026-06-06 16:00,hpc-cpu-022,743,0.0,72.6,291,5827,26.2
2026-06-06 16:00,infra-003,1458,0.0,27.4,90,9717,22.1
2026-06-06 16:00,infra-013,1158,0.0,30.9,257,11115,24.9
2026-06-06 17:00,hpc-gpu-006,3093,52.3,65.4,634,8590,20.1
2026-06-06 17:00,hpc-gpu-016,1831,24.5,90.5,725,9293,18.2
2026-06-06 17:00,hpc-gpu-025,2985,50.0,35.3,747,11707,24.5
2026-06-06 17:00,hpc-gpu-035,2605,41.0,79.7,769,11560,26.5
2026-06-06 17:00,hpc-gpu-044,2432,37.1,57.2,433,7572,28.0
2026-06-06 17:00,hpc-gpu-054,2510,40.0,78.3,250,11332,21.5
2026-06-06 17:00,hpc-gpu-063,2678,42.2,93.5,897,6260,18.7
2026-06-06 17:00,hpc-gpu-073,3113,53.1,79.5,326,9439,25.8
2026-06-06 17:00,hpc-gpu-082,3512,65.0,20.9,561,11821,18.2
2026-06-06 17:00,hpc-gpu-092,2545,39.1,43.0,878,11832,21.7
2026-06-06 17:00,hpc-cpu-005,635,0.0,77.1,290,7822,25.0
2026-06-06 17:00,hpc-cpu-015,823,0.0,85.0,335,8454,26.1
2026-06-06 17:00,hpc-cpu-024,631,0.0,76.9,94,9049,19.7
2026-06-06 17:00,infra-006,1267,0.0,60.8,157,9024,27.6
2026-06-06 17:00,infra-015,1535,0.0,54.5,132,10300,23.0
2026-06-06 18:00,hpc-gpu-009,1873,25.6,56.3,404,8908,26.0
2026-06-06 18:00,hpc-gpu-018,1848,24.6,40.3,689,7146,21.1
2026-06-06 18:00,hpc-gpu-028,2075,28.8,49.2,482,10285,20.8
2026-06-06 18:00,hpc-gpu-037,1937,25.1,34.6,884,8404,25.6
2026-06-06 18:00,hpc-gpu-047,1998,27.8,87.3,709,8868,20.4
2026-06-06 18:00,hpc-gpu-056,2312,34.6,81.9,352,9690,21.2
2026-06-06 18:00,hpc-gpu-066,3055,51.7,54.0,727,5787,21.1
2026-06-06 18:00,hpc-gpu-075,2104,29.6,85.5,416,10362,18.2
2026-06-06 18:00,hpc-gpu-085,3343,58.5,54.3,588,5597,21.8
2026-06-06 18:00,hpc-gpu-094,3336,58.2,69.4,321,11834,18.2
2026-06-06 18:00,hpc-cpu-007,629,0.0,23.8,372,11169,24.8
2026-06-06 18:00,hpc-cpu-017,805,0.0,45.9,286,7492,24.0
2026-06-06 18:00,hpc-cpu-026,641,0.0,75.4,81,9339,21.8
2026-06-06 18:00,infra-008,1179,0.0,53.2,153,10903,27.6
2026-06-06 19:00,hpc-gpu-001,2055,29.2,94.9,882,5624,20.4
2026-06-06 19:00,hpc-gpu-011,2358,34.9,43.2,506,5085,20.2
2026-06-06 19:00,hpc-gpu-020,3438,61.4,25.0,285,10856,24.7
2026-06-06 19:00,hpc-gpu-030,3802,69.9,52.5,496,9702,22.0
2026-06-06 19:00,hpc-gpu-039,2215,33.4,26.8,759,7426,22.2
2026-06-06 19:00,hpc-gpu-049,3329,57.6,56.1,372,7252,27.0
2026-06-06 19:00,hpc-gpu-058,3744,67.1,63.5,759,5678,19.2
2026-06-06 19:00,hpc-gpu-068,2454,37.8,21.4,711,6101,24.4
2026-06-06 19:00,hpc-gpu-077,3267,56.5,41.9,561,7080,25.1
2026-06-06 19:00,hpc-gpu-087,2625,41.7,72.8,719,5869,23.0
2026-06-06 19:00,hpc-gpu-096,3238,55.6,76.8,216,6609,19.9
2026-06-06 19:00,hpc-cpu-010,620,0.0,53.8,107,10922,19.5
2026-06-06 19:00,hpc-cpu-019,610,0.0,21.1,119,6907,25.9
2026-06-06 19:00,infra-001,1490,0.0,31.0,149,8611,25.8
2026-06-06 19:00,infra-010,1367,0.0,82.9,220,9082,19.4
2026-06-06 20:00,hpc-gpu-004,1917,25.1,64.5,367,10438,20.7
2026-06-06 20:00,hpc-gpu-013,3494,62.7,48.7,392,11209,24.7
2026-06-06 20:00,hpc-gpu-023,2959,49.9,71.3,380,5758,19.7
2026-06-06 20:00,hpc-gpu-032,1885,23.1,74.8,368,11872,23.3
2026-06-06 20:00,hpc-gpu-042,2056,28.6,36.1,759,9780,21.3
2026-06-06 20:00,hpc-gpu-051,1852,24.7,45.9,567,8282,22.1
2026-06-06 20:00,hpc-gpu-061,3303,57.1,59.9,219,8425,18.5
2026-06-06 20:00,hpc-gpu-070,1960,26.1,29.3,650,8288,26.2
2026-06-06 20:00,hpc-gpu-080,3295,58.0,20.6,653,5803,24.3
2026-06-06 20:00,hpc-gpu-089,2457,37.9,63.4,747,9461,27.1
2026-06-06 20:00,hpc-cpu-003,539,0.0,29.6,123,7999,21.7
2026-06-06 20:00,hpc-cpu-012,842,0.0,86.4,122,8623,23.9
2026-06-06 20:00,hpc-cpu-021,886,0.0,79.1,341,7956,19.5
2026-06-06 20:00,infra-003,953,0.0,56.9,141,8602,18.0
2026-06-06 20:00,infra-012,1176,0.0,49.5,118,11039,19.3
2026-06-06 21:00,hpc-gpu-006,1942,26.4,30.8,357,10476,27.4
2026-06-06 21:00,hpc-gpu-015,2427,38.0,76.2,740,7017,24.2
2026-06-06 21:00,hpc-gpu-025,3522,62.8,75.1,636,8747,24.2
2026-06-06 21:00,hpc-gpu-034,2524,40.0,63.0,293,9289,21.7
2026-06-06 21:00,hpc-gpu-044,2039,28.5,87.9,348,8435,20.1
2026-06-06 21:00,hpc-gpu-053,1721,20.4,32.1,405,9130,19.0
2026-06-06 21:00,hpc-gpu-063,3179,54.1,80.5,271,10722,20.9
2026-06-06 21:00,hpc-gpu-072,2515,39.1,93.5,760,6415,24.7
2026-06-06 21:00,hpc-gpu-082,2146,29.4,48.3,513,9595,24.2
2026-06-06 21:00,hpc-gpu-091,2760,45.3,81.2,665,6779,27.1
2026-06-06 21:00,hpc-cpu-005,868,0.0,22.2,124,8370,23.9
2026-06-06 21:00,hpc-cpu-014,726,0.0,81.1,140,11109,25.8
2026-06-06 21:00,hpc-cpu-024,631,0.0,46.9,279,9758,19.8
2026-06-06 21:00,infra-005,1130,0.0,38.0,203,10374,25.6
2026-06-06 21:00,infra-015,1291,0.0,72.0,315,8016,27.0
2026-06-06 22:00,hpc-gpu-008,3614,66.2,78.0,635,6714,22.7
2026-06-06 22:00,hpc-gpu-018,2420,37.6,53.0,878,8447,25.5
2026-06-06 22:00,hpc-gpu-027,2283,34.5,49.0,521,11183,25.3
2026-06-06 22:00,hpc-gpu-037,2849,46.7,33.1,579,9705,26.1
2026-06-06 22:00,hpc-gpu-046,2738,44.3,87.5,359,10456,20.4
2026-06-06 22:00,hpc-gpu-056,2282,32.8,90.3,590,11314,20.0
2026-06-06 22:00,hpc-gpu-065,3284,58.3,55.8,836,7049,24.9
2026-06-06 22:00,hpc-gpu-075,2089,29.4,79.3,656,8495,26.6
2026-06-06 22:00,hpc-gpu-084,3148,54.3,73.5,752,5359,25.4
2026-06-06 22:00,hpc-gpu-094,3443,60.9,63.8,524,10204,21.2
2026-06-06 22:00,hpc-cpu-007,701,0.0,78.1,132,6605,25.1
2026-06-06 22:00,hpc-cpu-017,947,0.0,59.2,143,6386,23.9
2026-06-06 22:00,hpc-cpu-026,611,0.0,33.5,60,8140,20.1
2026-06-06 22:00,infra-007,1474,0.0,83.3,275,8154,21.7
2026-06-06 23:00,hpc-gpu-001,1880,24.3,56.1,267,7512,23.6
2026-06-06 23:00,hpc-gpu-010,3461,61.5,37.7,578,6842,20.5
2026-06-06 23:00,hpc-gpu-020,1766,23.1,65.3,350,9648,23.7
2026-06-06 23:00,hpc-gpu-029,2439,37.9,89.6,745,6658,21.1
2026-06-06 23:00,hpc-gpu-039,2180,32.3,59.8,699,6482,26.2
2026-06-06 23:00,hpc-gpu-048,2807,44.5,40.6,248,7989,27.7
2026-06-06 23:00,hpc-gpu-058,2910,47.4,55.7,683,10551,26.6
2026-06-06 23:00,hpc-gpu-067,3033,51.4,64.1,598,5168,20.1
2026-06-06 23:00,hpc-gpu-077,1962,26.8,60.7,245,5428,26.2
2026-06-06 23:00,hpc-gpu-086,3356,58.3,30.5,850,9091,26.7
2026-06-06 23:00,hpc-gpu-096,2310,34.3,90.6,777,10726,24.4
2026-06-06 23:00,hpc-cpu-009,575,0.0,59.8,200,10090,27.9
2026-06-06 23:00,hpc-cpu-019,732,0.0,57.1,384,7205,19.6
2026-06-06 23:00,hpc-cpu-028,555,0.0,67.8,319,5896,21.8
2026-06-06 23:00,infra-010,1699,0.0,80.0,117,7141,20.1
2026-06-07 00:00,hpc-gpu-003,2403,36.0,89.3,340,9342,18.4
2026-06-07 00:00,hpc-gpu-013,3430,61.3,75.9,433,5558,22.4
2026-06-07 00:00,hpc-gpu-022,2366,35.6,51.7,392,10701,22.8
2026-06-07 00:00,hpc-gpu-032,2415,36.0,83.6,359,10318,20.5
2026-06-07 00:00,hpc-gpu-041,3520,62.2,32.8,332,8673,21.7
2026-06-07 00:00,hpc-gpu-051,3131,54.4,59.8,447,5780,21.4
2026-06-07 00:00,hpc-gpu-060,1835,24.1,32.4,378,5389,25.9
2026-06-07 00:00,hpc-gpu-070,2948,49.5,88.9,856,5236,25.3
2026-06-07 00:00,hpc-gpu-079,2992,50.8,30.9,751,5783,18.4
2026-06-07 00:00,hpc-gpu-089,3657,66.3,35.2,777,10152,26.3
2026-06-07 00:00,hpc-cpu-002,872,0.0,52.9,186,5403,26.9
2026-06-07 00:00,hpc-cpu-012,603,0.0,31.2,105,9689,18.0
2026-06-07 00:00,hpc-cpu-021,860,0.0,46.4,287,9640,25.0
2026-06-07 00:00,infra-003,1262,0.0,30.6,368,7298,22.3
2026-06-07 00:00,infra-012,1413,0.0,64.7,227,8309,27.5
2026-06-07 01:00,hpc-gpu-005,2361,36.5,88.4,346,7180,23.5
2026-06-07 01:00,hpc-gpu-015,2786,45.3,25.9,683,8310,18.6
2026-06-07 01:00,hpc-gpu-024,2942,49.6,58.7,651,11456,21.3
2026-06-07 01:00,hpc-gpu-034,2028,27.6,62.0,751,7191,23.0
2026-06-07 01:00,hpc-gpu-043,1892,25.5,28.4,827,6862,25.8
2026-06-07 01:00,hpc-gpu-053,1876,23.8,93.9,503,6113,20.8
2026-06-07 01:00,hpc-gpu-062,2255,33.2,57.8,253,5952,21.6
2026-06-07 01:00,hpc-gpu-072,3759,69.0,69.5,734,7785,27.4
2026-06-07 01:00,hpc-gpu-081,2322,34.3,84.6,261,5032,24.4
2026-06-07 01:00,hpc-gpu-091,3676,66.7,26.9,467,5029,23.2
2026-06-07 01:00,hpc-cpu-004,681,0.0,52.4,84,6954,19.5
2026-06-07 01:00,hpc-cpu-014,639,0.0,62.1,213,8604,25.1
2026-06-07 01:00,hpc-cpu-023,778,0.0,56.2,248,8267,22.8
2026-06-07 01:00,infra-005,1628,0.0,74.3,232,11800,22.7
2026-06-07 01:00,infra-014,1024,0.0,27.4,80,7332,19.5
2026-06-07 02:00,hpc-gpu-008,3345,59.5,26.3,346,5821,18.6
2026-06-07 02:00,hpc-gpu-017,3732,68.5,29.7,580,9948,22.9
2026-06-07 02:00,hpc-gpu-027,1755,20.6,39.7,323,11463,20.3
2026-06-07 02:00,hpc-gpu-036,3120,53.7,34.2,692,8801,19.2
2026-06-07 02:00,hpc-gpu-046,2942,49.0,39.0,557,10581,26.6
2026-06-07 02:00,hpc-gpu-055,3797,68.2,22.3,241,5881,19.9
2026-06-07 02:00,hpc-gpu-065,2669,42.4,48.2,277,10899,24.6
2026-06-07 02:00,hpc-gpu-074,2562,40.9,72.4,284,8203,18.8
2026-06-07 02:00,hpc-gpu-084,2643,42.8,35.9,386,8751,22.5
2026-06-07 02:00,hpc-gpu-093,2424,36.3,45.6,684,11472,23.4
2026-06-07 02:00,hpc-cpu-007,525,0.0,21.4,216,9034,27.1
2026-06-07 02:00,hpc-cpu-016,929,0.0,72.7,350,11468,27.8
2026-06-07 02:00,hpc-cpu-026,677,0.0,91.1,371,7780,24.5
2026-06-07 02:00,infra-007,1020,0.0,89.9,266,5623,22.3
2026-06-07 03:00,hpc-gpu-001,2241,33.1,54.0,667,7435,24.8
2026-06-07 03:00,hpc-gpu-010,2610,40.6,89.4,871,10558,21.0
2026-06-07 03:00,hpc-gpu-019,2246,33.4,56.7,451,8605,23.5
2026-06-07 03:00,hpc-gpu-029,2697,43.5,34.5,536,6155,27.1
2026-06-07 03:00,hpc-gpu-038,2016,28.2,66.0,361,10422,22.9
2026-06-07 03:00,hpc-gpu-048,3676,66.7,22.2,724,5111,19.0
2026-06-07 03:00,hpc-gpu-057,2274,35.0,56.3,463,11695,21.5
2026-06-07 03:00,hpc-gpu-067,3487,62.8,24.3,482,7882,20.3
2026-06-07 03:00,hpc-gpu-076,1789,23.6,55.2,740,8380,19.3
2026-06-07 03:00,hpc-gpu-086,3781,67.6,75.9,786,6842,19.6
2026-06-07 03:00,hpc-gpu-095,2936,48.8,29.0,525,9845,27.1
2026-06-07 03:00,hpc-cpu-009,573,0.0,25.0,103,9152,22.3
2026-06-07 03:00,hpc-cpu-018,615,0.0,46.6,197,11018,23.8
2026-06-07 03:00,hpc-cpu-028,805,0.0,46.0,200,9236,25.1
2026-06-07 03:00,infra-009,1198,0.0,95.0,354,8763,19.3
2026-06-07 04:00,hpc-gpu-003,2940,49.8,34.0,418,9057,26.2
2026-06-07 04:00,hpc-gpu-012,2946,48.8,23.1,742,6511,25.4
2026-06-07 04:00,hpc-gpu-022,3366,59.4,44.8,525,8168,27.2
2026-06-07 04:00,hpc-gpu-031,3064,51.6,86.2,837,9312,27.4
2026-06-07 04:00,hpc-gpu-041,3524,62.7,89.8,467,10633,23.8
2026-06-07 04:00,hpc-gpu-050,2573,41.0,67.0,751,8428,25.9
2026-06-07 04:00,hpc-gpu-060,2977,50.6,40.5,645,9875,25.8
2026-06-07 04:00,hpc-gpu-069,3025,50.5,66.6,535,10719,24.3
2026-06-07 04:00,hpc-gpu-079,3166,53.2,29.5,212,9502,20.1
2026-06-07 04:00,hpc-gpu-088,2434,37.1,94.4,206,5410,24.6
2026-06-07 04:00,hpc-cpu-002,521,0.0,94.6,287,7062,24.6
2026-06-07 04:00,hpc-cpu-011,660,0.0,46.6,278,5553,22.9
2026-06-07 04:00,hpc-cpu-021,769,0.0,90.5,357,7968,23.9
2026-06-07 04:00,infra-002,1052,0.0,62.6,60,6963,20.3
2026-06-07 04:00,infra-012,1149,0.0,69.6,68,10262,20.1
2026-06-07 05:00,hpc-gpu-005,3463,61.3,80.4,767,9618,27.4
2026-06-07 05:00,hpc-gpu-015,3395,59.8,52.5,452,6154,18.6
2026-06-07 05:00,hpc-gpu-024,3181,55.7,60.7,356,11318,23.2
2026-06-07 05:00,hpc-gpu-033,3778,68.9,75.1,651,11996,20.5
2026-06-07 05:00,hpc-gpu-043,1964,26.1,86.2,524,7248,25.8
2026-06-07 05:00,hpc-gpu-052,1987,27.6,45.2,541,8733,19.7
2026-06-07 05:00,hpc-gpu-062,3546,63.3,94.5,597,6015,23.0
2026-06-07 05:00,hpc-gpu-071,3572,63.1,67.0,284,6553,20.1
2026-06-07 05:00,hpc-gpu-081,2885,47.9,23.6,497,5126,19.5
2026-06-07 05:00,hpc-gpu-090,3508,62.0,67.3,386,10214,19.0
2026-06-07 05:00,hpc-cpu-004,596,0.0,63.4,57,5620,22.2
2026-06-07 05:00,hpc-cpu-013,597,0.0,79.4,100,5341,22.0
2026-06-07 05:00,hpc-cpu-023,768,0.0,78.7,396,7658,21.9
2026-06-07 05:00,infra-004,1396,0.0,78.3,254,10570,23.1
2026-06-07 05:00,infra-014,935,0.0,38.5,102,5473,20.6
2026-06-07 06:00,hpc-gpu-007,2975,50.1,29.2,365,9782,24.6
2026-06-07 06:00,hpc-gpu-017,3845,69.6,58.2,241,10593,26.3
2026-06-07 06:00,hpc-gpu-026,1775,22.3,63.4,357,8101,27.9
2026-06-07 06:00,hpc-gpu-036,2394,38.3,62.1,497,5837,22.4
2026-06-07 06:00,hpc-gpu-045,2887,47.1,46.3,555,8298,27.2
2026-06-07 06:00,hpc-gpu-055,1762,21.3,86.1,579,5190,22.9
2026-06-07 06:00,hpc-gpu-064,2859,47.1,30.6,305,5880,19.0
2026-06-07 06:00,hpc-gpu-074,1999,27.3,82.5,627,6384,26.6
2026-06-07 06:00,hpc-gpu-083,2822,46.9,21.1,326,10842,24.4
2026-06-07 06:00,hpc-gpu-093,2551,40.2,34.3,873,7803,27.0
2026-06-07 06:00,hpc-cpu-006,536,0.0,60.1,235,5597,18.2
2026-06-07 06:00,hpc-cpu-016,532,0.0,58.3,292,5727,20.6
2026-06-07 06:00,hpc-cpu-025,835,0.0,51.9,265,8599,19.8
2026-06-07 06:00,infra-007,1296,0.0,51.3,262,10565,25.2
2026-06-07 06:00,infra-016,1036,0.0,51.2,301,10479,21.5
2026-06-07 07:00,hpc-gpu-010,2457,39.2,31.6,641,9173,25.1
2026-06-07 07:00,hpc-gpu-019,3520,62.3,70.7,242,5856,26.1
2026-06-07 07:00,hpc-gpu-029,2033,26.7,82.3,754,9870,26.3
2026-06-07 07:00,hpc-gpu-038,1994,26.8,53.4,273,11868,25.2
2026-06-07 07:00,hpc-gpu-047,3479,62.8,35.2,717,9483,23.8
2026-06-07 07:00,hpc-gpu-057,3729,69.4,73.2,680,9198,21.9
2026-06-07 07:00,hpc-gpu-066,2287,34.4,72.1,274,9975,18.2
2026-06-07 07:00,hpc-gpu-076,2364,35.8,94.3,498,10671,19.6
2026-06-07 07:00,hpc-gpu-085,1842,22.5,74.7,879,11353,19.4
2026-06-07 07:00,hpc-gpu-095,2942,49.5,71.2,615,6123,19.1
2026-06-07 07:00,hpc-cpu-008,785,0.0,21.0,284,8403,22.3
2026-06-07 07:00,hpc-cpu-018,704,0.0,20.6,123,11419,23.8
2026-06-07 07:00,hpc-cpu-027,892,0.0,84.9,255,8608,19.9
2026-06-07 07:00,infra-009,1339,0.0,82.8,141,9385,20.3
2026-06-07 08:00,hpc-gpu-002,3808,69.1,69.4,457,9134,18.7
2026-06-07 08:00,hpc-gpu-012,2096,28.8,21.2,413,6933,22.8
2026-06-07 08:00,hpc-gpu-021,3348,59.3,68.4,734,5956,27.7
2026-06-07 08:00,hpc-gpu-031,3494,62.9,76.0,788,5764,22.2
2026-06-07 08:00,hpc-gpu-040,3733,68.6,57.4,321,9669,26.7
2026-06-07 08:00,hpc-gpu-050,3084,51.9,30.5,690,6356,22.1
2026-06-07 08:00,hpc-gpu-059,3728,67.9,86.6,583,9579,22.3
2026-06-07 08:00,hpc-gpu-069,3078,51.9,42.6,364,10195,21.1
2026-06-07 08:00,hpc-gpu-078,2686,43.1,44.6,845,9410,19.6
2026-06-07 08:00,hpc-gpu-088,2446,37.0,40.8,661,11742,20.6
2026-06-07 08:00,hpc-cpu-001,678,0.0,75.6,279,10276,26.6
2026-06-07 08:00,hpc-cpu-011,611,0.0,47.3,377,5579,26.6
2026-06-07 08:00,hpc-cpu-020,760,0.0,61.1,77,10934,18.9
2026-06-07 08:00,infra-002,945,0.0,54.7,258,8322,18.7
2026-06-07 08:00,infra-011,1397,0.0,50.2,163,11992,19.5
2026-06-07 09:00,hpc-gpu-005,2287,34.0,64.8,613,5923,22.0
2026-06-07 09:00,hpc-gpu-014,2997,50.2,40.3,846,7992,25.1
2026-06-07 09:00,hpc-gpu-024,2950,49.3,37.7,335,7223,20.7
2026-06-07 09:00,hpc-gpu-033,2811,46.4,23.1,878,5643,19.6
2026-06-07 09:00,hpc-gpu-043,2084,28.8,40.5,876,10855,19.7
2026-06-07 09:00,hpc-gpu-052,2674,43.2,64.6,429,6020,18.6
2026-06-07 09:00,hpc-gpu-061,3318,57.7,20.1,404,6939,23.3
2026-06-07 09:00,hpc-gpu-071,3562,64.8,73.9,540,5620,26.3
2026-06-07 09:00,hpc-gpu-080,3641,65.5,63.0,841,10909,22.2
2026-06-07 09:00,hpc-gpu-090,3532,63.1,75.8,885,10196,18.6
2026-06-07 09:00,hpc-cpu-003,867,0.0,30.5,124,6178,22.1
2026-06-07 09:00,hpc-cpu-013,621,0.0,31.7,389,7660,22.5
2026-06-07 09:00,hpc-cpu-022,820,0.0,31.9,187,8968,18.5
2026-06-07 09:00,infra-004,1311,0.0,62.5,355,6685,25.5
2026-06-07 09:00,infra-013,1127,0.0,27.7,282,11957,27.2
2026-06-07 10:00,hpc-gpu-007,2946,50.1,39.8,756,10250,20.4
2026-06-07 10:00,hpc-gpu-016,2317,33.9,63.3,664,11988,23.1
2026-06-07 10:00,hpc-gpu-026,2890,49.6,39.7,388,11520,18.4
2026-06-07 10:00,hpc-gpu-035,3346,58.8,31.0,656,9703,26.2
2026-06-07 10:00,hpc-gpu-045,1816,22.2,81.7,594,8510,25.6
2026-06-07 10:00,hpc-gpu-054,2570,40.9,74.3,677,5183,18.3
2026-06-07 10:00,hpc-gpu-064,3042,51.2,26.1,878,9274,23.6
2026-06-07 10:00,hpc-gpu-073,3191,54.2,94.6,764,8215,20.9
2026-06-07 10:00,hpc-gpu-083,2822,45.0,60.3,222,6359,22.3
2026-06-07 10:00,hpc-gpu-092,3448,59.9,76.4,702,10857,20.0
2026-06-07 10:00,hpc-cpu-006,655,0.0,83.6,73,7261,25.3
2026-06-07 10:00,hpc-cpu-015,844,0.0,88.9,233,11389,22.0
2026-06-07 10:00,hpc-cpu-025,827,0.0,58.1,115,6988,23.8
2026-06-07 10:00,infra-006,1054,0.0,49.2,315,9180,25.5
2026-06-07 10:00,infra-016,1068,0.0,38.5,380,11666,20.9
2026-06-07 11:00,hpc-gpu-009,3355,58.8,29.5,757,7257,18.6
2026-06-07 11:00,hpc-gpu-019,2490,39.0,28.7,679,10663,24.2
2026-06-07 11:00,hpc-gpu-028,3053,52.3,78.9,608,11295,26.1
2026-06-07 11:00,hpc-gpu-038,2490,38.8,89.8,255,6687,27.6
2026-06-07 11:00,hpc-gpu-047,2372,36.4,45.3,254,10541,21.2
2026-06-07 11:00,hpc-gpu-057,3127,54.4,44.6,589,7110,22.2
2026-06-07 11:00,hpc-gpu-066,2755,44.4,65.8,442,6974,27.3
2026-06-07 11:00,hpc-gpu-075,2205,32.3,81.7,856,10198,24.7
2026-06-07 11:00,hpc-gpu-085,3447,61.3,45.9,636,10060,23.0
2026-06-07 11:00,hpc-gpu-094,2219,32.5,68.1,428,7234,27.6
2026-06-07 11:00,hpc-cpu-008,672,0.0,93.4,349,9860,21.6
2026-06-07 11:00,hpc-cpu-017,664,0.0,59.6,391,6727,26.4
2026-06-07 11:00,hpc-cpu-027,727,0.0,54.4,51,8914,22.4
2026-06-07 11:00,infra-008,1212,0.0,37.8,103,8511,27.0
2026-06-07 12:00,hpc-gpu-002,3590,63.0,32.8,876,10853,20.6
2026-06-07 12:00,hpc-gpu-011,3520,63.6,68.9,715,8680,20.8
2026-06-07 12:00,hpc-gpu-021,3502,61.9,45.5,599,8616,23.8
2026-06-07 12:00,hpc-gpu-030,3691,68.7,76.2,739,8060,21.6
2026-06-07 12:00,hpc-gpu-040,3201,54.4,48.3,745,5516,22.6
2026-06-07 12:00,hpc-gpu-049,1827,24.1,48.8,512,8298,22.4
2026-06-07 12:00,hpc-gpu-059,3695,67.8,69.2,676,5137,19.0
2026-06-07 12:00,hpc-gpu-068,3790,68.8,26.2,450,9428,27.5
2026-06-07 12:00,hpc-gpu-078,2058,27.7,75.8,388,7757,24.0
2026-06-07 12:00,hpc-gpu-087,3575,64.3,26.9,215,10349,18.8
2026-06-07 12:00,hpc-cpu-001,597,0.0,73.8,388,7667,24.4
2026-06-07 12:00,hpc-cpu-010,620,0.0,81.0,177,5721,22.7
2026-06-07 12:00,hpc-cpu-020,714,0.0,33.8,314,11983,20.0
2026-06-07 12:00,infra-001,1624,0.0,66.6,338,10549,23.7
2026-06-07 12:00,infra-011,1353,0.0,73.8,315,10683,22.0
2026-06-07 13:00,hpc-gpu-004,2001,26.7,62.6,641,9812,19.6
2026-06-07 13:00,hpc-gpu-014,1918,26.0,92.0,720,7246,25.1
2026-06-07 13:00,hpc-gpu-023,2069,28.4,57.1,573,5529,21.8
2026-06-07 13:00,hpc-gpu-033,2496,37.8,50.4,284,11702,21.9
2026-06-07 13:00,hpc-gpu-042,1998,26.6,41.3,764,9165,21.1
2026-06-07 13:00,hpc-gpu-052,2735,44.1,47.8,545,6086,24.7
2026-06-07 13:00,hpc-gpu-061,1840,23.2,54.0,871,5007,24.0
2026-06-07 13:00,hpc-gpu-071,2601,40.7,34.3,469,5947,19.1
2026-06-07 13:00,hpc-gpu-080,3587,64.7,89.4,677,7025,22.8
2026-06-07 13:00,hpc-gpu-089,3007,50.2,30.7,772,5155,22.6
2026-06-07 13:00,hpc-cpu-003,580,0.0,70.8,333,9268,19.9
2026-06-07 13:00,hpc-cpu-012,682,0.0,94.6,80,9209,25.2
2026-06-07 13:00,hpc-cpu-022,882,0.0,27.4,295,8034,19.9
2026-06-07 13:00,infra-003,1485,0.0,92.6,88,10107,25.4
2026-06-07 13:00,infra-013,1578,0.0,93.5,109,9036,25.3
2026-06-07 14:00,hpc-gpu-006,2428,37.5,59.4,303,9022,22.7
2026-06-07 14:00,hpc-gpu-016,1859,23.5,33.3,461,6980,24.3
2026-06-07 14:00,hpc-gpu-025,1889,24.7,50.6,437,7858,26.7
2026-06-07 14:00,hpc-gpu-035,1872,25.4,68.9,302,9120,23.7
2026-06-07 14:00,hpc-gpu-044,3798,69.0,40.6,854,9614,18.3
2026-06-07 14:00,hpc-gpu-054,2550,40.7,81.9,435,10063,27.7
2026-06-07 14:00,hpc-gpu-063,3466,61.8,84.4,886,11193,26.6
2026-06-07 14:00,hpc-gpu-073,1740,20.4,46.5,290,9747,21.0
2026-06-07 14:00,hpc-gpu-082,2081,28.3,38.7,747,7720,25.9
2026-06-07 14:00,hpc-gpu-092,3003,50.4,55.4,783,5414,22.4
2026-06-07 14:00,hpc-cpu-005,698,0.0,58.1,193,6051,23.7
2026-06-07 14:00,hpc-cpu-015,837,0.0,54.4,321,5680,27.4
2026-06-07 14:00,hpc-cpu-024,943,0.0,86.5,152,11892,26.0
2026-06-07 14:00,infra-006,1428,0.0,67.7,88,7946,26.4
2026-06-07 14:00,infra-015,1410,0.0,22.6,279,7098,19.8
2026-06-07 15:00,hpc-gpu-009,2932,49.9,74.6,799,11167,20.6
2026-06-07 15:00,hpc-gpu-018,2069,29.9,88.4,718,7936,21.0
2026-06-07 15:00,hpc-gpu-028,3106,52.4,81.0,243,6096,22.6
2026-06-07 15:00,hpc-gpu-037,2462,37.8,94.7,822,11468,21.6
2026-06-07 15:00,hpc-gpu-047,3732,67.5,88.5,742,6779,20.4
2026-06-07 15:00,hpc-gpu-056,2241,31.5,67.9,336,8563,25.4
2026-06-07 15:00,hpc-gpu-066,3198,53.7,66.6,655,9410,20.8
2026-06-07 15:00,hpc-gpu-075,3190,54.8,93.6,311,11815,20.3
2026-06-07 15:00,hpc-gpu-085,2769,44.6,57.0,496,9739,23.9
2026-06-07 15:00,hpc-gpu-094,3512,62.5,55.0,637,6284,18.2
2026-06-07 15:00,hpc-cpu-007,730,0.0,94.0,107,5948,21.6
2026-06-07 15:00,hpc-cpu-017,709,0.0,60.3,179,6449,21.0
2026-06-07 15:00,hpc-cpu-026,728,0.0,43.3,362,7135,24.5
2026-06-07 15:00,infra-008,996,0.0,79.0,136,5437,26.9
2026-06-07 16:00,hpc-gpu-001,1999,26.0,78.7,268,6934,21.5
2026-06-07 16:00,hpc-gpu-011,2448,37.0,74.7,681,5268,23.9
2026-06-07 16:00,hpc-gpu-020,1755,20.9,48.9,485,10817,20.7
2026-06-07 16:00,hpc-gpu-030,2939,50.8,71.0,262,6239,23.5
2026-06-07 16:00,hpc-gpu-039,2197,30.4,64.1,545,9840,26.9
2026-06-07 16:00,hpc-gpu-049,3312,56.9,67.8,421,6961,25.9
2026-06-07 16:00,hpc-gpu-058,2666,42.5,42.7,493,8116,19.2
2026-06-07 16:00,hpc-gpu-068,3197,55.9,55.9,719,10212,26.1
2026-06-07 16:00,hpc-gpu-077,1935,24.5,20.7,714,11884,26.5
2026-06-07 16:00,hpc-gpu-087,3745,66.9,72.5,298,6244,27.4
2026-06-07 16:00,hpc-gpu-096,2709,44.4,73.8,888,8150,27.7
2026-06-07 16:00,hpc-cpu-010,487,0.0,82.2,174,10149,21.4
2026-06-07 16:00,hpc-cpu-019,589,0.0,77.3,59,6826,22.6
2026-06-07 16:00,infra-001,1282,0.0,67.2,158,5354,21.4
2026-06-07 16:00,infra-010,1153,0.0,90.3,290,11316,20.7
2026-06-07 17:00,hpc-gpu-004,2819,45.9,94.6,263,11323,21.7
2026-06-07 17:00,hpc-gpu-013,1899,24.3,68.1,572,10134,23.2
2026-06-07 17:00,hpc-gpu-023,3110,53.1,40.2,339,5441,26.9
2026-06-07 17:00,hpc-gpu-032,2076,29.4,78.2,264,10736,21.7
2026-06-07 17:00,hpc-gpu-042,2181,32.8,54.8,352,5105,23.2
2026-06-07 17:00,hpc-gpu-051,3594,64.4,25.8,220,8269,20.6
2026-06-07 17:00,hpc-gpu-061,3080,52.4,80.0,241,9777,19.1
2026-06-07 17:00,hpc-gpu-070,2400,36.2,29.9,297,5731,25.3
2026-06-07 17:00,hpc-gpu-080,2369,36.3,46.2,359,5931,24.8
2026-06-07 17:00,hpc-gpu-089,2285,33.4,50.1,244,8407,22.5
2026-06-07 17:00,hpc-cpu-003,521,0.0,48.3,276,6960,27.1
2026-06-07 17:00,hpc-cpu-012,692,0.0,60.8,217,6062,24.7
2026-06-07 17:00,hpc-cpu-021,804,0.0,28.1,294,6110,27.8
2026-06-07 17:00,infra-003,1088,0.0,33.1,350,5455,23.7
2026-06-07 17:00,infra-012,894,0.0,81.2,210,8549,27.8
2026-06-07 18:00,hpc-gpu-006,2414,37.2,20.4,602,11756,28.0
2026-06-07 18:00,hpc-gpu-015,1870,24.0,78.9,307,9651,19.2
2026-06-07 18:00,hpc-gpu-025,3798,69.5,31.7,447,7287,21.0
2026-06-07 18:00,hpc-gpu-034,2702,44.1,38.7,206,11399,27.8
2026-06-07 18:00,hpc-gpu-044,3434,60.0,61.9,712,5844,19.9
2026-06-07 18:00,hpc-gpu-053,3122,53.7,43.6,535,10721,21.4
2026-06-07 18:00,hpc-gpu-063,2317,35.0,49.6,328,9445,25.7
2026-06-07 18:00,hpc-gpu-072,3512,62.7,41.0,319,5470,25.0
2026-06-07 18:00,hpc-gpu-082,3422,60.8,83.1,254,8491,22.1
2026-06-07 18:00,hpc-gpu-091,2448,38.5,33.5,384,9723,23.8
2026-06-07 18:00,hpc-cpu-005,935,0.0,33.4,329,8407,18.5
2026-06-07 18:00,hpc-cpu-014,633,0.0,55.8,232,6727,24.3
2026-06-07 18:00,hpc-cpu-024,903,0.0,75.0,233,7706,27.0
2026-06-07 18:00,infra-005,1181,0.0,50.3,314,11547,25.3
2026-06-07 18:00,infra-015,1272,0.0,45.7,364,10142,21.4
2026-06-07 19:00,hpc-gpu-008,1816,23.4,20.6,216,7756,27.1
2026-06-07 19:00,hpc-gpu-018,2672,42.4,94.4,758,5906,27.8
2026-06-07 19:00,hpc-gpu-027,1710,20.7,55.5,263,11763,26.4
2026-06-07 19:00,hpc-gpu-037,2455,38.9,62.5,605,11885,19.1
2026-06-07 19:00,hpc-gpu-046,3711,67.3,87.7,868,11815,19.1
2026-06-07 19:00,hpc-gpu-056,2444,38.0,59.9,270,7902,24.4
2026-06-07 19:00,hpc-gpu-065,3503,62.4,69.7,871,7174,18.4
2026-06-07 19:00,hpc-gpu-075,3612,64.3,66.1,781,6556,20.1
2026-06-07 19:00,hpc-gpu-084,2225,32.1,84.9,875,7728,27.3
2026-06-07 19:00,hpc-gpu-094,1797,23.3,81.8,619,6872,27.9
2026-06-07 19:00,hpc-cpu-007,706,0.0,76.1,59,7003,26.4
2026-06-07 19:00,hpc-cpu-017,850,0.0,88.7,350,8200,27.0
2026-06-07 19:00,hpc-cpu-026,821,0.0,60.9,132,9991,24.6
2026-06-07 19:00,infra-007,1392,0.0,47.6,208,6938,27.7
2026-06-07 20:00,hpc-gpu-001,2968,49.2,84.1,341,8297,27.3
2026-06-07 20:00,hpc-gpu-010,3535,64.3,58.3,782,8572,23.0
2026-06-07 20:00,hpc-gpu-020,1924,25.9,87.8,678,8635,22.1
2026-06-07 20:00,hpc-gpu-029,2944,48.1,91.9,551,7389,18.6
2026-06-07 20:00,hpc-gpu-039,1865,24.1,72.8,723,11728,21.0
2026-06-07 20:00,hpc-gpu-048,3242,56.2,68.0,379,8493,18.5
2026-06-07 20:00,hpc-gpu-058,2910,49.0,82.3,815,10893,19.6
2026-06-07 20:00,hpc-gpu-067,3623,64.5,43.7,895,6575,18.2
2026-06-07 20:00,hpc-gpu-077,2361,35.8,94.9,453,8325,21.1
2026-06-07 20:00,hpc-gpu-086,1979,27.2,89.7,470,5310,22.2
2026-06-07 20:00,hpc-gpu-096,2758,43.7,30.3,217,7927,23.3
2026-06-07 20:00,hpc-cpu-009,527,0.0,61.3,262,8199,22.4
2026-06-07 20:00,hpc-cpu-019,499,0.0,78.0,356,7461,19.4
2026-06-07 20:00,hpc-cpu-028,914,0.0,67.6,340,9381,26.3
2026-06-07 20:00,infra-010,1529,0.0,61.4,185,5756,22.2
2026-06-07 21:00,hpc-gpu-003,1861,24.1,85.2,639,5772,18.8
2026-06-07 21:00,hpc-gpu-013,2960,49.3,53.8,375,6573,24.5
2026-06-07 21:00,hpc-gpu-022,1875,23.2,92.1,879,8822,22.2
2026-06-07 21:00,hpc-gpu-032,3053,51.8,85.8,503,11879,21.9
2026-06-07 21:00,hpc-gpu-041,1815,22.7,91.2,278,7593,22.7
2026-06-07 21:00,hpc-gpu-051,2060,28.4,64.6,469,7540,20.9
2026-06-07 21:00,hpc-gpu-060,2633,42.1,63.9,358,5132,22.5
2026-06-07 21:00,hpc-gpu-070,2022,27.4,45.5,359,5837,23.2
2026-06-07 21:00,hpc-gpu-079,2367,34.6,41.8,241,9799,23.0
2026-06-07 21:00,hpc-gpu-089,1731,20.1,74.4,421,5589,24.3
2026-06-07 21:00,hpc-cpu-002,585,0.0,87.0,310,5229,25.6
2026-06-07 21:00,hpc-cpu-012,802,0.0,30.9,66,8187,27.7
2026-06-07 21:00,hpc-cpu-021,622,0.0,80.0,326,6833,25.6
2026-06-07 21:00,infra-003,936,0.0,84.7,253,7022,20.4
2026-06-07 21:00,infra-012,1339,0.0,60.8,392,8255,27.1
2026-06-07 22:00,hpc-gpu-005,2110,30.5,20.2,524,8569,25.4
2026-06-07 22:00,hpc-gpu-015,2775,44.5,43.7,777,7232,23.5
2026-06-07 22:00,hpc-gpu-024,2396,36.5,42.6,342,11843,19.5
2026-06-07 22:00,hpc-gpu-034,2276,32.8,38.4,882,6681,27.0
2026-06-07 22:00,hpc-gpu-043,1935,26.4,66.8,758,6367,26.7
2026-06-07 22:00,hpc-gpu-053,3381,59.7,92.1,505,10852,27.4
2026-06-07 22:00,hpc-gpu-062,2554,39.8,60.6,867,6299,19.6
2026-06-07 22:00,hpc-gpu-072,2264,34.3,91.5,503,8441,25.4
2026-06-07 22:00,hpc-gpu-081,3832,70.0,60.4,850,9760,26.9
2026-06-07 22:00,hpc-gpu-091,2968,49.8,32.0,760,7299,20.2
2026-06-07 22:00,hpc-cpu-004,806,0.0,90.1,221,10494,27.4
2026-06-07 22:00,hpc-cpu-014,911,0.0,80.3,62,8668,21.4
2026-06-07 22:00,hpc-cpu-023,680,0.0,46.4,167,9648,22.5
2026-06-07 22:00,infra-005,1358,0.0,55.4,101,8016,27.0
2026-06-07 22:00,infra-014,1353,0.0,46.6,199,7433,27.7
2026-06-07 23:00,hpc-gpu-008,3442,61.2,44.0,518,10991,22.0
2026-06-07 23:00,hpc-gpu-017,2594,41.4,78.0,866,10309,25.9
2026-06-07 23:00,hpc-gpu-027,2129,30.1,75.2,760,8673,24.6
2026-06-07 23:00,hpc-gpu-036,3525,62.2,53.7,285,9552,21.5
2026-06-07 23:00,hpc-gpu-046,2592,41.3,30.0,271,7330,25.4
2026-06-07 23:00,hpc-gpu-055,2169,31.9,94.7,322,10260,26.3
2026-06-07 23:00,hpc-gpu-065,3577,63.8,28.2,368,7327,24.6
2026-06-07 23:00,hpc-gpu-074,3287,58.0,59.1,620,7080,27.7
2026-06-07 23:00,hpc-gpu-084,3045,52.1,89.7,783,8838,18.2
2026-06-07 23:00,hpc-gpu-093,3474,61.1,90.8,502,6752,25.9
2026-06-07 23:00,hpc-cpu-007,666,0.0,69.3,308,7007,25.6
2026-06-07 23:00,hpc-cpu-016,580,0.0,51.4,124,7228,27.5
2026-06-07 23:00,hpc-cpu-026,645,0.0,49.6,323,5050,26.4
2026-06-07 23:00,infra-007,1385,0.0,35.6,255,11341,27.6
