Category,Subcategory,FY2025_Actual,FY2026_Estimated,FY2027_Proposed,Notes,_Sheet,Item,Qty,Unit_Cost,Extended,Vendor,Quote,Lead_Weeks,Software,Type,Current,Budget,Renewal,Position,Salary,Benefits_30,Total,Month,IT_kWh,Cooling_kWh,Total_kWh,Demand_kW,Blended_Rate,Energy_Cost,Demand_Charge,Distribution,Total_Monthly,Year,FY,HW_Amortization,Power,Cooling,Staffing,Maintenance,Facility_Mods,Training,Contingency,Discount_Factor,Undiscounted_Total,NPV_Total,Budgeted,Actual,Variance,Accrued,Part_Number,Quantity,Extended_Cost,Delivery_Status,PO_Number,Invoice,Seats_Current,Seats_Used,Peak_Concurrent,License_Type,Fiscal_Year,Month_Num,Variance_PCT,GL_Account,Cost_Center,Fund_Code,Approval_Status,NPV_Discount,NPV_Monthly,FA_Rate_Applied,Direct_Cost_Base,Depreciation_Period_Years,Original_Cost,IT_Load_kW,Rate_per_kWh,Hours,kWh
Hardware Capital,Compute Nodes,0.0,850000.0,10560000.0,64x NexaGen X9000,Budget Summary,,,,,,,,,,,,,,,,,,,,,,,,,,,,,,,,,,,,,,,,,,,,,,,,,,,,,,,,,,,,,,,,,,,,,,
Staffing,Existing Staff (12 FTE),1520000.0,1584000.0,1648400.0,4% annual increase,Budget Summary,,,,,,,,,,,,,,,,,,,,,,,,,,,,,,,,,,,,,,,,,,,,,,,,,,,,,,,,,,,,,,,48.0,,,,,,,
Staffing,Migration Staff (2 FTE),0.0,0.0,247000.0,12-month temporary,Budget Summary,,,,,,,,,,,,,,,,,,,,,,,,,,,,,,,,,,,,,,,,,,,,,,,,,,,,,,,,,,,,,,,48.0,,,,,,,
Staffing,Training,25000.0,30000.0,48000.0,Vendor training package,Budget Summary,,,,,,,,,,,,,,,,,,,,,,,,,,,,,,,,,,,,,,,,,,,,,,,,,,,,,,,,,,,,,,,48.0,,,,,,,
Staffing,Existing Staff (12 FTE),,,,,Monthly_Actuals,,,,,,,,,,,,,,,,,Jan,,,,,,,,,,,,,,,,,,,,,,,137366.67,142238.43,0.0,15125.76,,,,,,,,,,,,,,,,,,,,48.0,,,,,,,
Staffing,Existing Staff (12 FTE),,,,,Monthly_Actuals,,,,,,,,,,,,,,,,,Feb,,,,,,,,,,,,,,,,,,,,,,,137366.67,120227.71,0.0,23365.65,,,,,,,,,,,,,,,,,,,,48.0,,,,,,,
Staffing,Existing Staff (12 FTE),,,,,Monthly_Actuals,,,,,,,,,,,,,,,,,Mar,,,,,,,,,,,,,,,,,,,,,,,137366.67,119760.23,0.0,25026.28,,,,,,,,,,,,,,,,,,,,48.0,,,,,,,
Staffing,Existing Staff (12 FTE),,,,,Monthly_Actuals,,,,,,,,,,,,,,,,,Apr,,,,,,,,,,,,,,,,,,,,,,,137366.67,145865.91,0.0,14854.13,,,,,,,,,,,,,,,,,,,,48.0,,,,,,,
Staffing,Existing Staff (12 FTE),,,,,Monthly_Actuals,,,,,,,,,,,,,,,,,May,,,,,,,,,,,,,,,,,,,,,,,137366.67,120257.83,0.0,27289.81,,,,,,,,,,,,,,,,,,,,48.0,,,,,,,
Staffing,Existing Staff (12 FTE),,,,,Monthly_Actuals,,,,,,,,,,,,,,,,,Jun,,,,,,,,,,,,,,,,,,,,,,,137366.67,132185.37,0.0,18828.05,,,,,,,,,,,,,,,,,,,,48.0,,,,,,,
Staffing,Existing Staff (12 FTE),,,,,Monthly_Actuals,,,,,,,,,,,,,,,,,Jul,,,,,,,,,,,,,,,,,,,,,,,137366.67,150257.14,0.0,26748.7,,,,,,,,,,,,,,,,,,,,48.0,,,,,,,
Staffing,Existing Staff (12 FTE),,,,,Monthly_Actuals,,,,,,,,,,,,,,,,,Aug,,,,,,,,,,,,,,,,,,,,,,,137366.67,157394.77,0.0,24085.57,,,,,,,,,,,,,,,,,,,,48.0,,,,,,,
Staffing,Existing Staff (12 FTE),,,,,Monthly_Actuals,,,,,,,,,,,,,,,,,Sep,,,,,,,,,,,,,,,,,,,,,,,137366.67,132267.32,0.0,14883.69,,,,,,,,,,,,,,,,,,,,48.0,,,,,,,
Staffing,Existing Staff (12 FTE),,,,,Monthly_Actuals,,,,,,,,,,,,,,,,,Oct,,,,,,,,,,,,,,,,,,,,,,,137366.67,148787.89,0.0,21407.28,,,,,,,,,,,,,,,,,,,,48.0,,,,,,,
Staffing,Existing Staff (12 FTE),,,,,Monthly_Actuals,,,,,,,,,,,,,,,,,Nov,,,,,,,,,,,,,,,,,,,,,,,137366.67,134243.86,0.0,26186.95,,,,,,,,,,,,,,,,,,,,48.0,,,,,,,
Staffing,Existing Staff (12 FTE),,,,,Monthly_Actuals,,,,,,,,,,,,,,,,,Dec,,,,,,,,,,,,,,,,,,,,,,,137366.67,121344.11,0.0,20503.69,,,,,,,,,,,,,,,,,,,,48.0,,,,,,,
Staffing,Migration Staff (2 FTE),,,,,Monthly_Actuals,,,,,,,,,,,,,,,,,Jan,,,,,,,,,,,,,,,,,,,,,,,20583.33,17565.94,0.0,3022.99,,,,,,,,,,,,,,,,,,,,48.0,,,,,,,
Staffing,Migration Staff (2 FTE),,,,,Monthly_Actuals,,,,,,,,,,,,,,,,,Feb,,,,,,,,,,,,,,,,,,,,,,,20583.33,17843.51,0.0,2302.9,,,,,,,,,,,,,,,,,,,,48.0,,,,,,,
Staffing,Migration Staff (2 FTE),,,,,Monthly_Actuals,,,,,,,,,,,,,,,,,Mar,,,,,,,,,,,,,,,,,,,,,,,20583.33,18221.56,0.0,3394.62,,,,,,,,,,,,,,,,,,,,48.0,,,,,,,
Staffing,Migration Staff (2 FTE),,,,,Monthly_Actuals,,,,,,,,,,,,,,,,,Apr,,,,,,,,,,,,,,,,,,,,,,,20583.33,22102.66,0.0,3259.1,,,,,,,,,,,,,,,,,,,,48.0,,,,,,,
Staffing,Migration Staff (2 FTE),,,,,Monthly_Actuals,,,,,,,,,,,,,,,,,May,,,,,,,,,,,,,,,,,,,,,,,20583.33,23437.25,0.0,2829.94,,,,,,,,,,,,,,,,,,,,48.0,,,,,,,
Staffing,Migration Staff (2 FTE),,,,,Monthly_Actuals,,,,,,,,,,,,,,,,,Jun,,,,,,,,,,,,,,,,,,,,,,,20583.33,19260.11,0.0,3846.2,,,,,,,,,,,,,,,,,,,,48.0,,,,,,,
Staffing,Migration Staff (2 FTE),,,,,Monthly_Actuals,,,,,,,,,,,,,,,,,Jul,,,,,,,,,,,,,,,,,,,,,,,20583.33,18876.54,0.0,4040.97,,,,,,,,,,,,,,,,,,,,48.0,,,,,,,
Staffing,Migration Staff (2 FTE),,,,,Monthly_Actuals,,,,,,,,,,,,,,,,,Aug,,,,,,,,,,,,,,,,,,,,,,,20583.33,17570.89,0.0,4054.67,,,,,,,,,,,,,,,,,,,,48.0,,,,,,,
Staffing,Migration Staff (2 FTE),,,,,Monthly_Actuals,,,,,,,,,,,,,,,,,Sep,,,,,,,,,,,,,,,,,,,,,,,20583.33,17762.35,0.0,3892.6,,,,,,,,,,,,,,,,,,,,48.0,,,,,,,
Staffing,Migration Staff (2 FTE),,,,,Monthly_Actuals,,,,,,,,,,,,,,,,,Oct,,,,,,,,,,,,,,,,,,,,,,,20583.33,20754.39,0.0,4102.19,,,,,,,,,,,,,,,,,,,,48.0,,,,,,,
Staffing,Migration Staff (2 FTE),,,,,Monthly_Actuals,,,,,,,,,,,,,,,,,Nov,,,,,,,,,,,,,,,,,,,,,,,20583.33,17951.53,0.0,3198.35,,,,,,,,,,,,,,,,,,,,48.0,,,,,,,
Staffing,Migration Staff (2 FTE),,,,,Monthly_Actuals,,,,,,,,,,,,,,,,,Dec,,,,,,,,,,,,,,,,,,,,,,,20583.33,23481.28,0.0,3135.04,,,,,,,,,,,,,,,,,,,,48.0,,,,,,,
Staffing,Training,,,,,Monthly_Actuals,,,,,,,,,,,,,,,,,Jan,,,,,,,,,,,,,,,,,,,,,,,4000.0,4155.28,0.0,678.3,,,,,,,,,,,,,,,,,,,,48.0,,,,,,,
Staffing,Training,,,,,Monthly_Actuals,,,,,,,,,,,,,,,,,Feb,,,,,,,,,,,,,,,,,,,,,,,4000.0,3945.45,0.0,651.02,,,,,,,,,,,,,,,,,,,,48.0,,,,,,,
Staffing,Training,,,,,Monthly_Actuals,,,,,,,,,,,,,,,,,Mar,,,,,,,,,,,,,,,,,,,,,,,4000.0,4101.18,0.0,760.46,,,,,,,,,,,,,,,,,,,,48.0,,,,,,,
Staffing,Training,,,,,Monthly_Actuals,,,,,,,,,,,,,,,,,Apr,,,,,,,,,,,,,,,,,,,,,,,4000.0,3454.54,0.0,512.39,,,,,,,,,,,,,,,,,,,,48.0,,,,,,,
Staffing,Training,,,,,Monthly_Actuals,,,,,,,,,,,,,,,,,May,,,,,,,,,,,,,,,,,,,,,,,4000.0,4540.49,0.0,756.11,,,,,,,,,,,,,,,,,,,,48.0,,,,,,,
Staffing,Training,,,,,Monthly_Actuals,,,,,,,,,,,,,,,,,Jun,,,,,,,,,,,,,,,,,,,,,,,4000.0,3946.79,0.0,648.05,,,,,,,,,,,,,,,,,,,,48.0,,,,,,,
Staffing,Training,,,,,Monthly_Actuals,,,,,,,,,,,,,,,,,Jul,,,,,,,,,,,,,,,,,,,,,,,4000.0,3732.86,0.0,475.25,,,,,,,,,,,,,,,,,,,,48.0,,,,,,,
Staffing,Training,,,,,Monthly_Actuals,,,,,,,,,,,,,,,,,Aug,,,,,,,,,,,,,,,,,,,,,,,4000.0,3956.44,0.0,541.34,,,,,,,,,,,,,,,,,,,,48.0,,,,,,,
Staffing,Training,,,,,Monthly_Actuals,,,,,,,,,,,,,,,,,Sep,,,,,,,,,,,,,,,,,,,,,,,4000.0,4100.39,0.0,431.09,,,,,,,,,,,,,,,,,,,,48.0,,,,,,,
Staffing,Training,,,,,Monthly_Actuals,,,,,,,,,,,,,,,,,Oct,,,,,,,,,,,,,,,,,,,,,,,4000.0,4569.27,0.0,794.48,,,,,,,,,,,,,,,,,,,,48.0,,,,,,,
Staffing,Training,,,,,Monthly_Actuals,,,,,,,,,,,,,,,,,Nov,,,,,,,,,,,,,,,,,,,,,,,4000.0,4237.79,0.0,614.44,,,,,,,,,,,,,,,,,,,,48.0,,,,,,,
Staffing,Training,,,,,Monthly_Actuals,,,,,,,,,,,,,,,,,Dec,,,,,,,,,,,,,,,,,,,,,,,4000.0,3771.43,0.0,725.52,,,,,,,,,,,,,,,,,,,,48.0,,,,,,,
Facilities,Cooling Upgrades,,,,,Monthly_Actuals,,,,,,,,,,,,,,,,,Jul,,,,,,,,,,,,,,,,,,,,,,,23333.33,24228.64,0.0,2524.1,,,,,,,,,,,,,,,,,,,,48.0,,,,,,,
Software Licensing,Gaussian 16,,,,,Software_Detail,,,550.0,,Gaussian Inc,,0.0,,,,,,,,,,Apr,,,,,,,,,,,,,,,,,,,,,,,3666.67,3508.45,,,LIC-GAUS,80.0,44000.0,Active,PO-SW-412,INV-543316,80.0,60.0,37.0,Site,,,,,,,,,,48.0,,,,,,,
Staffing,Director,,,,,Staffing_Detail,,,12916.67,,Internal,,0.0,,,,,,,,,,Jan,,,,,,,,,,,,,,,,,,,,,,,16791.67,16476.35,,,FTE-DIRE,1.0,155000.0,Active,,Payroll,,,,,,,,,,,,,,48.0,,,,,,,
Staffing,Director,,,,,Staffing_Detail,,,12916.67,,Internal,,0.0,,,,,,,,,,Feb,,,,,,,,,,,,,,,,,,,,,,,16791.67,17041.56,,,FTE-DIRE,1.0,155000.0,Active,,Payroll,,,,,,,,,,,,,,48.0,,,,,,,
Staffing,Director,,,,,Staffing_Detail,,,12916.67,,Internal,,0.0,,,,,,,,,,Mar,,,,,,,,,,,,,,,,,,,,,,,16791.67,16809.95,,,FTE-DIRE,1.0,155000.0,Active,,Payroll,,,,,,,,,,,,,,48.0,,,,,,,
Staffing,Director,,,,,Staffing_Detail,,,12916.67,,Internal,,0.0,,,,,,,,,,Apr,,,,,,,,,,,,,,,,,,,,,,,16791.67,16880.69,,,FTE-DIRE,1.0,155000.0,Active,,Payroll,,,,,,,,,,,,,,48.0,,,,,,,
Staffing,Director,,,,,Staffing_Detail,,,12916.67,,Internal,,0.0,,,,,,,,,,May,,,,,,,,,,,,,,,,,,,,,,,16791.67,16888.7,,,FTE-DIRE,1.0,155000.0,Active,,Payroll,,,,,,,,,,,,,,48.0,,,,,,,
Staffing,Director,,,,,Staffing_Detail,,,12916.67,,Internal,,0.0,,,,,,,,,,Jun,,,,,,,,,,,,,,,,,,,,,,,16791.67,17006.46,,,FTE-DIRE,1.0,155000.0,Active,,Payroll,,,,,,,,,,,,,,48.0,,,,,,,
Staffing,Director,,,,,Staffing_Detail,,,12916.67,,Internal,,0.0,,,,,,,,,,Jul,,,,,,,,,,,,,,,,,,,,,,,16791.67,16679.77,,,FTE-DIRE,1.0,155000.0,Active,,Payroll,,,,,,,,,,,,,,48.0,,,,,,,
Staffing,Director,,,,,Staffing_Detail,,,12916.67,,Internal,,0.0,,,,,,,,,,Aug,,,,,,,,,,,,,,,,,,,,,,,16791.67,16948.2,,,FTE-DIRE,1.0,155000.0,Active,,Payroll,,,,,,,,,,,,,,48.0,,,,,,,
Staffing,Director,,,,,Staffing_Detail,,,12916.67,,Internal,,0.0,,,,,,,,,,Sep,,,,,,,,,,,,,,,,,,,,,,,16791.67,16810.86,,,FTE-DIRE,1.0,155000.0,Active,,Payroll,,,,,,,,,,,,,,48.0,,,,,,,
Staffing,Director,,,,,Staffing_Detail,,,12916.67,,Internal,,0.0,,,,,,,,,,Oct,,,,,,,,,,,,,,,,,,,,,,,16791.67,16988.73,,,FTE-DIRE,1.0,155000.0,Active,,Payroll,,,,,,,,,,,,,,48.0,,,,,,,
Staffing,Director,,,,,Staffing_Detail,,,12916.67,,Internal,,0.0,,,,,,,,,,Nov,,,,,,,,,,,,,,,,,,,,,,,16791.67,17121.15,,,FTE-DIRE,1.0,155000.0,Active,,Payroll,,,,,,,,,,,,,,48.0,,,,,,,
Staffing,Director,,,,,Staffing_Detail,,,12916.67,,Internal,,0.0,,,,,,,,,,Dec,,,,,,,,,,,,,,,,,,,,,,,16791.67,16590.6,,,FTE-DIRE,1.0,155000.0,Active,,Payroll,,,,,,,,,,,,,,48.0,,,,,,,
Staffing,Sr SysAdmin,,,,,Staffing_Detail,,,10194.42,,Internal,,0.0,,,,,,,,,,Jan,,,,,,,,,,,,,,,,,,,,,,,39758.22,40544.88,,,FTE-SR S,3.0,366999.0,Active,,Payroll,,,,,,,,,,,,,,48.0,,,,,,,
Staffing,Sr SysAdmin,,,,,Staffing_Detail,,,10194.42,,Internal,,0.0,,,,,,,,,,Feb,,,,,,,,,,,,,,,,,,,,,,,39758.22,39105.89,,,FTE-SR S,3.0,366999.0,Active,,Payroll,,,,,,,,,,,,,,48.0,,,,,,,
Staffing,Sr SysAdmin,,,,,Staffing_Detail,,,10194.42,,Internal,,0.0,,,,,,,,,,Mar,,,,,,,,,,,,,,,,,,,,,,,39758.22,38966.75,,,FTE-SR S,3.0,366999.0,Active,,Payroll,,,,,,,,,,,,,,48.0,,,,,,,
Staffing,Sr SysAdmin,,,,,Staffing_Detail,,,10194.42,,Internal,,0.0,,,,,,,,,,Apr,,,,,,,,,,,,,,,,,,,,,,,39758.22,39033.29,,,FTE-SR S,3.0,366999.0,Active,,Payroll,,,,,,,,,,,,,,48.0,,,,,,,
Staffing,Sr SysAdmin,,,,,Staffing_Detail,,,10194.42,,Internal,,0.0,,,,,,,,,,May,,,,,,,,,,,,,,,,,,,,,,,39758.22,39506.61,,,FTE-SR S,3.0,366999.0,Active,,Payroll,,,,,,,,,,,,,,48.0,,,,,,,
Staffing,Sr SysAdmin,,,,,Staffing_Detail,,,10194.42,,Internal,,0.0,,,,,,,,,,Jun,,,,,,,,,,,,,,,,,,,,,,,39758.22,39969.59,,,FTE-SR S,3.0,366999.0,Active,,Payroll,,,,,,,,,,,,,,48.0,,,,,,,
Staffing,Sr SysAdmin,,,,,Staffing_Detail,,,10194.42,,Internal,,0.0,,,,,,,,,,Jul,,,,,,,,,,,,,,,,,,,,,,,39758.22,39072.84,,,FTE-SR S,3.0,366999.0,Active,,Payroll,,,,,,,,,,,,,,48.0,,,,,,,
Staffing,Sr SysAdmin,,,,,Staffing_Detail,,,10194.42,,Internal,,0.0,,,,,,,,,,Aug,,,,,,,,,,,,,,,,,,,,,,,39758.22,38972.07,,,FTE-SR S,3.0,366999.0,Active,,Payroll,,,,,,,,,,,,,,48.0,,,,,,,
Staffing,Sr SysAdmin,,,,,Staffing_Detail,,,10194.42,,Internal,,0.0,,,,,,,,,,Sep,,,,,,,,,,,,,,,,,,,,,,,39758.22,40453.34,,,FTE-SR S,3.0,366999.0,Active,,Payroll,,,,,,,,,,,,,,48.0,,,,,,,
Staffing,Sr SysAdmin,,,,,Staffing_Detail,,,10194.42,,Internal,,0.0,,,,,,,,,,Oct,,,,,,,,,,,,,,,,,,,,,,,39758.22,40270.19,,,FTE-SR S,3.0,366999.0,Active,,Payroll,,,,,,,,,,,,,,48.0,,,,,,,
Staffing,Sr SysAdmin,,,,,Staffing_Detail,,,10194.42,,Internal,,0.0,,,,,,,,,,Nov,,,,,,,,,,,,,,,,,,,,,,,39758.22,40249.93,,,FTE-SR S,3.0,366999.0,Active,,Payroll,,,,,,,,,,,,,,48.0,,,,,,,
Staffing,Sr SysAdmin,,,,,Staffing_Detail,,,10194.42,,Internal,,0.0,,,,,,,,,,Dec,,,,,,,,,,,,,,,,,,,,,,,39758.22,40369.59,,,FTE-SR S,3.0,366999.0,Active,,Payroll,,,,,,,,,,,,,,48.0,,,,,,,
Staffing,SysAdmin,,,,,Staffing_Detail,,,7791.67,,Internal,,0.0,,,,,,,,,,Jan,,,,,,,,,,,,,,,,,,,,,,,20258.33,20420.43,,,FTE-SYSA,2.0,187000.0,Active,,Payroll,,,,,,,,,,,,,,48.0,,,,,,,
Staffing,SysAdmin,,,,,Staffing_Detail,,,7791.67,,Internal,,0.0,,,,,,,,,,Feb,,,,,,,,,,,,,,,,,,,,,,,20258.33,19937.77,,,FTE-SYSA,2.0,187000.0,Active,,Payroll,,,,,,,,,,,,,,48.0,,,,,,,
Staffing,SysAdmin,,,,,Staffing_Detail,,,7791.67,,Internal,,0.0,,,,,,,,,,Mar,,,,,,,,,,,,,,,,,,,,,,,20258.33,20176.57,,,FTE-SYSA,2.0,187000.0,Active,,Payroll,,,,,,,,,,,,,,48.0,,,,,,,
Staffing,SysAdmin,,,,,Staffing_Detail,,,7791.67,,Internal,,0.0,,,,,,,,,,Apr,,,,,,,,,,,,,,,,,,,,,,,20258.33,20439.16,,,FTE-SYSA,2.0,187000.0,Active,,Payroll,,,,,,,,,,,,,,48.0,,,,,,,
Staffing,SysAdmin,,,,,Staffing_Detail,,,7791.67,,Internal,,0.0,,,,,,,,,,May,,,,,,,,,,,,,,,,,,,,,,,20258.33,20080.33,,,FTE-SYSA,2.0,187000.0,Active,,Payroll,,,,,,,,,,,,,,48.0,,,,,,,
Staffing,SysAdmin,,,,,Staffing_Detail,,,7791.67,,Internal,,0.0,,,,,,,,,,Jun,,,,,,,,,,,,,,,,,,,,,,,20258.33,20410.19,,,FTE-SYSA,2.0,187000.0,Active,,Payroll,,,,,,,,,,,,,,48.0,,,,,,,
Staffing,SysAdmin,,,,,Staffing_Detail,,,7791.67,,Internal,,0.0,,,,,,,,,,Jul,,,,,,,,,,,,,,,,,,,,,,,20258.33,19873.02,,,FTE-SYSA,2.0,187000.0,Active,,Payroll,,,,,,,,,,,,,,48.0,,,,,,,
Staffing,SysAdmin,,,,,Staffing_Detail,,,7791.67,,Internal,,0.0,,,,,,,,,,Aug,,,,,,,,,,,,,,,,,,,,,,,20258.33,20101.24,,,FTE-SYSA,2.0,187000.0,Active,,Payroll,,,,,,,,,,,,,,48.0,,,,,,,
Staffing,SysAdmin,,,,,Staffing_Detail,,,7791.67,,Internal,,0.0,,,,,,,,,,Sep,,,,,,,,,,,,,,,,,,,,,,,20258.33,20298.15,,,FTE-SYSA,2.0,187000.0,Active,,Payroll,,,,,,,,,,,,,,48.0,,,,,,,
Staffing,SysAdmin,,,,,Staffing_Detail,,,7791.67,,Internal,,0.0,,,,,,,,,,Oct,,,,,,,,,,,,,,,,,,,,,,,20258.33,20365.37,,,FTE-SYSA,2.0,187000.0,Active,,Payroll,,,,,,,,,,,,,,48.0,,,,,,,
Staffing,SysAdmin,,,,,Staffing_Detail,,,7791.67,,Internal,,0.0,,,,,,,,,,Nov,,,,,,,,,,,,,,,,,,,,,,,20258.33,20320.76,,,FTE-SYSA,2.0,187000.0,Active,,Payroll,,,,,,,,,,,,,,48.0,,,,,,,
Staffing,SysAdmin,,,,,Staffing_Detail,,,7791.67,,Internal,,0.0,,,,,,,,,,Dec,,,,,,,,,,,,,,,,,,,,,,,20258.33,20418.58,,,FTE-SYSA,2.0,187000.0,Active,,Payroll,,,,,,,,,,,,,,48.0,,,,,,,
Staffing,Storage Admin,,,,,Staffing_Detail,,,9583.33,,Internal,,0.0,,,,,,,,,,Jan,,,,,,,,,,,,,,,,,,,,,,,12458.33,12212.2,,,FTE-STOR,1.0,115000.0,Active,,Payroll,,,,,,,,,,,,,,48.0,,,,,,,
Staffing,Storage Admin,,,,,Staffing_Detail,,,9583.33,,Internal,,0.0,,,,,,,,,,Feb,,,,,,,,,,,,,,,,,,,,,,,12458.33,12259.47,,,FTE-STOR,1.0,115000.0,Active,,Payroll,,,,,,,,,,,,,,48.0,,,,,,,
Staffing,Storage Admin,,,,,Staffing_Detail,,,9583.33,,Internal,,0.0,,,,,,,,,,Mar,,,,,,,,,,,,,,,,,,,,,,,12458.33,12642.19,,,FTE-STOR,1.0,115000.0,Active,,Payroll,,,,,,,,,,,,,,48.0,,,,,,,
Staffing,Storage Admin,,,,,Staffing_Detail,,,9583.33,,Internal,,0.0,,,,,,,,,,Apr,,,,,,,,,,,,,,,,,,,,,,,12458.33,12548.9,,,FTE-STOR,1.0,115000.0,Active,,Payroll,,,,,,,,,,,,,,48.0,,,,,,,
Staffing,Storage Admin,,,,,Staffing_Detail,,,9583.33,,Internal,,0.0,,,,,,,,,,May,,,,,,,,,,,,,,,,,,,,,,,12458.33,12265.44,,,FTE-STOR,1.0,115000.0,Active,,Payroll,,,,,,,,,,,,,,48.0,,,,,,,
Staffing,Storage Admin,,,,,Staffing_Detail,,,9583.33,,Internal,,0.0,,,,,,,,,,Jun,,,,,,,,,,,,,,,,,,,,,,,12458.33,12628.8,,,FTE-STOR,1.0,115000.0,Active,,Payroll,,,,,,,,,,,,,,48.0,,,,,,,
Staffing,Storage Admin,,,,,Staffing_Detail,,,9583.33,,Internal,,0.0,,,,,,,,,,Jul,,,,,,,,,,,,,,,,,,,,,,,12458.33,12329.88,,,FTE-STOR,1.0,115000.0,Active,,Payroll,,,,,,,,,,,,,,48.0,,,,,,,
Staffing,Storage Admin,,,,,Staffing_Detail,,,9583.33,,Internal,,0.0,,,,,,,,,,Aug,,,,,,,,,,,,,,,,,,,,,,,12458.33,12447.5,,,FTE-STOR,1.0,115000.0,Active,,Payroll,,,,,,,,,,,,,,48.0,,,,,,,
Staffing,Storage Admin,,,,,Staffing_Detail,,,9583.33,,Internal,,0.0,,,,,,,,,,Sep,,,,,,,,,,,,,,,,,,,,,,,12458.33,12281.52,,,FTE-STOR,1.0,115000.0,Active,,Payroll,,,,,,,,,,,,,,48.0,,,,,,,
Staffing,Storage Admin,,,,,Staffing_Detail,,,9583.33,,Internal,,0.0,,,,,,,,,,Oct,,,,,,,,,,,,,,,,,,,,,,,12458.33,12563.04,,,FTE-STOR,1.0,115000.0,Active,,Payroll,,,,,,,,,,,,,,48.0,,,,,,,
Staffing,Storage Admin,,,,,Staffing_Detail,,,9583.33,,Internal,,0.0,,,,,,,,,,Nov,,,,,,,,,,,,,,,,,,,,,,,12458.33,12541.48,,,FTE-STOR,1.0,115000.0,Active,,Payroll,,,,,,,,,,,,,,48.0,,,,,,,
Staffing,Storage Admin,,,,,Staffing_Detail,,,9583.33,,Internal,,0.0,,,,,,,,,,Dec,,,,,,,,,,,,,,,,,,,,,,,12458.33,12314.37,,,FTE-STOR,1.0,115000.0,Active,,Payroll,,,,,,,,,,,,,,48.0,,,,,,,
Staffing,Network Engineer,,,,,Staffing_Detail,,,9833.33,,Internal,,0.0,,,,,,,,,,Jan,,,,,,,,,,,,,,,,,,,,,,,12783.33,12969.15,,,FTE-NETW,1.0,118000.0,Active,,Payroll,,,,,,,,,,,,,,48.0,,,,,,,
Staffing,Network Engineer,,,,,Staffing_Detail,,,9833.33,,Internal,,0.0,,,,,,,,,,Feb,,,,,,,,,,,,,,,,,,,,,,,12783.33,12732.87,,,FTE-NETW,1.0,118000.0,Active,,Payroll,,,,,,,,,,,,,,48.0,,,,,,,
Staffing,Network Engineer,,,,,Staffing_Detail,,,9833.33,,Internal,,0.0,,,,,,,,,,Mar,,,,,,,,,,,,,,,,,,,,,,,12783.33,12677.24,,,FTE-NETW,1.0,118000.0,Active,,Payroll,,,,,,,,,,,,,,48.0,,,,,,,
Staffing,Network Engineer,,,,,Staffing_Detail,,,9833.33,,Internal,,0.0,,,,,,,,,,Apr,,,,,,,,,,,,,,,,,,,,,,,12783.33,12605.56,,,FTE-NETW,1.0,118000.0,Active,,Payroll,,,,,,,,,,,,,,48.0,,,,,,,
Staffing,Network Engineer,,,,,Staffing_Detail,,,9833.33,,Internal,,0.0,,,,,,,,,,May,,,,,,,,,,,,,,,,,,,,,,,12783.33,12663.77,,,FTE-NETW,1.0,118000.0,Active,,Payroll,,,,,,,,,,,,,,48.0,,,,,,,
Staffing,Network Engineer,,,,,Staffing_Detail,,,9833.33,,Internal,,0.0,,,,,,,,,,Jun,,,,,,,,,,,,,,,,,,,,,,,12783.33,12538.93,,,FTE-NETW,1.0,118000.0,Active,,Payroll,,,,,,,,,,,,,,48.0,,,,,,,
Staffing,Network Engineer,,,,,Staffing_Detail,,,9833.33,,Internal,,0.0,,,,,,,,,,Jul,,,,,,,,,,,,,,,,,,,,,,,12783.33,12825.91,,,FTE-NETW,1.0,118000.0,Active,,Payroll,,,,,,,,,,,,,,48.0,,,,,,,
Staffing,Network Engineer,,,,,Staffing_Detail,,,9833.33,,Internal,,0.0,,,,,,,,,,Aug,,,,,,,,,,,,,,,,,,,,,,,12783.33,12958.33,,,FTE-NETW,1.0,118000.0,Active,,Payroll,,,,,,,,,,,,,,48.0,,,,,,,
Staffing,Network Engineer,,,,,Staffing_Detail,,,9833.33,,Internal,,0.0,,,,,,,,,,Sep,,,,,,,,,,,,,,,,,,,,,,,12783.33,12808.38,,,FTE-NETW,1.0,118000.0,Active,,Payroll,,,,,,,,,,,,,,48.0,,,,,,,
Staffing,Network Engineer,,,,,Staffing_Detail,,,9833.33,,Internal,,0.0,,,,,,,,,,Oct,,,,,,,,,,,,,,,,,,,,,,,12783.33,12639.79,,,FTE-NETW,1.0,118000.0,Active,,Payroll,,,,,,,,,,,,,,48.0,,,,,,,
Staffing,Network Engineer,,,,,Staffing_Detail,,,9833.33,,Internal,,0.0,,,,,,,,,,Nov,,,,,,,,,,,,,,,,,,,,,,,12783.33,12544.88,,,FTE-NETW,1.0,118000.0,Active,,Payroll,,,,,,,,,,,,,,48.0,,,,,,,
Staffing,Network Engineer,,,,,Staffing_Detail,,,9833.33,,Internal,,0.0,,,,,,,,,,Dec,,,,,,,,,,,,,,,,,,,,,,,12783.33,12637.41,,,FTE-NETW,1.0,118000.0,Active,,Payroll,,,,,,,,,,,,,,48.0,,,,,,,
Staffing,Security Analyst,,,,,Staffing_Detail,,,9166.67,,Internal,,0.0,,,,,,,,,,Jan,,,,,,,,,,,,,,,,,,,,,,,11916.67,11876.68,,,FTE-SECU,1.0,110000.0,Active,,Payroll,,,,,,,,,,,,,,48.0,,,,,,,
Staffing,Security Analyst,,,,,Staffing_Detail,,,9166.67,,Internal,,0.0,,,,,,,,,,Feb,,,,,,,,,,,,,,,,,,,,,,,11916.67,12040.41,,,FTE-SECU,1.0,110000.0,Active,,Payroll,,,,,,,,,,,,,,48.0,,,,,,,
Staffing,Security Analyst,,,,,Staffing_Detail,,,9166.67,,Internal,,0.0,,,,,,,,,,Mar,,,,,,,,,,,,,,,,,,,,,,,11916.67,11767.87,,,FTE-SECU,1.0,110000.0,Active,,Payroll,,,,,,,,,,,,,,48.0,,,,,,,
Staffing,Security Analyst,,,,,Staffing_Detail,,,9166.67,,Internal,,0.0,,,,,,,,,,Apr,,,,,,,,,,,,,,,,,,,,,,,11916.67,12021.43,,,FTE-SECU,1.0,110000.0,Active,,Payroll,,,,,,,,,,,,,,48.0,,,,,,,
Staffing,Security Analyst,,,,,Staffing_Detail,,,9166.67,,Internal,,0.0,,,,,,,,,,May,,,,,,,,,,,,,,,,,,,,,,,11916.67,12091.57,,,FTE-SECU,1.0,110000.0,Active,,Payroll,,,,,,,,,,,,,,48.0,,,,,,,
Staffing,Security Analyst,,,,,Staffing_Detail,,,9166.67,,Internal,,0.0,,,,,,,,,,Jun,,,,,,,,,,,,,,,,,,,,,,,11916.67,11894.71,,,FTE-SECU,1.0,110000.0,Active,,Payroll,,,,,,,,,,,,,,48.0,,,,,,,
Staffing,Security Analyst,,,,,Staffing_Detail,,,9166.67,,Internal,,0.0,,,,,,,,,,Jul,,,,,,,,,,,,,,,,,,,,,,,11916.67,12069.88,,,FTE-SECU,1.0,110000.0,Active,,Payroll,,,,,,,,,,,,,,48.0,,,,,,,
Staffing,Security Analyst,,,,,Staffing_Detail,,,9166.67,,Internal,,0.0,,,,,,,,,,Aug,,,,,,,,,,,,,,,,,,,,,,,11916.67,11942.72,,,FTE-SECU,1.0,110000.0,Active,,Payroll,,,,,,,,,,,,,,48.0,,,,,,,
Staffing,Security Analyst,,,,,Staffing_Detail,,,9166.67,,Internal,,0.0,,,,,,,,,,Sep,,,,,,,,,,,,,,,,,,,,,,,11916.67,11982.01,,,FTE-SECU,1.0,110000.0,Active,,Payroll,,,,,,,,,,,,,,48.0,,,,,,,
Staffing,Security Analyst,,,,,Staffing_Detail,,,9166.67,,Internal,,0.0,,,,,,,,,,Oct,,,,,,,,,,,,,,,,,,,,,,,11916.67,11929.19,,,FTE-SECU,1.0,110000.0,Active,,Payroll,,,,,,,,,,,,,,48.0,,,,,,,
Staffing,Security Analyst,,,,,Staffing_Detail,,,9166.67,,Internal,,0.0,,,,,,,,,,Nov,,,,,,,,,,,,,,,,,,,,,,,11916.67,11899.11,,,FTE-SECU,1.0,110000.0,Active,,Payroll,,,,,,,,,,,,,,48.0,,,,,,,
Staffing,Security Analyst,,,,,Staffing_Detail,,,9166.67,,Internal,,0.0,,,,,,,,,,Dec,,,,,,,,,,,,,,,,,,,,,,,11916.67,11790.18,,,FTE-SECU,1.0,110000.0,Active,,Payroll,,,,,,,,,,,,,,48.0,,,,,,,
Staffing,User Support,,,,,Staffing_Detail,,,6416.67,,Internal,,0.0,,,,,,,,,,Jan,,,,,,,,,,,,,,,,,,,,,,,16683.33,16552.0,,,FTE-USER,2.0,154000.0,Active,,Payroll,,,,,,,,,,,,,,48.0,,,,,,,
Staffing,User Support,,,,,Staffing_Detail,,,6416.67,,Internal,,0.0,,,,,,,,,,Feb,,,,,,,,,,,,,,,,,,,,,,,16683.33,16543.17,,,FTE-USER,2.0,154000.0,Active,,Payroll,,,,,,,,,,,,,,48.0,,,,,,,
Staffing,User Support,,,,,Staffing_Detail,,,6416.67,,Internal,,0.0,,,,,,,,,,Mar,,,,,,,,,,,,,,,,,,,,,,,16683.33,16725.57,,,FTE-USER,2.0,154000.0,Active,,Payroll,,,,,,,,,,,,,,48.0,,,,,,,
Staffing,User Support,,,,,Staffing_Detail,,,6416.67,,Internal,,0.0,,,,,,,,,,Apr,,,,,,,,,,,,,,,,,,,,,,,16683.33,16429.72,,,FTE-USER,2.0,154000.0,Active,,Payroll,,,,,,,,,,,,,,48.0,,,,,,,
Staffing,User Support,,,,,Staffing_Detail,,,6416.67,,Internal,,0.0,,,,,,,,,,May,,,,,,,,,,,,,,,,,,,,,,,16683.33,16961.47,,,FTE-USER,2.0,154000.0,Active,,Payroll,,,,,,,,,,,,,,48.0,,,,,,,
Staffing,User Support,,,,,Staffing_Detail,,,6416.67,,Internal,,0.0,,,,,,,,,,Jun,,,,,,,,,,,,,,,,,,,,,,,16683.33,16830.58,,,FTE-USER,2.0,154000.0,Active,,Payroll,,,,,,,,,,,,,,48.0,,,,,,,
Staffing,User Support,,,,,Staffing_Detail,,,6416.67,,Internal,,0.0,,,,,,,,,,Jul,,,,,,,,,,,,,,,,,,,,,,,16683.33,16617.56,,,FTE-USER,2.0,154000.0,Active,,Payroll,,,,,,,,,,,,,,48.0,,,,,,,
Staffing,User Support,,,,,Staffing_Detail,,,6416.67,,Internal,,0.0,,,,,,,,,,Aug,,,,,,,,,,,,,,,,,,,,,,,16683.33,16455.52,,,FTE-USER,2.0,154000.0,Active,,Payroll,,,,,,,,,,,,,,48.0,,,,,,,
Staffing,User Support,,,,,Staffing_Detail,,,6416.67,,Internal,,0.0,,,,,,,,,,Sep,,,,,,,,,,,,,,,,,,,,,,,16683.33,16938.25,,,FTE-USER,2.0,154000.0,Active,,Payroll,,,,,,,,,,,,,,48.0,,,,,,,
Staffing,User Support,,,,,Staffing_Detail,,,6416.67,,Internal,,0.0,,,,,,,,,,Oct,,,,,,,,,,,,,,,,,,,,,,,16683.33,16899.4,,,FTE-USER,2.0,154000.0,Active,,Payroll,,,,,,,,,,,,,,48.0,,,,,,,
Staffing,User Support,,,,,Staffing_Detail,,,6416.67,,Internal,,0.0,,,,,,,,,,Nov,,,,,,,,,,,,,,,,,,,,,,,16683.33,16831.3,,,FTE-USER,2.0,154000.0,Active,,Payroll,,,,,,,,,,,,,,48.0,,,,,,,
Staffing,User Support,,,,,Staffing_Detail,,,6416.67,,Internal,,0.0,,,,,,,,,,Dec,,,,,,,,,,,,,,,,,,,,,,,16683.33,16530.88,,,FTE-USER,2.0,154000.0,Active,,Payroll,,,,,,,,,,,,,,48.0,,,,,,,
Staffing,Admin Coordinator,,,,,Staffing_Detail,,,5166.67,,Internal,,0.0,,,,,,,,,,Jan,,,,,,,,,,,,,,,,,,,,,,,6716.67,6690.46,,,FTE-ADMI,1.0,62000.0,Active,,Payroll,,,,,,,,,,,,,,48.0,,,,,,,
Staffing,Admin Coordinator,,,,,Staffing_Detail,,,5166.67,,Internal,,0.0,,,,,,,,,,Feb,,,,,,,,,,,,,,,,,,,,,,,6716.67,6609.94,,,FTE-ADMI,1.0,62000.0,Active,,Payroll,,,,,,,,,,,,,,48.0,,,,,,,
Staffing,Admin Coordinator,,,,,Staffing_Detail,,,5166.67,,Internal,,0.0,,,,,,,,,,Mar,,,,,,,,,,,,,,,,,,,,,,,6716.67,6633.12,,,FTE-ADMI,1.0,62000.0,Active,,Payroll,,,,,,,,,,,,,,48.0,,,,,,,
Staffing,Admin Coordinator,,,,,Staffing_Detail,,,5166.67,,Internal,,0.0,,,,,,,,,,Apr,,,,,,,,,,,,,,,,,,,,,,,6716.67,6792.7,,,FTE-ADMI,1.0,62000.0,Active,,Payroll,,,,,,,,,,,,,,48.0,,,,,,,
Staffing,Admin Coordinator,,,,,Staffing_Detail,,,5166.67,,Internal,,0.0,,,,,,,,,,May,,,,,,,,,,,,,,,,,,,,,,,6716.67,6774.44,,,FTE-ADMI,1.0,62000.0,Active,,Payroll,,,,,,,,,,,,,,48.0,,,,,,,
Staffing,Admin Coordinator,,,,,Staffing_Detail,,,5166.67,,Internal,,0.0,,,,,,,,,,Jun,,,,,,,,,,,,,,,,,,,,,,,6716.67,6741.78,,,FTE-ADMI,1.0,62000.0,Active,,Payroll,,,,,,,,,,,,,,48.0,,,,,,,
Staffing,Admin Coordinator,,,,,Staffing_Detail,,,5166.67,,Internal,,0.0,,,,,,,,,,Jul,,,,,,,,,,,,,,,,,,,,,,,6716.67,6822.99,,,FTE-ADMI,1.0,62000.0,Active,,Payroll,,,,,,,,,,,,,,48.0,,,,,,,
Staffing,Admin Coordinator,,,,,Staffing_Detail,,,5166.67,,Internal,,0.0,,,,,,,,,,Aug,,,,,,,,,,,,,,,,,,,,,,,6716.67,6739.04,,,FTE-ADMI,1.0,62000.0,Active,,Payroll,,,,,,,,,,,,,,48.0,,,,,,,
Staffing,Admin Coordinator,,,,,Staffing_Detail,,,5166.67,,Internal,,0.0,,,,,,,,,,Sep,,,,,,,,,,,,,,,,,,,,,,,6716.67,6707.79,,,FTE-ADMI,1.0,62000.0,Active,,Payroll,,,,,,,,,,,,,,48.0,,,,,,,
Staffing,Admin Coordinator,,,,,Staffing_Detail,,,5166.67,,Internal,,0.0,,,,,,,,,,Oct,,,,,,,,,,,,,,,,,,,,,,,6716.67,6673.78,,,FTE-ADMI,1.0,62000.0,Active,,Payroll,,,,,,,,,,,,,,48.0,,,,,,,
Staffing,Admin Coordinator,,,,,Staffing_Detail,,,5166.67,,Internal,,0.0,,,,,,,,,,Nov,,,,,,,,,,,,,,,,,,,,,,,6716.67,6835.0,,,FTE-ADMI,1.0,62000.0,Active,,Payroll,,,,,,,,,,,,,,48.0,,,,,,,
Staffing,Admin Coordinator,,,,,Staffing_Detail,,,5166.67,,Internal,,0.0,,,,,,,,,,Dec,,,,,,,,,,,,,,,,,,,,,,,6716.67,6604.56,,,FTE-ADMI,1.0,62000.0,Active,,Payroll,,,,,,,,,,,,,,48.0,,,,,,,
Staffing,Migration Lead,,,,,Staffing_Detail,,,7916.67,,Internal,,0.0,,,,,,,,,,Jan,,,,,,,,,,,,,,,,,,,,,,,10291.67,10469.05,,,FTE-MIGR,1.0,95000.0,Active,,Payroll,,,,,,,,,,,,,,48.0,,,,,,,
Staffing,Migration Lead,,,,,Staffing_Detail,,,7916.67,,Internal,,0.0,,,,,,,,,,Feb,,,,,,,,,,,,,,,,,,,,,,,10291.67,10426.16,,,FTE-MIGR,1.0,95000.0,Active,,Payroll,,,,,,,,,,,,,,48.0,,,,,,,
Staffing,Migration Lead,,,,,Staffing_Detail,,,7916.67,,Internal,,0.0,,,,,,,,,,Mar,,,,,,,,,,,,,,,,,,,,,,,10291.67,10139.32,,,FTE-MIGR,1.0,95000.0,Active,,Payroll,,,,,,,,,,,,,,48.0,,,,,,,
Staffing,Migration Lead,,,,,Staffing_Detail,,,7916.67,,Internal,,0.0,,,,,,,,,,Apr,,,,,,,,,,,,,,,,,,,,,,,10291.67,10318.42,,,FTE-MIGR,1.0,95000.0,Active,,Payroll,,,,,,,,,,,,,,48.0,,,,,,,
Staffing,Migration Lead,,,,,Staffing_Detail,,,7916.67,,Internal,,0.0,,,,,,,,,,May,,,,,,,,,,,,,,,,,,,,,,,10291.67,10442.56,,,FTE-MIGR,1.0,95000.0,Active,,Payroll,,,,,,,,,,,,,,48.0,,,,,,,
Staffing,Migration Lead,,,,,Staffing_Detail,,,7916.67,,Internal,,0.0,,,,,,,,,,Jun,,,,,,,,,,,,,,,,,,,,,,,10291.67,10321.23,,,FTE-MIGR,1.0,95000.0,Active,,Payroll,,,,,,,,,,,,,,48.0,,,,,,,
Staffing,Migration Lead,,,,,Staffing_Detail,,,7916.67,,Internal,,0.0,,,,,,,,,,Jul,,,,,,,,,,,,,,,,,,,,,,,10291.67,10459.3,,,FTE-MIGR,1.0,95000.0,Active,,Payroll,,,,,,,,,,,,,,48.0,,,,,,,
Staffing,Migration Lead,,,,,Staffing_Detail,,,7916.67,,Internal,,0.0,,,,,,,,,,Aug,,,,,,,,,,,,,,,,,,,,,,,10291.67,10474.03,,,FTE-MIGR,1.0,95000.0,Active,,Payroll,,,,,,,,,,,,,,48.0,,,,,,,
Staffing,Migration Lead,,,,,Staffing_Detail,,,7916.67,,Internal,,0.0,,,,,,,,,,Sep,,,,,,,,,,,,,,,,,,,,,,,10291.67,10259.71,,,FTE-MIGR,1.0,95000.0,Active,,Payroll,,,,,,,,,,,,,,48.0,,,,,,,
Staffing,Migration Lead,,,,,Staffing_Detail,,,7916.67,,Internal,,0.0,,,,,,,,,,Oct,,,,,,,,,,,,,,,,,,,,,,,10291.67,10241.16,,,FTE-MIGR,1.0,95000.0,Active,,Payroll,,,,,,,,,,,,,,48.0,,,,,,,
Staffing,Migration Lead,,,,,Staffing_Detail,,,7916.67,,Internal,,0.0,,,,,,,,,,Nov,,,,,,,,,,,,,,,,,,,,,,,10291.67,10471.29,,,FTE-MIGR,1.0,95000.0,Active,,Payroll,,,,,,,,,,,,,,48.0,,,,,,,
Staffing,Migration Lead,,,,,Staffing_Detail,,,7916.67,,Internal,,0.0,,,,,,,,,,Dec,,,,,,,,,,,,,,,,,,,,,,,10291.67,10363.77,,,FTE-MIGR,1.0,95000.0,Active,,Payroll,,,,,,,,,,,,,,48.0,,,,,,,
Staffing,Vendor Liaison,,,,,Staffing_Detail,,,7916.67,,Internal,,0.0,,,,,,,,,,Jan,,,,,,,,,,,,,,,,,,,,,,,10291.67,10133.6,,,FTE-VEND,1.0,95000.0,Active,,Payroll,,,,,,,,,,,,,,48.0,,,,,,,
Staffing,Vendor Liaison,,,,,Staffing_Detail,,,7916.67,,Internal,,0.0,,,,,,,,,,Feb,,,,,,,,,,,,,,,,,,,,,,,10291.67,10103.24,,,FTE-VEND,1.0,95000.0,Active,,Payroll,,,,,,,,,,,,,,48.0,,,,,,,
Staffing,Vendor Liaison,,,,,Staffing_Detail,,,7916.67,,Internal,,0.0,,,,,,,,,,Mar,,,,,,,,,,,,,,,,,,,,,,,10291.67,10318.27,,,FTE-VEND,1.0,95000.0,Active,,Payroll,,,,,,,,,,,,,,48.0,,,,,,,
Staffing,Vendor Liaison,,,,,Staffing_Detail,,,7916.67,,Internal,,0.0,,,,,,,,,,Apr,,,,,,,,,,,,,,,,,,,,,,,10291.67,10468.75,,,FTE-VEND,1.0,95000.0,Active,,Payroll,,,,,,,,,,,,,,48.0,,,,,,,
Staffing,Vendor Liaison,,,,,Staffing_Detail,,,7916.67,,Internal,,0.0,,,,,,,,,,May,,,,,,,,,,,,,,,,,,,,,,,10291.67,10433.38,,,FTE-VEND,1.0,95000.0,Active,,Payroll,,,,,,,,,,,,,,48.0,,,,,,,
Staffing,Vendor Liaison,,,,,Staffing_Detail,,,7916.67,,Internal,,0.0,,,,,,,,,,Jun,,,,,,,,,,,,,,,,,,,,,,,10291.67,10364.06,,,FTE-VEND,1.0,95000.0,Active,,Payroll,,,,,,,,,,,,,,48.0,,,,,,,
Staffing,Vendor Liaison,,,,,Staffing_Detail,,,7916.67,,Internal,,0.0,,,,,,,,,,Jul,,,,,,,,,,,,,,,,,,,,,,,10291.67,10143.1,,,FTE-VEND,1.0,95000.0,Active,,Payroll,,,,,,,,,,,,,,48.0,,,,,,,
Staffing,Vendor Liaison,,,,,Staffing_Detail,,,7916.67,,Internal,,0.0,,,,,,,,,,Aug,,,,,,,,,,,,,,,,,,,,,,,10291.67,10190.49,,,FTE-VEND,1.0,95000.0,Active,,Payroll,,,,,,,,,,,,,,48.0,,,,,,,
Staffing,Vendor Liaison,,,,,Staffing_Detail,,,7916.67,,Internal,,0.0,,,,,,,,,,Sep,,,,,,,,,,,,,,,,,,,,,,,10291.67,10446.25,,,FTE-VEND,1.0,95000.0,Active,,Payroll,,,,,,,,,,,,,,48.0,,,,,,,
Staffing,Vendor Liaison,,,,,Staffing_Detail,,,7916.67,,Internal,,0.0,,,,,,,,,,Oct,,,,,,,,,,,,,,,,,,,,,,,10291.67,10161.09,,,FTE-VEND,1.0,95000.0,Active,,Payroll,,,,,,,,,,,,,,48.0,,,,,,,
Staffing,Vendor Liaison,,,,,Staffing_Detail,,,7916.67,,Internal,,0.0,,,,,,,,,,Nov,,,,,,,,,,,,,,,,,,,,,,,10291.67,10200.46,,,FTE-VEND,1.0,95000.0,Active,,Payroll,,,,,,,,,,,,,,48.0,,,,,,,
Staffing,Vendor Liaison,,,,,Staffing_Detail,,,7916.67,,Internal,,0.0,,,,,,,,,,Dec,,,,,,,,,,,,,,,,,,,,,,,10291.67,10139.19,,,FTE-VEND,1.0,95000.0,Active,,Payroll,,,,,,,,,,,,,,48.0,,,,,,,
Staffing,Director,,,,,Historical_FY2022,,,,,,,,,,,,,,,,,Jan,,,,,,,,,,,,,,,,,,,,,,,12593.75,14602.03,2008.28,,,,,,,,,,,,FY2022,1.0,15.9,63532.0,CC-WHPC-100,F-WHPC-9118,Closed,,,48.0,,,,,,,
Staffing,Director,,,,,Historical_FY2022,,,,,,,,,,,,,,,,,Feb,,,,,,,,,,,,,,,,,,,,,,,12593.75,10835.37,-1758.38,,,,,,,,,,,,FY2022,2.0,-14.0,66915.0,CC-WHPC-100,F-WHPC-6540,Closed,,,48.0,,,,,,,
Staffing,Director,,,,,Historical_FY2022,,,,,,,,,,,,,,,,,Mar,,,,,,,,,,,,,,,,,,,,,,,12593.75,10127.77,-2465.98,,,,,,,,,,,,FY2022,3.0,-19.6,62937.0,CC-WHPC-100,F-WHPC-7495,Closed,,,48.0,,,,,,,
Staffing,Director,,,,,Historical_FY2022,,,,,,,,,,,,,,,,,Apr,,,,,,,,,,,,,,,,,,,,,,,12593.75,11167.26,-1426.49,,,,,,,,,,,,FY2022,4.0,-11.3,63171.0,CC-WHPC-100,F-WHPC-6718,Closed,,,48.0,,,,,,,
Staffing,Director,,,,,Historical_FY2022,,,,,,,,,,,,,,,,,May,,,,,,,,,,,,,,,,,,,,,,,12593.75,12135.14,-458.61,,,,,,,,,,,,FY2022,5.0,-3.6,64246.0,CC-WHPC-100,F-WHPC-7314,Closed,,,48.0,,,,,,,
Staffing,Director,,,,,Historical_FY2022,,,,,,,,,,,,,,,,,Jun,,,,,,,,,,,,,,,,,,,,,,,12593.75,14329.29,1735.54,,,,,,,,,,,,FY2022,6.0,13.8,66140.0,CC-WHPC-100,F-WHPC-7145,Closed,,,48.0,,,,,,,
Staffing,Director,,,,,Historical_FY2022,,,,,,,,,,,,,,,,,Jul,,,,,,,,,,,,,,,,,,,,,,,12593.75,10401.67,-2192.08,,,,,,,,,,,,FY2022,7.0,-17.4,61400.0,CC-WHPC-100,F-WHPC-6236,Closed,,,48.0,,,,,,,
Staffing,Director,,,,,Historical_FY2022,,,,,,,,,,,,,,,,,Aug,,,,,,,,,,,,,,,,,,,,,,,12593.75,12123.32,-470.43,,,,,,,,,,,,FY2022,8.0,-3.7,67348.0,CC-WHPC-100,F-WHPC-5319,Closed,,,48.0,,,,,,,
Staffing,Director,,,,,Historical_FY2022,,,,,,,,,,,,,,,,,Sep,,,,,,,,,,,,,,,,,,,,,,,12593.75,12224.57,-369.18,,,,,,,,,,,,FY2022,9.0,-2.9,64011.0,CC-WHPC-100,F-WHPC-1121,Closed,,,48.0,,,,,,,
Staffing,Director,,,,,Historical_FY2022,,,,,,,,,,,,,,,,,Oct,,,,,,,,,,,,,,,,,,,,,,,12593.75,14857.85,2264.1,,,,,,,,,,,,FY2022,10.0,18.0,62568.0,CC-WHPC-100,F-WHPC-1674,Closed,,,48.0,,,,,,,
Staffing,Director,,,,,Historical_FY2022,,,,,,,,,,,,,,,,,Nov,,,,,,,,,,,,,,,,,,,,,,,12593.75,13952.99,1359.24,,,,,,,,,,,,FY2022,11.0,10.8,60474.0,CC-WHPC-100,F-WHPC-3770,Closed,,,48.0,,,,,,,
Staffing,Director,,,,,Historical_FY2022,,,,,,,,,,,,,,,,,Dec,,,,,,,,,,,,,,,,,,,,,,,12593.75,11682.56,-911.19,,,,,,,,,,,,FY2022,12.0,-7.2,61684.0,CC-WHPC-100,F-WHPC-4001,Closed,,,48.0,,,,,,,
Staffing,Sr SysAdmin (3),,,,,Historical_FY2022,,,,,,,,,,,,,,,,,Jan,,,,,,,,,,,,,,,,,,,,,,,29818.67,25931.96,-3886.71,,,,,,,,,,,,FY2022,1.0,-13.0,64420.0,CC-WHPC-100,F-WHPC-3119,Closed,,,48.0,,,,,,,
Staffing,Sr SysAdmin (3),,,,,Historical_FY2022,,,,,,,,,,,,,,,,,Feb,,,,,,,,,,,,,,,,,,,,,,,29818.67,34855.96,5037.29,,,,,,,,,,,,FY2022,2.0,16.9,64643.0,CC-WHPC-100,F-WHPC-4890,Closed,,,48.0,,,,,,,
Staffing,Sr SysAdmin (3),,,,,Historical_FY2022,,,,,,,,,,,,,,,,,Mar,,,,,,,,,,,,,,,,,,,,,,,29818.67,27352.98,-2465.68,,,,,,,,,,,,FY2022,3.0,-8.3,60696.0,CC-WHPC-100,F-WHPC-2270,Closed,,,48.0,,,,,,,
Staffing,Sr SysAdmin (3),,,,,Historical_FY2022,,,,,,,,,,,,,,,,,Apr,,,,,,,,,,,,,,,,,,,,,,,29818.67,25796.51,-4022.16,,,,,,,,,,,,FY2022,4.0,-13.5,63084.0,CC-WHPC-100,F-WHPC-8109,Closed,,,48.0,,,,,,,
Staffing,Sr SysAdmin (3),,,,,Historical_FY2022,,,,,,,,,,,,,,,,,May,,,,,,,,,,,,,,,,,,,,,,,29818.67,28225.23,-1593.44,,,,,,,,,,,,FY2022,5.0,-5.3,67635.0,CC-WHPC-100,F-WHPC-8535,Closed,,,48.0,,,,,,,
Staffing,Sr SysAdmin (3),,,,,Historical_FY2022,,,,,,,,,,,,,,,,,Jun,,,,,,,,,,,,,,,,,,,,,,,29818.67,26111.23,-3707.43,,,,,,,,,,,,FY2022,6.0,-12.4,61769.0,CC-WHPC-100,F-WHPC-9599,Closed,,,48.0,,,,,,,
Staffing,Sr SysAdmin (3),,,,,Historical_FY2022,,,,,,,,,,,,,,,,,Jul,,,,,,,,,,,,,,,,,,,,,,,29818.67,32411.77,2593.1,,,,,,,,,,,,FY2022,7.0,8.7,60741.0,CC-WHPC-100,F-WHPC-5523,Closed,,,48.0,,,,,,,
Staffing,Sr SysAdmin (3),,,,,Historical_FY2022,,,,,,,,,,,,,,,,,Aug,,,,,,,,,,,,,,,,,,,,,,,29818.67,29646.93,-171.73,,,,,,,,,,,,FY2022,8.0,-0.6,66204.0,CC-WHPC-100,F-WHPC-3147,Closed,,,48.0,,,,,,,
Staffing,Sr SysAdmin (3),,,,,Historical_FY2022,,,,,,,,,,,,,,,,,Sep,,,,,,,,,,,,,,,,,,,,,,,29818.67,34187.98,4369.31,,,,,,,,,,,,FY2022,9.0,14.7,64154.0,CC-WHPC-100,F-WHPC-3625,Closed,,,48.0,,,,,,,
Staffing,Sr SysAdmin (3),,,,,Historical_FY2022,,,,,,,,,,,,,,,,,Oct,,,,,,,,,,,,,,,,,,,,,,,29818.67,34195.98,4377.31,,,,,,,,,,,,FY2022,10.0,14.7,66569.0,CC-WHPC-100,F-WHPC-6599,Closed,,,48.0,,,,,,,
Staffing,Sr SysAdmin (3),,,,,Historical_FY2022,,,,,,,,,,,,,,,,,Nov,,,,,,,,,,,,,,,,,,,,,,,29818.67,33449.69,3631.03,,,,,,,,,,,,FY2022,11.0,12.2,68126.0,CC-WHPC-100,F-WHPC-1348,Closed,,,48.0,,,,,,,
Staffing,Sr SysAdmin (3),,,,,Historical_FY2022,,,,,,,,,,,,,,,,,Dec,,,,,,,,,,,,,,,,,,,,,,,29818.67,27366.88,-2451.79,,,,,,,,,,,,FY2022,12.0,-8.2,62614.0,CC-WHPC-100,F-WHPC-7987,Closed,,,48.0,,,,,,,
Staffing,SysAdmin (2),,,,,Historical_FY2022,,,,,,,,,,,,,,,,,Jan,,,,,,,,,,,,,,,,,,,,,,,15193.75,14160.39,-1033.36,,,,,,,,,,,,FY2022,1.0,-6.8,62977.0,CC-WHPC-100,F-WHPC-9834,Closed,,,48.0,,,,,,,
Staffing,SysAdmin (2),,,,,Historical_FY2022,,,,,,,,,,,,,,,,,Feb,,,,,,,,,,,,,,,,,,,,,,,15193.75,18121.09,2927.34,,,,,,,,,,,,FY2022,2.0,19.3,68091.0,CC-WHPC-100,F-WHPC-7086,Closed,,,48.0,,,,,,,
Staffing,SysAdmin (2),,,,,Historical_FY2022,,,,,,,,,,,,,,,,,Mar,,,,,,,,,,,,,,,,,,,,,,,15193.75,16259.57,1065.82,,,,,,,,,,,,FY2022,3.0,7.0,69515.0,CC-WHPC-100,F-WHPC-9270,Closed,,,48.0,,,,,,,
Staffing,SysAdmin (2),,,,,Historical_FY2022,,,,,,,,,,,,,,,,,Apr,,,,,,,,,,,,,,,,,,,,,,,15193.75,14014.77,-1178.98,,,,,,,,,,,,FY2022,4.0,-7.8,68026.0,CC-WHPC-100,F-WHPC-9326,Closed,,,48.0,,,,,,,
Staffing,SysAdmin (2),,,,,Historical_FY2022,,,,,,,,,,,,,,,,,May,,,,,,,,,,,,,,,,,,,,,,,15193.75,17927.18,2733.43,,,,,,,,,,,,FY2022,5.0,18.0,69651.0,CC-WHPC-100,F-WHPC-6666,Closed,,,48.0,,,,,,,
Staffing,SysAdmin (2),,,,,Historical_FY2022,,,,,,,,,,,,,,,,,Jun,,,,,,,,,,,,,,,,,,,,,,,15193.75,17960.39,2766.64,,,,,,,,,,,,FY2022,6.0,18.2,66910.0,CC-WHPC-100,F-WHPC-3990,Closed,,,48.0,,,,,,,
Staffing,SysAdmin (2),,,,,Historical_FY2022,,,,,,,,,,,,,,,,,Jul,,,,,,,,,,,,,,,,,,,,,,,15193.75,13399.8,-1793.95,,,,,,,,,,,,FY2022,7.0,-11.8,65833.0,CC-WHPC-100,F-WHPC-3247,Closed,,,48.0,,,,,,,
Staffing,SysAdmin (2),,,,,Historical_FY2022,,,,,,,,,,,,,,,,,Aug,,,,,,,,,,,,,,,,,,,,,,,15193.75,14610.34,-583.41,,,,,,,,,,,,FY2022,8.0,-3.8,64889.0,CC-WHPC-100,F-WHPC-4712,Closed,,,48.0,,,,,,,
Staffing,SysAdmin (2),,,,,Historical_FY2022,,,,,,,,,,,,,,,,,Sep,,,,,,,,,,,,,,,,,,,,,,,15193.75,12387.18,-2806.57,,,,,,,,,,,,FY2022,9.0,-18.5,68401.0,CC-WHPC-100,F-WHPC-8795,Closed,,,48.0,,,,,,,
Staffing,SysAdmin (2),,,,,Historical_FY2022,,,,,,,,,,,,,,,,,Oct,,,,,,,,,,,,,,,,,,,,,,,15193.75,13070.1,-2123.65,,,,,,,,,,,,FY2022,10.0,-14.0,68951.0,CC-WHPC-100,F-WHPC-6107,Closed,,,48.0,,,,,,,
Staffing,SysAdmin (2),,,,,Historical_FY2022,,,,,,,,,,,,,,,,,Nov,,,,,,,,,,,,,,,,,,,,,,,15193.75,13193.71,-2000.04,,,,,,,,,,,,FY2022,11.0,-13.2,67066.0,CC-WHPC-100,F-WHPC-5520,Closed,,,48.0,,,,,,,
Staffing,SysAdmin (2),,,,,Historical_FY2022,,,,,,,,,,,,,,,,,Dec,,,,,,,,,,,,,,,,,,,,,,,15193.75,16393.73,1199.98,,,,,,,,,,,,FY2022,12.0,7.9,62924.0,CC-WHPC-100,F-WHPC-8466,Closed,,,48.0,,,,,,,
Staffing,Storage Admin,,,,,Historical_FY2022,,,,,,,,,,,,,,,,,Jan,,,,,,,,,,,,,,,,,,,,,,,9343.75,8649.77,-693.98,,,,,,,,,,,,FY2022,1.0,-7.4,62879.0,CC-WHPC-100,F-WHPC-2377,Closed,,,48.0,,,,,,,
Staffing,Storage Admin,,,,,Historical_FY2022,,,,,,,,,,,,,,,,,Feb,,,,,,,,,,,,,,,,,,,,,,,9343.75,8397.1,-946.65,,,,,,,,,,,,FY2022,2.0,-10.1,68568.0,CC-WHPC-100,F-WHPC-6418,Closed,,,48.0,,,,,,,
Staffing,Storage Admin,,,,,Historical_FY2022,,,,,,,,,,,,,,,,,Mar,,,,,,,,,,,,,,,,,,,,,,,9343.75,8263.48,-1080.27,,,,,,,,,,,,FY2022,3.0,-11.6,67703.0,CC-WHPC-100,F-WHPC-7622,Closed,,,48.0,,,,,,,
Staffing,Storage Admin,,,,,Historical_FY2022,,,,,,,,,,,,,,,,,Apr,,,,,,,,,,,,,,,,,,,,,,,9343.75,10000.02,656.27,,,,,,,,,,,,FY2022,4.0,7.0,69596.0,CC-WHPC-100,F-WHPC-5347,Closed,,,48.0,,,,,,,
Staffing,Storage Admin,,,,,Historical_FY2022,,,,,,,,,,,,,,,,,May,,,,,,,,,,,,,,,,,,,,,,,9343.75,8939.05,-404.7,,,,,,,,,,,,FY2022,5.0,-4.3,69488.0,CC-WHPC-100,F-WHPC-7300,Closed,,,48.0,,,,,,,
Staffing,Storage Admin,,,,,Historical_FY2022,,,,,,,,,,,,,,,,,Jun,,,,,,,,,,,,,,,,,,,,,,,9343.75,8206.04,-1137.71,,,,,,,,,,,,FY2022,6.0,-12.2,62882.0,CC-WHPC-100,F-WHPC-3122,Closed,,,48.0,,,,,,,
Staffing,Storage Admin,,,,,Historical_FY2022,,,,,,,,,,,,,,,,,Jul,,,,,,,,,,,,,,,,,,,,,,,9343.75,8598.28,-745.47,,,,,,,,,,,,FY2022,7.0,-8.0,69607.0,CC-WHPC-100,F-WHPC-9602,Closed,,,48.0,,,,,,,
Staffing,Storage Admin,,,,,Historical_FY2022,,,,,,,,,,,,,,,,,Aug,,,,,,,,,,,,,,,,,,,,,,,9343.75,7494.48,-1849.27,,,,,,,,,,,,FY2022,8.0,-19.8,65212.0,CC-WHPC-100,F-WHPC-4198,Closed,,,48.0,,,,,,,
Staffing,Storage Admin,,,,,Historical_FY2022,,,,,,,,,,,,,,,,,Sep,,,,,,,,,,,,,,,,,,,,,,,9343.75,10705.38,1361.63,,,,,,,,,,,,FY2022,9.0,14.6,67085.0,CC-WHPC-100,F-WHPC-6273,Closed,,,48.0,,,,,,,
Staffing,Storage Admin,,,,,Historical_FY2022,,,,,,,,,,,,,,,,,Oct,,,,,,,,,,,,,,,,,,,,,,,9343.75,8187.4,-1156.35,,,,,,,,,,,,FY2022,10.0,-12.4,69451.0,CC-WHPC-100,F-WHPC-3382,Closed,,,48.0,,,,,,,
Staffing,Storage Admin,,,,,Historical_FY2022,,,,,,,,,,,,,,,,,Nov,,,,,,,,,,,,,,,,,,,,,,,9343.75,9697.2,353.45,,,,,,,,,,,,FY2022,11.0,3.8,65896.0,CC-WHPC-100,F-WHPC-5552,Closed,,,48.0,,,,,,,
Staffing,Storage Admin,,,,,Historical_FY2022,,,,,,,,,,,,,,,,,Dec,,,,,,,,,,,,,,,,,,,,,,,9343.75,7981.71,-1362.04,,,,,,,,,,,,FY2022,12.0,-14.6,63324.0,CC-WHPC-100,F-WHPC-8352,Closed,,,48.0,,,,,,,
Staffing,Network Engineer,,,,,Historical_FY2022,,,,,,,,,,,,,,,,,Jan,,,,,,,,,,,,,,,,,,,,,,,9587.5,9861.43,273.93,,,,,,,,,,,,FY2022,1.0,2.9,60732.0,CC-WHPC-100,F-WHPC-2891,Closed,,,48.0,,,,,,,
Staffing,Network Engineer,,,,,Historical_FY2022,,,,,,,,,,,,,,,,,Feb,,,,,,,,,,,,,,,,,,,,,,,9587.5,10731.79,1144.29,,,,,,,,,,,,FY2022,2.0,11.9,68706.0,CC-WHPC-100,F-WHPC-2094,Closed,,,48.0,,,,,,,
Staffing,Network Engineer,,,,,Historical_FY2022,,,,,,,,,,,,,,,,,Mar,,,,,,,,,,,,,,,,,,,,,,,9587.5,8317.45,-1270.05,,,,,,,,,,,,FY2022,3.0,-13.2,69797.0,CC-WHPC-100,F-WHPC-9759,Closed,,,48.0,,,,,,,
Staffing,Network Engineer,,,,,Historical_FY2022,,,,,,,,,,,,,,,,,Apr,,,,,,,,,,,,,,,,,,,,,,,9587.5,8516.67,-1070.83,,,,,,,,,,,,FY2022,4.0,-11.2,62788.0,CC-WHPC-100,F-WHPC-1176,Closed,,,48.0,,,,,,,
Staffing,Network Engineer,,,,,Historical_FY2022,,,,,,,,,,,,,,,,,May,,,,,,,,,,,,,,,,,,,,,,,9587.5,7713.72,-1873.78,,,,,,,,,,,,FY2022,5.0,-19.5,61069.0,CC-WHPC-100,F-WHPC-6037,Closed,,,48.0,,,,,,,
Staffing,Network Engineer,,,,,Historical_FY2022,,,,,,,,,,,,,,,,,Jun,,,,,,,,,,,,,,,,,,,,,,,9587.5,11079.05,1491.55,,,,,,,,,,,,FY2022,6.0,15.6,68599.0,CC-WHPC-100,F-WHPC-3462,Closed,,,48.0,,,,,,,
Staffing,Network Engineer,,,,,Historical_FY2022,,,,,,,,,,,,,,,,,Jul,,,,,,,,,,,,,,,,,,,,,,,9587.5,8118.8,-1468.7,,,,,,,,,,,,FY2022,7.0,-15.3,61742.0,CC-WHPC-100,F-WHPC-8620,Closed,,,48.0,,,,,,,
Staffing,Network Engineer,,,,,Historical_FY2022,,,,,,,,,,,,,,,,,Aug,,,,,,,,,,,,,,,,,,,,,,,9587.5,9294.24,-293.26,,,,,,,,,,,,FY2022,8.0,-3.1,65364.0,CC-WHPC-100,F-WHPC-8355,Closed,,,48.0,,,,,,,
Staffing,Network Engineer,,,,,Historical_FY2022,,,,,,,,,,,,,,,,,Sep,,,,,,,,,,,,,,,,,,,,,,,9587.5,8149.48,-1438.02,,,,,,,,,,,,FY2022,9.0,-15.0,68992.0,CC-WHPC-100,F-WHPC-9840,Closed,,,48.0,,,,,,,
Staffing,Network Engineer,,,,,Historical_FY2022,,,,,,,,,,,,,,,,,Oct,,,,,,,,,,,,,,,,,,,,,,,9587.5,10932.85,1345.35,,,,,,,,,,,,FY2022,10.0,14.0,64824.0,CC-WHPC-100,F-WHPC-2578,Closed,,,48.0,,,,,,,
Staffing,Network Engineer,,,,,Historical_FY2022,,,,,,,,,,,,,,,,,Nov,,,,,,,,,,,,,,,,,,,,,,,9587.5,8406.5,-1181.0,,,,,,,,,,,,FY2022,11.0,-12.3,69647.0,CC-WHPC-100,F-WHPC-7223,Closed,,,48.0,,,,,,,
Staffing,Network Engineer,,,,,Historical_FY2022,,,,,,,,,,,,,,,,,Dec,,,,,,,,,,,,,,,,,,,,,,,9587.5,11228.55,1641.05,,,,,,,,,,,,FY2022,12.0,17.1,68624.0,CC-WHPC-100,F-WHPC-2870,Closed,,,48.0,,,,,,,
Staffing,Security Analyst,,,,,Historical_FY2022,,,,,,,,,,,,,,,,,Jan,,,,,,,,,,,,,,,,,,,,,,,8937.5,10117.31,1179.81,,,,,,,,,,,,FY2022,1.0,13.2,64636.0,CC-WHPC-100,F-WHPC-1700,Closed,,,48.0,,,,,,,
Staffing,Security Analyst,,,,,Historical_FY2022,,,,,,,,,,,,,,,,,Feb,,,,,,,,,,,,,,,,,,,,,,,8937.5,9466.24,528.74,,,,,,,,,,,,FY2022,2.0,5.9,61882.0,CC-WHPC-100,F-WHPC-9057,Closed,,,48.0,,,,,,,
Staffing,Security Analyst,,,,,Historical_FY2022,,,,,,,,,,,,,,,,,Mar,,,,,,,,,,,,,,,,,,,,,,,8937.5,7690.03,-1247.47,,,,,,,,,,,,FY2022,3.0,-14.0,63784.0,CC-WHPC-100,F-WHPC-6775,Closed,,,48.0,,,,,,,
Staffing,Security Analyst,,,,,Historical_FY2022,,,,,,,,,,,,,,,,,Apr,,,,,,,,,,,,,,,,,,,,,,,8937.5,8979.77,42.27,,,,,,,,,,,,FY2022,4.0,0.5,64459.0,CC-WHPC-100,F-WHPC-4638,Closed,,,48.0,,,,,,,
Staffing,Security Analyst,,,,,Historical_FY2022,,,,,,,,,,,,,,,,,May,,,,,,,,,,,,,,,,,,,,,,,8937.5,10129.15,1191.65,,,,,,,,,,,,FY2022,5.0,13.3,61214.0,CC-WHPC-100,F-WHPC-2224,Closed,,,48.0,,,,,,,
Staffing,Security Analyst,,,,,Historical_FY2022,,,,,,,,,,,,,,,,,Jun,,,,,,,,,,,,,,,,,,,,,,,8937.5,7306.57,-1630.93,,,,,,,,,,,,FY2022,6.0,-18.2,60162.0,CC-WHPC-100,F-WHPC-3417,Closed,,,48.0,,,,,,,
Staffing,Security Analyst,,,,,Historical_FY2022,,,,,,,,,,,,,,,,,Jul,,,,,,,,,,,,,,,,,,,,,,,8937.5,8637.11,-300.39,,,,,,,,,,,,FY2022,7.0,-3.4,68555.0,CC-WHPC-100,F-WHPC-4972,Closed,,,48.0,,,,,,,
Staffing,Security Analyst,,,,,Historical_FY2022,,,,,,,,,,,,,,,,,Aug,,,,,,,,,,,,,,,,,,,,,,,8937.5,7596.98,-1340.52,,,,,,,,,,,,FY2022,8.0,-15.0,67024.0,CC-WHPC-100,F-WHPC-5946,Closed,,,48.0,,,,,,,
Staffing,Security Analyst,,,,,Historical_FY2022,,,,,,,,,,,,,,,,,Sep,,,,,,,,,,,,,,,,,,,,,,,8937.5,8324.64,-612.86,,,,,,,,,,,,FY2022,9.0,-6.9,64297.0,CC-WHPC-100,F-WHPC-1287,Closed,,,48.0,,,,,,,
Staffing,Security Analyst,,,,,Historical_FY2022,,,,,,,,,,,,,,,,,Oct,,,,,,,,,,,,,,,,,,,,,,,8937.5,10595.48,1657.98,,,,,,,,,,,,FY2022,10.0,18.6,65899.0,CC-WHPC-100,F-WHPC-1497,Closed,,,48.0,,,,,,,
Staffing,Security Analyst,,,,,Historical_FY2022,,,,,,,,,,,,,,,,,Nov,,,,,,,,,,,,,,,,,,,,,,,8937.5,10056.85,1119.35,,,,,,,,,,,,FY2022,11.0,12.5,68549.0,CC-WHPC-100,F-WHPC-4432,Closed,,,48.0,,,,,,,
Staffing,Security Analyst,,,,,Historical_FY2022,,,,,,,,,,,,,,,,,Dec,,,,,,,,,,,,,,,,,,,,,,,8937.5,8996.21,58.71,,,,,,,,,,,,FY2022,12.0,0.7,62022.0,CC-WHPC-100,F-WHPC-8612,Closed,,,48.0,,,,,,,
Staffing,User Support (2),,,,,Historical_FY2022,,,,,,,,,,,,,,,,,Jan,,,,,,,,,,,,,,,,,,,,,,,12512.5,11207.55,-1304.95,,,,,,,,,,,,FY2022,1.0,-10.4,61784.0,CC-WHPC-100,F-WHPC-6538,Closed,,,48.0,,,,,,,
Staffing,User Support (2),,,,,Historical_FY2022,,,,,,,,,,,,,,,,,Feb,,,,,,,,,,,,,,,,,,,,,,,12512.5,13317.76,805.26,,,,,,,,,,,,FY2022,2.0,6.4,64249.0,CC-WHPC-100,F-WHPC-3656,Closed,,,48.0,,,,,,,
Staffing,User Support (2),,,,,Historical_FY2022,,,,,,,,,,,,,,,,,Mar,,,,,,,,,,,,,,,,,,,,,,,12512.5,14148.63,1636.13,,,,,,,,,,,,FY2022,3.0,13.1,66371.0,CC-WHPC-100,F-WHPC-8443,Closed,,,48.0,,,,,,,
Staffing,User Support (2),,,,,Historical_FY2022,,,,,,,,,,,,,,,,,Apr,,,,,,,,,,,,,,,,,,,,,,,12512.5,13437.11,924.61,,,,,,,,,,,,FY2022,4.0,7.4,65980.0,CC-WHPC-100,F-WHPC-6574,Closed,,,48.0,,,,,,,
Staffing,User Support (2),,,,,Historical_FY2022,,,,,,,,,,,,,,,,,May,,,,,,,,,,,,,,,,,,,,,,,12512.5,12396.59,-115.91,,,,,,,,,,,,FY2022,5.0,-0.9,65989.0,CC-WHPC-100,F-WHPC-2449,Closed,,,48.0,,,,,,,
Staffing,User Support (2),,,,,Historical_FY2022,,,,,,,,,,,,,,,,,Jun,,,,,,,,,,,,,,,,,,,,,,,12512.5,11304.47,-1208.03,,,,,,,,,,,,FY2022,6.0,-9.7,68870.0,CC-WHPC-100,F-WHPC-8665,Closed,,,48.0,,,,,,,
Staffing,User Support (2),,,,,Historical_FY2022,,,,,,,,,,,,,,,,,Jul,,,,,,,,,,,,,,,,,,,,,,,12512.5,14758.59,2246.09,,,,,,,,,,,,FY2022,7.0,18.0,68170.0,CC-WHPC-100,F-WHPC-7808,Closed,,,48.0,,,,,,,
Staffing,User Support (2),,,,,Historical_FY2022,,,,,,,,,,,,,,,,,Aug,,,,,,,,,,,,,,,,,,,,,,,12512.5,11742.67,-769.83,,,,,,,,,,,,FY2022,8.0,-6.2,69693.0,CC-WHPC-100,F-WHPC-7933,Closed,,,48.0,,,,,,,
Staffing,User Support (2),,,,,Historical_FY2022,,,,,,,,,,,,,,,,,Sep,,,,,,,,,,,,,,,,,,,,,,,12512.5,14327.21,1814.71,,,,,,,,,,,,FY2022,9.0,14.5,62000.0,CC-WHPC-100,F-WHPC-5962,Closed,,,48.0,,,,,,,
Staffing,User Support (2),,,,,Historical_FY2022,,,,,,,,,,,,,,,,,Oct,,,,,,,,,,,,,,,,,,,,,,,12512.5,14156.56,1644.06,,,,,,,,,,,,FY2022,10.0,13.1,61228.0,CC-WHPC-100,F-WHPC-5413,Closed,,,48.0,,,,,,,
Staffing,User Support (2),,,,,Historical_FY2022,,,,,,,,,,,,,,,,,Nov,,,,,,,,,,,,,,,,,,,,,,,12512.5,10530.6,-1981.9,,,,,,,,,,,,FY2022,11.0,-15.8,67214.0,CC-WHPC-100,F-WHPC-6214,Closed,,,48.0,,,,,,,
Staffing,User Support (2),,,,,Historical_FY2022,,,,,,,,,,,,,,,,,Dec,,,,,,,,,,,,,,,,,,,,,,,12512.5,11336.12,-1176.38,,,,,,,,,,,,FY2022,12.0,-9.4,63311.0,CC-WHPC-100,F-WHPC-9215,Closed,,,48.0,,,,,,,
Staffing,Admin Coordinator,,,,,Historical_FY2022,,,,,,,,,,,,,,,,,Jan,,,,,,,,,,,,,,,,,,,,,,,5037.5,5992.31,954.81,,,,,,,,,,,,FY2022,1.0,19.0,62452.0,CC-WHPC-100,F-WHPC-5710,Closed,,,48.0,,,,,,,
Staffing,Admin Coordinator,,,,,Historical_FY2022,,,,,,,,,,,,,,,,,Feb,,,,,,,,,,,,,,,,,,,,,,,5037.5,5348.79,311.29,,,,,,,,,,,,FY2022,2.0,6.2,67828.0,CC-WHPC-100,F-WHPC-6612,Closed,,,48.0,,,,,,,
Staffing,Admin Coordinator,,,,,Historical_FY2022,,,,,,,,,,,,,,,,,Mar,,,,,,,,,,,,,,,,,,,,,,,5037.5,5218.74,181.24,,,,,,,,,,,,FY2022,3.0,3.6,62103.0,CC-WHPC-100,F-WHPC-3249,Closed,,,48.0,,,,,,,
Staffing,Admin Coordinator,,,,,Historical_FY2022,,,,,,,,,,,,,,,,,Apr,,,,,,,,,,,,,,,,,,,,,,,5037.5,5742.11,704.61,,,,,,,,,,,,FY2022,4.0,14.0,60962.0,CC-WHPC-100,F-WHPC-8536,Closed,,,48.0,,,,,,,
Staffing,Admin Coordinator,,,,,Historical_FY2022,,,,,,,,,,,,,,,,,May,,,,,,,,,,,,,,,,,,,,,,,5037.5,5911.26,873.76,,,,,,,,,,,,FY2022,5.0,17.3,61755.0,CC-WHPC-100,F-WHPC-1712,Closed,,,48.0,,,,,,,
Staffing,Admin Coordinator,,,,,Historical_FY2022,,,,,,,,,,,,,,,,,Jun,,,,,,,,,,,,,,,,,,,,,,,5037.5,4408.85,-628.65,,,,,,,,,,,,FY2022,6.0,-12.5,60536.0,CC-WHPC-100,F-WHPC-9737,Closed,,,48.0,,,,,,,
Staffing,Admin Coordinator,,,,,Historical_FY2022,,,,,,,,,,,,,,,,,Jul,,,,,,,,,,,,,,,,,,,,,,,5037.5,4039.2,-998.3,,,,,,,,,,,,FY2022,7.0,-19.8,64946.0,CC-WHPC-100,F-WHPC-7880,Closed,,,48.0,,,,,,,
Staffing,Admin Coordinator,,,,,Historical_FY2022,,,,,,,,,,,,,,,,,Aug,,,,,,,,,,,,,,,,,,,,,,,5037.5,4201.12,-836.38,,,,,,,,,,,,FY2022,8.0,-16.6,62252.0,CC-WHPC-100,F-WHPC-9506,Closed,,,48.0,,,,,,,
Staffing,Admin Coordinator,,,,,Historical_FY2022,,,,,,,,,,,,,,,,,Sep,,,,,,,,,,,,,,,,,,,,,,,5037.5,4456.1,-581.4,,,,,,,,,,,,FY2022,9.0,-11.5,64998.0,CC-WHPC-100,F-WHPC-8733,Closed,,,48.0,,,,,,,
Staffing,Admin Coordinator,,,,,Historical_FY2022,,,,,,,,,,,,,,,,,Oct,,,,,,,,,,,,,,,,,,,,,,,5037.5,4215.97,-821.53,,,,,,,,,,,,FY2022,10.0,-16.3,65692.0,CC-WHPC-100,F-WHPC-8362,Closed,,,48.0,,,,,,,
Staffing,Admin Coordinator,,,,,Historical_FY2022,,,,,,,,,,,,,,,,,Nov,,,,,,,,,,,,,,,,,,,,,,,5037.5,4694.77,-342.73,,,,,,,,,,,,FY2022,11.0,-6.8,67620.0,CC-WHPC-100,F-WHPC-7532,Closed,,,48.0,,,,,,,
Staffing,Admin Coordinator,,,,,Historical_FY2022,,,,,,,,,,,,,,,,,Dec,,,,,,,,,,,,,,,,,,,,,,,5037.5,4120.58,-916.92,,,,,,,,,,,,FY2022,12.0,-18.2,60427.0,CC-WHPC-100,F-WHPC-9652,Closed,,,48.0,,,,,,,
Operations,Subscriptions,,,,,Historical_FY2022,,,,,,,,,,,,,,,,,Dec,,,,,,,,,,,,,,,,,,,,,,,531.25,532.05,0.8,,,,,,,,,,,,FY2022,12.0,0.2,65725.0,CC-WHPC-100,F-WHPC-9470,Closed,,,48.0,,,,,,,
Staffing,Director,,,,,Historical_FY2023,,,,,,,,,,,,,,,,,Jan,,,,,,,,,,,,,,,,,,,,,,,13769.17,12486.43,-1282.74,,,,,,,,,,,,FY2023,1.0,-9.3,66413.0,CC-WHPC-100,F-WHPC-8994,Closed,,,48.0,,,,,,,
Staffing,Director,,,,,Historical_FY2023,,,,,,,,,,,,,,,,,Feb,,,,,,,,,,,,,,,,,,,,,,,13769.17,11920.37,-1848.8,,,,,,,,,,,,FY2023,2.0,-13.4,67648.0,CC-WHPC-100,F-WHPC-2904,Closed,,,48.0,,,,,,,
Staffing,Director,,,,,Historical_FY2023,,,,,,,,,,,,,,,,,Mar,,,,,,,,,,,,,,,,,,,,,,,13769.17,15308.64,1539.48,,,,,,,,,,,,FY2023,3.0,11.2,62114.0,CC-WHPC-100,F-WHPC-7883,Closed,,,48.0,,,,,,,
Staffing,Director,,,,,Historical_FY2023,,,,,,,,,,,,,,,,,Apr,,,,,,,,,,,,,,,,,,,,,,,13769.17,16463.24,2694.07,,,,,,,,,,,,FY2023,4.0,19.6,67904.0,CC-WHPC-100,F-WHPC-2868,Closed,,,48.0,,,,,,,
Staffing,Director,,,,,Historical_FY2023,,,,,,,,,,,,,,,,,May,,,,,,,,,,,,,,,,,,,,,,,13769.17,16270.14,2500.98,,,,,,,,,,,,FY2023,5.0,18.2,60811.0,CC-WHPC-100,F-WHPC-6318,Closed,,,48.0,,,,,,,
Staffing,Director,,,,,Historical_FY2023,,,,,,,,,,,,,,,,,Jun,,,,,,,,,,,,,,,,,,,,,,,13769.17,11554.01,-2215.16,,,,,,,,,,,,FY2023,6.0,-16.1,63257.0,CC-WHPC-100,F-WHPC-2187,Closed,,,48.0,,,,,,,
Staffing,Director,,,,,Historical_FY2023,,,,,,,,,,,,,,,,,Jul,,,,,,,,,,,,,,,,,,,,,,,13769.17,14126.45,357.28,,,,,,,,,,,,FY2023,7.0,2.6,61318.0,CC-WHPC-100,F-WHPC-9119,Closed,,,48.0,,,,,,,
Staffing,Director,,,,,Historical_FY2023,,,,,,,,,,,,,,,,,Aug,,,,,,,,,,,,,,,,,,,,,,,13769.17,14417.2,648.03,,,,,,,,,,,,FY2023,8.0,4.7,69800.0,CC-WHPC-100,F-WHPC-4765,Closed,,,48.0,,,,,,,
Staffing,Director,,,,,Historical_FY2023,,,,,,,,,,,,,,,,,Sep,,,,,,,,,,,,,,,,,,,,,,,13769.17,15261.06,1491.89,,,,,,,,,,,,FY2023,9.0,10.8,65222.0,CC-WHPC-100,F-WHPC-9525,Closed,,,48.0,,,,,,,
Staffing,Director,,,,,Historical_FY2023,,,,,,,,,,,,,,,,,Oct,,,,,,,,,,,,,,,,,,,,,,,13769.17,12870.88,-898.29,,,,,,,,,,,,FY2023,10.0,-6.5,62297.0,CC-WHPC-100,F-WHPC-8551,Closed,,,48.0,,,,,,,
Staffing,Director,,,,,Historical_FY2023,,,,,,,,,,,,,,,,,Nov,,,,,,,,,,,,,,,,,,,,,,,13769.17,13960.51,191.34,,,,,,,,,,,,FY2023,11.0,1.4,68236.0,CC-WHPC-100,F-WHPC-8709,Closed,,,48.0,,,,,,,
Staffing,Director,,,,,Historical_FY2023,,,,,,,,,,,,,,,,,Dec,,,,,,,,,,,,,,,,,,,,,,,13769.17,13006.67,-762.49,,,,,,,,,,,,FY2023,12.0,-5.5,66362.0,CC-WHPC-100,F-WHPC-7990,Closed,,,48.0,,,,,,,
Staffing,Sr SysAdmin (3),,,,,Historical_FY2023,,,,,,,,,,,,,,,,,Jan,,,,,,,,,,,,,,,,,,,,,,,32601.75,27760.23,-4841.52,,,,,,,,,,,,FY2023,1.0,-14.9,61382.0,CC-WHPC-100,F-WHPC-1903,Closed,,,48.0,,,,,,,
Staffing,Sr SysAdmin (3),,,,,Historical_FY2023,,,,,,,,,,,,,,,,,Feb,,,,,,,,,,,,,,,,,,,,,,,32601.75,26279.89,-6321.86,,,,,,,,,,,,FY2023,2.0,-19.4,65175.0,CC-WHPC-100,F-WHPC-5113,Closed,,,48.0,,,,,,,
Staffing,Sr SysAdmin (3),,,,,Historical_FY2023,,,,,,,,,,,,,,,,,Mar,,,,,,,,,,,,,,,,,,,,,,,32601.75,30381.5,-2220.25,,,,,,,,,,,,FY2023,3.0,-6.8,66975.0,CC-WHPC-100,F-WHPC-9631,Closed,,,48.0,,,,,,,
Staffing,Sr SysAdmin (3),,,,,Historical_FY2023,,,,,,,,,,,,,,,,,Apr,,,,,,,,,,,,,,,,,,,,,,,32601.75,26476.17,-6125.58,,,,,,,,,,,,FY2023,4.0,-18.8,63409.0,CC-WHPC-100,F-WHPC-9771,Closed,,,48.0,,,,,,,
Staffing,Sr SysAdmin (3),,,,,Historical_FY2023,,,,,,,,,,,,,,,,,May,,,,,,,,,,,,,,,,,,,,,,,32601.75,33862.27,1260.52,,,,,,,,,,,,FY2023,5.0,3.9,61963.0,CC-WHPC-100,F-WHPC-2581,Closed,,,48.0,,,,,,,
Staffing,Sr SysAdmin (3),,,,,Historical_FY2023,,,,,,,,,,,,,,,,,Jun,,,,,,,,,,,,,,,,,,,,,,,32601.75,35924.67,3322.92,,,,,,,,,,,,FY2023,6.0,10.2,69406.0,CC-WHPC-100,F-WHPC-2976,Closed,,,48.0,,,,,,,
Staffing,Sr SysAdmin (3),,,,,Historical_FY2023,,,,,,,,,,,,,,,,,Jul,,,,,,,,,,,,,,,,,,,,,,,32601.75,33703.56,1101.81,,,,,,,,,,,,FY2023,7.0,3.4,66242.0,CC-WHPC-100,F-WHPC-2657,Closed,,,48.0,,,,,,,
Staffing,Sr SysAdmin (3),,,,,Historical_FY2023,,,,,,,,,,,,,,,,,Aug,,,,,,,,,,,,,,,,,,,,,,,32601.75,28666.25,-3935.5,,,,,,,,,,,,FY2023,8.0,-12.1,69215.0,CC-WHPC-100,F-WHPC-7093,Closed,,,48.0,,,,,,,
Staffing,Sr SysAdmin (3),,,,,Historical_FY2023,,,,,,,,,,,,,,,,,Sep,,,,,,,,,,,,,,,,,,,,,,,32601.75,30645.15,-1956.6,,,,,,,,,,,,FY2023,9.0,-6.0,64730.0,CC-WHPC-100,F-WHPC-6752,Closed,,,48.0,,,,,,,
Staffing,Sr SysAdmin (3),,,,,Historical_FY2023,,,,,,,,,,,,,,,,,Oct,,,,,,,,,,,,,,,,,,,,,,,32601.75,35102.43,2500.68,,,,,,,,,,,,FY2023,10.0,7.7,61075.0,CC-WHPC-100,F-WHPC-1400,Closed,,,48.0,,,,,,,
Staffing,Sr SysAdmin (3),,,,,Historical_FY2023,,,,,,,,,,,,,,,,,Nov,,,,,,,,,,,,,,,,,,,,,,,32601.75,30177.05,-2424.7,,,,,,,,,,,,FY2023,11.0,-7.4,69256.0,CC-WHPC-100,F-WHPC-3465,Closed,,,48.0,,,,,,,
Staffing,Sr SysAdmin (3),,,,,Historical_FY2023,,,,,,,,,,,,,,,,,Dec,,,,,,,,,,,,,,,,,,,,,,,32601.75,31867.58,-734.17,,,,,,,,,,,,FY2023,12.0,-2.3,68429.0,CC-WHPC-100,F-WHPC-9089,Closed,,,48.0,,,,,,,
Staffing,SysAdmin (2),,,,,Historical_FY2023,,,,,,,,,,,,,,,,,Jan,,,,,,,,,,,,,,,,,,,,,,,16611.83,19519.46,2907.63,,,,,,,,,,,,FY2023,1.0,17.5,69826.0,CC-WHPC-100,F-WHPC-9463,Closed,,,48.0,,,,,,,
Staffing,SysAdmin (2),,,,,Historical_FY2023,,,,,,,,,,,,,,,,,Feb,,,,,,,,,,,,,,,,,,,,,,,16611.83,17445.52,833.68,,,,,,,,,,,,FY2023,2.0,5.0,62465.0,CC-WHPC-100,F-WHPC-4186,Closed,,,48.0,,,,,,,
Staffing,SysAdmin (2),,,,,Historical_FY2023,,,,,,,,,,,,,,,,,Mar,,,,,,,,,,,,,,,,,,,,,,,16611.83,14046.83,-2565.0,,,,,,,,,,,,FY2023,3.0,-15.4,69656.0,CC-WHPC-100,F-WHPC-7907,Closed,,,48.0,,,,,,,
Staffing,SysAdmin (2),,,,,Historical_FY2023,,,,,,,,,,,,,,,,,Apr,,,,,,,,,,,,,,,,,,,,,,,16611.83,14591.68,-2020.15,,,,,,,,,,,,FY2023,4.0,-12.2,65235.0,CC-WHPC-100,F-WHPC-9855,Closed,,,48.0,,,,,,,
Staffing,SysAdmin (2),,,,,Historical_FY2023,,,,,,,,,,,,,,,,,May,,,,,,,,,,,,,,,,,,,,,,,16611.83,15369.55,-1242.29,,,,,,,,,,,,FY2023,5.0,-7.5,67299.0,CC-WHPC-100,F-WHPC-8456,Closed,,,48.0,,,,,,,
Staffing,SysAdmin (2),,,,,Historical_FY2023,,,,,,,,,,,,,,,,,Jun,,,,,,,,,,,,,,,,,,,,,,,16611.83,15095.44,-1516.39,,,,,,,,,,,,FY2023,6.0,-9.1,66701.0,CC-WHPC-100,F-WHPC-2774,Closed,,,48.0,,,,,,,
Staffing,SysAdmin (2),,,,,Historical_FY2023,,,,,,,,,,,,,,,,,Jul,,,,,,,,,,,,,,,,,,,,,,,16611.83,18727.18,2115.35,,,,,,,,,,,,FY2023,7.0,12.7,66313.0,CC-WHPC-100,F-WHPC-2541,Closed,,,48.0,,,,,,,
Staffing,SysAdmin (2),,,,,Historical_FY2023,,,,,,,,,,,,,,,,,Aug,,,,,,,,,,,,,,,,,,,,,,,16611.83,13386.3,-3225.54,,,,,,,,,,,,FY2023,8.0,-19.4,63843.0,CC-WHPC-100,F-WHPC-3606,Closed,,,48.0,,,,,,,
Staffing,SysAdmin (2),,,,,Historical_FY2023,,,,,,,,,,,,,,,,,Sep,,,,,,,,,,,,,,,,,,,,,,,16611.83,18846.95,2235.12,,,,,,,,,,,,FY2023,9.0,13.5,66721.0,CC-WHPC-100,F-WHPC-4162,Closed,,,48.0,,,,,,,
Staffing,SysAdmin (2),,,,,Historical_FY2023,,,,,,,,,,,,,,,,,Oct,,,,,,,,,,,,,,,,,,,,,,,16611.83,15345.77,-1266.06,,,,,,,,,,,,FY2023,10.0,-7.6,60382.0,CC-WHPC-100,F-WHPC-9449,Closed,,,48.0,,,,,,,
Staffing,SysAdmin (2),,,,,Historical_FY2023,,,,,,,,,,,,,,,,,Nov,,,,,,,,,,,,,,,,,,,,,,,16611.83,14847.95,-1763.89,,,,,,,,,,,,FY2023,11.0,-10.6,62668.0,CC-WHPC-100,F-WHPC-6524,Closed,,,48.0,,,,,,,
Staffing,SysAdmin (2),,,,,Historical_FY2023,,,,,,,,,,,,,,,,,Dec,,,,,,,,,,,,,,,,,,,,,,,16611.83,16972.6,360.76,,,,,,,,,,,,FY2023,12.0,2.2,61116.0,CC-WHPC-100,F-WHPC-5634,Closed,,,48.0,,,,,,,
Staffing,Storage Admin,,,,,Historical_FY2023,,,,,,,,,,,,,,,,,Jan,,,,,,,,,,,,,,,,,,,,,,,10215.75,8273.25,-1942.5,,,,,,,,,,,,FY2023,1.0,-19.0,64055.0,CC-WHPC-100,F-WHPC-1139,Closed,,,48.0,,,,,,,
Staffing,Storage Admin,,,,,Historical_FY2023,,,,,,,,,,,,,,,,,Feb,,,,,,,,,,,,,,,,,,,,,,,10215.75,10052.75,-163.0,,,,,,,,,,,,FY2023,2.0,-1.6,60679.0,CC-WHPC-100,F-WHPC-1152,Closed,,,48.0,,,,,,,
Staffing,Storage Admin,,,,,Historical_FY2023,,,,,,,,,,,,,,,,,Mar,,,,,,,,,,,,,,,,,,,,,,,10215.75,8349.92,-1865.83,,,,,,,,,,,,FY2023,3.0,-18.3,61721.0,CC-WHPC-100,F-WHPC-1429,Closed,,,48.0,,,,,,,
Staffing,Storage Admin,,,,,Historical_FY2023,,,,,,,,,,,,,,,,,Apr,,,,,,,,,,,,,,,,,,,,,,,10215.75,11164.6,948.85,,,,,,,,,,,,FY2023,4.0,9.3,64988.0,CC-WHPC-100,F-WHPC-9934,Closed,,,48.0,,,,,,,
Staffing,Storage Admin,,,,,Historical_FY2023,,,,,,,,,,,,,,,,,May,,,,,,,,,,,,,,,,,,,,,,,10215.75,9751.87,-463.88,,,,,,,,,,,,FY2023,5.0,-4.5,64778.0,CC-WHPC-100,F-WHPC-7419,Closed,,,48.0,,,,,,,
Staffing,Storage Admin,,,,,Historical_FY2023,,,,,,,,,,,,,,,,,Jun,,,,,,,,,,,,,,,,,,,,,,,10215.75,8438.52,-1777.23,,,,,,,,,,,,FY2023,6.0,-17.4,65909.0,CC-WHPC-100,F-WHPC-3360,Closed,,,48.0,,,,,,,
Staffing,Storage Admin,,,,,Historical_FY2023,,,,,,,,,,,,,,,,,Jul,,,,,,,,,,,,,,,,,,,,,,,10215.75,11199.1,983.35,,,,,,,,,,,,FY2023,7.0,9.6,61471.0,CC-WHPC-100,F-WHPC-9747,Closed,,,48.0,,,,,,,
Staffing,Storage Admin,,,,,Historical_FY2023,,,,,,,,,,,,,,,,,Aug,,,,,,,,,,,,,,,,,,,,,,,10215.75,8244.82,-1970.93,,,,,,,,,,,,FY2023,8.0,-19.3,65683.0,CC-WHPC-100,F-WHPC-2524,Closed,,,48.0,,,,,,,
Staffing,Storage Admin,,,,,Historical_FY2023,,,,,,,,,,,,,,,,,Sep,,,,,,,,,,,,,,,,,,,,,,,10215.75,10014.24,-201.51,,,,,,,,,,,,FY2023,9.0,-2.0,67015.0,CC-WHPC-100,F-WHPC-7358,Closed,,,48.0,,,,,,,
Staffing,Storage Admin,,,,,Historical_FY2023,,,,,,,,,,,,,,,,,Oct,,,,,,,,,,,,,,,,,,,,,,,10215.75,9793.66,-422.09,,,,,,,,,,,,FY2023,10.0,-4.1,61477.0,CC-WHPC-100,F-WHPC-4119,Closed,,,48.0,,,,,,,
Staffing,Storage Admin,,,,,Historical_FY2023,,,,,,,,,,,,,,,,,Nov,,,,,,,,,,,,,,,,,,,,,,,10215.75,8977.95,-1237.8,,,,,,,,,,,,FY2023,11.0,-12.1,61208.0,CC-WHPC-100,F-WHPC-9130,Closed,,,48.0,,,,,,,
Staffing,Storage Admin,,,,,Historical_FY2023,,,,,,,,,,,,,,,,,Dec,,,,,,,,,,,,,,,,,,,,,,,10215.75,11568.7,1352.95,,,,,,,,,,,,FY2023,12.0,13.2,68007.0,CC-WHPC-100,F-WHPC-2360,Closed,,,48.0,,,,,,,
Staffing,Network Engineer,,,,,Historical_FY2023,,,,,,,,,,,,,,,,,Jan,,,,,,,,,,,,,,,,,,,,,,,10482.25,11134.23,651.98,,,,,,,,,,,,FY2023,1.0,6.2,65117.0,CC-WHPC-100,F-WHPC-5045,Closed,,,48.0,,,,,,,
Staffing,Network Engineer,,,,,Historical_FY2023,,,,,,,,,,,,,,,,,Feb,,,,,,,,,,,,,,,,,,,,,,,10482.25,11570.55,1088.3,,,,,,,,,,,,FY2023,2.0,10.4,63118.0,CC-WHPC-100,F-WHPC-9571,Closed,,,48.0,,,,,,,
Staffing,Network Engineer,,,,,Historical_FY2023,,,,,,,,,,,,,,,,,Mar,,,,,,,,,,,,,,,,,,,,,,,10482.25,8952.79,-1529.46,,,,,,,,,,,,FY2023,3.0,-14.6,69356.0,CC-WHPC-100,F-WHPC-2369,Closed,,,48.0,,,,,,,
Staffing,Network Engineer,,,,,Historical_FY2023,,,,,,,,,,,,,,,,,Apr,,,,,,,,,,,,,,,,,,,,,,,10482.25,9668.57,-813.68,,,,,,,,,,,,FY2023,4.0,-7.8,69247.0,CC-WHPC-100,F-WHPC-7100,Closed,,,48.0,,,,,,,
Staffing,Network Engineer,,,,,Historical_FY2023,,,,,,,,,,,,,,,,,May,,,,,,,,,,,,,,,,,,,,,,,10482.25,9801.71,-680.54,,,,,,,,,,,,FY2023,5.0,-6.5,69934.0,CC-WHPC-100,F-WHPC-4740,Closed,,,48.0,,,,,,,
Staffing,Network Engineer,,,,,Historical_FY2023,,,,,,,,,,,,,,,,,Jun,,,,,,,,,,,,,,,,,,,,,,,10482.25,9829.41,-652.84,,,,,,,,,,,,FY2023,6.0,-6.2,60640.0,CC-WHPC-100,F-WHPC-7493,Closed,,,48.0,,,,,,,
Staffing,Network Engineer,,,,,Historical_FY2023,,,,,,,,,,,,,,,,,Jul,,,,,,,,,,,,,,,,,,,,,,,10482.25,9740.08,-742.17,,,,,,,,,,,,FY2023,7.0,-7.1,64765.0,CC-WHPC-100,F-WHPC-1199,Closed,,,48.0,,,,,,,
Staffing,Network Engineer,,,,,Historical_FY2023,,,,,,,,,,,,,,,,,Aug,,,,,,,,,,,,,,,,,,,,,,,10482.25,9114.66,-1367.59,,,,,,,,,,,,FY2023,8.0,-13.0,64975.0,CC-WHPC-100,F-WHPC-2832,Closed,,,48.0,,,,,,,
Staffing,Network Engineer,,,,,Historical_FY2023,,,,,,,,,,,,,,,,,Sep,,,,,,,,,,,,,,,,,,,,,,,10482.25,8757.95,-1724.3,,,,,,,,,,,,FY2023,9.0,-16.4,69392.0,CC-WHPC-100,F-WHPC-9025,Closed,,,48.0,,,,,,,
Staffing,Network Engineer,,,,,Historical_FY2023,,,,,,,,,,,,,,,,,Oct,,,,,,,,,,,,,,,,,,,,,,,10482.25,9625.63,-856.62,,,,,,,,,,,,FY2023,10.0,-8.2,60352.0,CC-WHPC-100,F-WHPC-9701,Closed,,,48.0,,,,,,,
Staffing,Network Engineer,,,,,Historical_FY2023,,,,,,,,,,,,,,,,,Nov,,,,,,,,,,,,,,,,,,,,,,,10482.25,10428.05,-54.2,,,,,,,,,,,,FY2023,11.0,-0.5,64103.0,CC-WHPC-100,F-WHPC-7716,Closed,,,48.0,,,,,,,
Staffing,Network Engineer,,,,,Historical_FY2023,,,,,,,,,,,,,,,,,Dec,,,,,,,,,,,,,,,,,,,,,,,10482.25,11870.54,1388.29,,,,,,,,,,,,FY2023,12.0,13.2,63383.0,CC-WHPC-100,F-WHPC-9293,Closed,,,48.0,,,,,,,
Staffing,Security Analyst,,,,,Historical_FY2023,,,,,,,,,,,,,,,,,Jan,,,,,,,,,,,,,,,,,,,,,,,9771.67,11111.83,1340.16,,,,,,,,,,,,FY2023,1.0,13.7,62751.0,CC-WHPC-100,F-WHPC-6761,Closed,,,48.0,,,,,,,
Staffing,Security Analyst,,,,,Historical_FY2023,,,,,,,,,,,,,,,,,Feb,,,,,,,,,,,,,,,,,,,,,,,9771.67,11551.79,1780.12,,,,,,,,,,,,FY2023,2.0,18.2,68325.0,CC-WHPC-100,F-WHPC-9091,Closed,,,48.0,,,,,,,
Staffing,Security Analyst,,,,,Historical_FY2023,,,,,,,,,,,,,,,,,Mar,,,,,,,,,,,,,,,,,,,,,,,9771.67,10732.09,960.43,,,,,,,,,,,,FY2023,3.0,9.8,60716.0,CC-WHPC-100,F-WHPC-8590,Closed,,,48.0,,,,,,,
Staffing,Security Analyst,,,,,Historical_FY2023,,,,,,,,,,,,,,,,,Apr,,,,,,,,,,,,,,,,,,,,,,,9771.67,9629.64,-142.02,,,,,,,,,,,,FY2023,4.0,-1.5,60085.0,CC-WHPC-100,F-WHPC-4686,Closed,,,48.0,,,,,,,
Staffing,Security Analyst,,,,,Historical_FY2023,,,,,,,,,,,,,,,,,May,,,,,,,,,,,,,,,,,,,,,,,9771.67,10658.72,887.05,,,,,,,,,,,,FY2023,5.0,9.1,65356.0,CC-WHPC-100,F-WHPC-7123,Closed,,,48.0,,,,,,,
Staffing,Security Analyst,,,,,Historical_FY2023,,,,,,,,,,,,,,,,,Jun,,,,,,,,,,,,,,,,,,,,,,,9771.67,9836.37,64.7,,,,,,,,,,,,FY2023,6.0,0.7,69070.0,CC-WHPC-100,F-WHPC-9526,Closed,,,48.0,,,,,,,
Staffing,Security Analyst,,,,,Historical_FY2023,,,,,,,,,,,,,,,,,Jul,,,,,,,,,,,,,,,,,,,,,,,9771.67,10802.32,1030.65,,,,,,,,,,,,FY2023,7.0,10.5,63846.0,CC-WHPC-100,F-WHPC-3240,Closed,,,48.0,,,,,,,
Staffing,Security Analyst,,,,,Historical_FY2023,,,,,,,,,,,,,,,,,Aug,,,,,,,,,,,,,,,,,,,,,,,9771.67,9650.75,-120.92,,,,,,,,,,,,FY2023,8.0,-1.2,62330.0,CC-WHPC-100,F-WHPC-5360,Closed,,,48.0,,,,,,,
Staffing,Security Analyst,,,,,Historical_FY2023,,,,,,,,,,,,,,,,,Sep,,,,,,,,,,,,,,,,,,,,,,,9771.67,8186.0,-1585.67,,,,,,,,,,,,FY2023,9.0,-16.2,60151.0,CC-WHPC-100,F-WHPC-1630,Closed,,,48.0,,,,,,,
Staffing,Security Analyst,,,,,Historical_FY2023,,,,,,,,,,,,,,,,,Oct,,,,,,,,,,,,,,,,,,,,,,,9771.67,10974.64,1202.98,,,,,,,,,,,,FY2023,10.0,12.3,69876.0,CC-WHPC-100,F-WHPC-1655,Closed,,,48.0,,,,,,,
Staffing,Security Analyst,,,,,Historical_FY2023,,,,,,,,,,,,,,,,,Nov,,,,,,,,,,,,,,,,,,,,,,,9771.67,8842.82,-928.85,,,,,,,,,,,,FY2023,11.0,-9.5,66600.0,CC-WHPC-100,F-WHPC-3551,Closed,,,48.0,,,,,,,
Staffing,Security Analyst,,,,,Historical_FY2023,,,,,,,,,,,,,,,,,Dec,,,,,,,,,,,,,,,,,,,,,,,9771.67,11647.97,1876.3,,,,,,,,,,,,FY2023,12.0,19.2,66107.0,CC-WHPC-100,F-WHPC-6546,Closed,,,48.0,,,,,,,
Staffing,User Support (2),,,,,Historical_FY2023,,,,,,,,,,,,,,,,,Jan,,,,,,,,,,,,,,,,,,,,,,,13680.33,14457.88,777.55,,,,,,,,,,,,FY2023,1.0,5.7,60527.0,CC-WHPC-100,F-WHPC-5247,Closed,,,48.0,,,,,,,
Staffing,User Support (2),,,,,Historical_FY2023,,,,,,,,,,,,,,,,,Feb,,,,,,,,,,,,,,,,,,,,,,,13680.33,13982.58,302.25,,,,,,,,,,,,FY2023,2.0,2.2,65563.0,CC-WHPC-100,F-WHPC-6876,Closed,,,48.0,,,,,,,
Staffing,User Support (2),,,,,Historical_FY2023,,,,,,,,,,,,,,,,,Mar,,,,,,,,,,,,,,,,,,,,,,,13680.33,11262.48,-2417.85,,,,,,,,,,,,FY2023,3.0,-17.7,69012.0,CC-WHPC-100,F-WHPC-3160,Closed,,,48.0,,,,,,,
Staffing,User Support (2),,,,,Historical_FY2023,,,,,,,,,,,,,,,,,Apr,,,,,,,,,,,,,,,,,,,,,,,13680.33,14108.72,428.38,,,,,,,,,,,,FY2023,4.0,3.1,63081.0,CC-WHPC-100,F-WHPC-5752,Closed,,,48.0,,,,,,,
Staffing,User Support (2),,,,,Historical_FY2023,,,,,,,,,,,,,,,,,May,,,,,,,,,,,,,,,,,,,,,,,13680.33,14865.46,1185.13,,,,,,,,,,,,FY2023,5.0,8.7,60454.0,CC-WHPC-100,F-WHPC-6479,Closed,,,48.0,,,,,,,
Staffing,User Support (2),,,,,Historical_FY2023,,,,,,,,,,,,,,,,,Jun,,,,,,,,,,,,,,,,,,,,,,,13680.33,12071.82,-1608.52,,,,,,,,,,,,FY2023,6.0,-11.8,63984.0,CC-WHPC-100,F-WHPC-3655,Closed,,,48.0,,,,,,,
Staffing,User Support (2),,,,,Historical_FY2023,,,,,,,,,,,,,,,,,Jul,,,,,,,,,,,,,,,,,,,,,,,13680.33,15369.71,1689.37,,,,,,,,,,,,FY2023,7.0,12.3,67610.0,CC-WHPC-100,F-WHPC-2370,Closed,,,48.0,,,,,,,
Staffing,User Support (2),,,,,Historical_FY2023,,,,,,,,,,,,,,,,,Aug,,,,,,,,,,,,,,,,,,,,,,,13680.33,14565.75,885.41,,,,,,,,,,,,FY2023,8.0,6.5,63626.0,CC-WHPC-100,F-WHPC-7510,Closed,,,48.0,,,,,,,
Staffing,User Support (2),,,,,Historical_FY2023,,,,,,,,,,,,,,,,,Sep,,,,,,,,,,,,,,,,,,,,,,,13680.33,12105.33,-1575.0,,,,,,,,,,,,FY2023,9.0,-11.5,66094.0,CC-WHPC-100,F-WHPC-2579,Closed,,,48.0,,,,,,,
Staffing,User Support (2),,,,,Historical_FY2023,,,,,,,,,,,,,,,,,Oct,,,,,,,,,,,,,,,,,,,,,,,13680.33,11877.1,-1803.23,,,,,,,,,,,,FY2023,10.0,-13.2,63775.0,CC-WHPC-100,F-WHPC-5901,Closed,,,48.0,,,,,,,
Staffing,User Support (2),,,,,Historical_FY2023,,,,,,,,,,,,,,,,,Nov,,,,,,,,,,,,,,,,,,,,,,,13680.33,12552.76,-1127.57,,,,,,,,,,,,FY2023,11.0,-8.2,60309.0,CC-WHPC-100,F-WHPC-6585,Closed,,,48.0,,,,,,,
Staffing,User Support (2),,,,,Historical_FY2023,,,,,,,,,,,,,,,,,Dec,,,,,,,,,,,,,,,,,,,,,,,13680.33,13800.74,120.41,,,,,,,,,,,,FY2023,12.0,0.9,63523.0,CC-WHPC-100,F-WHPC-6939,Closed,,,48.0,,,,,,,
Staffing,Admin Coordinator,,,,,Historical_FY2023,,,,,,,,,,,,,,,,,Jan,,,,,,,,,,,,,,,,,,,,,,,5507.67,5251.33,-256.34,,,,,,,,,,,,FY2023,1.0,-4.7,63891.0,CC-WHPC-100,F-WHPC-5631,Closed,,,48.0,,,,,,,
Staffing,Admin Coordinator,,,,,Historical_FY2023,,,,,,,,,,,,,,,,,Feb,,,,,,,,,,,,,,,,,,,,,,,5507.67,4595.47,-912.2,,,,,,,,,,,,FY2023,2.0,-16.6,66912.0,CC-WHPC-100,F-WHPC-6183,Closed,,,48.0,,,,,,,
Staffing,Admin Coordinator,,,,,Historical_FY2023,,,,,,,,,,,,,,,,,Mar,,,,,,,,,,,,,,,,,,,,,,,5507.67,5233.94,-273.72,,,,,,,,,,,,FY2023,3.0,-5.0,61450.0,CC-WHPC-100,F-WHPC-7893,Closed,,,48.0,,,,,,,
Staffing,Admin Coordinator,,,,,Historical_FY2023,,,,,,,,,,,,,,,,,Apr,,,,,,,,,,,,,,,,,,,,,,,5507.67,6235.32,727.66,,,,,,,,,,,,FY2023,4.0,13.2,62264.0,CC-WHPC-100,F-WHPC-1998,Closed,,,48.0,,,,,,,
Staffing,Admin Coordinator,,,,,Historical_FY2023,,,,,,,,,,,,,,,,,May,,,,,,,,,,,,,,,,,,,,,,,5507.67,5604.46,96.8,,,,,,,,,,,,FY2023,5.0,1.8,68573.0,CC-WHPC-100,F-WHPC-3399,Closed,,,48.0,,,,,,,
Staffing,Admin Coordinator,,,,,Historical_FY2023,,,,,,,,,,,,,,,,,Jun,,,,,,,,,,,,,,,,,,,,,,,5507.67,5332.82,-174.84,,,,,,,,,,,,FY2023,6.0,-3.2,64389.0,CC-WHPC-100,F-WHPC-5262,Closed,,,48.0,,,,,,,
Staffing,Admin Coordinator,,,,,Historical_FY2023,,,,,,,,,,,,,,,,,Jul,,,,,,,,,,,,,,,,,,,,,,,5507.67,5822.84,315.17,,,,,,,,,,,,FY2023,7.0,5.7,63131.0,CC-WHPC-100,F-WHPC-7255,Closed,,,48.0,,,,,,,
Staffing,Admin Coordinator,,,,,Historical_FY2023,,,,,,,,,,,,,,,,,Aug,,,,,,,,,,,,,,,,,,,,,,,5507.67,5256.56,-251.11,,,,,,,,,,,,FY2023,8.0,-4.6,69521.0,CC-WHPC-100,F-WHPC-8820,Closed,,,48.0,,,,,,,
Staffing,Admin Coordinator,,,,,Historical_FY2023,,,,,,,,,,,,,,,,,Sep,,,,,,,,,,,,,,,,,,,,,,,5507.67,5182.54,-325.13,,,,,,,,,,,,FY2023,9.0,-5.9,64904.0,CC-WHPC-100,F-WHPC-9820,Closed,,,48.0,,,,,,,
Staffing,Admin Coordinator,,,,,Historical_FY2023,,,,,,,,,,,,,,,,,Oct,,,,,,,,,,,,,,,,,,,,,,,5507.67,4866.74,-640.92,,,,,,,,,,,,FY2023,10.0,-11.6,68530.0,CC-WHPC-100,F-WHPC-7443,Closed,,,48.0,,,,,,,
Staffing,Admin Coordinator,,,,,Historical_FY2023,,,,,,,,,,,,,,,,,Nov,,,,,,,,,,,,,,,,,,,,,,,5507.67,6126.9,619.23,,,,,,,,,,,,FY2023,11.0,11.2,66815.0,CC-WHPC-100,F-WHPC-9042,Closed,,,48.0,,,,,,,
Staffing,Admin Coordinator,,,,,Historical_FY2023,,,,,,,,,,,,,,,,,Dec,,,,,,,,,,,,,,,,,,,,,,,5507.67,4428.18,-1079.48,,,,,,,,,,,,FY2023,12.0,-19.6,69064.0,CC-WHPC-100,F-WHPC-5890,Closed,,,48.0,,,,,,,
Software Licensing,Gaussian,,,,,Historical_FY2024,,,,,,,,,,,,,,,,,Sep,,,,,,,,,,,,,,,,,,,,,,,3080.0,3693.96,613.96,,,,,,,,,,,,FY2024,9.0,19.9,61640.0,CC-WHPC-100,F-WHPC-2462,Closed,,,48.0,,,,,,,
Staffing,Director,,,,,Historical_FY2024,,,,,,,,,,,,,,,,,Jan,,,,,,,,,,,,,,,,,,,,,,,14776.67,12002.45,-2774.22,,,,,,,,,,,,FY2024,1.0,-18.8,69350.0,CC-WHPC-100,F-WHPC-6656,Closed,,,48.0,,,,,,,
Staffing,Director,,,,,Historical_FY2024,,,,,,,,,,,,,,,,,Feb,,,,,,,,,,,,,,,,,,,,,,,14776.67,13948.85,-827.82,,,,,,,,,,,,FY2024,2.0,-5.6,61314.0,CC-WHPC-100,F-WHPC-6806,Closed,,,48.0,,,,,,,
Staffing,Director,,,,,Historical_FY2024,,,,,,,,,,,,,,,,,Mar,,,,,,,,,,,,,,,,,,,,,,,14776.67,14824.16,47.49,,,,,,,,,,,,FY2024,3.0,0.3,63078.0,CC-WHPC-100,F-WHPC-1534,Closed,,,48.0,,,,,,,
Staffing,Director,,,,,Historical_FY2024,,,,,,,,,,,,,,,,,Apr,,,,,,,,,,,,,,,,,,,,,,,14776.67,11934.94,-2841.73,,,,,,,,,,,,FY2024,4.0,-19.2,60442.0,CC-WHPC-100,F-WHPC-5825,Closed,,,48.0,,,,,,,
Staffing,Director,,,,,Historical_FY2024,,,,,,,,,,,,,,,,,May,,,,,,,,,,,,,,,,,,,,,,,14776.67,14362.36,-414.3,,,,,,,,,,,,FY2024,5.0,-2.8,62447.0,CC-WHPC-100,F-WHPC-2010,Closed,,,48.0,,,,,,,
Staffing,Director,,,,,Historical_FY2024,,,,,,,,,,,,,,,,,Jun,,,,,,,,,,,,,,,,,,,,,,,14776.67,12151.29,-2625.38,,,,,,,,,,,,FY2024,6.0,-17.8,62615.0,CC-WHPC-100,F-WHPC-6020,Closed,,,48.0,,,,,,,
Staffing,Director,,,,,Historical_FY2024,,,,,,,,,,,,,,,,,Jul,,,,,,,,,,,,,,,,,,,,,,,14776.67,12783.74,-1992.93,,,,,,,,,,,,FY2024,7.0,-13.5,67276.0,CC-WHPC-100,F-WHPC-6811,Closed,,,48.0,,,,,,,
Staffing,Director,,,,,Historical_FY2024,,,,,,,,,,,,,,,,,Aug,,,,,,,,,,,,,,,,,,,,,,,14776.67,15211.97,435.31,,,,,,,,,,,,FY2024,8.0,2.9,69122.0,CC-WHPC-100,F-WHPC-6415,Closed,,,48.0,,,,,,,
Staffing,Director,,,,,Historical_FY2024,,,,,,,,,,,,,,,,,Sep,,,,,,,,,,,,,,,,,,,,,,,14776.67,15823.35,1046.69,,,,,,,,,,,,FY2024,9.0,7.1,68174.0,CC-WHPC-100,F-WHPC-8121,Closed,,,48.0,,,,,,,
Staffing,Director,,,,,Historical_FY2024,,,,,,,,,,,,,,,,,Oct,,,,,,,,,,,,,,,,,,,,,,,14776.67,14003.11,-773.56,,,,,,,,,,,,FY2024,10.0,-5.2,65260.0,CC-WHPC-100,F-WHPC-3867,Closed,,,48.0,,,,,,,
Staffing,Director,,,,,Historical_FY2024,,,,,,,,,,,,,,,,,Nov,,,,,,,,,,,,,,,,,,,,,,,14776.67,17276.75,2500.08,,,,,,,,,,,,FY2024,11.0,16.9,64454.0,CC-WHPC-100,F-WHPC-3273,Closed,,,48.0,,,,,,,
Staffing,Director,,,,,Historical_FY2024,,,,,,,,,,,,,,,,,Dec,,,,,,,,,,,,,,,,,,,,,,,14776.67,15417.71,641.04,,,,,,,,,,,,FY2024,12.0,4.3,64667.0,CC-WHPC-100,F-WHPC-7400,Closed,,,48.0,,,,,,,
Staffing,Sr SysAdmin (3),,,,,Historical_FY2024,,,,,,,,,,,,,,,,,Jan,,,,,,,,,,,,,,,,,,,,,,,34987.25,37303.43,2316.18,,,,,,,,,,,,FY2024,1.0,6.6,61907.0,CC-WHPC-100,F-WHPC-2957,Closed,,,48.0,,,,,,,
Staffing,Sr SysAdmin (3),,,,,Historical_FY2024,,,,,,,,,,,,,,,,,Feb,,,,,,,,,,,,,,,,,,,,,,,34987.25,30241.74,-4745.51,,,,,,,,,,,,FY2024,2.0,-13.6,66126.0,CC-WHPC-100,F-WHPC-8767,Closed,,,48.0,,,,,,,
Staffing,Sr SysAdmin (3),,,,,Historical_FY2024,,,,,,,,,,,,,,,,,Mar,,,,,,,,,,,,,,,,,,,,,,,34987.25,34546.02,-441.23,,,,,,,,,,,,FY2024,3.0,-1.3,60498.0,CC-WHPC-100,F-WHPC-7927,Closed,,,48.0,,,,,,,
Staffing,Sr SysAdmin (3),,,,,Historical_FY2024,,,,,,,,,,,,,,,,,Apr,,,,,,,,,,,,,,,,,,,,,,,34987.25,28703.08,-6284.17,,,,,,,,,,,,FY2024,4.0,-18.0,62523.0,CC-WHPC-100,F-WHPC-7728,Closed,,,48.0,,,,,,,
Staffing,Sr SysAdmin (3),,,,,Historical_FY2024,,,,,,,,,,,,,,,,,May,,,,,,,,,,,,,,,,,,,,,,,34987.25,41159.07,6171.82,,,,,,,,,,,,FY2024,5.0,17.6,66343.0,CC-WHPC-100,F-WHPC-4896,Closed,,,48.0,,,,,,,
Staffing,Sr SysAdmin (3),,,,,Historical_FY2024,,,,,,,,,,,,,,,,,Jun,,,,,,,,,,,,,,,,,,,,,,,34987.25,32025.18,-2962.07,,,,,,,,,,,,FY2024,6.0,-8.5,60811.0,CC-WHPC-100,F-WHPC-7573,Closed,,,48.0,,,,,,,
Staffing,Sr SysAdmin (3),,,,,Historical_FY2024,,,,,,,,,,,,,,,,,Jul,,,,,,,,,,,,,,,,,,,,,,,34987.25,39756.93,4769.68,,,,,,,,,,,,FY2024,7.0,13.6,61066.0,CC-WHPC-100,F-WHPC-6108,Closed,,,48.0,,,,,,,
Staffing,Sr SysAdmin (3),,,,,Historical_FY2024,,,,,,,,,,,,,,,,,Aug,,,,,,,,,,,,,,,,,,,,,,,34987.25,29451.22,-5536.03,,,,,,,,,,,,FY2024,8.0,-15.8,60005.0,CC-WHPC-100,F-WHPC-9802,Closed,,,48.0,,,,,,,
Staffing,Sr SysAdmin (3),,,,,Historical_FY2024,,,,,,,,,,,,,,,,,Sep,,,,,,,,,,,,,,,,,,,,,,,34987.25,34218.16,-769.09,,,,,,,,,,,,FY2024,9.0,-2.2,64597.0,CC-WHPC-100,F-WHPC-5339,Closed,,,48.0,,,,,,,
Staffing,Sr SysAdmin (3),,,,,Historical_FY2024,,,,,,,,,,,,,,,,,Oct,,,,,,,,,,,,,,,,,,,,,,,34987.25,40493.35,5506.1,,,,,,,,,,,,FY2024,10.0,15.7,67210.0,CC-WHPC-100,F-WHPC-8072,Closed,,,48.0,,,,,,,
Staffing,Sr SysAdmin (3),,,,,Historical_FY2024,,,,,,,,,,,,,,,,,Nov,,,,,,,,,,,,,,,,,,,,,,,34987.25,41684.56,6697.31,,,,,,,,,,,,FY2024,11.0,19.1,65135.0,CC-WHPC-100,F-WHPC-1660,Closed,,,48.0,,,,,,,
Staffing,Sr SysAdmin (3),,,,,Historical_FY2024,,,,,,,,,,,,,,,,,Dec,,,,,,,,,,,,,,,,,,,,,,,34987.25,32845.27,-2141.98,,,,,,,,,,,,FY2024,12.0,-6.1,67452.0,CC-WHPC-100,F-WHPC-8284,Closed,,,48.0,,,,,,,
Staffing,SysAdmin (2),,,,,Historical_FY2024,,,,,,,,,,,,,,,,,Jan,,,,,,,,,,,,,,,,,,,,,,,17827.33,18236.27,408.93,,,,,,,,,,,,FY2024,1.0,2.3,66869.0,CC-WHPC-100,F-WHPC-2732,Closed,,,48.0,,,,,,,
Staffing,SysAdmin (2),,,,,Historical_FY2024,,,,,,,,,,,,,,,,,Feb,,,,,,,,,,,,,,,,,,,,,,,17827.33,16364.25,-1463.09,,,,,,,,,,,,FY2024,2.0,-8.2,68400.0,CC-WHPC-100,F-WHPC-7954,Closed,,,48.0,,,,,,,
Staffing,SysAdmin (2),,,,,Historical_FY2024,,,,,,,,,,,,,,,,,Mar,,,,,,,,,,,,,,,,,,,,,,,17827.33,18767.72,940.38,,,,,,,,,,,,FY2024,3.0,5.3,65297.0,CC-WHPC-100,F-WHPC-9539,Closed,,,48.0,,,,,,,
Staffing,SysAdmin (2),,,,,Historical_FY2024,,,,,,,,,,,,,,,,,Apr,,,,,,,,,,,,,,,,,,,,,,,17827.33,18684.27,856.94,,,,,,,,,,,,FY2024,4.0,4.8,66342.0,CC-WHPC-100,F-WHPC-2334,Closed,,,48.0,,,,,,,
Staffing,SysAdmin (2),,,,,Historical_FY2024,,,,,,,,,,,,,,,,,May,,,,,,,,,,,,,,,,,,,,,,,17827.33,16897.51,-929.82,,,,,,,,,,,,FY2024,5.0,-5.2,61677.0,CC-WHPC-100,F-WHPC-3985,Closed,,,48.0,,,,,,,
Staffing,SysAdmin (2),,,,,Historical_FY2024,,,,,,,,,,,,,,,,,Jun,,,,,,,,,,,,,,,,,,,,,,,17827.33,18288.01,460.67,,,,,,,,,,,,FY2024,6.0,2.6,64033.0,CC-WHPC-100,F-WHPC-5240,Closed,,,48.0,,,,,,,
Staffing,SysAdmin (2),,,,,Historical_FY2024,,,,,,,,,,,,,,,,,Jul,,,,,,,,,,,,,,,,,,,,,,,17827.33,20054.02,2226.69,,,,,,,,,,,,FY2024,7.0,12.5,66233.0,CC-WHPC-100,F-WHPC-8161,Closed,,,48.0,,,,,,,
Staffing,SysAdmin (2),,,,,Historical_FY2024,,,,,,,,,,,,,,,,,Aug,,,,,,,,,,,,,,,,,,,,,,,17827.33,19645.67,1818.34,,,,,,,,,,,,FY2024,8.0,10.2,63972.0,CC-WHPC-100,F-WHPC-7736,Closed,,,48.0,,,,,,,
Staffing,SysAdmin (2),,,,,Historical_FY2024,,,,,,,,,,,,,,,,,Sep,,,,,,,,,,,,,,,,,,,,,,,17827.33,19719.7,1892.37,,,,,,,,,,,,FY2024,9.0,10.6,63685.0,CC-WHPC-100,F-WHPC-4767,Closed,,,48.0,,,,,,,
Staffing,SysAdmin (2),,,,,Historical_FY2024,,,,,,,,,,,,,,,,,Oct,,,,,,,,,,,,,,,,,,,,,,,17827.33,16030.6,-1796.73,,,,,,,,,,,,FY2024,10.0,-10.1,64967.0,CC-WHPC-100,F-WHPC-3623,Closed,,,48.0,,,,,,,
Staffing,SysAdmin (2),,,,,Historical_FY2024,,,,,,,,,,,,,,,,,Nov,,,,,,,,,,,,,,,,,,,,,,,17827.33,15570.17,-2257.16,,,,,,,,,,,,FY2024,11.0,-12.7,61157.0,CC-WHPC-100,F-WHPC-7699,Closed,,,48.0,,,,,,,
Staffing,SysAdmin (2),,,,,Historical_FY2024,,,,,,,,,,,,,,,,,Dec,,,,,,,,,,,,,,,,,,,,,,,17827.33,19095.43,1268.1,,,,,,,,,,,,FY2024,12.0,7.1,60631.0,CC-WHPC-100,F-WHPC-5863,Closed,,,48.0,,,,,,,
Staffing,Storage Admin,,,,,Historical_FY2024,,,,,,,,,,,,,,,,,Jan,,,,,,,,,,,,,,,,,,,,,,,10963.33,8796.75,-2166.58,,,,,,,,,,,,FY2024,1.0,-19.8,69661.0,CC-WHPC-100,F-WHPC-9962,Closed,,,48.0,,,,,,,
Staffing,Storage Admin,,,,,Historical_FY2024,,,,,,,,,,,,,,,,,Feb,,,,,,,,,,,,,,,,,,,,,,,10963.33,9897.05,-1066.28,,,,,,,,,,,,FY2024,2.0,-9.7,64823.0,CC-WHPC-100,F-WHPC-6958,Closed,,,48.0,,,,,,,
Staffing,Storage Admin,,,,,Historical_FY2024,,,,,,,,,,,,,,,,,Mar,,,,,,,,,,,,,,,,,,,,,,,10963.33,9940.03,-1023.31,,,,,,,,,,,,FY2024,3.0,-9.3,66761.0,CC-WHPC-100,F-WHPC-9341,Closed,,,48.0,,,,,,,
Staffing,Storage Admin,,,,,Historical_FY2024,,,,,,,,,,,,,,,,,Apr,,,,,,,,,,,,,,,,,,,,,,,10963.33,11187.25,223.91,,,,,,,,,,,,FY2024,4.0,2.0,64298.0,CC-WHPC-100,F-WHPC-3498,Closed,,,48.0,,,,,,,
Staffing,Storage Admin,,,,,Historical_FY2024,,,,,,,,,,,,,,,,,May,,,,,,,,,,,,,,,,,,,,,,,10963.33,11931.08,967.75,,,,,,,,,,,,FY2024,5.0,8.8,61454.0,CC-WHPC-100,F-WHPC-8116,Closed,,,48.0,,,,,,,
Staffing,Storage Admin,,,,,Historical_FY2024,,,,,,,,,,,,,,,,,Jun,,,,,,,,,,,,,,,,,,,,,,,10963.33,12525.2,1561.86,,,,,,,,,,,,FY2024,6.0,14.2,60517.0,CC-WHPC-100,F-WHPC-1066,Closed,,,48.0,,,,,,,
Staffing,Storage Admin,,,,,Historical_FY2024,,,,,,,,,,,,,,,,,Jul,,,,,,,,,,,,,,,,,,,,,,,10963.33,12520.11,1556.78,,,,,,,,,,,,FY2024,7.0,14.2,67444.0,CC-WHPC-100,F-WHPC-3549,Closed,,,48.0,,,,,,,
Staffing,Storage Admin,,,,,Historical_FY2024,,,,,,,,,,,,,,,,,Aug,,,,,,,,,,,,,,,,,,,,,,,10963.33,10475.2,-488.14,,,,,,,,,,,,FY2024,8.0,-4.5,63045.0,CC-WHPC-100,F-WHPC-8486,Closed,,,48.0,,,,,,,
Staffing,Storage Admin,,,,,Historical_FY2024,,,,,,,,,,,,,,,,,Sep,,,,,,,,,,,,,,,,,,,,,,,10963.33,10770.48,-192.86,,,,,,,,,,,,FY2024,9.0,-1.8,62156.0,CC-WHPC-100,F-WHPC-9631,Closed,,,48.0,,,,,,,
Staffing,Storage Admin,,,,,Historical_FY2024,,,,,,,,,,,,,,,,,Oct,,,,,,,,,,,,,,,,,,,,,,,10963.33,11664.47,701.13,,,,,,,,,,,,FY2024,10.0,6.4,62931.0,CC-WHPC-100,F-WHPC-7852,Closed,,,48.0,,,,,,,
Staffing,Storage Admin,,,,,Historical_FY2024,,,,,,,,,,,,,,,,,Nov,,,,,,,,,,,,,,,,,,,,,,,10963.33,10231.9,-731.44,,,,,,,,,,,,FY2024,11.0,-6.7,69662.0,CC-WHPC-100,F-WHPC-3002,Closed,,,48.0,,,,,,,
Staffing,Storage Admin,,,,,Historical_FY2024,,,,,,,,,,,,,,,,,Dec,,,,,,,,,,,,,,,,,,,,,,,10963.33,11103.22,139.88,,,,,,,,,,,,FY2024,12.0,1.3,68610.0,CC-WHPC-100,F-WHPC-7696,Closed,,,48.0,,,,,,,
Staffing,Network Engineer,,,,,Historical_FY2024,,,,,,,,,,,,,,,,,Jan,,,,,,,,,,,,,,,,,,,,,,,11249.33,10467.52,-781.81,,,,,,,,,,,,FY2024,1.0,-6.9,66900.0,CC-WHPC-100,F-WHPC-3327,Closed,,,48.0,,,,,,,
Staffing,Network Engineer,,,,,Historical_FY2024,,,,,,,,,,,,,,,,,Feb,,,,,,,,,,,,,,,,,,,,,,,11249.33,9134.19,-2115.14,,,,,,,,,,,,FY2024,2.0,-18.8,66982.0,CC-WHPC-100,F-WHPC-7757,Closed,,,48.0,,,,,,,
Staffing,Network Engineer,,,,,Historical_FY2024,,,,,,,,,,,,,,,,,Mar,,,,,,,,,,,,,,,,,,,,,,,11249.33,10919.16,-330.17,,,,,,,,,,,,FY2024,3.0,-2.9,66182.0,CC-WHPC-100,F-WHPC-3301,Closed,,,48.0,,,,,,,
Staffing,Network Engineer,,,,,Historical_FY2024,,,,,,,,,,,,,,,,,Apr,,,,,,,,,,,,,,,,,,,,,,,11249.33,11830.68,581.35,,,,,,,,,,,,FY2024,4.0,5.2,62585.0,CC-WHPC-100,F-WHPC-3407,Closed,,,48.0,,,,,,,
Staffing,Network Engineer,,,,,Historical_FY2024,,,,,,,,,,,,,,,,,May,,,,,,,,,,,,,,,,,,,,,,,11249.33,13301.62,2052.29,,,,,,,,,,,,FY2024,5.0,18.2,62046.0,CC-WHPC-100,F-WHPC-7694,Closed,,,48.0,,,,,,,
Staffing,Network Engineer,,,,,Historical_FY2024,,,,,,,,,,,,,,,,,Jun,,,,,,,,,,,,,,,,,,,,,,,11249.33,11760.4,511.07,,,,,,,,,,,,FY2024,6.0,4.5,64224.0,CC-WHPC-100,F-WHPC-1012,Closed,,,48.0,,,,,,,
Staffing,Network Engineer,,,,,Historical_FY2024,,,,,,,,,,,,,,,,,Jul,,,,,,,,,,,,,,,,,,,,,,,11249.33,10600.6,-648.73,,,,,,,,,,,,FY2024,7.0,-5.8,64588.0,CC-WHPC-100,F-WHPC-3659,Closed,,,48.0,,,,,,,
Staffing,Network Engineer,,,,,Historical_FY2024,,,,,,,,,,,,,,,,,Aug,,,,,,,,,,,,,,,,,,,,,,,11249.33,9584.4,-1664.93,,,,,,,,,,,,FY2024,8.0,-14.8,60265.0,CC-WHPC-100,F-WHPC-4318,Closed,,,48.0,,,,,,,
Staffing,Network Engineer,,,,,Historical_FY2024,,,,,,,,,,,,,,,,,Sep,,,,,,,,,,,,,,,,,,,,,,,11249.33,10802.29,-447.05,,,,,,,,,,,,FY2024,9.0,-4.0,62914.0,CC-WHPC-100,F-WHPC-9612,Closed,,,48.0,,,,,,,
Staffing,Network Engineer,,,,,Historical_FY2024,,,,,,,,,,,,,,,,,Oct,,,,,,,,,,,,,,,,,,,,,,,11249.33,13219.45,1970.12,,,,,,,,,,,,FY2024,10.0,17.5,65518.0,CC-WHPC-100,F-WHPC-5148,Closed,,,48.0,,,,,,,
Staffing,Network Engineer,,,,,Historical_FY2024,,,,,,,,,,,,,,,,,Nov,,,,,,,,,,,,,,,,,,,,,,,11249.33,12863.91,1614.58,,,,,,,,,,,,FY2024,11.0,14.4,65214.0,CC-WHPC-100,F-WHPC-1230,Closed,,,48.0,,,,,,,
Staffing,Network Engineer,,,,,Historical_FY2024,,,,,,,,,,,,,,,,,Dec,,,,,,,,,,,,,,,,,,,,,,,11249.33,10589.69,-659.64,,,,,,,,,,,,FY2024,12.0,-5.9,64270.0,CC-WHPC-100,F-WHPC-2552,Closed,,,48.0,,,,,,,
Staffing,Security Analyst,,,,,Historical_FY2024,,,,,,,,,,,,,,,,,Jan,,,,,,,,,,,,,,,,,,,,,,,10486.67,10428.32,-58.35,,,,,,,,,,,,FY2024,1.0,-0.6,66337.0,CC-WHPC-100,F-WHPC-2329,Closed,,,48.0,,,,,,,
Staffing,Security Analyst,,,,,Historical_FY2024,,,,,,,,,,,,,,,,,Feb,,,,,,,,,,,,,,,,,,,,,,,10486.67,9796.07,-690.6,,,,,,,,,,,,FY2024,2.0,-6.6,63512.0,CC-WHPC-100,F-WHPC-9571,Closed,,,48.0,,,,,,,
Staffing,Security Analyst,,,,,Historical_FY2024,,,,,,,,,,,,,,,,,Mar,,,,,,,,,,,,,,,,,,,,,,,10486.67,11577.57,1090.91,,,,,,,,,,,,FY2024,3.0,10.4,66701.0,CC-WHPC-100,F-WHPC-7373,Closed,,,48.0,,,,,,,
Staffing,Security Analyst,,,,,Historical_FY2024,,,,,,,,,,,,,,,,,Apr,,,,,,,,,,,,,,,,,,,,,,,10486.67,10599.43,112.76,,,,,,,,,,,,FY2024,4.0,1.1,68759.0,CC-WHPC-100,F-WHPC-6333,Closed,,,48.0,,,,,,,
Staffing,Security Analyst,,,,,Historical_FY2024,,,,,,,,,,,,,,,,,May,,,,,,,,,,,,,,,,,,,,,,,10486.67,10042.07,-444.6,,,,,,,,,,,,FY2024,5.0,-4.2,65853.0,CC-WHPC-100,F-WHPC-7189,Closed,,,48.0,,,,,,,
Staffing,Security Analyst,,,,,Historical_FY2024,,,,,,,,,,,,,,,,,Jun,,,,,,,,,,,,,,,,,,,,,,,10486.67,9138.69,-1347.98,,,,,,,,,,,,FY2024,6.0,-12.9,66887.0,CC-WHPC-100,F-WHPC-2708,Closed,,,48.0,,,,,,,
Staffing,Security Analyst,,,,,Historical_FY2024,,,,,,,,,,,,,,,,,Jul,,,,,,,,,,,,,,,,,,,,,,,10486.67,11467.03,980.36,,,,,,,,,,,,FY2024,7.0,9.3,65306.0,CC-WHPC-100,F-WHPC-1220,Closed,,,48.0,,,,,,,
Staffing,Security Analyst,,,,,Historical_FY2024,,,,,,,,,,,,,,,,,Aug,,,,,,,,,,,,,,,,,,,,,,,10486.67,11422.43,935.76,,,,,,,,,,,,FY2024,8.0,8.9,65720.0,CC-WHPC-100,F-WHPC-9159,Closed,,,48.0,,,,,,,
Staffing,Security Analyst,,,,,Historical_FY2024,,,,,,,,,,,,,,,,,Sep,,,,,,,,,,,,,,,,,,,,,,,10486.67,11888.54,1401.87,,,,,,,,,,,,FY2024,9.0,13.4,64679.0,CC-WHPC-100,F-WHPC-6127,Closed,,,48.0,,,,,,,
Staffing,Security Analyst,,,,,Historical_FY2024,,,,,,,,,,,,,,,,,Oct,,,,,,,,,,,,,,,,,,,,,,,10486.67,10423.49,-63.18,,,,,,,,,,,,FY2024,10.0,-0.6,61966.0,CC-WHPC-100,F-WHPC-2905,Closed,,,48.0,,,,,,,
Staffing,Security Analyst,,,,,Historical_FY2024,,,,,,,,,,,,,,,,,Nov,,,,,,,,,,,,,,,,,,,,,,,10486.67,10457.57,-29.1,,,,,,,,,,,,FY2024,11.0,-0.3,62908.0,CC-WHPC-100,F-WHPC-4486,Closed,,,48.0,,,,,,,
Staffing,Security Analyst,,,,,Historical_FY2024,,,,,,,,,,,,,,,,,Dec,,,,,,,,,,,,,,,,,,,,,,,10486.67,10777.29,290.63,,,,,,,,,,,,FY2024,12.0,2.8,68183.0,CC-WHPC-100,F-WHPC-5849,Closed,,,48.0,,,,,,,
Staffing,User Support (2),,,,,Historical_FY2024,,,,,,,,,,,,,,,,,Jan,,,,,,,,,,,,,,,,,,,,,,,14681.33,16360.65,1679.31,,,,,,,,,,,,FY2024,1.0,11.4,66905.0,CC-WHPC-100,F-WHPC-8459,Closed,,,48.0,,,,,,,
Staffing,User Support (2),,,,,Historical_FY2024,,,,,,,,,,,,,,,,,Feb,,,,,,,,,,,,,,,,,,,,,,,14681.33,16171.96,1490.62,,,,,,,,,,,,FY2024,2.0,10.2,64970.0,CC-WHPC-100,F-WHPC-9071,Closed,,,48.0,,,,,,,
Staffing,User Support (2),,,,,Historical_FY2024,,,,,,,,,,,,,,,,,Mar,,,,,,,,,,,,,,,,,,,,,,,14681.33,14099.54,-581.79,,,,,,,,,,,,FY2024,3.0,-4.0,61461.0,CC-WHPC-100,F-WHPC-9059,Closed,,,48.0,,,,,,,
Staffing,User Support (2),,,,,Historical_FY2024,,,,,,,,,,,,,,,,,Apr,,,,,,,,,,,,,,,,,,,,,,,14681.33,14333.5,-347.83,,,,,,,,,,,,FY2024,4.0,-2.4,60697.0,CC-WHPC-100,F-WHPC-1996,Closed,,,48.0,,,,,,,
Staffing,User Support (2),,,,,Historical_FY2024,,,,,,,,,,,,,,,,,May,,,,,,,,,,,,,,,,,,,,,,,14681.33,12776.93,-1904.4,,,,,,,,,,,,FY2024,5.0,-13.0,66781.0,CC-WHPC-100,F-WHPC-7832,Closed,,,48.0,,,,,,,
Staffing,User Support (2),,,,,Historical_FY2024,,,,,,,,,,,,,,,,,Jun,,,,,,,,,,,,,,,,,,,,,,,14681.33,13077.64,-1603.69,,,,,,,,,,,,FY2024,6.0,-10.9,65991.0,CC-WHPC-100,F-WHPC-4555,Closed,,,48.0,,,,,,,
Staffing,User Support (2),,,,,Historical_FY2024,,,,,,,,,,,,,,,,,Jul,,,,,,,,,,,,,,,,,,,,,,,14681.33,13749.16,-932.17,,,,,,,,,,,,FY2024,7.0,-6.3,67183.0,CC-WHPC-100,F-WHPC-7302,Closed,,,48.0,,,,,,,
Staffing,User Support (2),,,,,Historical_FY2024,,,,,,,,,,,,,,,,,Aug,,,,,,,,,,,,,,,,,,,,,,,14681.33,16052.14,1370.8,,,,,,,,,,,,FY2024,8.0,9.3,67384.0,CC-WHPC-100,F-WHPC-6568,Closed,,,48.0,,,,,,,
Staffing,User Support (2),,,,,Historical_FY2024,,,,,,,,,,,,,,,,,Sep,,,,,,,,,,,,,,,,,,,,,,,14681.33,15102.67,421.33,,,,,,,,,,,,FY2024,9.0,2.9,62538.0,CC-WHPC-100,F-WHPC-2708,Closed,,,48.0,,,,,,,
Staffing,User Support (2),,,,,Historical_FY2024,,,,,,,,,,,,,,,,,Oct,,,,,,,,,,,,,,,,,,,,,,,14681.33,14136.47,-544.87,,,,,,,,,,,,FY2024,10.0,-3.7,60204.0,CC-WHPC-100,F-WHPC-3997,Closed,,,48.0,,,,,,,
Staffing,User Support (2),,,,,Historical_FY2024,,,,,,,,,,,,,,,,,Nov,,,,,,,,,,,,,,,,,,,,,,,14681.33,13696.84,-984.5,,,,,,,,,,,,FY2024,11.0,-6.7,61179.0,CC-WHPC-100,F-WHPC-8856,Closed,,,48.0,,,,,,,
Staffing,User Support (2),,,,,Historical_FY2024,,,,,,,,,,,,,,,,,Dec,,,,,,,,,,,,,,,,,,,,,,,14681.33,15201.85,520.52,,,,,,,,,,,,FY2024,12.0,3.5,60918.0,CC-WHPC-100,F-WHPC-5682,Closed,,,48.0,,,,,,,
Staffing,Admin Coordinator,,,,,Historical_FY2024,,,,,,,,,,,,,,,,,Jan,,,,,,,,,,,,,,,,,,,,,,,5910.67,6248.68,338.01,,,,,,,,,,,,FY2024,1.0,5.7,62646.0,CC-WHPC-100,F-WHPC-3574,Closed,,,48.0,,,,,,,
Staffing,Admin Coordinator,,,,,Historical_FY2024,,,,,,,,,,,,,,,,,Feb,,,,,,,,,,,,,,,,,,,,,,,5910.67,6209.93,299.27,,,,,,,,,,,,FY2024,2.0,5.1,67294.0,CC-WHPC-100,F-WHPC-3541,Closed,,,48.0,,,,,,,
Staffing,Admin Coordinator,,,,,Historical_FY2024,,,,,,,,,,,,,,,,,Mar,,,,,,,,,,,,,,,,,,,,,,,5910.67,6916.24,1005.58,,,,,,,,,,,,FY2024,3.0,17.0,69418.0,CC-WHPC-100,F-WHPC-7942,Closed,,,48.0,,,,,,,
Staffing,Admin Coordinator,,,,,Historical_FY2024,,,,,,,,,,,,,,,,,Apr,,,,,,,,,,,,,,,,,,,,,,,5910.67,6758.79,848.13,,,,,,,,,,,,FY2024,4.0,14.3,68789.0,CC-WHPC-100,F-WHPC-7332,Closed,,,48.0,,,,,,,
Staffing,Admin Coordinator,,,,,Historical_FY2024,,,,,,,,,,,,,,,,,May,,,,,,,,,,,,,,,,,,,,,,,5910.67,5613.31,-297.36,,,,,,,,,,,,FY2024,5.0,-5.0,60875.0,CC-WHPC-100,F-WHPC-5896,Closed,,,48.0,,,,,,,
Staffing,Admin Coordinator,,,,,Historical_FY2024,,,,,,,,,,,,,,,,,Jun,,,,,,,,,,,,,,,,,,,,,,,5910.67,5048.25,-862.42,,,,,,,,,,,,FY2024,6.0,-14.6,68636.0,CC-WHPC-100,F-WHPC-7968,Closed,,,48.0,,,,,,,
Staffing,Admin Coordinator,,,,,Historical_FY2024,,,,,,,,,,,,,,,,,Jul,,,,,,,,,,,,,,,,,,,,,,,5910.67,6377.0,466.34,,,,,,,,,,,,FY2024,7.0,7.9,63770.0,CC-WHPC-100,F-WHPC-2676,Closed,,,48.0,,,,,,,
Staffing,Admin Coordinator,,,,,Historical_FY2024,,,,,,,,,,,,,,,,,Aug,,,,,,,,,,,,,,,,,,,,,,,5910.67,4809.97,-1100.69,,,,,,,,,,,,FY2024,8.0,-18.6,66993.0,CC-WHPC-100,F-WHPC-4780,Closed,,,48.0,,,,,,,
Staffing,Admin Coordinator,,,,,Historical_FY2024,,,,,,,,,,,,,,,,,Sep,,,,,,,,,,,,,,,,,,,,,,,5910.67,5815.6,-95.06,,,,,,,,,,,,FY2024,9.0,-1.6,64050.0,CC-WHPC-100,F-WHPC-3818,Closed,,,48.0,,,,,,,
Staffing,Admin Coordinator,,,,,Historical_FY2024,,,,,,,,,,,,,,,,,Oct,,,,,,,,,,,,,,,,,,,,,,,5910.67,6578.14,667.47,,,,,,,,,,,,FY2024,10.0,11.3,63927.0,CC-WHPC-100,F-WHPC-7424,Closed,,,48.0,,,,,,,
Staffing,Admin Coordinator,,,,,Historical_FY2024,,,,,,,,,,,,,,,,,Nov,,,,,,,,,,,,,,,,,,,,,,,5910.67,5883.62,-27.04,,,,,,,,,,,,FY2024,11.0,-0.5,64356.0,CC-WHPC-100,F-WHPC-7125,Closed,,,48.0,,,,,,,
Staffing,Admin Coordinator,,,,,Historical_FY2024,,,,,,,,,,,,,,,,,Dec,,,,,,,,,,,,,,,,,,,,,,,5910.67,6287.41,376.74,,,,,,,,,,,,FY2024,12.0,6.4,61037.0,CC-WHPC-100,F-WHPC-4263,Closed,,,48.0,,,,,,,
Software Licensing,Other Software,,,,,Historical_FY2025,,,,,,,,,,,,,,,,,Jun,,,,,,,,,,,,,,,,,,,,,,,7520.83,6828.37,-692.46,,,,,,,,,,,,FY2025,6.0,-9.2,63310.0,CC-WHPC-100,F-WHPC-8663,Closed,,,48.0,,,,,,,
Staffing,Director,,,,,Historical_FY2025,,,,,,,,,,,,,,,,,Jan,,,,,,,,,,,,,,,,,,,,,,,15952.08,12786.14,-3165.94,,,,,,,,,,,,FY2025,1.0,-19.8,66937.0,CC-WHPC-100,F-WHPC-6782,Closed,,,48.0,,,,,,,
Staffing,Director,,,,,Historical_FY2025,,,,,,,,,,,,,,,,,Feb,,,,,,,,,,,,,,,,,,,,,,,15952.08,18342.95,2390.87,,,,,,,,,,,,FY2025,2.0,15.0,64753.0,CC-WHPC-100,F-WHPC-7078,Closed,,,48.0,,,,,,,
Staffing,Director,,,,,Historical_FY2025,,,,,,,,,,,,,,,,,Mar,,,,,,,,,,,,,,,,,,,,,,,15952.08,18613.28,2661.19,,,,,,,,,,,,FY2025,3.0,16.7,65224.0,CC-WHPC-100,F-WHPC-2557,Closed,,,48.0,,,,,,,
Staffing,Director,,,,,Historical_FY2025,,,,,,,,,,,,,,,,,Apr,,,,,,,,,,,,,,,,,,,,,,,15952.08,17752.85,1800.76,,,,,,,,,,,,FY2025,4.0,11.3,64105.0,CC-WHPC-100,F-WHPC-4555,Closed,,,48.0,,,,,,,
Staffing,Director,,,,,Historical_FY2025,,,,,,,,,,,,,,,,,May,,,,,,,,,,,,,,,,,,,,,,,15952.08,15941.38,-10.71,,,,,,,,,,,,FY2025,5.0,-0.1,60091.0,CC-WHPC-100,F-WHPC-8432,Closed,,,48.0,,,,,,,
Staffing,Director,,,,,Historical_FY2025,,,,,,,,,,,,,,,,,Jun,,,,,,,,,,,,,,,,,,,,,,,15952.08,16277.04,324.96,,,,,,,,,,,,FY2025,6.0,2.0,60987.0,CC-WHPC-100,F-WHPC-8425,Closed,,,48.0,,,,,,,
Staffing,Director,,,,,Historical_FY2025,,,,,,,,,,,,,,,,,Jul,,,,,,,,,,,,,,,,,,,,,,,15952.08,17284.96,1332.88,,,,,,,,,,,,FY2025,7.0,8.4,69248.0,CC-WHPC-100,F-WHPC-8689,Closed,,,48.0,,,,,,,
Staffing,Director,,,,,Historical_FY2025,,,,,,,,,,,,,,,,,Aug,,,,,,,,,,,,,,,,,,,,,,,15952.08,16749.34,797.26,,,,,,,,,,,,FY2025,8.0,5.0,65866.0,CC-WHPC-100,F-WHPC-2726,Closed,,,48.0,,,,,,,
Staffing,Director,,,,,Historical_FY2025,,,,,,,,,,,,,,,,,Sep,,,,,,,,,,,,,,,,,,,,,,,15952.08,19092.16,3140.08,,,,,,,,,,,,FY2025,9.0,19.7,62024.0,CC-WHPC-100,F-WHPC-7215,Closed,,,48.0,,,,,,,
Staffing,Director,,,,,Historical_FY2025,,,,,,,,,,,,,,,,,Oct,,,,,,,,,,,,,,,,,,,,,,,15952.08,17908.62,1956.54,,,,,,,,,,,,FY2025,10.0,12.3,64071.0,CC-WHPC-100,F-WHPC-2870,Closed,,,48.0,,,,,,,
Staffing,Director,,,,,Historical_FY2025,,,,,,,,,,,,,,,,,Nov,,,,,,,,,,,,,,,,,,,,,,,15952.08,18134.33,2182.24,,,,,,,,,,,,FY2025,11.0,13.7,68372.0,CC-WHPC-100,F-WHPC-7451,Closed,,,48.0,,,,,,,
Staffing,Director,,,,,Historical_FY2025,,,,,,,,,,,,,,,,,Dec,,,,,,,,,,,,,,,,,,,,,,,15952.08,14594.66,-1357.42,,,,,,,,,,,,FY2025,12.0,-8.5,68316.0,CC-WHPC-100,F-WHPC-9319,Closed,,,48.0,,,,,,,
Staffing,Sr SysAdmin (3),,,,,Historical_FY2025,,,,,,,,,,,,,,,,,Jan,,,,,,,,,,,,,,,,,,,,,,,37770.33,36792.96,-977.37,,,,,,,,,,,,FY2025,1.0,-2.6,65773.0,CC-WHPC-100,F-WHPC-3404,Closed,,,48.0,,,,,,,
Staffing,Sr SysAdmin (3),,,,,Historical_FY2025,,,,,,,,,,,,,,,,,Feb,,,,,,,,,,,,,,,,,,,,,,,37770.33,44388.96,6618.63,,,,,,,,,,,,FY2025,2.0,17.5,67820.0,CC-WHPC-100,F-WHPC-2700,Closed,,,48.0,,,,,,,
Staffing,Sr SysAdmin (3),,,,,Historical_FY2025,,,,,,,,,,,,,,,,,Mar,,,,,,,,,,,,,,,,,,,,,,,37770.33,31787.31,-5983.02,,,,,,,,,,,,FY2025,3.0,-15.8,65019.0,CC-WHPC-100,F-WHPC-2453,Closed,,,48.0,,,,,,,
Staffing,Sr SysAdmin (3),,,,,Historical_FY2025,,,,,,,,,,,,,,,,,Apr,,,,,,,,,,,,,,,,,,,,,,,37770.33,44874.28,7103.94,,,,,,,,,,,,FY2025,4.0,18.8,62508.0,CC-WHPC-100,F-WHPC-3636,Closed,,,48.0,,,,,,,
Staffing,Sr SysAdmin (3),,,,,Historical_FY2025,,,,,,,,,,,,,,,,,May,,,,,,,,,,,,,,,,,,,,,,,37770.33,39353.45,1583.11,,,,,,,,,,,,FY2025,5.0,4.2,61924.0,CC-WHPC-100,F-WHPC-9648,Closed,,,48.0,,,,,,,
Staffing,Sr SysAdmin (3),,,,,Historical_FY2025,,,,,,,,,,,,,,,,,Jun,,,,,,,,,,,,,,,,,,,,,,,37770.33,30833.18,-6937.15,,,,,,,,,,,,FY2025,6.0,-18.4,64944.0,CC-WHPC-100,F-WHPC-3020,Closed,,,48.0,,,,,,,
Staffing,Sr SysAdmin (3),,,,,Historical_FY2025,,,,,,,,,,,,,,,,,Jul,,,,,,,,,,,,,,,,,,,,,,,37770.33,32614.48,-5155.86,,,,,,,,,,,,FY2025,7.0,-13.7,62173.0,CC-WHPC-100,F-WHPC-2309,Closed,,,48.0,,,,,,,
Staffing,Sr SysAdmin (3),,,,,Historical_FY2025,,,,,,,,,,,,,,,,,Aug,,,,,,,,,,,,,,,,,,,,,,,37770.33,40489.11,2718.78,,,,,,,,,,,,FY2025,8.0,7.2,67520.0,CC-WHPC-100,F-WHPC-3827,Closed,,,48.0,,,,,,,
Staffing,Sr SysAdmin (3),,,,,Historical_FY2025,,,,,,,,,,,,,,,,,Sep,,,,,,,,,,,,,,,,,,,,,,,37770.33,41741.07,3970.74,,,,,,,,,,,,FY2025,9.0,10.5,63316.0,CC-WHPC-100,F-WHPC-2464,Closed,,,48.0,,,,,,,
Staffing,Sr SysAdmin (3),,,,,Historical_FY2025,,,,,,,,,,,,,,,,,Oct,,,,,,,,,,,,,,,,,,,,,,,37770.33,41468.35,3698.01,,,,,,,,,,,,FY2025,10.0,9.8,66683.0,CC-WHPC-100,F-WHPC-6752,Closed,,,48.0,,,,,,,
Staffing,Sr SysAdmin (3),,,,,Historical_FY2025,,,,,,,,,,,,,,,,,Nov,,,,,,,,,,,,,,,,,,,,,,,37770.33,39450.27,1679.94,,,,,,,,,,,,FY2025,11.0,4.4,69677.0,CC-WHPC-100,F-WHPC-1815,Closed,,,48.0,,,,,,,
Staffing,Sr SysAdmin (3),,,,,Historical_FY2025,,,,,,,,,,,,,,,,,Dec,,,,,,,,,,,,,,,,,,,,,,,37770.33,40555.36,2785.03,,,,,,,,,,,,FY2025,12.0,7.4,61691.0,CC-WHPC-100,F-WHPC-9289,Closed,,,48.0,,,,,,,
Staffing,SysAdmin (2),,,,,Historical_FY2025,,,,,,,,,,,,,,,,,Jan,,,,,,,,,,,,,,,,,,,,,,,19245.42,19121.92,-123.49,,,,,,,,,,,,FY2025,1.0,-0.6,63391.0,CC-WHPC-100,F-WHPC-5306,Closed,,,48.0,,,,,,,
Staffing,SysAdmin (2),,,,,Historical_FY2025,,,,,,,,,,,,,,,,,Feb,,,,,,,,,,,,,,,,,,,,,,,19245.42,20763.72,1518.31,,,,,,,,,,,,FY2025,2.0,7.9,61870.0,CC-WHPC-100,F-WHPC-7925,Closed,,,48.0,,,,,,,
Staffing,SysAdmin (2),,,,,Historical_FY2025,,,,,,,,,,,,,,,,,Mar,,,,,,,,,,,,,,,,,,,,,,,19245.42,19748.5,503.08,,,,,,,,,,,,FY2025,3.0,2.6,61687.0,CC-WHPC-100,F-WHPC-8280,Closed,,,48.0,,,,,,,
Staffing,SysAdmin (2),,,,,Historical_FY2025,,,,,,,,,,,,,,,,,Apr,,,,,,,,,,,,,,,,,,,,,,,19245.42,18781.58,-463.83,,,,,,,,,,,,FY2025,4.0,-2.4,61917.0,CC-WHPC-100,F-WHPC-5198,Closed,,,48.0,,,,,,,
Staffing,SysAdmin (2),,,,,Historical_FY2025,,,,,,,,,,,,,,,,,May,,,,,,,,,,,,,,,,,,,,,,,19245.42,16788.59,-2456.82,,,,,,,,,,,,FY2025,5.0,-12.8,65818.0,CC-WHPC-100,F-WHPC-7984,Closed,,,48.0,,,,,,,
Staffing,SysAdmin (2),,,,,Historical_FY2025,,,,,,,,,,,,,,,,,Jun,,,,,,,,,,,,,,,,,,,,,,,19245.42,18221.53,-1023.89,,,,,,,,,,,,FY2025,6.0,-5.3,64627.0,CC-WHPC-100,F-WHPC-3257,Closed,,,48.0,,,,,,,
Staffing,SysAdmin (2),,,,,Historical_FY2025,,,,,,,,,,,,,,,,,Jul,,,,,,,,,,,,,,,,,,,,,,,19245.42,21192.34,1946.92,,,,,,,,,,,,FY2025,7.0,10.1,66662.0,CC-WHPC-100,F-WHPC-5704,Closed,,,48.0,,,,,,,
Staffing,SysAdmin (2),,,,,Historical_FY2025,,,,,,,,,,,,,,,,,Aug,,,,,,,,,,,,,,,,,,,,,,,19245.42,18595.35,-650.07,,,,,,,,,,,,FY2025,8.0,-3.4,69895.0,CC-WHPC-100,F-WHPC-3211,Closed,,,48.0,,,,,,,
Staffing,SysAdmin (2),,,,,Historical_FY2025,,,,,,,,,,,,,,,,,Sep,,,,,,,,,,,,,,,,,,,,,,,19245.42,16613.53,-2631.89,,,,,,,,,,,,FY2025,9.0,-13.7,69609.0,CC-WHPC-100,F-WHPC-8006,Closed,,,48.0,,,,,,,
Staffing,SysAdmin (2),,,,,Historical_FY2025,,,,,,,,,,,,,,,,,Oct,,,,,,,,,,,,,,,,,,,,,,,19245.42,19616.54,371.12,,,,,,,,,,,,FY2025,10.0,1.9,62151.0,CC-WHPC-100,F-WHPC-9094,Closed,,,48.0,,,,,,,
Staffing,SysAdmin (2),,,,,Historical_FY2025,,,,,,,,,,,,,,,,,Nov,,,,,,,,,,,,,,,,,,,,,,,19245.42,16533.5,-2711.91,,,,,,,,,,,,FY2025,11.0,-14.1,69056.0,CC-WHPC-100,F-WHPC-6360,Closed,,,48.0,,,,,,,
Staffing,SysAdmin (2),,,,,Historical_FY2025,,,,,,,,,,,,,,,,,Dec,,,,,,,,,,,,,,,,,,,,,,,19245.42,20620.75,1375.33,,,,,,,,,,,,FY2025,12.0,7.1,65412.0,CC-WHPC-100,F-WHPC-9380,Closed,,,48.0,,,,,,,
Staffing,Storage Admin,,,,,Historical_FY2025,,,,,,,,,,,,,,,,,Jan,,,,,,,,,,,,,,,,,,,,,,,11835.42,11326.81,-508.61,,,,,,,,,,,,FY2025,1.0,-4.3,65563.0,CC-WHPC-100,F-WHPC-5880,Closed,,,48.0,,,,,,,
Staffing,Storage Admin,,,,,Historical_FY2025,,,,,,,,,,,,,,,,,Feb,,,,,,,,,,,,,,,,,,,,,,,11835.42,12519.16,683.75,,,,,,,,,,,,FY2025,2.0,5.8,61255.0,CC-WHPC-100,F-WHPC-1991,Closed,,,48.0,,,,,,,
Staffing,Storage Admin,,,,,Historical_FY2025,,,,,,,,,,,,,,,,,Mar,,,,,,,,,,,,,,,,,,,,,,,11835.42,13478.25,1642.83,,,,,,,,,,,,FY2025,3.0,13.9,65882.0,CC-WHPC-100,F-WHPC-7614,Closed,,,48.0,,,,,,,
Staffing,Storage Admin,,,,,Historical_FY2025,,,,,,,,,,,,,,,,,Apr,,,,,,,,,,,,,,,,,,,,,,,11835.42,11088.05,-747.36,,,,,,,,,,,,FY2025,4.0,-6.3,64458.0,CC-WHPC-100,F-WHPC-2747,Closed,,,48.0,,,,,,,
Staffing,Storage Admin,,,,,Historical_FY2025,,,,,,,,,,,,,,,,,May,,,,,,,,,,,,,,,,,,,,,,,11835.42,12246.85,411.43,,,,,,,,,,,,FY2025,5.0,3.5,60063.0,CC-WHPC-100,F-WHPC-9365,Closed,,,48.0,,,,,,,
Staffing,Storage Admin,,,,,Historical_FY2025,,,,,,,,,,,,,,,,,Jun,,,,,,,,,,,,,,,,,,,,,,,11835.42,13297.68,1462.26,,,,,,,,,,,,FY2025,6.0,12.4,66512.0,CC-WHPC-100,F-WHPC-1144,Closed,,,48.0,,,,,,,
Staffing,Storage Admin,,,,,Historical_FY2025,,,,,,,,,,,,,,,,,Jul,,,,,,,,,,,,,,,,,,,,,,,11835.42,10466.85,-1368.57,,,,,,,,,,,,FY2025,7.0,-11.6,62582.0,CC-WHPC-100,F-WHPC-6073,Closed,,,48.0,,,,,,,
Staffing,Storage Admin,,,,,Historical_FY2025,,,,,,,,,,,,,,,,,Aug,,,,,,,,,,,,,,,,,,,,,,,11835.42,12450.69,615.28,,,,,,,,,,,,FY2025,8.0,5.2,68832.0,CC-WHPC-100,F-WHPC-6843,Closed,,,48.0,,,,,,,
Staffing,Storage Admin,,,,,Historical_FY2025,,,,,,,,,,,,,,,,,Sep,,,,,,,,,,,,,,,,,,,,,,,11835.42,13414.25,1578.84,,,,,,,,,,,,FY2025,9.0,13.3,65871.0,CC-WHPC-100,F-WHPC-4424,Closed,,,48.0,,,,,,,
Staffing,Storage Admin,,,,,Historical_FY2025,,,,,,,,,,,,,,,,,Oct,,,,,,,,,,,,,,,,,,,,,,,11835.42,10926.29,-909.13,,,,,,,,,,,,FY2025,10.0,-7.7,65991.0,CC-WHPC-100,F-WHPC-6964,Closed,,,48.0,,,,,,,
Staffing,Storage Admin,,,,,Historical_FY2025,,,,,,,,,,,,,,,,,Nov,,,,,,,,,,,,,,,,,,,,,,,11835.42,9684.88,-2150.54,,,,,,,,,,,,FY2025,11.0,-18.2,61342.0,CC-WHPC-100,F-WHPC-9231,Closed,,,48.0,,,,,,,
Staffing,Storage Admin,,,,,Historical_FY2025,,,,,,,,,,,,,,,,,Dec,,,,,,,,,,,,,,,,,,,,,,,11835.42,12343.24,507.82,,,,,,,,,,,,FY2025,12.0,4.3,68424.0,CC-WHPC-100,F-WHPC-7343,Closed,,,48.0,,,,,,,
Staffing,Network Engineer,,,,,Historical_FY2025,,,,,,,,,,,,,,,,,Jan,,,,,,,,,,,,,,,,,,,,,,,12144.17,9996.66,-2147.5,,,,,,,,,,,,FY2025,1.0,-17.7,60821.0,CC-WHPC-100,F-WHPC-1069,Closed,,,48.0,,,,,,,
Staffing,Network Engineer,,,,,Historical_FY2025,,,,,,,,,,,,,,,,,Feb,,,,,,,,,,,,,,,,,,,,,,,12144.17,14244.38,2100.21,,,,,,,,,,,,FY2025,2.0,17.3,66935.0,CC-WHPC-100,F-WHPC-2260,Closed,,,48.0,,,,,,,
Staffing,Network Engineer,,,,,Historical_FY2025,,,,,,,,,,,,,,,,,Mar,,,,,,,,,,,,,,,,,,,,,,,12144.17,13819.18,1675.01,,,,,,,,,,,,FY2025,3.0,13.8,63880.0,CC-WHPC-100,F-WHPC-9590,Closed,,,48.0,,,,,,,
Staffing,Network Engineer,,,,,Historical_FY2025,,,,,,,,,,,,,,,,,Apr,,,,,,,,,,,,,,,,,,,,,,,12144.17,12600.92,456.76,,,,,,,,,,,,FY2025,4.0,3.8,65598.0,CC-WHPC-100,F-WHPC-9486,Closed,,,48.0,,,,,,,
Staffing,Network Engineer,,,,,Historical_FY2025,,,,,,,,,,,,,,,,,May,,,,,,,,,,,,,,,,,,,,,,,12144.17,14284.54,2140.38,,,,,,,,,,,,FY2025,5.0,17.6,69980.0,CC-WHPC-100,F-WHPC-1789,Closed,,,48.0,,,,,,,
Staffing,Network Engineer,,,,,Historical_FY2025,,,,,,,,,,,,,,,,,Jun,,,,,,,,,,,,,,,,,,,,,,,12144.17,13942.27,1798.11,,,,,,,,,,,,FY2025,6.0,14.8,60042.0,CC-WHPC-100,F-WHPC-6591,Closed,,,48.0,,,,,,,
Staffing,Network Engineer,,,,,Historical_FY2025,,,,,,,,,,,,,,,,,Jul,,,,,,,,,,,,,,,,,,,,,,,12144.17,11433.07,-711.1,,,,,,,,,,,,FY2025,7.0,-5.9,68210.0,CC-WHPC-100,F-WHPC-6741,Closed,,,48.0,,,,,,,
Staffing,Network Engineer,,,,,Historical_FY2025,,,,,,,,,,,,,,,,,Aug,,,,,,,,,,,,,,,,,,,,,,,12144.17,10326.17,-1818.0,,,,,,,,,,,,FY2025,8.0,-15.0,66515.0,CC-WHPC-100,F-WHPC-9376,Closed,,,48.0,,,,,,,
Staffing,Network Engineer,,,,,Historical_FY2025,,,,,,,,,,,,,,,,,Sep,,,,,,,,,,,,,,,,,,,,,,,12144.17,10559.65,-1584.52,,,,,,,,,,,,FY2025,9.0,-13.0,60663.0,CC-WHPC-100,F-WHPC-2953,Closed,,,48.0,,,,,,,
Staffing,Network Engineer,,,,,Historical_FY2025,,,,,,,,,,,,,,,,,Oct,,,,,,,,,,,,,,,,,,,,,,,12144.17,14518.06,2373.89,,,,,,,,,,,,FY2025,10.0,19.5,66595.0,CC-WHPC-100,F-WHPC-3665,Closed,,,48.0,,,,,,,
Staffing,Network Engineer,,,,,Historical_FY2025,,,,,,,,,,,,,,,,,Nov,,,,,,,,,,,,,,,,,,,,,,,12144.17,12020.98,-123.18,,,,,,,,,,,,FY2025,11.0,-1.0,64494.0,CC-WHPC-100,F-WHPC-6435,Closed,,,48.0,,,,,,,
Staffing,Network Engineer,,,,,Historical_FY2025,,,,,,,,,,,,,,,,,Dec,,,,,,,,,,,,,,,,,,,,,,,12144.17,14177.7,2033.53,,,,,,,,,,,,FY2025,12.0,16.7,65263.0,CC-WHPC-100,F-WHPC-8598,Closed,,,48.0,,,,,,,
Staffing,Security Analyst,,,,,Historical_FY2025,,,,,,,,,,,,,,,,,Jan,,,,,,,,,,,,,,,,,,,,,,,11320.83,13201.68,1880.85,,,,,,,,,,,,FY2025,1.0,16.6,64763.0,CC-WHPC-100,F-WHPC-8288,Closed,,,48.0,,,,,,,
Staffing,Security Analyst,,,,,Historical_FY2025,,,,,,,,,,,,,,,,,Feb,,,,,,,,,,,,,,,,,,,,,,,11320.83,12872.14,1551.31,,,,,,,,,,,,FY2025,2.0,13.7,63286.0,CC-WHPC-100,F-WHPC-5091,Closed,,,48.0,,,,,,,
Staffing,Security Analyst,,,,,Historical_FY2025,,,,,,,,,,,,,,,,,Mar,,,,,,,,,,,,,,,,,,,,,,,11320.83,12541.15,1220.31,,,,,,,,,,,,FY2025,3.0,10.8,64744.0,CC-WHPC-100,F-WHPC-6573,Closed,,,48.0,,,,,,,
Staffing,Security Analyst,,,,,Historical_FY2025,,,,,,,,,,,,,,,,,Apr,,,,,,,,,,,,,,,,,,,,,,,11320.83,9456.57,-1864.27,,,,,,,,,,,,FY2025,4.0,-16.5,61730.0,CC-WHPC-100,F-WHPC-4671,Closed,,,48.0,,,,,,,
Staffing,Security Analyst,,,,,Historical_FY2025,,,,,,,,,,,,,,,,,May,,,,,,,,,,,,,,,,,,,,,,,11320.83,9435.89,-1884.94,,,,,,,,,,,,FY2025,5.0,-16.7,63962.0,CC-WHPC-100,F-WHPC-3199,Closed,,,48.0,,,,,,,
Staffing,Security Analyst,,,,,Historical_FY2025,,,,,,,,,,,,,,,,,Jun,,,,,,,,,,,,,,,,,,,,,,,11320.83,9928.74,-1392.09,,,,,,,,,,,,FY2025,6.0,-12.3,67128.0,CC-WHPC-100,F-WHPC-5083,Closed,,,48.0,,,,,,,
Staffing,Security Analyst,,,,,Historical_FY2025,,,,,,,,,,,,,,,,,Jul,,,,,,,,,,,,,,,,,,,,,,,11320.83,9241.83,-2079.0,,,,,,,,,,,,FY2025,7.0,-18.4,69643.0,CC-WHPC-100,F-WHPC-4258,Closed,,,48.0,,,,,,,
Staffing,Security Analyst,,,,,Historical_FY2025,,,,,,,,,,,,,,,,,Aug,,,,,,,,,,,,,,,,,,,,,,,11320.83,10682.77,-638.06,,,,,,,,,,,,FY2025,8.0,-5.6,68956.0,CC-WHPC-100,F-WHPC-2272,Closed,,,48.0,,,,,,,
Staffing,Security Analyst,,,,,Historical_FY2025,,,,,,,,,,,,,,,,,Sep,,,,,,,,,,,,,,,,,,,,,,,11320.83,12057.84,737.01,,,,,,,,,,,,FY2025,9.0,6.5,62058.0,CC-WHPC-100,F-WHPC-4250,Closed,,,48.0,,,,,,,
Staffing,Security Analyst,,,,,Historical_FY2025,,,,,,,,,,,,,,,,,Oct,,,,,,,,,,,,,,,,,,,,,,,11320.83,11716.04,395.21,,,,,,,,,,,,FY2025,10.0,3.5,65382.0,CC-WHPC-100,F-WHPC-7114,Closed,,,48.0,,,,,,,
Staffing,Security Analyst,,,,,Historical_FY2025,,,,,,,,,,,,,,,,,Nov,,,,,,,,,,,,,,,,,,,,,,,11320.83,10651.42,-669.42,,,,,,,,,,,,FY2025,11.0,-5.9,64725.0,CC-WHPC-100,F-WHPC-2093,Closed,,,48.0,,,,,,,
Staffing,Security Analyst,,,,,Historical_FY2025,,,,,,,,,,,,,,,,,Dec,,,,,,,,,,,,,,,,,,,,,,,11320.83,11725.01,404.18,,,,,,,,,,,,FY2025,12.0,3.6,60499.0,CC-WHPC-100,F-WHPC-8121,Closed,,,48.0,,,,,,,
Staffing,User Support (2),,,,,Historical_FY2025,,,,,,,,,,,,,,,,,Jan,,,,,,,,,,,,,,,,,,,,,,,15849.17,13139.96,-2709.21,,,,,,,,,,,,FY2025,1.0,-17.1,61484.0,CC-WHPC-100,F-WHPC-6539,Closed,,,48.0,,,,,,,
Staffing,User Support (2),,,,,Historical_FY2025,,,,,,,,,,,,,,,,,Feb,,,,,,,,,,,,,,,,,,,,,,,15849.17,12804.0,-3045.17,,,,,,,,,,,,FY2025,2.0,-19.2,69597.0,CC-WHPC-100,F-WHPC-4597,Closed,,,48.0,,,,,,,
Staffing,User Support (2),,,,,Historical_FY2025,,,,,,,,,,,,,,,,,Mar,,,,,,,,,,,,,,,,,,,,,,,15849.17,15752.1,-97.06,,,,,,,,,,,,FY2025,3.0,-0.6,68158.0,CC-WHPC-100,F-WHPC-1133,Closed,,,48.0,,,,,,,
Staffing,User Support (2),,,,,Historical_FY2025,,,,,,,,,,,,,,,,,Apr,,,,,,,,,,,,,,,,,,,,,,,15849.17,15528.77,-320.4,,,,,,,,,,,,FY2025,4.0,-2.0,65200.0,CC-WHPC-100,F-WHPC-5941,Closed,,,48.0,,,,,,,
Staffing,User Support (2),,,,,Historical_FY2025,,,,,,,,,,,,,,,,,May,,,,,,,,,,,,,,,,,,,,,,,15849.17,12693.48,-3155.69,,,,,,,,,,,,FY2025,5.0,-19.9,67399.0,CC-WHPC-100,F-WHPC-2277,Closed,,,48.0,,,,,,,
Staffing,User Support (2),,,,,Historical_FY2025,,,,,,,,,,,,,,,,,Jun,,,,,,,,,,,,,,,,,,,,,,,15849.17,16199.42,350.26,,,,,,,,,,,,FY2025,6.0,2.2,68361.0,CC-WHPC-100,F-WHPC-9132,Closed,,,48.0,,,,,,,
Staffing,User Support (2),,,,,Historical_FY2025,,,,,,,,,,,,,,,,,Jul,,,,,,,,,,,,,,,,,,,,,,,15849.17,15700.46,-148.7,,,,,,,,,,,,FY2025,7.0,-0.9,62825.0,CC-WHPC-100,F-WHPC-3696,Closed,,,48.0,,,,,,,
Staffing,User Support (2),,,,,Historical_FY2025,,,,,,,,,,,,,,,,,Aug,,,,,,,,,,,,,,,,,,,,,,,15849.17,17368.16,1518.99,,,,,,,,,,,,FY2025,8.0,9.6,65459.0,CC-WHPC-100,F-WHPC-5542,Closed,,,48.0,,,,,,,
Staffing,User Support (2),,,,,Historical_FY2025,,,,,,,,,,,,,,,,,Sep,,,,,,,,,,,,,,,,,,,,,,,15849.17,16909.55,1060.38,,,,,,,,,,,,FY2025,9.0,6.7,67617.0,CC-WHPC-100,F-WHPC-3620,Closed,,,48.0,,,,,,,
Staffing,User Support (2),,,,,Historical_FY2025,,,,,,,,,,,,,,,,,Oct,,,,,,,,,,,,,,,,,,,,,,,15849.17,18060.57,2211.4,,,,,,,,,,,,FY2025,10.0,14.0,68636.0,CC-WHPC-100,F-WHPC-9593,Closed,,,48.0,,,,,,,
Staffing,User Support (2),,,,,Historical_FY2025,,,,,,,,,,,,,,,,,Nov,,,,,,,,,,,,,,,,,,,,,,,15849.17,13934.89,-1914.28,,,,,,,,,,,,FY2025,11.0,-12.1,65603.0,CC-WHPC-100,F-WHPC-8525,Closed,,,48.0,,,,,,,
Staffing,User Support (2),,,,,Historical_FY2025,,,,,,,,,,,,,,,,,Dec,,,,,,,,,,,,,,,,,,,,,,,15849.17,14161.39,-1687.78,,,,,,,,,,,,FY2025,12.0,-10.6,63874.0,CC-WHPC-100,F-WHPC-5680,Closed,,,48.0,,,,,,,
Staffing,Admin Coordinator,,,,,Historical_FY2025,,,,,,,,,,,,,,,,,Jan,,,,,,,,,,,,,,,,,,,,,,,6380.83,7062.27,681.44,,,,,,,,,,,,FY2025,1.0,10.7,60425.0,CC-WHPC-100,F-WHPC-8096,Closed,,,48.0,,,,,,,
Staffing,Admin Coordinator,,,,,Historical_FY2025,,,,,,,,,,,,,,,,,Feb,,,,,,,,,,,,,,,,,,,,,,,6380.83,7583.92,1203.09,,,,,,,,,,,,FY2025,2.0,18.9,65683.0,CC-WHPC-100,F-WHPC-4938,Closed,,,48.0,,,,,,,
Staffing,Admin Coordinator,,,,,Historical_FY2025,,,,,,,,,,,,,,,,,Mar,,,,,,,,,,,,,,,,,,,,,,,6380.83,7653.89,1273.06,,,,,,,,,,,,FY2025,3.0,20.0,68357.0,CC-WHPC-100,F-WHPC-9647,Closed,,,48.0,,,,,,,
Staffing,Admin Coordinator,,,,,Historical_FY2025,,,,,,,,,,,,,,,,,Apr,,,,,,,,,,,,,,,,,,,,,,,6380.83,7150.9,770.06,,,,,,,,,,,,FY2025,4.0,12.1,63473.0,CC-WHPC-100,F-WHPC-5167,Closed,,,48.0,,,,,,,
Staffing,Admin Coordinator,,,,,Historical_FY2025,,,,,,,,,,,,,,,,,May,,,,,,,,,,,,,,,,,,,,,,,6380.83,5358.26,-1022.58,,,,,,,,,,,,FY2025,5.0,-16.0,61054.0,CC-WHPC-100,F-WHPC-9073,Closed,,,48.0,,,,,,,
Staffing,Admin Coordinator,,,,,Historical_FY2025,,,,,,,,,,,,,,,,,Jun,,,,,,,,,,,,,,,,,,,,,,,6380.83,5565.95,-814.88,,,,,,,,,,,,FY2025,6.0,-12.8,60501.0,CC-WHPC-100,F-WHPC-5965,Closed,,,48.0,,,,,,,
Staffing,Admin Coordinator,,,,,Historical_FY2025,,,,,,,,,,,,,,,,,Jul,,,,,,,,,,,,,,,,,,,,,,,6380.83,6239.63,-141.2,,,,,,,,,,,,FY2025,7.0,-2.2,62486.0,CC-WHPC-100,F-WHPC-6492,Closed,,,48.0,,,,,,,
Staffing,Admin Coordinator,,,,,Historical_FY2025,,,,,,,,,,,,,,,,,Aug,,,,,,,,,,,,,,,,,,,,,,,6380.83,5873.61,-507.22,,,,,,,,,,,,FY2025,8.0,-7.9,69853.0,CC-WHPC-100,F-WHPC-8072,Closed,,,48.0,,,,,,,
Staffing,Admin Coordinator,,,,,Historical_FY2025,,,,,,,,,,,,,,,,,Sep,,,,,,,,,,,,,,,,,,,,,,,6380.83,5991.15,-389.68,,,,,,,,,,,,FY2025,9.0,-6.1,61316.0,CC-WHPC-100,F-WHPC-9699,Closed,,,48.0,,,,,,,
Staffing,Admin Coordinator,,,,,Historical_FY2025,,,,,,,,,,,,,,,,,Oct,,,,,,,,,,,,,,,,,,,,,,,6380.83,5299.46,-1081.37,,,,,,,,,,,,FY2025,10.0,-16.9,62986.0,CC-WHPC-100,F-WHPC-9038,Closed,,,48.0,,,,,,,
Staffing,Admin Coordinator,,,,,Historical_FY2025,,,,,,,,,,,,,,,,,Nov,,,,,,,,,,,,,,,,,,,,,,,6380.83,5389.2,-991.64,,,,,,,,,,,,FY2025,11.0,-15.5,63994.0,CC-WHPC-100,F-WHPC-4771,Closed,,,48.0,,,,,,,
Staffing,Admin Coordinator,,,,,Historical_FY2025,,,,,,,,,,,,,,,,,Dec,,,,,,,,,,,,,,,,,,,,,,,6380.83,6608.16,227.33,,,,,,,,,,,,FY2025,12.0,3.6,68334.0,CC-WHPC-100,F-WHPC-5222,Closed,,,48.0,,,,,,,
Staffing,Director,,,,,Historical_FY2026,,,,,,,,,,,,,,,,,Jan,,,,,,,,,,,,,,,,,,,,,,,16791.67,16722.47,-69.2,,,,,,,,,,,,FY2026,1.0,-0.4,60922.0,CC-WHPC-100,F-WHPC-4802,Closed,,,48.0,,,,,,,
Staffing,Director,,,,,Historical_FY2026,,,,,,,,,,,,,,,,,Feb,,,,,,,,,,,,,,,,,,,,,,,16791.67,14191.37,-2600.3,,,,,,,,,,,,FY2026,2.0,-15.5,69590.0,CC-WHPC-100,F-WHPC-2472,Closed,,,48.0,,,,,,,
Staffing,Director,,,,,Historical_FY2026,,,,,,,,,,,,,,,,,Mar,,,,,,,,,,,,,,,,,,,,,,,16791.67,18626.74,1835.08,,,,,,,,,,,,FY2026,3.0,10.9,68594.0,CC-WHPC-100,F-WHPC-2324,Closed,,,48.0,,,,,,,
Staffing,Director,,,,,Historical_FY2026,,,,,,,,,,,,,,,,,Apr,,,,,,,,,,,,,,,,,,,,,,,16791.67,17028.45,236.79,,,,,,,,,,,,FY2026,4.0,1.4,63364.0,CC-WHPC-100,F-WHPC-3770,Closed,,,48.0,,,,,,,
Staffing,Director,,,,,Historical_FY2026,,,,,,,,,,,,,,,,,May,,,,,,,,,,,,,,,,,,,,,,,16791.67,14668.06,-2123.6,,,,,,,,,,,,FY2026,5.0,-12.6,62583.0,CC-WHPC-100,F-WHPC-4806,Closed,,,48.0,,,,,,,
Staffing,Director,,,,,Historical_FY2026,,,,,,,,,,,,,,,,,Jun,,,,,,,,,,,,,,,,,,,,,,,16791.67,15043.33,-1748.33,,,,,,,,,,,,FY2026,6.0,-10.4,64460.0,CC-WHPC-100,F-WHPC-3210,Closed,,,48.0,,,,,,,
Staffing,Director,,,,,Historical_FY2026,,,,,,,,,,,,,,,,,Jul,,,,,,,,,,,,,,,,,,,,,,,16791.67,14026.79,-2764.88,,,,,,,,,,,,FY2026,7.0,-16.5,62000.0,CC-WHPC-100,F-WHPC-2095,Closed,,,48.0,,,,,,,
Staffing,Director,,,,,Historical_FY2026,,,,,,,,,,,,,,,,,Aug,,,,,,,,,,,,,,,,,,,,,,,16791.67,19751.78,2960.12,,,,,,,,,,,,FY2026,8.0,17.6,62569.0,CC-WHPC-100,F-WHPC-4137,Closed,,,48.0,,,,,,,
Staffing,Director,,,,,Historical_FY2026,,,,,,,,,,,,,,,,,Sep,,,,,,,,,,,,,,,,,,,,,,,16791.67,16091.17,-700.5,,,,,,,,,,,,FY2026,9.0,-4.2,64733.0,CC-WHPC-100,F-WHPC-2662,Closed,,,48.0,,,,,,,
Staffing,Director,,,,,Historical_FY2026,,,,,,,,,,,,,,,,,Oct,,,,,,,,,,,,,,,,,,,,,,,16791.67,19665.8,2874.13,,,,,,,,,,,,FY2026,10.0,17.1,69540.0,CC-WHPC-100,F-WHPC-2226,Closed,,,48.0,,,,,,,
Staffing,Director,,,,,Historical_FY2026,,,,,,,,,,,,,,,,,Nov,,,,,,,,,,,,,,,,,,,,,,,16791.67,17271.0,479.33,,,,,,,,,,,,FY2026,11.0,2.9,67118.0,CC-WHPC-100,F-WHPC-7337,Closed,,,48.0,,,,,,,
Staffing,Director,,,,,Historical_FY2026,,,,,,,,,,,,,,,,,Dec,,,,,,,,,,,,,,,,,,,,,,,16791.67,16818.23,26.56,,,,,,,,,,,,FY2026,12.0,0.2,60996.0,CC-WHPC-100,F-WHPC-2735,Closed,,,48.0,,,,,,,
Staffing,Sr SysAdmin (3),,,,,Historical_FY2026,,,,,,,,,,,,,,,,,Jan,,,,,,,,,,,,,,,,,,,,,,,39758.25,38167.65,-1590.6,,,,,,,,,,,,FY2026,1.0,-4.0,69775.0,CC-WHPC-100,F-WHPC-3884,Closed,,,48.0,,,,,,,
Staffing,Sr SysAdmin (3),,,,,Historical_FY2026,,,,,,,,,,,,,,,,,Feb,,,,,,,,,,,,,,,,,,,,,,,39758.25,39882.44,124.19,,,,,,,,,,,,FY2026,2.0,0.3,65511.0,CC-WHPC-100,F-WHPC-6668,Closed,,,48.0,,,,,,,
Staffing,Sr SysAdmin (3),,,,,Historical_FY2026,,,,,,,,,,,,,,,,,Mar,,,,,,,,,,,,,,,,,,,,,,,39758.25,37856.09,-1902.16,,,,,,,,,,,,FY2026,3.0,-4.8,63573.0,CC-WHPC-100,F-WHPC-7329,Closed,,,48.0,,,,,,,
Staffing,Sr SysAdmin (3),,,,,Historical_FY2026,,,,,,,,,,,,,,,,,Apr,,,,,,,,,,,,,,,,,,,,,,,39758.25,46950.15,7191.9,,,,,,,,,,,,FY2026,4.0,18.1,68418.0,CC-WHPC-100,F-WHPC-4650,Closed,,,48.0,,,,,,,
Staffing,Sr SysAdmin (3),,,,,Historical_FY2026,,,,,,,,,,,,,,,,,May,,,,,,,,,,,,,,,,,,,,,,,39758.25,43831.6,4073.35,,,,,,,,,,,,FY2026,5.0,10.2,66308.0,CC-WHPC-100,F-WHPC-5560,Closed,,,48.0,,,,,,,
Staffing,Sr SysAdmin (3),,,,,Historical_FY2026,,,,,,,,,,,,,,,,,Jun,,,,,,,,,,,,,,,,,,,,,,,39758.25,39534.62,-223.63,,,,,,,,,,,,FY2026,6.0,-0.6,68135.0,CC-WHPC-100,F-WHPC-4123,Closed,,,48.0,,,,,,,
Staffing,Sr SysAdmin (3),,,,,Historical_FY2026,,,,,,,,,,,,,,,,,Jul,,,,,,,,,,,,,,,,,,,,,,,39758.25,34062.3,-5695.95,,,,,,,,,,,,FY2026,7.0,-14.3,60702.0,CC-WHPC-100,F-WHPC-4634,Closed,,,48.0,,,,,,,
Staffing,Sr SysAdmin (3),,,,,Historical_FY2026,,,,,,,,,,,,,,,,,Aug,,,,,,,,,,,,,,,,,,,,,,,39758.25,35835.62,-3922.63,,,,,,,,,,,,FY2026,8.0,-9.9,62613.0,CC-WHPC-100,F-WHPC-7878,Closed,,,48.0,,,,,,,
Staffing,Sr SysAdmin (3),,,,,Historical_FY2026,,,,,,,,,,,,,,,,,Sep,,,,,,,,,,,,,,,,,,,,,,,39758.25,41317.02,1558.77,,,,,,,,,,,,FY2026,9.0,3.9,62310.0,CC-WHPC-100,F-WHPC-9823,Closed,,,48.0,,,,,,,
Staffing,Sr SysAdmin (3),,,,,Historical_FY2026,,,,,,,,,,,,,,,,,Oct,,,,,,,,,,,,,,,,,,,,,,,39758.25,37201.82,-2556.43,,,,,,,,,,,,FY2026,10.0,-6.4,60380.0,CC-WHPC-100,F-WHPC-9864,Closed,,,48.0,,,,,,,
Staffing,Sr SysAdmin (3),,,,,Historical_FY2026,,,,,,,,,,,,,,,,,Nov,,,,,,,,,,,,,,,,,,,,,,,39758.25,42793.71,3035.46,,,,,,,,,,,,FY2026,11.0,7.6,63401.0,CC-WHPC-100,F-WHPC-2371,Closed,,,48.0,,,,,,,
Staffing,Sr SysAdmin (3),,,,,Historical_FY2026,,,,,,,,,,,,,,,,,Dec,,,,,,,,,,,,,,,,,,,,,,,39758.25,32469.53,-7288.72,,,,,,,,,,,,FY2026,12.0,-18.3,61960.0,CC-WHPC-100,F-WHPC-5039,Closed,,,48.0,,,,,,,
Staffing,SysAdmin (2),,,,,Historical_FY2026,,,,,,,,,,,,,,,,,Jan,,,,,,,,,,,,,,,,,,,,,,,20258.33,22052.59,1794.25,,,,,,,,,,,,FY2026,1.0,8.9,67378.0,CC-WHPC-100,F-WHPC-3622,Closed,,,48.0,,,,,,,
Staffing,SysAdmin (2),,,,,Historical_FY2026,,,,,,,,,,,,,,,,,Feb,,,,,,,,,,,,,,,,,,,,,,,20258.33,23255.39,2997.06,,,,,,,,,,,,FY2026,2.0,14.8,60661.0,CC-WHPC-100,F-WHPC-6949,Closed,,,48.0,,,,,,,
Staffing,SysAdmin (2),,,,,Historical_FY2026,,,,,,,,,,,,,,,,,Mar,,,,,,,,,,,,,,,,,,,,,,,20258.33,18520.61,-1737.72,,,,,,,,,,,,FY2026,3.0,-8.6,61958.0,CC-WHPC-100,F-WHPC-9990,Closed,,,48.0,,,,,,,
Staffing,SysAdmin (2),,,,,Historical_FY2026,,,,,,,,,,,,,,,,,Apr,,,,,,,,,,,,,,,,,,,,,,,20258.33,16370.82,-3887.52,,,,,,,,,,,,FY2026,4.0,-19.2,62090.0,CC-WHPC-100,F-WHPC-8419,Closed,,,48.0,,,,,,,
Staffing,SysAdmin (2),,,,,Historical_FY2026,,,,,,,,,,,,,,,,,May,,,,,,,,,,,,,,,,,,,,,,,20258.33,20588.84,330.51,,,,,,,,,,,,FY2026,5.0,1.6,68563.0,CC-WHPC-100,F-WHPC-3438,Closed,,,48.0,,,,,,,
Staffing,SysAdmin (2),,,,,Historical_FY2026,,,,,,,,,,,,,,,,,Jun,,,,,,,,,,,,,,,,,,,,,,,20258.33,21461.27,1202.93,,,,,,,,,,,,FY2026,6.0,5.9,68953.0,CC-WHPC-100,F-WHPC-6504,Closed,,,48.0,,,,,,,
Staffing,SysAdmin (2),,,,,Historical_FY2026,,,,,,,,,,,,,,,,,Jul,,,,,,,,,,,,,,,,,,,,,,,20258.33,19279.14,-979.19,,,,,,,,,,,,FY2026,7.0,-4.8,67000.0,CC-WHPC-100,F-WHPC-2802,Closed,,,48.0,,,,,,,
Staffing,SysAdmin (2),,,,,Historical_FY2026,,,,,,,,,,,,,,,,,Aug,,,,,,,,,,,,,,,,,,,,,,,20258.33,17083.88,-3174.46,,,,,,,,,,,,FY2026,8.0,-15.7,62940.0,CC-WHPC-100,F-WHPC-2184,Closed,,,48.0,,,,,,,
Staffing,SysAdmin (2),,,,,Historical_FY2026,,,,,,,,,,,,,,,,,Sep,,,,,,,,,,,,,,,,,,,,,,,20258.33,23535.69,3277.36,,,,,,,,,,,,FY2026,9.0,16.2,60342.0,CC-WHPC-100,F-WHPC-4961,Closed,,,48.0,,,,,,,
Staffing,SysAdmin (2),,,,,Historical_FY2026,,,,,,,,,,,,,,,,,Oct,,,,,,,,,,,,,,,,,,,,,,,20258.33,19242.67,-1015.66,,,,,,,,,,,,FY2026,10.0,-5.0,64892.0,CC-WHPC-100,F-WHPC-1926,Closed,,,48.0,,,,,,,
Staffing,SysAdmin (2),,,,,Historical_FY2026,,,,,,,,,,,,,,,,,Nov,,,,,,,,,,,,,,,,,,,,,,,20258.33,18250.79,-2007.55,,,,,,,,,,,,FY2026,11.0,-9.9,64818.0,CC-WHPC-100,F-WHPC-5387,Closed,,,48.0,,,,,,,
Staffing,SysAdmin (2),,,,,Historical_FY2026,,,,,,,,,,,,,,,,,Dec,,,,,,,,,,,,,,,,,,,,,,,20258.33,16280.79,-3977.54,,,,,,,,,,,,FY2026,12.0,-19.6,61859.0,CC-WHPC-100,F-WHPC-5038,Closed,,,48.0,,,,,,,
Staffing,Storage Admin,,,,,Historical_FY2026,,,,,,,,,,,,,,,,,Jan,,,,,,,,,,,,,,,,,,,,,,,12458.33,14342.33,1884.0,,,,,,,,,,,,FY2026,1.0,15.1,61191.0,CC-WHPC-100,F-WHPC-1784,Closed,,,48.0,,,,,,,
Staffing,Storage Admin,,,,,Historical_FY2026,,,,,,,,,,,,,,,,,Feb,,,,,,,,,,,,,,,,,,,,,,,12458.33,14880.75,2422.42,,,,,,,,,,,,FY2026,2.0,19.4,61850.0,CC-WHPC-100,F-WHPC-7292,Closed,,,48.0,,,,,,,
Staffing,Storage Admin,,,,,Historical_FY2026,,,,,,,,,,,,,,,,,Mar,,,,,,,,,,,,,,,,,,,,,,,12458.33,14696.43,2238.1,,,,,,,,,,,,FY2026,3.0,18.0,69612.0,CC-WHPC-100,F-WHPC-5300,Closed,,,48.0,,,,,,,
Staffing,Storage Admin,,,,,Historical_FY2026,,,,,,,,,,,,,,,,,Apr,,,,,,,,,,,,,,,,,,,,,,,12458.33,14862.19,2403.86,,,,,,,,,,,,FY2026,4.0,19.3,60287.0,CC-WHPC-100,F-WHPC-7294,Closed,,,48.0,,,,,,,
Staffing,Storage Admin,,,,,Historical_FY2026,,,,,,,,,,,,,,,,,May,,,,,,,,,,,,,,,,,,,,,,,12458.33,14230.54,1772.2,,,,,,,,,,,,FY2026,5.0,14.2,64779.0,CC-WHPC-100,F-WHPC-8318,Closed,,,48.0,,,,,,,
Staffing,Storage Admin,,,,,Historical_FY2026,,,,,,,,,,,,,,,,,Jun,,,,,,,,,,,,,,,,,,,,,,,12458.33,14725.46,2267.13,,,,,,,,,,,,FY2026,6.0,18.2,69581.0,CC-WHPC-100,F-WHPC-3830,Closed,,,48.0,,,,,,,
Staffing,Storage Admin,,,,,Historical_FY2026,,,,,,,,,,,,,,,,,Jul,,,,,,,,,,,,,,,,,,,,,,,12458.33,12069.81,-388.53,,,,,,,,,,,,FY2026,7.0,-3.1,61835.0,CC-WHPC-100,F-WHPC-1433,Closed,,,48.0,,,,,,,
Staffing,Storage Admin,,,,,Historical_FY2026,,,,,,,,,,,,,,,,,Aug,,,,,,,,,,,,,,,,,,,,,,,12458.33,14214.17,1755.84,,,,,,,,,,,,FY2026,8.0,14.1,60089.0,CC-WHPC-100,F-WHPC-2148,Closed,,,48.0,,,,,,,
Staffing,Storage Admin,,,,,Historical_FY2026,,,,,,,,,,,,,,,,,Sep,,,,,,,,,,,,,,,,,,,,,,,12458.33,13340.8,882.46,,,,,,,,,,,,FY2026,9.0,7.1,66958.0,CC-WHPC-100,F-WHPC-2926,Closed,,,48.0,,,,,,,
Staffing,Storage Admin,,,,,Historical_FY2026,,,,,,,,,,,,,,,,,Oct,,,,,,,,,,,,,,,,,,,,,,,12458.33,11821.95,-636.38,,,,,,,,,,,,FY2026,10.0,-5.1,62065.0,CC-WHPC-100,F-WHPC-1145,Closed,,,48.0,,,,,,,
Staffing,Storage Admin,,,,,Historical_FY2026,,,,,,,,,,,,,,,,,Nov,,,,,,,,,,,,,,,,,,,,,,,12458.33,14264.9,1806.56,,,,,,,,,,,,FY2026,11.0,14.5,60334.0,CC-WHPC-100,F-WHPC-6742,Closed,,,48.0,,,,,,,
Staffing,Storage Admin,,,,,Historical_FY2026,,,,,,,,,,,,,,,,,Dec,,,,,,,,,,,,,,,,,,,,,,,12458.33,13194.84,736.5,,,,,,,,,,,,FY2026,12.0,5.9,67633.0,CC-WHPC-100,F-WHPC-6726,Closed,,,48.0,,,,,,,
Staffing,Network Engineer,,,,,Historical_FY2026,,,,,,,,,,,,,,,,,Jan,,,,,,,,,,,,,,,,,,,,,,,12783.33,14086.33,1303.0,,,,,,,,,,,,FY2026,1.0,10.2,69737.0,CC-WHPC-100,F-WHPC-6480,Closed,,,48.0,,,,,,,
Staffing,Network Engineer,,,,,Historical_FY2026,,,,,,,,,,,,,,,,,Feb,,,,,,,,,,,,,,,,,,,,,,,12783.33,10907.3,-1876.03,,,,,,,,,,,,FY2026,2.0,-14.7,62099.0,CC-WHPC-100,F-WHPC-8072,Closed,,,48.0,,,,,,,
Staffing,Network Engineer,,,,,Historical_FY2026,,,,,,,,,,,,,,,,,Mar,,,,,,,,,,,,,,,,,,,,,,,12783.33,10419.27,-2364.06,,,,,,,,,,,,FY2026,3.0,-18.5,65056.0,CC-WHPC-100,F-WHPC-6034,Closed,,,48.0,,,,,,,
Staffing,Network Engineer,,,,,Historical_FY2026,,,,,,,,,,,,,,,,,Apr,,,,,,,,,,,,,,,,,,,,,,,12783.33,11879.09,-904.24,,,,,,,,,,,,FY2026,4.0,-7.1,69246.0,CC-WHPC-100,F-WHPC-7152,Closed,,,48.0,,,,,,,
Staffing,Network Engineer,,,,,Historical_FY2026,,,,,,,,,,,,,,,,,May,,,,,,,,,,,,,,,,,,,,,,,12783.33,10374.27,-2409.06,,,,,,,,,,,,FY2026,5.0,-18.8,64252.0,CC-WHPC-100,F-WHPC-4004,Closed,,,48.0,,,,,,,
Staffing,Network Engineer,,,,,Historical_FY2026,,,,,,,,,,,,,,,,,Jun,,,,,,,,,,,,,,,,,,,,,,,12783.33,11961.4,-821.93,,,,,,,,,,,,FY2026,6.0,-6.4,64870.0,CC-WHPC-100,F-WHPC-2553,Closed,,,48.0,,,,,,,
Staffing,Network Engineer,,,,,Historical_FY2026,,,,,,,,,,,,,,,,,Jul,,,,,,,,,,,,,,,,,,,,,,,12783.33,13188.79,405.46,,,,,,,,,,,,FY2026,7.0,3.2,61721.0,CC-WHPC-100,F-WHPC-9611,Closed,,,48.0,,,,,,,
Staffing,Network Engineer,,,,,Historical_FY2026,,,,,,,,,,,,,,,,,Aug,,,,,,,,,,,,,,,,,,,,,,,12783.33,12793.25,9.92,,,,,,,,,,,,FY2026,8.0,0.1,61434.0,CC-WHPC-100,F-WHPC-3219,Closed,,,48.0,,,,,,,
Staffing,Network Engineer,,,,,Historical_FY2026,,,,,,,,,,,,,,,,,Sep,,,,,,,,,,,,,,,,,,,,,,,12783.33,15112.51,2329.18,,,,,,,,,,,,FY2026,9.0,18.2,66332.0,CC-WHPC-100,F-WHPC-2633,Closed,,,48.0,,,,,,,
Staffing,Network Engineer,,,,,Historical_FY2026,,,,,,,,,,,,,,,,,Oct,,,,,,,,,,,,,,,,,,,,,,,12783.33,11413.35,-1369.98,,,,,,,,,,,,FY2026,10.0,-10.7,65629.0,CC-WHPC-100,F-WHPC-9255,Closed,,,48.0,,,,,,,
Staffing,Network Engineer,,,,,Historical_FY2026,,,,,,,,,,,,,,,,,Nov,,,,,,,,,,,,,,,,,,,,,,,12783.33,13152.29,368.96,,,,,,,,,,,,FY2026,11.0,2.9,64236.0,CC-WHPC-100,F-WHPC-5564,Closed,,,48.0,,,,,,,
Staffing,Network Engineer,,,,,Historical_FY2026,,,,,,,,,,,,,,,,,Dec,,,,,,,,,,,,,,,,,,,,,,,12783.33,14485.32,1701.99,,,,,,,,,,,,FY2026,12.0,13.3,69775.0,CC-WHPC-100,F-WHPC-5153,Closed,,,48.0,,,,,,,
Staffing,Security Analyst,,,,,Historical_FY2026,,,,,,,,,,,,,,,,,Jan,,,,,,,,,,,,,,,,,,,,,,,11916.67,10291.22,-1625.45,,,,,,,,,,,,FY2026,1.0,-13.6,61855.0,CC-WHPC-100,F-WHPC-2656,Closed,,,48.0,,,,,,,
Staffing,Security Analyst,,,,,Historical_FY2026,,,,,,,,,,,,,,,,,Feb,,,,,,,,,,,,,,,,,,,,,,,11916.67,10370.63,-1546.03,,,,,,,,,,,,FY2026,2.0,-13.0,69541.0,CC-WHPC-100,F-WHPC-7231,Closed,,,48.0,,,,,,,
Staffing,Security Analyst,,,,,Historical_FY2026,,,,,,,,,,,,,,,,,Mar,,,,,,,,,,,,,,,,,,,,,,,11916.67,9679.01,-2237.66,,,,,,,,,,,,FY2026,3.0,-18.8,60631.0,CC-WHPC-100,F-WHPC-4991,Closed,,,48.0,,,,,,,
Staffing,Security Analyst,,,,,Historical_FY2026,,,,,,,,,,,,,,,,,Apr,,,,,,,,,,,,,,,,,,,,,,,11916.67,11247.63,-669.04,,,,,,,,,,,,FY2026,4.0,-5.6,63684.0,CC-WHPC-100,F-WHPC-3550,Closed,,,48.0,,,,,,,
Staffing,Security Analyst,,,,,Historical_FY2026,,,,,,,,,,,,,,,,,May,,,,,,,,,,,,,,,,,,,,,,,11916.67,12720.67,804.0,,,,,,,,,,,,FY2026,5.0,6.7,61922.0,CC-WHPC-100,F-WHPC-6624,Closed,,,48.0,,,,,,,
Staffing,Security Analyst,,,,,Historical_FY2026,,,,,,,,,,,,,,,,,Jun,,,,,,,,,,,,,,,,,,,,,,,11916.67,13623.24,1706.58,,,,,,,,,,,,FY2026,6.0,14.3,67154.0,CC-WHPC-100,F-WHPC-3628,Closed,,,48.0,,,,,,,
Staffing,Security Analyst,,,,,Historical_FY2026,,,,,,,,,,,,,,,,,Jul,,,,,,,,,,,,,,,,,,,,,,,11916.67,10058.55,-1858.12,,,,,,,,,,,,FY2026,7.0,-15.6,66066.0,CC-WHPC-100,F-WHPC-1674,Closed,,,48.0,,,,,,,
Staffing,Security Analyst,,,,,Historical_FY2026,,,,,,,,,,,,,,,,,Aug,,,,,,,,,,,,,,,,,,,,,,,11916.67,12661.75,745.08,,,,,,,,,,,,FY2026,8.0,6.3,67279.0,CC-WHPC-100,F-WHPC-8844,Closed,,,48.0,,,,,,,
Staffing,Security Analyst,,,,,Historical_FY2026,,,,,,,,,,,,,,,,,Sep,,,,,,,,,,,,,,,,,,,,,,,11916.67,11130.81,-785.86,,,,,,,,,,,,FY2026,9.0,-6.6,60491.0,CC-WHPC-100,F-WHPC-9826,Closed,,,48.0,,,,,,,
Staffing,Security Analyst,,,,,Historical_FY2026,,,,,,,,,,,,,,,,,Oct,,,,,,,,,,,,,,,,,,,,,,,11916.67,10337.26,-1579.4,,,,,,,,,,,,FY2026,10.0,-13.3,63966.0,CC-WHPC-100,F-WHPC-3568,Closed,,,48.0,,,,,,,
Staffing,Security Analyst,,,,,Historical_FY2026,,,,,,,,,,,,,,,,,Nov,,,,,,,,,,,,,,,,,,,,,,,11916.67,10249.05,-1667.62,,,,,,,,,,,,FY2026,11.0,-14.0,66654.0,CC-WHPC-100,F-WHPC-7092,Closed,,,48.0,,,,,,,
Staffing,Security Analyst,,,,,Historical_FY2026,,,,,,,,,,,,,,,,,Dec,,,,,,,,,,,,,,,,,,,,,,,11916.67,13471.26,1554.6,,,,,,,,,,,,FY2026,12.0,13.0,64538.0,CC-WHPC-100,F-WHPC-2673,Closed,,,48.0,,,,,,,
Staffing,User Support (2),,,,,Historical_FY2026,,,,,,,,,,,,,,,,,Jan,,,,,,,,,,,,,,,,,,,,,,,16683.33,13875.42,-2807.92,,,,,,,,,,,,FY2026,1.0,-16.8,62883.0,CC-WHPC-100,F-WHPC-9839,Closed,,,48.0,,,,,,,
Staffing,User Support (2),,,,,Historical_FY2026,,,,,,,,,,,,,,,,,Feb,,,,,,,,,,,,,,,,,,,,,,,16683.33,14568.4,-2114.93,,,,,,,,,,,,FY2026,2.0,-12.7,63361.0,CC-WHPC-100,F-WHPC-8218,Closed,,,48.0,,,,,,,
Staffing,User Support (2),,,,,Historical_FY2026,,,,,,,,,,,,,,,,,Mar,,,,,,,,,,,,,,,,,,,,,,,16683.33,18582.49,1899.15,,,,,,,,,,,,FY2026,3.0,11.4,66379.0,CC-WHPC-100,F-WHPC-9728,Closed,,,48.0,,,,,,,
Staffing,User Support (2),,,,,Historical_FY2026,,,,,,,,,,,,,,,,,Apr,,,,,,,,,,,,,,,,,,,,,,,16683.33,13748.91,-2934.42,,,,,,,,,,,,FY2026,4.0,-17.6,65229.0,CC-WHPC-100,F-WHPC-7370,Closed,,,48.0,,,,,,,
Staffing,User Support (2),,,,,Historical_FY2026,,,,,,,,,,,,,,,,,May,,,,,,,,,,,,,,,,,,,,,,,16683.33,18092.85,1409.52,,,,,,,,,,,,FY2026,5.0,8.4,60033.0,CC-WHPC-100,F-WHPC-1714,Closed,,,48.0,,,,,,,
Staffing,User Support (2),,,,,Historical_FY2026,,,,,,,,,,,,,,,,,Jun,,,,,,,,,,,,,,,,,,,,,,,16683.33,18731.96,2048.62,,,,,,,,,,,,FY2026,6.0,12.3,62696.0,CC-WHPC-100,F-WHPC-2149,Closed,,,48.0,,,,,,,
Staffing,User Support (2),,,,,Historical_FY2026,,,,,,,,,,,,,,,,,Jul,,,,,,,,,,,,,,,,,,,,,,,16683.33,15424.36,-1258.97,,,,,,,,,,,,FY2026,7.0,-7.5,63995.0,CC-WHPC-100,F-WHPC-5735,Closed,,,48.0,,,,,,,
Staffing,User Support (2),,,,,Historical_FY2026,,,,,,,,,,,,,,,,,Aug,,,,,,,,,,,,,,,,,,,,,,,16683.33,16019.81,-663.52,,,,,,,,,,,,FY2026,8.0,-4.0,69823.0,CC-WHPC-100,F-WHPC-7979,Closed,,,48.0,,,,,,,
Staffing,User Support (2),,,,,Historical_FY2026,,,,,,,,,,,,,,,,,Sep,,,,,,,,,,,,,,,,,,,,,,,16683.33,16550.62,-132.71,,,,,,,,,,,,FY2026,9.0,-0.8,67743.0,CC-WHPC-100,F-WHPC-8649,Closed,,,48.0,,,,,,,
Staffing,User Support (2),,,,,Historical_FY2026,,,,,,,,,,,,,,,,,Oct,,,,,,,,,,,,,,,,,,,,,,,16683.33,14022.46,-2660.87,,,,,,,,,,,,FY2026,10.0,-15.9,69970.0,CC-WHPC-100,F-WHPC-7060,Closed,,,48.0,,,,,,,
Staffing,User Support (2),,,,,Historical_FY2026,,,,,,,,,,,,,,,,,Nov,,,,,,,,,,,,,,,,,,,,,,,16683.33,14850.33,-1833.0,,,,,,,,,,,,FY2026,11.0,-11.0,61671.0,CC-WHPC-100,F-WHPC-1856,Closed,,,48.0,,,,,,,
Staffing,User Support (2),,,,,Historical_FY2026,,,,,,,,,,,,,,,,,Dec,,,,,,,,,,,,,,,,,,,,,,,16683.33,18894.63,2211.3,,,,,,,,,,,,FY2026,12.0,13.3,60989.0,CC-WHPC-100,F-WHPC-7479,Closed,,,48.0,,,,,,,
Staffing,Admin Coordinator,,,,,Historical_FY2026,,,,,,,,,,,,,,,,,Jan,,,,,,,,,,,,,,,,,,,,,,,6716.67,6150.18,-566.49,,,,,,,,,,,,FY2026,1.0,-8.4,68433.0,CC-WHPC-100,F-WHPC-4564,Closed,,,48.0,,,,,,,
Staffing,Admin Coordinator,,,,,Historical_FY2026,,,,,,,,,,,,,,,,,Feb,,,,,,,,,,,,,,,,,,,,,,,6716.67,6834.46,117.79,,,,,,,,,,,,FY2026,2.0,1.8,66816.0,CC-WHPC-100,F-WHPC-5192,Closed,,,48.0,,,,,,,
Staffing,Admin Coordinator,,,,,Historical_FY2026,,,,,,,,,,,,,,,,,Mar,,,,,,,,,,,,,,,,,,,,,,,6716.67,6789.49,72.82,,,,,,,,,,,,FY2026,3.0,1.1,66592.0,CC-WHPC-100,F-WHPC-1203,Closed,,,48.0,,,,,,,
Staffing,Admin Coordinator,,,,,Historical_FY2026,,,,,,,,,,,,,,,,,Apr,,,,,,,,,,,,,,,,,,,,,,,6716.67,5580.25,-1136.41,,,,,,,,,,,,FY2026,4.0,-16.9,64541.0,CC-WHPC-100,F-WHPC-2678,Closed,,,48.0,,,,,,,
Staffing,Admin Coordinator,,,,,Historical_FY2026,,,,,,,,,,,,,,,,,May,,,,,,,,,,,,,,,,,,,,,,,6716.67,7910.74,1194.07,,,,,,,,,,,,FY2026,5.0,17.8,66320.0,CC-WHPC-100,F-WHPC-7307,Closed,,,48.0,,,,,,,
Staffing,Admin Coordinator,,,,,Historical_FY2026,,,,,,,,,,,,,,,,,Jun,,,,,,,,,,,,,,,,,,,,,,,6716.67,8014.15,1297.48,,,,,,,,,,,,FY2026,6.0,19.3,67449.0,CC-WHPC-100,F-WHPC-3446,Closed,,,48.0,,,,,,,
Staffing,Admin Coordinator,,,,,Historical_FY2026,,,,,,,,,,,,,,,,,Jul,,,,,,,,,,,,,,,,,,,,,,,6716.67,6037.38,-679.29,,,,,,,,,,,,FY2026,7.0,-10.1,64823.0,CC-WHPC-100,F-WHPC-6571,Closed,,,48.0,,,,,,,
Staffing,Admin Coordinator,,,,,Historical_FY2026,,,,,,,,,,,,,,,,,Aug,,,,,,,,,,,,,,,,,,,,,,,6716.67,6260.25,-456.42,,,,,,,,,,,,FY2026,8.0,-6.8,65244.0,CC-WHPC-100,F-WHPC-3081,Closed,,,48.0,,,,,,,
Staffing,Admin Coordinator,,,,,Historical_FY2026,,,,,,,,,,,,,,,,,Sep,,,,,,,,,,,,,,,,,,,,,,,6716.67,6227.11,-489.55,,,,,,,,,,,,FY2026,9.0,-7.3,63533.0,CC-WHPC-100,F-WHPC-5431,Closed,,,48.0,,,,,,,
Staffing,Admin Coordinator,,,,,Historical_FY2026,,,,,,,,,,,,,,,,,Oct,,,,,,,,,,,,,,,,,,,,,,,6716.67,5651.48,-1065.19,,,,,,,,,,,,FY2026,10.0,-15.9,62440.0,CC-WHPC-100,F-WHPC-8816,Closed,,,48.0,,,,,,,
Staffing,Admin Coordinator,,,,,Historical_FY2026,,,,,,,,,,,,,,,,,Nov,,,,,,,,,,,,,,,,,,,,,,,6716.67,7406.06,689.4,,,,,,,,,,,,FY2026,11.0,10.3,62872.0,CC-WHPC-100,F-WHPC-9407,Closed,,,48.0,,,,,,,
Staffing,Admin Coordinator,,,,,Historical_FY2026,,,,,,,,,,,,,,,,,Dec,,,,,,,,,,,,,,,,,,,,,,,6716.67,6648.7,-67.96,,,,,,,,,,,,FY2026,12.0,-1.0,65368.0,CC-WHPC-100,F-WHPC-2106,Closed,,,48.0,,,,,,,
Operations,Travel,,,,,Historical_FY2026,,,,,,,,,,,,,,,,,Feb,,,,,,,,,,,,,,,,,,,,,,,2083.33,2435.11,351.78,,,,,,,,,,,,FY2026,2.0,16.9,66203.0,CC-WHPC-100,F-WHPC-4150,Closed,,,48.0,,,,,,,
Staffing,Director,,,,,TCO_Projection,,,,,,,,,,,,,,,,,Jan,,,,,,,,,,,,,,,,,,,,,,,19310.33,0.0,0.0,,,,,,,,,,,,FY2027,1.0,0.0,,CC-WHPC-100,,Projected,1.0,19310.33,48.0,,,,,,,
Staffing,Director,,,,,TCO_Projection,,,,,,,,,,,,,,,,,Feb,,,,,,,,,,,,,,,,,,,,,,,19310.33,0.0,0.0,,,,,,,,,,,,FY2027,2.0,0.0,,CC-WHPC-100,,Projected,1.0,19310.33,48.0,,,,,,,
Staffing,Director,,,,,TCO_Projection,,,,,,,,,,,,,,,,,Mar,,,,,,,,,,,,,,,,,,,,,,,19310.33,0.0,0.0,,,,,,,,,,,,FY2027,3.0,0.0,,CC-WHPC-100,,Projected,1.0,19310.33,48.0,,,,,,,
Staffing,Director,,,,,TCO_Projection,,,,,,,,,,,,,,,,,Apr,,,,,,,,,,,,,,,,,,,,,,,19310.33,0.0,0.0,,,,,,,,,,,,FY2027,4.0,0.0,,CC-WHPC-100,,Projected,1.0,19310.33,48.0,,,,,,,
Staffing,Director,,,,,TCO_Projection,,,,,,,,,,,,,,,,,May,,,,,,,,,,,,,,,,,,,,,,,19310.33,0.0,0.0,,,,,,,,,,,,FY2027,5.0,0.0,,CC-WHPC-100,,Projected,1.0,19310.33,48.0,,,,,,,
Staffing,Director,,,,,TCO_Projection,,,,,,,,,,,,,,,,,Jun,,,,,,,,,,,,,,,,,,,,,,,19310.33,0.0,0.0,,,,,,,,,,,,FY2027,6.0,0.0,,CC-WHPC-100,,Projected,1.0,19310.33,48.0,,,,,,,
Staffing,Director,,,,,TCO_Projection,,,,,,,,,,,,,,,,,Jul,,,,,,,,,,,,,,,,,,,,,,,19310.33,0.0,0.0,,,,,,,,,,,,FY2027,7.0,0.0,,CC-WHPC-100,,Projected,1.0,19310.33,48.0,,,,,,,
Staffing,Director,,,,,TCO_Projection,,,,,,,,,,,,,,,,,Aug,,,,,,,,,,,,,,,,,,,,,,,19310.33,0.0,0.0,,,,,,,,,,,,FY2027,8.0,0.0,,CC-WHPC-100,,Projected,1.0,19310.33,48.0,,,,,,,
Staffing,Director,,,,,TCO_Projection,,,,,,,,,,,,,,,,,Sep,,,,,,,,,,,,,,,,,,,,,,,19310.33,0.0,0.0,,,,,,,,,,,,FY2027,9.0,0.0,,CC-WHPC-100,,Projected,1.0,19310.33,48.0,,,,,,,
Staffing,Director,,,,,TCO_Projection,,,,,,,,,,,,,,,,,Oct,,,,,,,,,,,,,,,,,,,,,,,19310.33,0.0,0.0,,,,,,,,,,,,FY2027,10.0,0.0,,CC-WHPC-100,,Projected,1.0,19310.33,48.0,,,,,,,
Staffing,Director,,,,,TCO_Projection,,,,,,,,,,,,,,,,,Nov,,,,,,,,,,,,,,,,,,,,,,,19310.33,0.0,0.0,,,,,,,,,,,,FY2027,11.0,0.0,,CC-WHPC-100,,Projected,1.0,19310.33,48.0,,,,,,,
Staffing,Director,,,,,TCO_Projection,,,,,,,,,,,,,,,,,Dec,,,,,,,,,,,,,,,,,,,,,,,19310.33,0.0,0.0,,,,,,,,,,,,FY2027,12.0,0.0,,CC-WHPC-100,,Projected,1.0,19310.33,48.0,,,,,,,
Staffing,Sr SysAdmin (3),,,,,TCO_Projection,,,,,,,,,,,,,,,,,Jan,,,,,,,,,,,,,,,,,,,,,,,45721.92,0.0,0.0,,,,,,,,,,,,FY2027,1.0,0.0,,CC-WHPC-100,,Projected,1.0,45721.92,48.0,,,,,,,
Staffing,Sr SysAdmin (3),,,,,TCO_Projection,,,,,,,,,,,,,,,,,Feb,,,,,,,,,,,,,,,,,,,,,,,45721.92,0.0,0.0,,,,,,,,,,,,FY2027,2.0,0.0,,CC-WHPC-100,,Projected,1.0,45721.92,48.0,,,,,,,
Staffing,Sr SysAdmin (3),,,,,TCO_Projection,,,,,,,,,,,,,,,,,Mar,,,,,,,,,,,,,,,,,,,,,,,45721.92,0.0,0.0,,,,,,,,,,,,FY2027,3.0,0.0,,CC-WHPC-100,,Projected,1.0,45721.92,48.0,,,,,,,
Staffing,Sr SysAdmin (3),,,,,TCO_Projection,,,,,,,,,,,,,,,,,Apr,,,,,,,,,,,,,,,,,,,,,,,45721.92,0.0,0.0,,,,,,,,,,,,FY2027,4.0,0.0,,CC-WHPC-100,,Projected,1.0,45721.92,48.0,,,,,,,
Staffing,Sr SysAdmin (3),,,,,TCO_Projection,,,,,,,,,,,,,,,,,May,,,,,,,,,,,,,,,,,,,,,,,45721.92,0.0,0.0,,,,,,,,,,,,FY2027,5.0,0.0,,CC-WHPC-100,,Projected,1.0,45721.92,48.0,,,,,,,
Staffing,Sr SysAdmin (3),,,,,TCO_Projection,,,,,,,,,,,,,,,,,Jun,,,,,,,,,,,,,,,,,,,,,,,45721.92,0.0,0.0,,,,,,,,,,,,FY2027,6.0,0.0,,CC-WHPC-100,,Projected,1.0,45721.92,48.0,,,,,,,
Staffing,Sr SysAdmin (3),,,,,TCO_Projection,,,,,,,,,,,,,,,,,Jul,,,,,,,,,,,,,,,,,,,,,,,45721.92,0.0,0.0,,,,,,,,,,,,FY2027,7.0,0.0,,CC-WHPC-100,,Projected,1.0,45721.92,48.0,,,,,,,
Staffing,Sr SysAdmin (3),,,,,TCO_Projection,,,,,,,,,,,,,,,,,Aug,,,,,,,,,,,,,,,,,,,,,,,45721.92,0.0,0.0,,,,,,,,,,,,FY2027,8.0,0.0,,CC-WHPC-100,,Projected,1.0,45721.92,48.0,,,,,,,
Staffing,Sr SysAdmin (3),,,,,TCO_Projection,,,,,,,,,,,,,,,,,Sep,,,,,,,,,,,,,,,,,,,,,,,45721.92,0.0,0.0,,,,,,,,,,,,FY2027,9.0,0.0,,CC-WHPC-100,,Projected,1.0,45721.92,48.0,,,,,,,
Staffing,Sr SysAdmin (3),,,,,TCO_Projection,,,,,,,,,,,,,,,,,Oct,,,,,,,,,,,,,,,,,,,,,,,45721.92,0.0,0.0,,,,,,,,,,,,FY2027,10.0,0.0,,CC-WHPC-100,,Projected,1.0,45721.92,48.0,,,,,,,
Staffing,Sr SysAdmin (3),,,,,TCO_Projection,,,,,,,,,,,,,,,,,Nov,,,,,,,,,,,,,,,,,,,,,,,45721.92,0.0,0.0,,,,,,,,,,,,FY2027,11.0,0.0,,CC-WHPC-100,,Projected,1.0,45721.92,48.0,,,,,,,
Staffing,Sr SysAdmin (3),,,,,TCO_Projection,,,,,,,,,,,,,,,,,Dec,,,,,,,,,,,,,,,,,,,,,,,45721.92,0.0,0.0,,,,,,,,,,,,FY2027,12.0,0.0,,CC-WHPC-100,,Projected,1.0,45721.92,48.0,,,,,,,
Staffing,SysAdmin (2),,,,,TCO_Projection,,,,,,,,,,,,,,,,,Jan,,,,,,,,,,,,,,,,,,,,,,,23297.08,0.0,0.0,,,,,,,,,,,,FY2027,1.0,0.0,,CC-WHPC-100,,Projected,1.0,23297.08,48.0,,,,,,,
Staffing,SysAdmin (2),,,,,TCO_Projection,,,,,,,,,,,,,,,,,Feb,,,,,,,,,,,,,,,,,,,,,,,23297.08,0.0,0.0,,,,,,,,,,,,FY2027,2.0,0.0,,CC-WHPC-100,,Projected,1.0,23297.08,48.0,,,,,,,
Staffing,SysAdmin (2),,,,,TCO_Projection,,,,,,,,,,,,,,,,,Mar,,,,,,,,,,,,,,,,,,,,,,,23297.08,0.0,0.0,,,,,,,,,,,,FY2027,3.0,0.0,,CC-WHPC-100,,Projected,1.0,23297.08,48.0,,,,,,,
Staffing,SysAdmin (2),,,,,TCO_Projection,,,,,,,,,,,,,,,,,Apr,,,,,,,,,,,,,,,,,,,,,,,23297.08,0.0,0.0,,,,,,,,,,,,FY2027,4.0,0.0,,CC-WHPC-100,,Projected,1.0,23297.08,48.0,,,,,,,
Staffing,SysAdmin (2),,,,,TCO_Projection,,,,,,,,,,,,,,,,,May,,,,,,,,,,,,,,,,,,,,,,,23297.08,0.0,0.0,,,,,,,,,,,,FY2027,5.0,0.0,,CC-WHPC-100,,Projected,1.0,23297.08,48.0,,,,,,,
Staffing,SysAdmin (2),,,,,TCO_Projection,,,,,,,,,,,,,,,,,Jun,,,,,,,,,,,,,,,,,,,,,,,23297.08,0.0,0.0,,,,,,,,,,,,FY2027,6.0,0.0,,CC-WHPC-100,,Projected,1.0,23297.08,48.0,,,,,,,
Staffing,SysAdmin (2),,,,,TCO_Projection,,,,,,,,,,,,,,,,,Jul,,,,,,,,,,,,,,,,,,,,,,,23297.08,0.0,0.0,,,,,,,,,,,,FY2027,7.0,0.0,,CC-WHPC-100,,Projected,1.0,23297.08,48.0,,,,,,,
Staffing,SysAdmin (2),,,,,TCO_Projection,,,,,,,,,,,,,,,,,Aug,,,,,,,,,,,,,,,,,,,,,,,23297.08,0.0,0.0,,,,,,,,,,,,FY2027,8.0,0.0,,CC-WHPC-100,,Projected,1.0,23297.08,48.0,,,,,,,
Staffing,SysAdmin (2),,,,,TCO_Projection,,,,,,,,,,,,,,,,,Sep,,,,,,,,,,,,,,,,,,,,,,,23297.08,0.0,0.0,,,,,,,,,,,,FY2027,9.0,0.0,,CC-WHPC-100,,Projected,1.0,23297.08,48.0,,,,,,,
Staffing,SysAdmin (2),,,,,TCO_Projection,,,,,,,,,,,,,,,,,Oct,,,,,,,,,,,,,,,,,,,,,,,23297.08,0.0,0.0,,,,,,,,,,,,FY2027,10.0,0.0,,CC-WHPC-100,,Projected,1.0,23297.08,48.0,,,,,,,
Staffing,SysAdmin (2),,,,,TCO_Projection,,,,,,,,,,,,,,,,,Nov,,,,,,,,,,,,,,,,,,,,,,,23297.08,0.0,0.0,,,,,,,,,,,,FY2027,11.0,0.0,,CC-WHPC-100,,Projected,1.0,23297.08,48.0,,,,,,,
Staffing,SysAdmin (2),,,,,TCO_Projection,,,,,,,,,,,,,,,,,Dec,,,,,,,,,,,,,,,,,,,,,,,23297.08,0.0,0.0,,,,,,,,,,,,FY2027,12.0,0.0,,CC-WHPC-100,,Projected,1.0,23297.08,48.0,,,,,,,
Staffing,Storage Admin,,,,,TCO_Projection,,,,,,,,,,,,,,,,,Jan,,,,,,,,,,,,,,,,,,,,,,,14327.08,0.0,0.0,,,,,,,,,,,,FY2027,1.0,0.0,,CC-WHPC-100,,Projected,1.0,14327.08,48.0,,,,,,,
Staffing,Storage Admin,,,,,TCO_Projection,,,,,,,,,,,,,,,,,Feb,,,,,,,,,,,,,,,,,,,,,,,14327.08,0.0,0.0,,,,,,,,,,,,FY2027,2.0,0.0,,CC-WHPC-100,,Projected,1.0,14327.08,48.0,,,,,,,
Staffing,Storage Admin,,,,,TCO_Projection,,,,,,,,,,,,,,,,,Mar,,,,,,,,,,,,,,,,,,,,,,,14327.08,0.0,0.0,,,,,,,,,,,,FY2027,3.0,0.0,,CC-WHPC-100,,Projected,1.0,14327.08,48.0,,,,,,,
Staffing,Storage Admin,,,,,TCO_Projection,,,,,,,,,,,,,,,,,Apr,,,,,,,,,,,,,,,,,,,,,,,14327.08,0.0,0.0,,,,,,,,,,,,FY2027,4.0,0.0,,CC-WHPC-100,,Projected,1.0,14327.08,48.0,,,,,,,
Staffing,Storage Admin,,,,,TCO_Projection,,,,,,,,,,,,,,,,,May,,,,,,,,,,,,,,,,,,,,,,,14327.08,0.0,0.0,,,,,,,,,,,,FY2027,5.0,0.0,,CC-WHPC-100,,Projected,1.0,14327.08,48.0,,,,,,,
Staffing,Storage Admin,,,,,TCO_Projection,,,,,,,,,,,,,,,,,Jun,,,,,,,,,,,,,,,,,,,,,,,14327.08,0.0,0.0,,,,,,,,,,,,FY2027,6.0,0.0,,CC-WHPC-100,,Projected,1.0,14327.08,48.0,,,,,,,
Staffing,Storage Admin,,,,,TCO_Projection,,,,,,,,,,,,,,,,,Jul,,,,,,,,,,,,,,,,,,,,,,,14327.08,0.0,0.0,,,,,,,,,,,,FY2027,7.0,0.0,,CC-WHPC-100,,Projected,1.0,14327.08,48.0,,,,,,,
Staffing,Storage Admin,,,,,TCO_Projection,,,,,,,,,,,,,,,,,Aug,,,,,,,,,,,,,,,,,,,,,,,14327.08,0.0,0.0,,,,,,,,,,,,FY2027,8.0,0.0,,CC-WHPC-100,,Projected,1.0,14327.08,48.0,,,,,,,
Staffing,Storage Admin,,,,,TCO_Projection,,,,,,,,,,,,,,,,,Sep,,,,,,,,,,,,,,,,,,,,,,,14327.08,0.0,0.0,,,,,,,,,,,,FY2027,9.0,0.0,,CC-WHPC-100,,Projected,1.0,14327.08,48.0,,,,,,,
Staffing,Storage Admin,,,,,TCO_Projection,,,,,,,,,,,,,,,,,Oct,,,,,,,,,,,,,,,,,,,,,,,14327.08,0.0,0.0,,,,,,,,,,,,FY2027,10.0,0.0,,CC-WHPC-100,,Projected,1.0,14327.08,48.0,,,,,,,
Staffing,Storage Admin,,,,,TCO_Projection,,,,,,,,,,,,,,,,,Nov,,,,,,,,,,,,,,,,,,,,,,,14327.08,0.0,0.0,,,,,,,,,,,,FY2027,11.0,0.0,,CC-WHPC-100,,Projected,1.0,14327.08,48.0,,,,,,,
Staffing,Storage Admin,,,,,TCO_Projection,,,,,,,,,,,,,,,,,Dec,,,,,,,,,,,,,,,,,,,,,,,14327.08,0.0,0.0,,,,,,,,,,,,FY2027,12.0,0.0,,CC-WHPC-100,,Projected,1.0,14327.08,48.0,,,,,,,
Staffing,Network Engineer,,,,,TCO_Projection,,,,,,,,,,,,,,,,,Jan,,,,,,,,,,,,,,,,,,,,,,,14700.83,0.0,0.0,,,,,,,,,,,,FY2027,1.0,0.0,,CC-WHPC-100,,Projected,1.0,14700.83,48.0,,,,,,,
Staffing,Network Engineer,,,,,TCO_Projection,,,,,,,,,,,,,,,,,Feb,,,,,,,,,,,,,,,,,,,,,,,14700.83,0.0,0.0,,,,,,,,,,,,FY2027,2.0,0.0,,CC-WHPC-100,,Projected,1.0,14700.83,48.0,,,,,,,
Staffing,Network Engineer,,,,,TCO_Projection,,,,,,,,,,,,,,,,,Mar,,,,,,,,,,,,,,,,,,,,,,,14700.83,0.0,0.0,,,,,,,,,,,,FY2027,3.0,0.0,,CC-WHPC-100,,Projected,1.0,14700.83,48.0,,,,,,,
Staffing,Network Engineer,,,,,TCO_Projection,,,,,,,,,,,,,,,,,Apr,,,,,,,,,,,,,,,,,,,,,,,14700.83,0.0,0.0,,,,,,,,,,,,FY2027,4.0,0.0,,CC-WHPC-100,,Projected,1.0,14700.83,48.0,,,,,,,
Staffing,Network Engineer,,,,,TCO_Projection,,,,,,,,,,,,,,,,,May,,,,,,,,,,,,,,,,,,,,,,,14700.83,0.0,0.0,,,,,,,,,,,,FY2027,5.0,0.0,,CC-WHPC-100,,Projected,1.0,14700.83,48.0,,,,,,,
Staffing,Network Engineer,,,,,TCO_Projection,,,,,,,,,,,,,,,,,Jun,,,,,,,,,,,,,,,,,,,,,,,14700.83,0.0,0.0,,,,,,,,,,,,FY2027,6.0,0.0,,CC-WHPC-100,,Projected,1.0,14700.83,48.0,,,,,,,
Staffing,Network Engineer,,,,,TCO_Projection,,,,,,,,,,,,,,,,,Jul,,,,,,,,,,,,,,,,,,,,,,,14700.83,0.0,0.0,,,,,,,,,,,,FY2027,7.0,0.0,,CC-WHPC-100,,Projected,1.0,14700.83,48.0,,,,,,,
Staffing,Network Engineer,,,,,TCO_Projection,,,,,,,,,,,,,,,,,Aug,,,,,,,,,,,,,,,,,,,,,,,14700.83,0.0,0.0,,,,,,,,,,,,FY2027,8.0,0.0,,CC-WHPC-100,,Projected,1.0,14700.83,48.0,,,,,,,
Staffing,Network Engineer,,,,,TCO_Projection,,,,,,,,,,,,,,,,,Sep,,,,,,,,,,,,,,,,,,,,,,,14700.83,0.0,0.0,,,,,,,,,,,,FY2027,9.0,0.0,,CC-WHPC-100,,Projected,1.0,14700.83,48.0,,,,,,,
Staffing,Network Engineer,,,,,TCO_Projection,,,,,,,,,,,,,,,,,Oct,,,,,,,,,,,,,,,,,,,,,,,14700.83,0.0,0.0,,,,,,,,,,,,FY2027,10.0,0.0,,CC-WHPC-100,,Projected,1.0,14700.83,48.0,,,,,,,
Staffing,Network Engineer,,,,,TCO_Projection,,,,,,,,,,,,,,,,,Nov,,,,,,,,,,,,,,,,,,,,,,,14700.83,0.0,0.0,,,,,,,,,,,,FY2027,11.0,0.0,,CC-WHPC-100,,Projected,1.0,14700.83,48.0,,,,,,,
Staffing,Network Engineer,,,,,TCO_Projection,,,,,,,,,,,,,,,,,Dec,,,,,,,,,,,,,,,,,,,,,,,14700.83,0.0,0.0,,,,,,,,,,,,FY2027,12.0,0.0,,CC-WHPC-100,,Projected,1.0,14700.83,48.0,,,,,,,
Staffing,Security Analyst,,,,,TCO_Projection,,,,,,,,,,,,,,,,,Jan,,,,,,,,,,,,,,,,,,,,,,,13704.17,0.0,0.0,,,,,,,,,,,,FY2027,1.0,0.0,,CC-WHPC-100,,Projected,1.0,13704.17,48.0,,,,,,,
Staffing,Security Analyst,,,,,TCO_Projection,,,,,,,,,,,,,,,,,Feb,,,,,,,,,,,,,,,,,,,,,,,13704.17,0.0,0.0,,,,,,,,,,,,FY2027,2.0,0.0,,CC-WHPC-100,,Projected,1.0,13704.17,48.0,,,,,,,
Staffing,Security Analyst,,,,,TCO_Projection,,,,,,,,,,,,,,,,,Mar,,,,,,,,,,,,,,,,,,,,,,,13704.17,0.0,0.0,,,,,,,,,,,,FY2027,3.0,0.0,,CC-WHPC-100,,Projected,1.0,13704.17,48.0,,,,,,,
Staffing,Security Analyst,,,,,TCO_Projection,,,,,,,,,,,,,,,,,Apr,,,,,,,,,,,,,,,,,,,,,,,13704.17,0.0,0.0,,,,,,,,,,,,FY2027,4.0,0.0,,CC-WHPC-100,,Projected,1.0,13704.17,48.0,,,,,,,
Staffing,Security Analyst,,,,,TCO_Projection,,,,,,,,,,,,,,,,,May,,,,,,,,,,,,,,,,,,,,,,,13704.17,0.0,0.0,,,,,,,,,,,,FY2027,5.0,0.0,,CC-WHPC-100,,Projected,1.0,13704.17,48.0,,,,,,,
Staffing,Security Analyst,,,,,TCO_Projection,,,,,,,,,,,,,,,,,Jun,,,,,,,,,,,,,,,,,,,,,,,13704.17,0.0,0.0,,,,,,,,,,,,FY2027,6.0,0.0,,CC-WHPC-100,,Projected,1.0,13704.17,48.0,,,,,,,
Staffing,Security Analyst,,,,,TCO_Projection,,,,,,,,,,,,,,,,,Jul,,,,,,,,,,,,,,,,,,,,,,,13704.17,0.0,0.0,,,,,,,,,,,,FY2027,7.0,0.0,,CC-WHPC-100,,Projected,1.0,13704.17,48.0,,,,,,,
Staffing,Security Analyst,,,,,TCO_Projection,,,,,,,,,,,,,,,,,Aug,,,,,,,,,,,,,,,,,,,,,,,13704.17,0.0,0.0,,,,,,,,,,,,FY2027,8.0,0.0,,CC-WHPC-100,,Projected,1.0,13704.17,48.0,,,,,,,
Staffing,Security Analyst,,,,,TCO_Projection,,,,,,,,,,,,,,,,,Sep,,,,,,,,,,,,,,,,,,,,,,,13704.17,0.0,0.0,,,,,,,,,,,,FY2027,9.0,0.0,,CC-WHPC-100,,Projected,1.0,13704.17,48.0,,,,,,,
Staffing,Security Analyst,,,,,TCO_Projection,,,,,,,,,,,,,,,,,Oct,,,,,,,,,,,,,,,,,,,,,,,13704.17,0.0,0.0,,,,,,,,,,,,FY2027,10.0,0.0,,CC-WHPC-100,,Projected,1.0,13704.17,48.0,,,,,,,
Staffing,Security Analyst,,,,,TCO_Projection,,,,,,,,,,,,,,,,,Nov,,,,,,,,,,,,,,,,,,,,,,,13704.17,0.0,0.0,,,,,,,,,,,,FY2027,11.0,0.0,,CC-WHPC-100,,Projected,1.0,13704.17,48.0,,,,,,,
Staffing,Security Analyst,,,,,TCO_Projection,,,,,,,,,,,,,,,,,Dec,,,,,,,,,,,,,,,,,,,,,,,13704.17,0.0,0.0,,,,,,,,,,,,FY2027,12.0,0.0,,CC-WHPC-100,,Projected,1.0,13704.17,48.0,,,,,,,
Staffing,User Support (2),,,,,TCO_Projection,,,,,,,,,,,,,,,,,Jan,,,,,,,,,,,,,,,,,,,,,,,19185.75,0.0,0.0,,,,,,,,,,,,FY2027,1.0,0.0,,CC-WHPC-100,,Projected,1.0,19185.75,48.0,,,,,,,
Staffing,User Support (2),,,,,TCO_Projection,,,,,,,,,,,,,,,,,Feb,,,,,,,,,,,,,,,,,,,,,,,19185.75,0.0,0.0,,,,,,,,,,,,FY2027,2.0,0.0,,CC-WHPC-100,,Projected,1.0,19185.75,48.0,,,,,,,
Staffing,User Support (2),,,,,TCO_Projection,,,,,,,,,,,,,,,,,Mar,,,,,,,,,,,,,,,,,,,,,,,19185.75,0.0,0.0,,,,,,,,,,,,FY2027,3.0,0.0,,CC-WHPC-100,,Projected,1.0,19185.75,48.0,,,,,,,
Staffing,User Support (2),,,,,TCO_Projection,,,,,,,,,,,,,,,,,Apr,,,,,,,,,,,,,,,,,,,,,,,19185.75,0.0,0.0,,,,,,,,,,,,FY2027,4.0,0.0,,CC-WHPC-100,,Projected,1.0,19185.75,48.0,,,,,,,
Staffing,User Support (2),,,,,TCO_Projection,,,,,,,,,,,,,,,,,May,,,,,,,,,,,,,,,,,,,,,,,19185.75,0.0,0.0,,,,,,,,,,,,FY2027,5.0,0.0,,CC-WHPC-100,,Projected,1.0,19185.75,48.0,,,,,,,
Staffing,User Support (2),,,,,TCO_Projection,,,,,,,,,,,,,,,,,Jun,,,,,,,,,,,,,,,,,,,,,,,19185.75,0.0,0.0,,,,,,,,,,,,FY2027,6.0,0.0,,CC-WHPC-100,,Projected,1.0,19185.75,48.0,,,,,,,
Staffing,User Support (2),,,,,TCO_Projection,,,,,,,,,,,,,,,,,Jul,,,,,,,,,,,,,,,,,,,,,,,19185.75,0.0,0.0,,,,,,,,,,,,FY2027,7.0,0.0,,CC-WHPC-100,,Projected,1.0,19185.75,48.0,,,,,,,
Staffing,User Support (2),,,,,TCO_Projection,,,,,,,,,,,,,,,,,Aug,,,,,,,,,,,,,,,,,,,,,,,19185.75,0.0,0.0,,,,,,,,,,,,FY2027,8.0,0.0,,CC-WHPC-100,,Projected,1.0,19185.75,48.0,,,,,,,
Staffing,User Support (2),,,,,TCO_Projection,,,,,,,,,,,,,,,,,Sep,,,,,,,,,,,,,,,,,,,,,,,19185.75,0.0,0.0,,,,,,,,,,,,FY2027,9.0,0.0,,CC-WHPC-100,,Projected,1.0,19185.75,48.0,,,,,,,
Staffing,User Support (2),,,,,TCO_Projection,,,,,,,,,,,,,,,,,Oct,,,,,,,,,,,,,,,,,,,,,,,19185.75,0.0,0.0,,,,,,,,,,,,FY2027,10.0,0.0,,CC-WHPC-100,,Projected,1.0,19185.75,48.0,,,,,,,
Staffing,User Support (2),,,,,TCO_Projection,,,,,,,,,,,,,,,,,Nov,,,,,,,,,,,,,,,,,,,,,,,19185.75,0.0,0.0,,,,,,,,,,,,FY2027,11.0,0.0,,CC-WHPC-100,,Projected,1.0,19185.75,48.0,,,,,,,
Staffing,User Support (2),,,,,TCO_Projection,,,,,,,,,,,,,,,,,Dec,,,,,,,,,,,,,,,,,,,,,,,19185.75,0.0,0.0,,,,,,,,,,,,FY2027,12.0,0.0,,CC-WHPC-100,,Projected,1.0,19185.75,48.0,,,,,,,
Staffing,Admin Coordinator,,,,,TCO_Projection,,,,,,,,,,,,,,,,,Jan,,,,,,,,,,,,,,,,,,,,,,,7724.17,0.0,0.0,,,,,,,,,,,,FY2027,1.0,0.0,,CC-WHPC-100,,Projected,1.0,7724.17,48.0,,,,,,,
Staffing,Admin Coordinator,,,,,TCO_Projection,,,,,,,,,,,,,,,,,Feb,,,,,,,,,,,,,,,,,,,,,,,7724.17,0.0,0.0,,,,,,,,,,,,FY2027,2.0,0.0,,CC-WHPC-100,,Projected,1.0,7724.17,48.0,,,,,,,
Staffing,Admin Coordinator,,,,,TCO_Projection,,,,,,,,,,,,,,,,,Mar,,,,,,,,,,,,,,,,,,,,,,,7724.17,0.0,0.0,,,,,,,,,,,,FY2027,3.0,0.0,,CC-WHPC-100,,Projected,1.0,7724.17,48.0,,,,,,,
Staffing,Admin Coordinator,,,,,TCO_Projection,,,,,,,,,,,,,,,,,Apr,,,,,,,,,,,,,,,,,,,,,,,7724.17,0.0,0.0,,,,,,,,,,,,FY2027,4.0,0.0,,CC-WHPC-100,,Projected,1.0,7724.17,48.0,,,,,,,
Staffing,Admin Coordinator,,,,,TCO_Projection,,,,,,,,,,,,,,,,,May,,,,,,,,,,,,,,,,,,,,,,,7724.17,0.0,0.0,,,,,,,,,,,,FY2027,5.0,0.0,,CC-WHPC-100,,Projected,1.0,7724.17,48.0,,,,,,,
Staffing,Admin Coordinator,,,,,TCO_Projection,,,,,,,,,,,,,,,,,Jun,,,,,,,,,,,,,,,,,,,,,,,7724.17,0.0,0.0,,,,,,,,,,,,FY2027,6.0,0.0,,CC-WHPC-100,,Projected,1.0,7724.17,48.0,,,,,,,
Staffing,Admin Coordinator,,,,,TCO_Projection,,,,,,,,,,,,,,,,,Jul,,,,,,,,,,,,,,,,,,,,,,,7724.17,0.0,0.0,,,,,,,,,,,,FY2027,7.0,0.0,,CC-WHPC-100,,Projected,1.0,7724.17,48.0,,,,,,,
Staffing,Admin Coordinator,,,,,TCO_Projection,,,,,,,,,,,,,,,,,Aug,,,,,,,,,,,,,,,,,,,,,,,7724.17,0.0,0.0,,,,,,,,,,,,FY2027,8.0,0.0,,CC-WHPC-100,,Projected,1.0,7724.17,48.0,,,,,,,
Staffing,Admin Coordinator,,,,,TCO_Projection,,,,,,,,,,,,,,,,,Sep,,,,,,,,,,,,,,,,,,,,,,,7724.17,0.0,0.0,,,,,,,,,,,,FY2027,9.0,0.0,,CC-WHPC-100,,Projected,1.0,7724.17,48.0,,,,,,,
Staffing,Admin Coordinator,,,,,TCO_Projection,,,,,,,,,,,,,,,,,Oct,,,,,,,,,,,,,,,,,,,,,,,7724.17,0.0,0.0,,,,,,,,,,,,FY2027,10.0,0.0,,CC-WHPC-100,,Projected,1.0,7724.17,48.0,,,,,,,
Staffing,Admin Coordinator,,,,,TCO_Projection,,,,,,,,,,,,,,,,,Nov,,,,,,,,,,,,,,,,,,,,,,,7724.17,0.0,0.0,,,,,,,,,,,,FY2027,11.0,0.0,,CC-WHPC-100,,Projected,1.0,7724.17,48.0,,,,,,,
Staffing,Admin Coordinator,,,,,TCO_Projection,,,,,,,,,,,,,,,,,Dec,,,,,,,,,,,,,,,,,,,,,,,7724.17,0.0,0.0,,,,,,,,,,,,FY2027,12.0,0.0,,CC-WHPC-100,,Projected,1.0,7724.17,48.0,,,,,,,
Hardware Capital,Spare Parts,,,,,TCO_Projection,,,,,,,,,,,,,,,,,Nov,,,,,,,,,,,,,,,,,,,,,,,3488.33,0.0,0.0,,,,,,,,,,,,FY2028,11.0,0.0,,CC-WHPC-100,,Projected,0.9569,3338.12,,,,,,,,
Staffing,Director,,,,,TCO_Projection,,,,,,,,,,,,,,,,,Jan,,,,,,,,,,,,,,,,,,,,,,,20082.75,0.0,0.0,,,,,,,,,,,,FY2028,1.0,0.0,,CC-WHPC-100,,Projected,0.9569,19217.94,48.0,,,,,,,
Staffing,Director,,,,,TCO_Projection,,,,,,,,,,,,,,,,,Feb,,,,,,,,,,,,,,,,,,,,,,,20082.75,0.0,0.0,,,,,,,,,,,,FY2028,2.0,0.0,,CC-WHPC-100,,Projected,0.9569,19217.94,48.0,,,,,,,
Staffing,Director,,,,,TCO_Projection,,,,,,,,,,,,,,,,,Mar,,,,,,,,,,,,,,,,,,,,,,,20082.75,0.0,0.0,,,,,,,,,,,,FY2028,3.0,0.0,,CC-WHPC-100,,Projected,0.9569,19217.94,48.0,,,,,,,
Staffing,Director,,,,,TCO_Projection,,,,,,,,,,,,,,,,,Apr,,,,,,,,,,,,,,,,,,,,,,,20082.75,0.0,0.0,,,,,,,,,,,,FY2028,4.0,0.0,,CC-WHPC-100,,Projected,0.9569,19217.94,48.0,,,,,,,
Staffing,Director,,,,,TCO_Projection,,,,,,,,,,,,,,,,,May,,,,,,,,,,,,,,,,,,,,,,,20082.75,0.0,0.0,,,,,,,,,,,,FY2028,5.0,0.0,,CC-WHPC-100,,Projected,0.9569,19217.94,48.0,,,,,,,
Staffing,Director,,,,,TCO_Projection,,,,,,,,,,,,,,,,,Jun,,,,,,,,,,,,,,,,,,,,,,,20082.75,0.0,0.0,,,,,,,,,,,,FY2028,6.0,0.0,,CC-WHPC-100,,Projected,0.9569,19217.94,48.0,,,,,,,
Staffing,Director,,,,,TCO_Projection,,,,,,,,,,,,,,,,,Jul,,,,,,,,,,,,,,,,,,,,,,,20082.75,0.0,0.0,,,,,,,,,,,,FY2028,7.0,0.0,,CC-WHPC-100,,Projected,0.9569,19217.94,48.0,,,,,,,
Staffing,Director,,,,,TCO_Projection,,,,,,,,,,,,,,,,,Aug,,,,,,,,,,,,,,,,,,,,,,,20082.75,0.0,0.0,,,,,,,,,,,,FY2028,8.0,0.0,,CC-WHPC-100,,Projected,0.9569,19217.94,48.0,,,,,,,
Staffing,Director,,,,,TCO_Projection,,,,,,,,,,,,,,,,,Sep,,,,,,,,,,,,,,,,,,,,,,,20082.75,0.0,0.0,,,,,,,,,,,,FY2028,9.0,0.0,,CC-WHPC-100,,Projected,0.9569,19217.94,48.0,,,,,,,
Staffing,Director,,,,,TCO_Projection,,,,,,,,,,,,,,,,,Oct,,,,,,,,,,,,,,,,,,,,,,,20082.75,0.0,0.0,,,,,,,,,,,,FY2028,10.0,0.0,,CC-WHPC-100,,Projected,0.9569,19217.94,48.0,,,,,,,
Staffing,Director,,,,,TCO_Projection,,,,,,,,,,,,,,,,,Nov,,,,,,,,,,,,,,,,,,,,,,,20082.75,0.0,0.0,,,,,,,,,,,,FY2028,11.0,0.0,,CC-WHPC-100,,Projected,0.9569,19217.94,48.0,,,,,,,
Staffing,Director,,,,,TCO_Projection,,,,,,,,,,,,,,,,,Dec,,,,,,,,,,,,,,,,,,,,,,,20082.75,0.0,0.0,,,,,,,,,,,,FY2028,12.0,0.0,,CC-WHPC-100,,Projected,0.9569,19217.94,48.0,,,,,,,
Staffing,Sr SysAdmin (3),,,,,TCO_Projection,,,,,,,,,,,,,,,,,Jan,,,,,,,,,,,,,,,,,,,,,,,47550.83,0.0,0.0,,,,,,,,,,,,FY2028,1.0,0.0,,CC-WHPC-100,,Projected,0.9569,45503.19,48.0,,,,,,,
Staffing,Sr SysAdmin (3),,,,,TCO_Projection,,,,,,,,,,,,,,,,,Feb,,,,,,,,,,,,,,,,,,,,,,,47550.83,0.0,0.0,,,,,,,,,,,,FY2028,2.0,0.0,,CC-WHPC-100,,Projected,0.9569,45503.19,48.0,,,,,,,
Staffing,Sr SysAdmin (3),,,,,TCO_Projection,,,,,,,,,,,,,,,,,Mar,,,,,,,,,,,,,,,,,,,,,,,47550.83,0.0,0.0,,,,,,,,,,,,FY2028,3.0,0.0,,CC-WHPC-100,,Projected,0.9569,45503.19,48.0,,,,,,,
Staffing,Sr SysAdmin (3),,,,,TCO_Projection,,,,,,,,,,,,,,,,,Apr,,,,,,,,,,,,,,,,,,,,,,,47550.83,0.0,0.0,,,,,,,,,,,,FY2028,4.0,0.0,,CC-WHPC-100,,Projected,0.9569,45503.19,48.0,,,,,,,
Staffing,Sr SysAdmin (3),,,,,TCO_Projection,,,,,,,,,,,,,,,,,May,,,,,,,,,,,,,,,,,,,,,,,47550.83,0.0,0.0,,,,,,,,,,,,FY2028,5.0,0.0,,CC-WHPC-100,,Projected,0.9569,45503.19,48.0,,,,,,,
Staffing,Sr SysAdmin (3),,,,,TCO_Projection,,,,,,,,,,,,,,,,,Jun,,,,,,,,,,,,,,,,,,,,,,,47550.83,0.0,0.0,,,,,,,,,,,,FY2028,6.0,0.0,,CC-WHPC-100,,Projected,0.9569,45503.19,48.0,,,,,,,
Staffing,Sr SysAdmin (3),,,,,TCO_Projection,,,,,,,,,,,,,,,,,Jul,,,,,,,,,,,,,,,,,,,,,,,47550.83,0.0,0.0,,,,,,,,,,,,FY2028,7.0,0.0,,CC-WHPC-100,,Projected,0.9569,45503.19,48.0,,,,,,,
Staffing,Sr SysAdmin (3),,,,,TCO_Projection,,,,,,,,,,,,,,,,,Aug,,,,,,,,,,,,,,,,,,,,,,,47550.83,0.0,0.0,,,,,,,,,,,,FY2028,8.0,0.0,,CC-WHPC-100,,Projected,0.9569,45503.19,48.0,,,,,,,
Staffing,Sr SysAdmin (3),,,,,TCO_Projection,,,,,,,,,,,,,,,,,Sep,,,,,,,,,,,,,,,,,,,,,,,47550.83,0.0,0.0,,,,,,,,,,,,FY2028,9.0,0.0,,CC-WHPC-100,,Projected,0.9569,45503.19,48.0,,,,,,,
Staffing,Sr SysAdmin (3),,,,,TCO_Projection,,,,,,,,,,,,,,,,,Oct,,,,,,,,,,,,,,,,,,,,,,,47550.83,0.0,0.0,,,,,,,,,,,,FY2028,10.0,0.0,,CC-WHPC-100,,Projected,0.9569,45503.19,48.0,,,,,,,
Staffing,Sr SysAdmin (3),,,,,TCO_Projection,,,,,,,,,,,,,,,,,Nov,,,,,,,,,,,,,,,,,,,,,,,47550.83,0.0,0.0,,,,,,,,,,,,FY2028,11.0,0.0,,CC-WHPC-100,,Projected,0.9569,45503.19,48.0,,,,,,,
Staffing,Sr SysAdmin (3),,,,,TCO_Projection,,,,,,,,,,,,,,,,,Dec,,,,,,,,,,,,,,,,,,,,,,,47550.83,0.0,0.0,,,,,,,,,,,,FY2028,12.0,0.0,,CC-WHPC-100,,Projected,0.9569,45503.19,48.0,,,,,,,
Staffing,SysAdmin (2),,,,,TCO_Projection,,,,,,,,,,,,,,,,,Jan,,,,,,,,,,,,,,,,,,,,,,,24228.92,0.0,0.0,,,,,,,,,,,,FY2028,1.0,0.0,,CC-WHPC-100,,Projected,0.9569,23185.57,48.0,,,,,,,
Staffing,SysAdmin (2),,,,,TCO_Projection,,,,,,,,,,,,,,,,,Feb,,,,,,,,,,,,,,,,,,,,,,,24228.92,0.0,0.0,,,,,,,,,,,,FY2028,2.0,0.0,,CC-WHPC-100,,Projected,0.9569,23185.57,48.0,,,,,,,
Staffing,SysAdmin (2),,,,,TCO_Projection,,,,,,,,,,,,,,,,,Mar,,,,,,,,,,,,,,,,,,,,,,,24228.92,0.0,0.0,,,,,,,,,,,,FY2028,3.0,0.0,,CC-WHPC-100,,Projected,0.9569,23185.57,48.0,,,,,,,
Staffing,SysAdmin (2),,,,,TCO_Projection,,,,,,,,,,,,,,,,,Apr,,,,,,,,,,,,,,,,,,,,,,,24228.92,0.0,0.0,,,,,,,,,,,,FY2028,4.0,0.0,,CC-WHPC-100,,Projected,0.9569,23185.57,48.0,,,,,,,
Staffing,SysAdmin (2),,,,,TCO_Projection,,,,,,,,,,,,,,,,,May,,,,,,,,,,,,,,,,,,,,,,,24228.92,0.0,0.0,,,,,,,,,,,,FY2028,5.0,0.0,,CC-WHPC-100,,Projected,0.9569,23185.57,48.0,,,,,,,
Staffing,SysAdmin (2),,,,,TCO_Projection,,,,,,,,,,,,,,,,,Jun,,,,,,,,,,,,,,,,,,,,,,,24228.92,0.0,0.0,,,,,,,,,,,,FY2028,6.0,0.0,,CC-WHPC-100,,Projected,0.9569,23185.57,48.0,,,,,,,
Staffing,SysAdmin (2),,,,,TCO_Projection,,,,,,,,,,,,,,,,,Jul,,,,,,,,,,,,,,,,,,,,,,,24228.92,0.0,0.0,,,,,,,,,,,,FY2028,7.0,0.0,,CC-WHPC-100,,Projected,0.9569,23185.57,48.0,,,,,,,
Staffing,SysAdmin (2),,,,,TCO_Projection,,,,,,,,,,,,,,,,,Aug,,,,,,,,,,,,,,,,,,,,,,,24228.92,0.0,0.0,,,,,,,,,,,,FY2028,8.0,0.0,,CC-WHPC-100,,Projected,0.9569,23185.57,48.0,,,,,,,
Staffing,SysAdmin (2),,,,,TCO_Projection,,,,,,,,,,,,,,,,,Sep,,,,,,,,,,,,,,,,,,,,,,,24228.92,0.0,0.0,,,,,,,,,,,,FY2028,9.0,0.0,,CC-WHPC-100,,Projected,0.9569,23185.57,48.0,,,,,,,
Staffing,SysAdmin (2),,,,,TCO_Projection,,,,,,,,,,,,,,,,,Oct,,,,,,,,,,,,,,,,,,,,,,,24228.92,0.0,0.0,,,,,,,,,,,,FY2028,10.0,0.0,,CC-WHPC-100,,Projected,0.9569,23185.57,48.0,,,,,,,
Staffing,SysAdmin (2),,,,,TCO_Projection,,,,,,,,,,,,,,,,,Nov,,,,,,,,,,,,,,,,,,,,,,,24228.92,0.0,0.0,,,,,,,,,,,,FY2028,11.0,0.0,,CC-WHPC-100,,Projected,0.9569,23185.57,48.0,,,,,,,
Staffing,SysAdmin (2),,,,,TCO_Projection,,,,,,,,,,,,,,,,,Dec,,,,,,,,,,,,,,,,,,,,,,,24228.92,0.0,0.0,,,,,,,,,,,,FY2028,12.0,0.0,,CC-WHPC-100,,Projected,0.9569,23185.57,48.0,,,,,,,
Staffing,Storage Admin,,,,,TCO_Projection,,,,,,,,,,,,,,,,,Jan,,,,,,,,,,,,,,,,,,,,,,,14900.17,0.0,0.0,,,,,,,,,,,,FY2028,1.0,0.0,,CC-WHPC-100,,Projected,0.9569,14258.53,48.0,,,,,,,
Staffing,Storage Admin,,,,,TCO_Projection,,,,,,,,,,,,,,,,,Feb,,,,,,,,,,,,,,,,,,,,,,,14900.17,0.0,0.0,,,,,,,,,,,,FY2028,2.0,0.0,,CC-WHPC-100,,Projected,0.9569,14258.53,48.0,,,,,,,
Staffing,Storage Admin,,,,,TCO_Projection,,,,,,,,,,,,,,,,,Mar,,,,,,,,,,,,,,,,,,,,,,,14900.17,0.0,0.0,,,,,,,,,,,,FY2028,3.0,0.0,,CC-WHPC-100,,Projected,0.9569,14258.53,48.0,,,,,,,
Staffing,Storage Admin,,,,,TCO_Projection,,,,,,,,,,,,,,,,,Apr,,,,,,,,,,,,,,,,,,,,,,,14900.17,0.0,0.0,,,,,,,,,,,,FY2028,4.0,0.0,,CC-WHPC-100,,Projected,0.9569,14258.53,48.0,,,,,,,
Staffing,Storage Admin,,,,,TCO_Projection,,,,,,,,,,,,,,,,,May,,,,,,,,,,,,,,,,,,,,,,,14900.17,0.0,0.0,,,,,,,,,,,,FY2028,5.0,0.0,,CC-WHPC-100,,Projected,0.9569,14258.53,48.0,,,,,,,
Staffing,Storage Admin,,,,,TCO_Projection,,,,,,,,,,,,,,,,,Jun,,,,,,,,,,,,,,,,,,,,,,,14900.17,0.0,0.0,,,,,,,,,,,,FY2028,6.0,0.0,,CC-WHPC-100,,Projected,0.9569,14258.53,48.0,,,,,,,
Staffing,Storage Admin,,,,,TCO_Projection,,,,,,,,,,,,,,,,,Jul,,,,,,,,,,,,,,,,,,,,,,,14900.17,0.0,0.0,,,,,,,,,,,,FY2028,7.0,0.0,,CC-WHPC-100,,Projected,0.9569,14258.53,48.0,,,,,,,
Staffing,Storage Admin,,,,,TCO_Projection,,,,,,,,,,,,,,,,,Aug,,,,,,,,,,,,,,,,,,,,,,,14900.17,0.0,0.0,,,,,,,,,,,,FY2028,8.0,0.0,,CC-WHPC-100,,Projected,0.9569,14258.53,48.0,,,,,,,
Staffing,Storage Admin,,,,,TCO_Projection,,,,,,,,,,,,,,,,,Sep,,,,,,,,,,,,,,,,,,,,,,,14900.17,0.0,0.0,,,,,,,,,,,,FY2028,9.0,0.0,,CC-WHPC-100,,Projected,0.9569,14258.53,48.0,,,,,,,
Staffing,Storage Admin,,,,,TCO_Projection,,,,,,,,,,,,,,,,,Oct,,,,,,,,,,,,,,,,,,,,,,,14900.17,0.0,0.0,,,,,,,,,,,,FY2028,10.0,0.0,,CC-WHPC-100,,Projected,0.9569,14258.53,48.0,,,,,,,
Staffing,Storage Admin,,,,,TCO_Projection,,,,,,,,,,,,,,,,,Nov,,,,,,,,,,,,,,,,,,,,,,,14900.17,0.0,0.0,,,,,,,,,,,,FY2028,11.0,0.0,,CC-WHPC-100,,Projected,0.9569,14258.53,48.0,,,,,,,
Staffing,Storage Admin,,,,,TCO_Projection,,,,,,,,,,,,,,,,,Dec,,,,,,,,,,,,,,,,,,,,,,,14900.17,0.0,0.0,,,,,,,,,,,,FY2028,12.0,0.0,,CC-WHPC-100,,Projected,0.9569,14258.53,48.0,,,,,,,
Staffing,Network Engineer,,,,,TCO_Projection,,,,,,,,,,,,,,,,,Jan,,,,,,,,,,,,,,,,,,,,,,,15288.83,0.0,0.0,,,,,,,,,,,,FY2028,1.0,0.0,,CC-WHPC-100,,Projected,0.9569,14630.46,48.0,,,,,,,
Staffing,Network Engineer,,,,,TCO_Projection,,,,,,,,,,,,,,,,,Feb,,,,,,,,,,,,,,,,,,,,,,,15288.83,0.0,0.0,,,,,,,,,,,,FY2028,2.0,0.0,,CC-WHPC-100,,Projected,0.9569,14630.46,48.0,,,,,,,
Staffing,Network Engineer,,,,,TCO_Projection,,,,,,,,,,,,,,,,,Mar,,,,,,,,,,,,,,,,,,,,,,,15288.83,0.0,0.0,,,,,,,,,,,,FY2028,3.0,0.0,,CC-WHPC-100,,Projected,0.9569,14630.46,48.0,,,,,,,
Staffing,Network Engineer,,,,,TCO_Projection,,,,,,,,,,,,,,,,,Apr,,,,,,,,,,,,,,,,,,,,,,,15288.83,0.0,0.0,,,,,,,,,,,,FY2028,4.0,0.0,,CC-WHPC-100,,Projected,0.9569,14630.46,48.0,,,,,,,
Staffing,Network Engineer,,,,,TCO_Projection,,,,,,,,,,,,,,,,,May,,,,,,,,,,,,,,,,,,,,,,,15288.83,0.0,0.0,,,,,,,,,,,,FY2028,5.0,0.0,,CC-WHPC-100,,Projected,0.9569,14630.46,48.0,,,,,,,
Staffing,Network Engineer,,,,,TCO_Projection,,,,,,,,,,,,,,,,,Jun,,,,,,,,,,,,,,,,,,,,,,,15288.83,0.0,0.0,,,,,,,,,,,,FY2028,6.0,0.0,,CC-WHPC-100,,Projected,0.9569,14630.46,48.0,,,,,,,
Staffing,Network Engineer,,,,,TCO_Projection,,,,,,,,,,,,,,,,,Jul,,,,,,,,,,,,,,,,,,,,,,,15288.83,0.0,0.0,,,,,,,,,,,,FY2028,7.0,0.0,,CC-WHPC-100,,Projected,0.9569,14630.46,48.0,,,,,,,
Staffing,Network Engineer,,,,,TCO_Projection,,,,,,,,,,,,,,,,,Aug,,,,,,,,,,,,,,,,,,,,,,,15288.83,0.0,0.0,,,,,,,,,,,,FY2028,8.0,0.0,,CC-WHPC-100,,Projected,0.9569,14630.46,48.0,,,,,,,
Staffing,Network Engineer,,,,,TCO_Projection,,,,,,,,,,,,,,,,,Sep,,,,,,,,,,,,,,,,,,,,,,,15288.83,0.0,0.0,,,,,,,,,,,,FY2028,9.0,0.0,,CC-WHPC-100,,Projected,0.9569,14630.46,48.0,,,,,,,
Staffing,Network Engineer,,,,,TCO_Projection,,,,,,,,,,,,,,,,,Oct,,,,,,,,,,,,,,,,,,,,,,,15288.83,0.0,0.0,,,,,,,,,,,,FY2028,10.0,0.0,,CC-WHPC-100,,Projected,0.9569,14630.46,48.0,,,,,,,
Staffing,Network Engineer,,,,,TCO_Projection,,,,,,,,,,,,,,,,,Nov,,,,,,,,,,,,,,,,,,,,,,,15288.83,0.0,0.0,,,,,,,,,,,,FY2028,11.0,0.0,,CC-WHPC-100,,Projected,0.9569,14630.46,48.0,,,,,,,
Staffing,Network Engineer,,,,,TCO_Projection,,,,,,,,,,,,,,,,,Dec,,,,,,,,,,,,,,,,,,,,,,,15288.83,0.0,0.0,,,,,,,,,,,,FY2028,12.0,0.0,,CC-WHPC-100,,Projected,0.9569,14630.46,48.0,,,,,,,
Staffing,Security Analyst,,,,,TCO_Projection,,,,,,,,,,,,,,,,,Jan,,,,,,,,,,,,,,,,,,,,,,,14252.33,0.0,0.0,,,,,,,,,,,,FY2028,1.0,0.0,,CC-WHPC-100,,Projected,0.9569,13638.6,48.0,,,,,,,
Staffing,Security Analyst,,,,,TCO_Projection,,,,,,,,,,,,,,,,,Feb,,,,,,,,,,,,,,,,,,,,,,,14252.33,0.0,0.0,,,,,,,,,,,,FY2028,2.0,0.0,,CC-WHPC-100,,Projected,0.9569,13638.6,48.0,,,,,,,
Staffing,Security Analyst,,,,,TCO_Projection,,,,,,,,,,,,,,,,,Mar,,,,,,,,,,,,,,,,,,,,,,,14252.33,0.0,0.0,,,,,,,,,,,,FY2028,3.0,0.0,,CC-WHPC-100,,Projected,0.9569,13638.6,48.0,,,,,,,
Staffing,Security Analyst,,,,,TCO_Projection,,,,,,,,,,,,,,,,,Apr,,,,,,,,,,,,,,,,,,,,,,,14252.33,0.0,0.0,,,,,,,,,,,,FY2028,4.0,0.0,,CC-WHPC-100,,Projected,0.9569,13638.6,48.0,,,,,,,
Staffing,Security Analyst,,,,,TCO_Projection,,,,,,,,,,,,,,,,,May,,,,,,,,,,,,,,,,,,,,,,,14252.33,0.0,0.0,,,,,,,,,,,,FY2028,5.0,0.0,,CC-WHPC-100,,Projected,0.9569,13638.6,48.0,,,,,,,
Staffing,Security Analyst,,,,,TCO_Projection,,,,,,,,,,,,,,,,,Jun,,,,,,,,,,,,,,,,,,,,,,,14252.33,0.0,0.0,,,,,,,,,,,,FY2028,6.0,0.0,,CC-WHPC-100,,Projected,0.9569,13638.6,48.0,,,,,,,
Staffing,Security Analyst,,,,,TCO_Projection,,,,,,,,,,,,,,,,,Jul,,,,,,,,,,,,,,,,,,,,,,,14252.33,0.0,0.0,,,,,,,,,,,,FY2028,7.0,0.0,,CC-WHPC-100,,Projected,0.9569,13638.6,48.0,,,,,,,
Staffing,Security Analyst,,,,,TCO_Projection,,,,,,,,,,,,,,,,,Aug,,,,,,,,,,,,,,,,,,,,,,,14252.33,0.0,0.0,,,,,,,,,,,,FY2028,8.0,0.0,,CC-WHPC-100,,Projected,0.9569,13638.6,48.0,,,,,,,
Staffing,Security Analyst,,,,,TCO_Projection,,,,,,,,,,,,,,,,,Sep,,,,,,,,,,,,,,,,,,,,,,,14252.33,0.0,0.0,,,,,,,,,,,,FY2028,9.0,0.0,,CC-WHPC-100,,Projected,0.9569,13638.6,48.0,,,,,,,
Staffing,Security Analyst,,,,,TCO_Projection,,,,,,,,,,,,,,,,,Oct,,,,,,,,,,,,,,,,,,,,,,,14252.33,0.0,0.0,,,,,,,,,,,,FY2028,10.0,0.0,,CC-WHPC-100,,Projected,0.9569,13638.6,48.0,,,,,,,
Staffing,Security Analyst,,,,,TCO_Projection,,,,,,,,,,,,,,,,,Nov,,,,,,,,,,,,,,,,,,,,,,,14252.33,0.0,0.0,,,,,,,,,,,,FY2028,11.0,0.0,,CC-WHPC-100,,Projected,0.9569,13638.6,48.0,,,,,,,
Staffing,Security Analyst,,,,,TCO_Projection,,,,,,,,,,,,,,,,,Dec,,,,,,,,,,,,,,,,,,,,,,,14252.33,0.0,0.0,,,,,,,,,,,,FY2028,12.0,0.0,,CC-WHPC-100,,Projected,0.9569,13638.6,48.0,,,,,,,
Staffing,User Support (2),,,,,TCO_Projection,,,,,,,,,,,,,,,,,Jan,,,,,,,,,,,,,,,,,,,,,,,19953.25,0.0,0.0,,,,,,,,,,,,FY2028,1.0,0.0,,CC-WHPC-100,,Projected,0.9569,19094.02,48.0,,,,,,,
Staffing,User Support (2),,,,,TCO_Projection,,,,,,,,,,,,,,,,,Feb,,,,,,,,,,,,,,,,,,,,,,,19953.25,0.0,0.0,,,,,,,,,,,,FY2028,2.0,0.0,,CC-WHPC-100,,Projected,0.9569,19094.02,48.0,,,,,,,
Staffing,User Support (2),,,,,TCO_Projection,,,,,,,,,,,,,,,,,Mar,,,,,,,,,,,,,,,,,,,,,,,19953.25,0.0,0.0,,,,,,,,,,,,FY2028,3.0,0.0,,CC-WHPC-100,,Projected,0.9569,19094.02,48.0,,,,,,,
Staffing,User Support (2),,,,,TCO_Projection,,,,,,,,,,,,,,,,,Apr,,,,,,,,,,,,,,,,,,,,,,,19953.25,0.0,0.0,,,,,,,,,,,,FY2028,4.0,0.0,,CC-WHPC-100,,Projected,0.9569,19094.02,48.0,,,,,,,
Staffing,User Support (2),,,,,TCO_Projection,,,,,,,,,,,,,,,,,May,,,,,,,,,,,,,,,,,,,,,,,19953.25,0.0,0.0,,,,,,,,,,,,FY2028,5.0,0.0,,CC-WHPC-100,,Projected,0.9569,19094.02,48.0,,,,,,,
Staffing,User Support (2),,,,,TCO_Projection,,,,,,,,,,,,,,,,,Jun,,,,,,,,,,,,,,,,,,,,,,,19953.25,0.0,0.0,,,,,,,,,,,,FY2028,6.0,0.0,,CC-WHPC-100,,Projected,0.9569,19094.02,48.0,,,,,,,
Staffing,User Support (2),,,,,TCO_Projection,,,,,,,,,,,,,,,,,Jul,,,,,,,,,,,,,,,,,,,,,,,19953.25,0.0,0.0,,,,,,,,,,,,FY2028,7.0,0.0,,CC-WHPC-100,,Projected,0.9569,19094.02,48.0,,,,,,,
Staffing,User Support (2),,,,,TCO_Projection,,,,,,,,,,,,,,,,,Aug,,,,,,,,,,,,,,,,,,,,,,,19953.25,0.0,0.0,,,,,,,,,,,,FY2028,8.0,0.0,,CC-WHPC-100,,Projected,0.9569,19094.02,48.0,,,,,,,
Staffing,User Support (2),,,,,TCO_Projection,,,,,,,,,,,,,,,,,Sep,,,,,,,,,,,,,,,,,,,,,,,19953.25,0.0,0.0,,,,,,,,,,,,FY2028,9.0,0.0,,CC-WHPC-100,,Projected,0.9569,19094.02,48.0,,,,,,,
Staffing,User Support (2),,,,,TCO_Projection,,,,,,,,,,,,,,,,,Oct,,,,,,,,,,,,,,,,,,,,,,,19953.25,0.0,0.0,,,,,,,,,,,,FY2028,10.0,0.0,,CC-WHPC-100,,Projected,0.9569,19094.02,48.0,,,,,,,
Staffing,User Support (2),,,,,TCO_Projection,,,,,,,,,,,,,,,,,Nov,,,,,,,,,,,,,,,,,,,,,,,19953.25,0.0,0.0,,,,,,,,,,,,FY2028,11.0,0.0,,CC-WHPC-100,,Projected,0.9569,19094.02,48.0,,,,,,,
Staffing,User Support (2),,,,,TCO_Projection,,,,,,,,,,,,,,,,,Dec,,,,,,,,,,,,,,,,,,,,,,,19953.25,0.0,0.0,,,,,,,,,,,,FY2028,12.0,0.0,,CC-WHPC-100,,Projected,0.9569,19094.02,48.0,,,,,,,
Staffing,Admin Coordinator,,,,,TCO_Projection,,,,,,,,,,,,,,,,,Jan,,,,,,,,,,,,,,,,,,,,,,,8033.08,0.0,0.0,,,,,,,,,,,,FY2028,1.0,0.0,,CC-WHPC-100,,Projected,0.9569,7687.16,48.0,,,,,,,
Staffing,Admin Coordinator,,,,,TCO_Projection,,,,,,,,,,,,,,,,,Feb,,,,,,,,,,,,,,,,,,,,,,,8033.08,0.0,0.0,,,,,,,,,,,,FY2028,2.0,0.0,,CC-WHPC-100,,Projected,0.9569,7687.16,48.0,,,,,,,
Staffing,Admin Coordinator,,,,,TCO_Projection,,,,,,,,,,,,,,,,,Mar,,,,,,,,,,,,,,,,,,,,,,,8033.08,0.0,0.0,,,,,,,,,,,,FY2028,3.0,0.0,,CC-WHPC-100,,Projected,0.9569,7687.16,48.0,,,,,,,
Staffing,Admin Coordinator,,,,,TCO_Projection,,,,,,,,,,,,,,,,,Apr,,,,,,,,,,,,,,,,,,,,,,,8033.08,0.0,0.0,,,,,,,,,,,,FY2028,4.0,0.0,,CC-WHPC-100,,Projected,0.9569,7687.16,48.0,,,,,,,
Staffing,Admin Coordinator,,,,,TCO_Projection,,,,,,,,,,,,,,,,,May,,,,,,,,,,,,,,,,,,,,,,,8033.08,0.0,0.0,,,,,,,,,,,,FY2028,5.0,0.0,,CC-WHPC-100,,Projected,0.9569,7687.16,48.0,,,,,,,
Staffing,Admin Coordinator,,,,,TCO_Projection,,,,,,,,,,,,,,,,,Jun,,,,,,,,,,,,,,,,,,,,,,,8033.08,0.0,0.0,,,,,,,,,,,,FY2028,6.0,0.0,,CC-WHPC-100,,Projected,0.9569,7687.16,48.0,,,,,,,
Staffing,Admin Coordinator,,,,,TCO_Projection,,,,,,,,,,,,,,,,,Jul,,,,,,,,,,,,,,,,,,,,,,,8033.08,0.0,0.0,,,,,,,,,,,,FY2028,7.0,0.0,,CC-WHPC-100,,Projected,0.9569,7687.16,48.0,,,,,,,
Staffing,Admin Coordinator,,,,,TCO_Projection,,,,,,,,,,,,,,,,,Aug,,,,,,,,,,,,,,,,,,,,,,,8033.08,0.0,0.0,,,,,,,,,,,,FY2028,8.0,0.0,,CC-WHPC-100,,Projected,0.9569,7687.16,48.0,,,,,,,
Staffing,Admin Coordinator,,,,,TCO_Projection,,,,,,,,,,,,,,,,,Sep,,,,,,,,,,,,,,,,,,,,,,,8033.08,0.0,0.0,,,,,,,,,,,,FY2028,9.0,0.0,,CC-WHPC-100,,Projected,0.9569,7687.16,48.0,,,,,,,
Staffing,Admin Coordinator,,,,,TCO_Projection,,,,,,,,,,,,,,,,,Oct,,,,,,,,,,,,,,,,,,,,,,,8033.08,0.0,0.0,,,,,,,,,,,,FY2028,10.0,0.0,,CC-WHPC-100,,Projected,0.9569,7687.16,48.0,,,,,,,
Staffing,Admin Coordinator,,,,,TCO_Projection,,,,,,,,,,,,,,,,,Nov,,,,,,,,,,,,,,,,,,,,,,,8033.08,0.0,0.0,,,,,,,,,,,,FY2028,11.0,0.0,,CC-WHPC-100,,Projected,0.9569,7687.16,48.0,,,,,,,
Staffing,Admin Coordinator,,,,,TCO_Projection,,,,,,,,,,,,,,,,,Dec,,,,,,,,,,,,,,,,,,,,,,,8033.08,0.0,0.0,,,,,,,,,,,,FY2028,12.0,0.0,,CC-WHPC-100,,Projected,0.9569,7687.16,48.0,,,,,,,
Software Licensing,Schrodinger,,,,,TCO_Projection,,,,,,,,,,,,,,,,,Jul,,,,,,,,,,,,,,,,,,,,,,,12438.33,0.0,0.0,,,,,,,,,,,,FY2029,7.0,0.0,,CC-WHPC-100,,Projected,0.9157,11390.15,48.0,,,,,,,
Staffing,Director,,,,,TCO_Projection,,,,,,,,,,,,,,,,,Jan,,,,,,,,,,,,,,,,,,,,,,,20886.08,0.0,0.0,,,,,,,,,,,,FY2029,1.0,0.0,,CC-WHPC-100,,Projected,0.9157,19126.01,48.0,,,,,,,
Staffing,Director,,,,,TCO_Projection,,,,,,,,,,,,,,,,,Feb,,,,,,,,,,,,,,,,,,,,,,,20886.08,0.0,0.0,,,,,,,,,,,,FY2029,2.0,0.0,,CC-WHPC-100,,Projected,0.9157,19126.01,48.0,,,,,,,
Staffing,Director,,,,,TCO_Projection,,,,,,,,,,,,,,,,,Mar,,,,,,,,,,,,,,,,,,,,,,,20886.08,0.0,0.0,,,,,,,,,,,,FY2029,3.0,0.0,,CC-WHPC-100,,Projected,0.9157,19126.01,48.0,,,,,,,
Staffing,Director,,,,,TCO_Projection,,,,,,,,,,,,,,,,,Apr,,,,,,,,,,,,,,,,,,,,,,,20886.08,0.0,0.0,,,,,,,,,,,,FY2029,4.0,0.0,,CC-WHPC-100,,Projected,0.9157,19126.01,48.0,,,,,,,
Staffing,Director,,,,,TCO_Projection,,,,,,,,,,,,,,,,,May,,,,,,,,,,,,,,,,,,,,,,,20886.08,0.0,0.0,,,,,,,,,,,,FY2029,5.0,0.0,,CC-WHPC-100,,Projected,0.9157,19126.01,48.0,,,,,,,
Staffing,Director,,,,,TCO_Projection,,,,,,,,,,,,,,,,,Jun,,,,,,,,,,,,,,,,,,,,,,,20886.08,0.0,0.0,,,,,,,,,,,,FY2029,6.0,0.0,,CC-WHPC-100,,Projected,0.9157,19126.01,48.0,,,,,,,
Staffing,Director,,,,,TCO_Projection,,,,,,,,,,,,,,,,,Jul,,,,,,,,,,,,,,,,,,,,,,,20886.08,0.0,0.0,,,,,,,,,,,,FY2029,7.0,0.0,,CC-WHPC-100,,Projected,0.9157,19126.01,48.0,,,,,,,
Staffing,Director,,,,,TCO_Projection,,,,,,,,,,,,,,,,,Aug,,,,,,,,,,,,,,,,,,,,,,,20886.08,0.0,0.0,,,,,,,,,,,,FY2029,8.0,0.0,,CC-WHPC-100,,Projected,0.9157,19126.01,48.0,,,,,,,
Staffing,Director,,,,,TCO_Projection,,,,,,,,,,,,,,,,,Sep,,,,,,,,,,,,,,,,,,,,,,,20886.08,0.0,0.0,,,,,,,,,,,,FY2029,9.0,0.0,,CC-WHPC-100,,Projected,0.9157,19126.01,48.0,,,,,,,
Staffing,Director,,,,,TCO_Projection,,,,,,,,,,,,,,,,,Oct,,,,,,,,,,,,,,,,,,,,,,,20886.08,0.0,0.0,,,,,,,,,,,,FY2029,10.0,0.0,,CC-WHPC-100,,Projected,0.9157,19126.01,48.0,,,,,,,
Staffing,Director,,,,,TCO_Projection,,,,,,,,,,,,,,,,,Nov,,,,,,,,,,,,,,,,,,,,,,,20886.08,0.0,0.0,,,,,,,,,,,,FY2029,11.0,0.0,,CC-WHPC-100,,Projected,0.9157,19126.01,48.0,,,,,,,
Staffing,Director,,,,,TCO_Projection,,,,,,,,,,,,,,,,,Dec,,,,,,,,,,,,,,,,,,,,,,,20886.08,0.0,0.0,,,,,,,,,,,,FY2029,12.0,0.0,,CC-WHPC-100,,Projected,0.9157,19126.01,48.0,,,,,,,
Staffing,Sr SysAdmin (3),,,,,TCO_Projection,,,,,,,,,,,,,,,,,Jan,,,,,,,,,,,,,,,,,,,,,,,49452.83,0.0,0.0,,,,,,,,,,,,FY2029,1.0,0.0,,CC-WHPC-100,,Projected,0.9157,45285.44,48.0,,,,,,,
Staffing,Sr SysAdmin (3),,,,,TCO_Projection,,,,,,,,,,,,,,,,,Feb,,,,,,,,,,,,,,,,,,,,,,,49452.83,0.0,0.0,,,,,,,,,,,,FY2029,2.0,0.0,,CC-WHPC-100,,Projected,0.9157,45285.44,48.0,,,,,,,
Staffing,Sr SysAdmin (3),,,,,TCO_Projection,,,,,,,,,,,,,,,,,Mar,,,,,,,,,,,,,,,,,,,,,,,49452.83,0.0,0.0,,,,,,,,,,,,FY2029,3.0,0.0,,CC-WHPC-100,,Projected,0.9157,45285.44,48.0,,,,,,,
Staffing,Sr SysAdmin (3),,,,,TCO_Projection,,,,,,,,,,,,,,,,,Apr,,,,,,,,,,,,,,,,,,,,,,,49452.83,0.0,0.0,,,,,,,,,,,,FY2029,4.0,0.0,,CC-WHPC-100,,Projected,0.9157,45285.44,48.0,,,,,,,
Staffing,Sr SysAdmin (3),,,,,TCO_Projection,,,,,,,,,,,,,,,,,May,,,,,,,,,,,,,,,,,,,,,,,49452.83,0.0,0.0,,,,,,,,,,,,FY2029,5.0,0.0,,CC-WHPC-100,,Projected,0.9157,45285.44,48.0,,,,,,,
Staffing,Sr SysAdmin (3),,,,,TCO_Projection,,,,,,,,,,,,,,,,,Jun,,,,,,,,,,,,,,,,,,,,,,,49452.83,0.0,0.0,,,,,,,,,,,,FY2029,6.0,0.0,,CC-WHPC-100,,Projected,0.9157,45285.44,48.0,,,,,,,
Staffing,Sr SysAdmin (3),,,,,TCO_Projection,,,,,,,,,,,,,,,,,Jul,,,,,,,,,,,,,,,,,,,,,,,49452.83,0.0,0.0,,,,,,,,,,,,FY2029,7.0,0.0,,CC-WHPC-100,,Projected,0.9157,45285.44,48.0,,,,,,,
Staffing,Sr SysAdmin (3),,,,,TCO_Projection,,,,,,,,,,,,,,,,,Aug,,,,,,,,,,,,,,,,,,,,,,,49452.83,0.0,0.0,,,,,,,,,,,,FY2029,8.0,0.0,,CC-WHPC-100,,Projected,0.9157,45285.44,48.0,,,,,,,
Staffing,Sr SysAdmin (3),,,,,TCO_Projection,,,,,,,,,,,,,,,,,Sep,,,,,,,,,,,,,,,,,,,,,,,49452.83,0.0,0.0,,,,,,,,,,,,FY2029,9.0,0.0,,CC-WHPC-100,,Projected,0.9157,45285.44,48.0,,,,,,,
Staffing,Sr SysAdmin (3),,,,,TCO_Projection,,,,,,,,,,,,,,,,,Oct,,,,,,,,,,,,,,,,,,,,,,,49452.83,0.0,0.0,,,,,,,,,,,,FY2029,10.0,0.0,,CC-WHPC-100,,Projected,0.9157,45285.44,48.0,,,,,,,
Staffing,Sr SysAdmin (3),,,,,TCO_Projection,,,,,,,,,,,,,,,,,Nov,,,,,,,,,,,,,,,,,,,,,,,49452.83,0.0,0.0,,,,,,,,,,,,FY2029,11.0,0.0,,CC-WHPC-100,,Projected,0.9157,45285.44,48.0,,,,,,,
Staffing,Sr SysAdmin (3),,,,,TCO_Projection,,,,,,,,,,,,,,,,,Dec,,,,,,,,,,,,,,,,,,,,,,,49452.83,0.0,0.0,,,,,,,,,,,,FY2029,12.0,0.0,,CC-WHPC-100,,Projected,0.9157,45285.44,48.0,,,,,,,
Staffing,SysAdmin (2),,,,,TCO_Projection,,,,,,,,,,,,,,,,,Jan,,,,,,,,,,,,,,,,,,,,,,,25198.08,0.0,0.0,,,,,,,,,,,,FY2029,1.0,0.0,,CC-WHPC-100,,Projected,0.9157,23074.64,48.0,,,,,,,
Staffing,SysAdmin (2),,,,,TCO_Projection,,,,,,,,,,,,,,,,,Feb,,,,,,,,,,,,,,,,,,,,,,,25198.08,0.0,0.0,,,,,,,,,,,,FY2029,2.0,0.0,,CC-WHPC-100,,Projected,0.9157,23074.64,48.0,,,,,,,
Staffing,SysAdmin (2),,,,,TCO_Projection,,,,,,,,,,,,,,,,,Mar,,,,,,,,,,,,,,,,,,,,,,,25198.08,0.0,0.0,,,,,,,,,,,,FY2029,3.0,0.0,,CC-WHPC-100,,Projected,0.9157,23074.64,48.0,,,,,,,
Staffing,SysAdmin (2),,,,,TCO_Projection,,,,,,,,,,,,,,,,,Apr,,,,,,,,,,,,,,,,,,,,,,,25198.08,0.0,0.0,,,,,,,,,,,,FY2029,4.0,0.0,,CC-WHPC-100,,Projected,0.9157,23074.64,48.0,,,,,,,
Staffing,SysAdmin (2),,,,,TCO_Projection,,,,,,,,,,,,,,,,,May,,,,,,,,,,,,,,,,,,,,,,,25198.08,0.0,0.0,,,,,,,,,,,,FY2029,5.0,0.0,,CC-WHPC-100,,Projected,0.9157,23074.64,48.0,,,,,,,
Staffing,SysAdmin (2),,,,,TCO_Projection,,,,,,,,,,,,,,,,,Jun,,,,,,,,,,,,,,,,,,,,,,,25198.08,0.0,0.0,,,,,,,,,,,,FY2029,6.0,0.0,,CC-WHPC-100,,Projected,0.9157,23074.64,48.0,,,,,,,
Staffing,SysAdmin (2),,,,,TCO_Projection,,,,,,,,,,,,,,,,,Jul,,,,,,,,,,,,,,,,,,,,,,,25198.08,0.0,0.0,,,,,,,,,,,,FY2029,7.0,0.0,,CC-WHPC-100,,Projected,0.9157,23074.64,48.0,,,,,,,
Staffing,SysAdmin (2),,,,,TCO_Projection,,,,,,,,,,,,,,,,,Aug,,,,,,,,,,,,,,,,,,,,,,,25198.08,0.0,0.0,,,,,,,,,,,,FY2029,8.0,0.0,,CC-WHPC-100,,Projected,0.9157,23074.64,48.0,,,,,,,
Staffing,SysAdmin (2),,,,,TCO_Projection,,,,,,,,,,,,,,,,,Sep,,,,,,,,,,,,,,,,,,,,,,,25198.08,0.0,0.0,,,,,,,,,,,,FY2029,9.0,0.0,,CC-WHPC-100,,Projected,0.9157,23074.64,48.0,,,,,,,
Staffing,SysAdmin (2),,,,,TCO_Projection,,,,,,,,,,,,,,,,,Oct,,,,,,,,,,,,,,,,,,,,,,,25198.08,0.0,0.0,,,,,,,,,,,,FY2029,10.0,0.0,,CC-WHPC-100,,Projected,0.9157,23074.64,48.0,,,,,,,
Staffing,SysAdmin (2),,,,,TCO_Projection,,,,,,,,,,,,,,,,,Nov,,,,,,,,,,,,,,,,,,,,,,,25198.08,0.0,0.0,,,,,,,,,,,,FY2029,11.0,0.0,,CC-WHPC-100,,Projected,0.9157,23074.64,48.0,,,,,,,
Staffing,SysAdmin (2),,,,,TCO_Projection,,,,,,,,,,,,,,,,,Dec,,,,,,,,,,,,,,,,,,,,,,,25198.08,0.0,0.0,,,,,,,,,,,,FY2029,12.0,0.0,,CC-WHPC-100,,Projected,0.9157,23074.64,48.0,,,,,,,
Staffing,Storage Admin,,,,,TCO_Projection,,,,,,,,,,,,,,,,,Jan,,,,,,,,,,,,,,,,,,,,,,,15496.17,0.0,0.0,,,,,,,,,,,,FY2029,1.0,0.0,,CC-WHPC-100,,Projected,0.9157,14190.3,48.0,,,,,,,
Staffing,Storage Admin,,,,,TCO_Projection,,,,,,,,,,,,,,,,,Feb,,,,,,,,,,,,,,,,,,,,,,,15496.17,0.0,0.0,,,,,,,,,,,,FY2029,2.0,0.0,,CC-WHPC-100,,Projected,0.9157,14190.3,48.0,,,,,,,
Staffing,Storage Admin,,,,,TCO_Projection,,,,,,,,,,,,,,,,,Mar,,,,,,,,,,,,,,,,,,,,,,,15496.17,0.0,0.0,,,,,,,,,,,,FY2029,3.0,0.0,,CC-WHPC-100,,Projected,0.9157,14190.3,48.0,,,,,,,
Staffing,Storage Admin,,,,,TCO_Projection,,,,,,,,,,,,,,,,,Apr,,,,,,,,,,,,,,,,,,,,,,,15496.17,0.0,0.0,,,,,,,,,,,,FY2029,4.0,0.0,,CC-WHPC-100,,Projected,0.9157,14190.3,48.0,,,,,,,
Staffing,Storage Admin,,,,,TCO_Projection,,,,,,,,,,,,,,,,,May,,,,,,,,,,,,,,,,,,,,,,,15496.17,0.0,0.0,,,,,,,,,,,,FY2029,5.0,0.0,,CC-WHPC-100,,Projected,0.9157,14190.3,48.0,,,,,,,
Staffing,Storage Admin,,,,,TCO_Projection,,,,,,,,,,,,,,,,,Jun,,,,,,,,,,,,,,,,,,,,,,,15496.17,0.0,0.0,,,,,,,,,,,,FY2029,6.0,0.0,,CC-WHPC-100,,Projected,0.9157,14190.3,48.0,,,,,,,
Staffing,Storage Admin,,,,,TCO_Projection,,,,,,,,,,,,,,,,,Jul,,,,,,,,,,,,,,,,,,,,,,,15496.17,0.0,0.0,,,,,,,,,,,,FY2029,7.0,0.0,,CC-WHPC-100,,Projected,0.9157,14190.3,48.0,,,,,,,
Staffing,Storage Admin,,,,,TCO_Projection,,,,,,,,,,,,,,,,,Aug,,,,,,,,,,,,,,,,,,,,,,,15496.17,0.0,0.0,,,,,,,,,,,,FY2029,8.0,0.0,,CC-WHPC-100,,Projected,0.9157,14190.3,48.0,,,,,,,
Staffing,Storage Admin,,,,,TCO_Projection,,,,,,,,,,,,,,,,,Sep,,,,,,,,,,,,,,,,,,,,,,,15496.17,0.0,0.0,,,,,,,,,,,,FY2029,9.0,0.0,,CC-WHPC-100,,Projected,0.9157,14190.3,48.0,,,,,,,
Staffing,Storage Admin,,,,,TCO_Projection,,,,,,,,,,,,,,,,,Oct,,,,,,,,,,,,,,,,,,,,,,,15496.17,0.0,0.0,,,,,,,,,,,,FY2029,10.0,0.0,,CC-WHPC-100,,Projected,0.9157,14190.3,48.0,,,,,,,
Staffing,Storage Admin,,,,,TCO_Projection,,,,,,,,,,,,,,,,,Nov,,,,,,,,,,,,,,,,,,,,,,,15496.17,0.0,0.0,,,,,,,,,,,,FY2029,11.0,0.0,,CC-WHPC-100,,Projected,0.9157,14190.3,48.0,,,,,,,
Staffing,Storage Admin,,,,,TCO_Projection,,,,,,,,,,,,,,,,,Dec,,,,,,,,,,,,,,,,,,,,,,,15496.17,0.0,0.0,,,,,,,,,,,,FY2029,12.0,0.0,,CC-WHPC-100,,Projected,0.9157,14190.3,48.0,,,,,,,
Staffing,Network Engineer,,,,,TCO_Projection,,,,,,,,,,,,,,,,,Jan,,,,,,,,,,,,,,,,,,,,,,,15900.42,0.0,0.0,,,,,,,,,,,,FY2029,1.0,0.0,,CC-WHPC-100,,Projected,0.9157,14560.49,48.0,,,,,,,
Staffing,Network Engineer,,,,,TCO_Projection,,,,,,,,,,,,,,,,,Feb,,,,,,,,,,,,,,,,,,,,,,,15900.42,0.0,0.0,,,,,,,,,,,,FY2029,2.0,0.0,,CC-WHPC-100,,Projected,0.9157,14560.49,48.0,,,,,,,
Staffing,Network Engineer,,,,,TCO_Projection,,,,,,,,,,,,,,,,,Mar,,,,,,,,,,,,,,,,,,,,,,,15900.42,0.0,0.0,,,,,,,,,,,,FY2029,3.0,0.0,,CC-WHPC-100,,Projected,0.9157,14560.49,48.0,,,,,,,
Staffing,Network Engineer,,,,,TCO_Projection,,,,,,,,,,,,,,,,,Apr,,,,,,,,,,,,,,,,,,,,,,,15900.42,0.0,0.0,,,,,,,,,,,,FY2029,4.0,0.0,,CC-WHPC-100,,Projected,0.9157,14560.49,48.0,,,,,,,
Staffing,Network Engineer,,,,,TCO_Projection,,,,,,,,,,,,,,,,,May,,,,,,,,,,,,,,,,,,,,,,,15900.42,0.0,0.0,,,,,,,,,,,,FY2029,5.0,0.0,,CC-WHPC-100,,Projected,0.9157,14560.49,48.0,,,,,,,
Staffing,Network Engineer,,,,,TCO_Projection,,,,,,,,,,,,,,,,,Jun,,,,,,,,,,,,,,,,,,,,,,,15900.42,0.0,0.0,,,,,,,,,,,,FY2029,6.0,0.0,,CC-WHPC-100,,Projected,0.9157,14560.49,48.0,,,,,,,
Staffing,Network Engineer,,,,,TCO_Projection,,,,,,,,,,,,,,,,,Jul,,,,,,,,,,,,,,,,,,,,,,,15900.42,0.0,0.0,,,,,,,,,,,,FY2029,7.0,0.0,,CC-WHPC-100,,Projected,0.9157,14560.49,48.0,,,,,,,
Staffing,Network Engineer,,,,,TCO_Projection,,,,,,,,,,,,,,,,,Aug,,,,,,,,,,,,,,,,,,,,,,,15900.42,0.0,0.0,,,,,,,,,,,,FY2029,8.0,0.0,,CC-WHPC-100,,Projected,0.9157,14560.49,48.0,,,,,,,
Staffing,Network Engineer,,,,,TCO_Projection,,,,,,,,,,,,,,,,,Sep,,,,,,,,,,,,,,,,,,,,,,,15900.42,0.0,0.0,,,,,,,,,,,,FY2029,9.0,0.0,,CC-WHPC-100,,Projected,0.9157,14560.49,48.0,,,,,,,
Staffing,Network Engineer,,,,,TCO_Projection,,,,,,,,,,,,,,,,,Oct,,,,,,,,,,,,,,,,,,,,,,,15900.42,0.0,0.0,,,,,,,,,,,,FY2029,10.0,0.0,,CC-WHPC-100,,Projected,0.9157,14560.49,48.0,,,,,,,
Staffing,Network Engineer,,,,,TCO_Projection,,,,,,,,,,,,,,,,,Nov,,,,,,,,,,,,,,,,,,,,,,,15900.42,0.0,0.0,,,,,,,,,,,,FY2029,11.0,0.0,,CC-WHPC-100,,Projected,0.9157,14560.49,48.0,,,,,,,
Staffing,Network Engineer,,,,,TCO_Projection,,,,,,,,,,,,,,,,,Dec,,,,,,,,,,,,,,,,,,,,,,,15900.42,0.0,0.0,,,,,,,,,,,,FY2029,12.0,0.0,,CC-WHPC-100,,Projected,0.9157,14560.49,48.0,,,,,,,
Staffing,Security Analyst,,,,,TCO_Projection,,,,,,,,,,,,,,,,,Jan,,,,,,,,,,,,,,,,,,,,,,,14822.42,0.0,0.0,,,,,,,,,,,,FY2029,1.0,0.0,,CC-WHPC-100,,Projected,0.9157,13573.33,48.0,,,,,,,
Staffing,Security Analyst,,,,,TCO_Projection,,,,,,,,,,,,,,,,,Feb,,,,,,,,,,,,,,,,,,,,,,,14822.42,0.0,0.0,,,,,,,,,,,,FY2029,2.0,0.0,,CC-WHPC-100,,Projected,0.9157,13573.33,48.0,,,,,,,
Staffing,Security Analyst,,,,,TCO_Projection,,,,,,,,,,,,,,,,,Mar,,,,,,,,,,,,,,,,,,,,,,,14822.42,0.0,0.0,,,,,,,,,,,,FY2029,3.0,0.0,,CC-WHPC-100,,Projected,0.9157,13573.33,48.0,,,,,,,
Staffing,Security Analyst,,,,,TCO_Projection,,,,,,,,,,,,,,,,,Apr,,,,,,,,,,,,,,,,,,,,,,,14822.42,0.0,0.0,,,,,,,,,,,,FY2029,4.0,0.0,,CC-WHPC-100,,Projected,0.9157,13573.33,48.0,,,,,,,
Staffing,Security Analyst,,,,,TCO_Projection,,,,,,,,,,,,,,,,,May,,,,,,,,,,,,,,,,,,,,,,,14822.42,0.0,0.0,,,,,,,,,,,,FY2029,5.0,0.0,,CC-WHPC-100,,Projected,0.9157,13573.33,48.0,,,,,,,
Staffing,Security Analyst,,,,,TCO_Projection,,,,,,,,,,,,,,,,,Jun,,,,,,,,,,,,,,,,,,,,,,,14822.42,0.0,0.0,,,,,,,,,,,,FY2029,6.0,0.0,,CC-WHPC-100,,Projected,0.9157,13573.33,48.0,,,,,,,
Staffing,Security Analyst,,,,,TCO_Projection,,,,,,,,,,,,,,,,,Jul,,,,,,,,,,,,,,,,,,,,,,,14822.42,0.0,0.0,,,,,,,,,,,,FY2029,7.0,0.0,,CC-WHPC-100,,Projected,0.9157,13573.33,48.0,,,,,,,
Staffing,Security Analyst,,,,,TCO_Projection,,,,,,,,,,,,,,,,,Aug,,,,,,,,,,,,,,,,,,,,,,,14822.42,0.0,0.0,,,,,,,,,,,,FY2029,8.0,0.0,,CC-WHPC-100,,Projected,0.9157,13573.33,48.0,,,,,,,
Staffing,Security Analyst,,,,,TCO_Projection,,,,,,,,,,,,,,,,,Sep,,,,,,,,,,,,,,,,,,,,,,,14822.42,0.0,0.0,,,,,,,,,,,,FY2029,9.0,0.0,,CC-WHPC-100,,Projected,0.9157,13573.33,48.0,,,,,,,
Staffing,Security Analyst,,,,,TCO_Projection,,,,,,,,,,,,,,,,,Oct,,,,,,,,,,,,,,,,,,,,,,,14822.42,0.0,0.0,,,,,,,,,,,,FY2029,10.0,0.0,,CC-WHPC-100,,Projected,0.9157,13573.33,48.0,,,,,,,
Staffing,Security Analyst,,,,,TCO_Projection,,,,,,,,,,,,,,,,,Nov,,,,,,,,,,,,,,,,,,,,,,,14822.42,0.0,0.0,,,,,,,,,,,,FY2029,11.0,0.0,,CC-WHPC-100,,Projected,0.9157,13573.33,48.0,,,,,,,
Staffing,Security Analyst,,,,,TCO_Projection,,,,,,,,,,,,,,,,,Dec,,,,,,,,,,,,,,,,,,,,,,,14822.42,0.0,0.0,,,,,,,,,,,,FY2029,12.0,0.0,,CC-WHPC-100,,Projected,0.9157,13573.33,48.0,,,,,,,
Staffing,User Support (2),,,,,TCO_Projection,,,,,,,,,,,,,,,,,Jan,,,,,,,,,,,,,,,,,,,,,,,20751.33,0.0,0.0,,,,,,,,,,,,FY2029,1.0,0.0,,CC-WHPC-100,,Projected,0.9157,19002.62,48.0,,,,,,,
Staffing,User Support (2),,,,,TCO_Projection,,,,,,,,,,,,,,,,,Feb,,,,,,,,,,,,,,,,,,,,,,,20751.33,0.0,0.0,,,,,,,,,,,,FY2029,2.0,0.0,,CC-WHPC-100,,Projected,0.9157,19002.62,48.0,,,,,,,
Staffing,User Support (2),,,,,TCO_Projection,,,,,,,,,,,,,,,,,Mar,,,,,,,,,,,,,,,,,,,,,,,20751.33,0.0,0.0,,,,,,,,,,,,FY2029,3.0,0.0,,CC-WHPC-100,,Projected,0.9157,19002.62,48.0,,,,,,,
Staffing,User Support (2),,,,,TCO_Projection,,,,,,,,,,,,,,,,,Apr,,,,,,,,,,,,,,,,,,,,,,,20751.33,0.0,0.0,,,,,,,,,,,,FY2029,4.0,0.0,,CC-WHPC-100,,Projected,0.9157,19002.62,48.0,,,,,,,
Staffing,User Support (2),,,,,TCO_Projection,,,,,,,,,,,,,,,,,May,,,,,,,,,,,,,,,,,,,,,,,20751.33,0.0,0.0,,,,,,,,,,,,FY2029,5.0,0.0,,CC-WHPC-100,,Projected,0.9157,19002.62,48.0,,,,,,,
Staffing,User Support (2),,,,,TCO_Projection,,,,,,,,,,,,,,,,,Jun,,,,,,,,,,,,,,,,,,,,,,,20751.33,0.0,0.0,,,,,,,,,,,,FY2029,6.0,0.0,,CC-WHPC-100,,Projected,0.9157,19002.62,48.0,,,,,,,
Staffing,User Support (2),,,,,TCO_Projection,,,,,,,,,,,,,,,,,Jul,,,,,,,,,,,,,,,,,,,,,,,20751.33,0.0,0.0,,,,,,,,,,,,FY2029,7.0,0.0,,CC-WHPC-100,,Projected,0.9157,19002.62,48.0,,,,,,,
Staffing,User Support (2),,,,,TCO_Projection,,,,,,,,,,,,,,,,,Aug,,,,,,,,,,,,,,,,,,,,,,,20751.33,0.0,0.0,,,,,,,,,,,,FY2029,8.0,0.0,,CC-WHPC-100,,Projected,0.9157,19002.62,48.0,,,,,,,
Staffing,User Support (2),,,,,TCO_Projection,,,,,,,,,,,,,,,,,Sep,,,,,,,,,,,,,,,,,,,,,,,20751.33,0.0,0.0,,,,,,,,,,,,FY2029,9.0,0.0,,CC-WHPC-100,,Projected,0.9157,19002.62,48.0,,,,,,,
Staffing,User Support (2),,,,,TCO_Projection,,,,,,,,,,,,,,,,,Oct,,,,,,,,,,,,,,,,,,,,,,,20751.33,0.0,0.0,,,,,,,,,,,,FY2029,10.0,0.0,,CC-WHPC-100,,Projected,0.9157,19002.62,48.0,,,,,,,
Staffing,User Support (2),,,,,TCO_Projection,,,,,,,,,,,,,,,,,Nov,,,,,,,,,,,,,,,,,,,,,,,20751.33,0.0,0.0,,,,,,,,,,,,FY2029,11.0,0.0,,CC-WHPC-100,,Projected,0.9157,19002.62,48.0,,,,,,,
Staffing,User Support (2),,,,,TCO_Projection,,,,,,,,,,,,,,,,,Dec,,,,,,,,,,,,,,,,,,,,,,,20751.33,0.0,0.0,,,,,,,,,,,,FY2029,12.0,0.0,,CC-WHPC-100,,Projected,0.9157,19002.62,48.0,,,,,,,
Staffing,Admin Coordinator,,,,,TCO_Projection,,,,,,,,,,,,,,,,,Jan,,,,,,,,,,,,,,,,,,,,,,,8354.42,0.0,0.0,,,,,,,,,,,,FY2029,1.0,0.0,,CC-WHPC-100,,Projected,0.9157,7650.39,48.0,,,,,,,
Staffing,Admin Coordinator,,,,,TCO_Projection,,,,,,,,,,,,,,,,,Feb,,,,,,,,,,,,,,,,,,,,,,,8354.42,0.0,0.0,,,,,,,,,,,,FY2029,2.0,0.0,,CC-WHPC-100,,Projected,0.9157,7650.39,48.0,,,,,,,
Staffing,Admin Coordinator,,,,,TCO_Projection,,,,,,,,,,,,,,,,,Mar,,,,,,,,,,,,,,,,,,,,,,,8354.42,0.0,0.0,,,,,,,,,,,,FY2029,3.0,0.0,,CC-WHPC-100,,Projected,0.9157,7650.39,48.0,,,,,,,
Staffing,Admin Coordinator,,,,,TCO_Projection,,,,,,,,,,,,,,,,,Apr,,,,,,,,,,,,,,,,,,,,,,,8354.42,0.0,0.0,,,,,,,,,,,,FY2029,4.0,0.0,,CC-WHPC-100,,Projected,0.9157,7650.39,48.0,,,,,,,
Staffing,Admin Coordinator,,,,,TCO_Projection,,,,,,,,,,,,,,,,,May,,,,,,,,,,,,,,,,,,,,,,,8354.42,0.0,0.0,,,,,,,,,,,,FY2029,5.0,0.0,,CC-WHPC-100,,Projected,0.9157,7650.39,48.0,,,,,,,
Staffing,Admin Coordinator,,,,,TCO_Projection,,,,,,,,,,,,,,,,,Jun,,,,,,,,,,,,,,,,,,,,,,,8354.42,0.0,0.0,,,,,,,,,,,,FY2029,6.0,0.0,,CC-WHPC-100,,Projected,0.9157,7650.39,48.0,,,,,,,
Staffing,Admin Coordinator,,,,,TCO_Projection,,,,,,,,,,,,,,,,,Jul,,,,,,,,,,,,,,,,,,,,,,,8354.42,0.0,0.0,,,,,,,,,,,,FY2029,7.0,0.0,,CC-WHPC-100,,Projected,0.9157,7650.39,48.0,,,,,,,
Staffing,Admin Coordinator,,,,,TCO_Projection,,,,,,,,,,,,,,,,,Aug,,,,,,,,,,,,,,,,,,,,,,,8354.42,0.0,0.0,,,,,,,,,,,,FY2029,8.0,0.0,,CC-WHPC-100,,Projected,0.9157,7650.39,48.0,,,,,,,
Staffing,Admin Coordinator,,,,,TCO_Projection,,,,,,,,,,,,,,,,,Sep,,,,,,,,,,,,,,,,,,,,,,,8354.42,0.0,0.0,,,,,,,,,,,,FY2029,9.0,0.0,,CC-WHPC-100,,Projected,0.9157,7650.39,48.0,,,,,,,
Staffing,Admin Coordinator,,,,,TCO_Projection,,,,,,,,,,,,,,,,,Oct,,,,,,,,,,,,,,,,,,,,,,,8354.42,0.0,0.0,,,,,,,,,,,,FY2029,10.0,0.0,,CC-WHPC-100,,Projected,0.9157,7650.39,48.0,,,,,,,
Staffing,Admin Coordinator,,,,,TCO_Projection,,,,,,,,,,,,,,,,,Nov,,,,,,,,,,,,,,,,,,,,,,,8354.42,0.0,0.0,,,,,,,,,,,,FY2029,11.0,0.0,,CC-WHPC-100,,Projected,0.9157,7650.39,48.0,,,,,,,
Staffing,Admin Coordinator,,,,,TCO_Projection,,,,,,,,,,,,,,,,,Dec,,,,,,,,,,,,,,,,,,,,,,,8354.42,0.0,0.0,,,,,,,,,,,,FY2029,12.0,0.0,,CC-WHPC-100,,Projected,0.9157,7650.39,48.0,,,,,,,
Staffing,Director,,,,,TCO_Projection,,,,,,,,,,,,,,,,,Jan,,,,,,,,,,,,,,,,,,,,,,,21721.58,0.0,0.0,,,,,,,,,,,,FY2030,1.0,0.0,,CC-WHPC-100,,Projected,0.8763,19034.55,48.0,,,,,,,
Staffing,Director,,,,,TCO_Projection,,,,,,,,,,,,,,,,,Feb,,,,,,,,,,,,,,,,,,,,,,,21721.58,0.0,0.0,,,,,,,,,,,,FY2030,2.0,0.0,,CC-WHPC-100,,Projected,0.8763,19034.55,48.0,,,,,,,
Staffing,Director,,,,,TCO_Projection,,,,,,,,,,,,,,,,,Mar,,,,,,,,,,,,,,,,,,,,,,,21721.58,0.0,0.0,,,,,,,,,,,,FY2030,3.0,0.0,,CC-WHPC-100,,Projected,0.8763,19034.55,48.0,,,,,,,
Staffing,Director,,,,,TCO_Projection,,,,,,,,,,,,,,,,,Apr,,,,,,,,,,,,,,,,,,,,,,,21721.58,0.0,0.0,,,,,,,,,,,,FY2030,4.0,0.0,,CC-WHPC-100,,Projected,0.8763,19034.55,48.0,,,,,,,
Staffing,Director,,,,,TCO_Projection,,,,,,,,,,,,,,,,,May,,,,,,,,,,,,,,,,,,,,,,,21721.58,0.0,0.0,,,,,,,,,,,,FY2030,5.0,0.0,,CC-WHPC-100,,Projected,0.8763,19034.55,48.0,,,,,,,
Staffing,Director,,,,,TCO_Projection,,,,,,,,,,,,,,,,,Jun,,,,,,,,,,,,,,,,,,,,,,,21721.58,0.0,0.0,,,,,,,,,,,,FY2030,6.0,0.0,,CC-WHPC-100,,Projected,0.8763,19034.55,48.0,,,,,,,
Staffing,Director,,,,,TCO_Projection,,,,,,,,,,,,,,,,,Jul,,,,,,,,,,,,,,,,,,,,,,,21721.58,0.0,0.0,,,,,,,,,,,,FY2030,7.0,0.0,,CC-WHPC-100,,Projected,0.8763,19034.55,48.0,,,,,,,
Staffing,Director,,,,,TCO_Projection,,,,,,,,,,,,,,,,,Aug,,,,,,,,,,,,,,,,,,,,,,,21721.58,0.0,0.0,,,,,,,,,,,,FY2030,8.0,0.0,,CC-WHPC-100,,Projected,0.8763,19034.55,48.0,,,,,,,
Staffing,Director,,,,,TCO_Projection,,,,,,,,,,,,,,,,,Sep,,,,,,,,,,,,,,,,,,,,,,,21721.58,0.0,0.0,,,,,,,,,,,,FY2030,9.0,0.0,,CC-WHPC-100,,Projected,0.8763,19034.55,48.0,,,,,,,
Staffing,Director,,,,,TCO_Projection,,,,,,,,,,,,,,,,,Oct,,,,,,,,,,,,,,,,,,,,,,,21721.58,0.0,0.0,,,,,,,,,,,,FY2030,10.0,0.0,,CC-WHPC-100,,Projected,0.8763,19034.55,48.0,,,,,,,
Staffing,Director,,,,,TCO_Projection,,,,,,,,,,,,,,,,,Nov,,,,,,,,,,,,,,,,,,,,,,,21721.58,0.0,0.0,,,,,,,,,,,,FY2030,11.0,0.0,,CC-WHPC-100,,Projected,0.8763,19034.55,48.0,,,,,,,
Staffing,Director,,,,,TCO_Projection,,,,,,,,,,,,,,,,,Dec,,,,,,,,,,,,,,,,,,,,,,,21721.58,0.0,0.0,,,,,,,,,,,,FY2030,12.0,0.0,,CC-WHPC-100,,Projected,0.8763,19034.55,48.0,,,,,,,
Staffing,Sr SysAdmin (3),,,,,TCO_Projection,,,,,,,,,,,,,,,,,Jan,,,,,,,,,,,,,,,,,,,,,,,51431.0,0.0,0.0,,,,,,,,,,,,FY2030,1.0,0.0,,CC-WHPC-100,,Projected,0.8763,45068.81,48.0,,,,,,,
Staffing,Sr SysAdmin (3),,,,,TCO_Projection,,,,,,,,,,,,,,,,,Feb,,,,,,,,,,,,,,,,,,,,,,,51431.0,0.0,0.0,,,,,,,,,,,,FY2030,2.0,0.0,,CC-WHPC-100,,Projected,0.8763,45068.81,48.0,,,,,,,
Staffing,Sr SysAdmin (3),,,,,TCO_Projection,,,,,,,,,,,,,,,,,Mar,,,,,,,,,,,,,,,,,,,,,,,51431.0,0.0,0.0,,,,,,,,,,,,FY2030,3.0,0.0,,CC-WHPC-100,,Projected,0.8763,45068.81,48.0,,,,,,,
Staffing,Sr SysAdmin (3),,,,,TCO_Projection,,,,,,,,,,,,,,,,,Apr,,,,,,,,,,,,,,,,,,,,,,,51431.0,0.0,0.0,,,,,,,,,,,,FY2030,4.0,0.0,,CC-WHPC-100,,Projected,0.8763,45068.81,48.0,,,,,,,
Staffing,Sr SysAdmin (3),,,,,TCO_Projection,,,,,,,,,,,,,,,,,May,,,,,,,,,,,,,,,,,,,,,,,51431.0,0.0,0.0,,,,,,,,,,,,FY2030,5.0,0.0,,CC-WHPC-100,,Projected,0.8763,45068.81,48.0,,,,,,,
Staffing,Sr SysAdmin (3),,,,,TCO_Projection,,,,,,,,,,,,,,,,,Jun,,,,,,,,,,,,,,,,,,,,,,,51431.0,0.0,0.0,,,,,,,,,,,,FY2030,6.0,0.0,,CC-WHPC-100,,Projected,0.8763,45068.81,48.0,,,,,,,
Staffing,Sr SysAdmin (3),,,,,TCO_Projection,,,,,,,,,,,,,,,,,Jul,,,,,,,,,,,,,,,,,,,,,,,51431.0,0.0,0.0,,,,,,,,,,,,FY2030,7.0,0.0,,CC-WHPC-100,,Projected,0.8763,45068.81,48.0,,,,,,,
Staffing,Sr SysAdmin (3),,,,,TCO_Projection,,,,,,,,,,,,,,,,,Aug,,,,,,,,,,,,,,,,,,,,,,,51431.0,0.0,0.0,,,,,,,,,,,,FY2030,8.0,0.0,,CC-WHPC-100,,Projected,0.8763,45068.81,48.0,,,,,,,
Staffing,Sr SysAdmin (3),,,,,TCO_Projection,,,,,,,,,,,,,,,,,Sep,,,,,,,,,,,,,,,,,,,,,,,51431.0,0.0,0.0,,,,,,,,,,,,FY2030,9.0,0.0,,CC-WHPC-100,,Projected,0.8763,45068.81,48.0,,,,,,,
Staffing,Sr SysAdmin (3),,,,,TCO_Projection,,,,,,,,,,,,,,,,,Oct,,,,,,,,,,,,,,,,,,,,,,,51431.0,0.0,0.0,,,,,,,,,,,,FY2030,10.0,0.0,,CC-WHPC-100,,Projected,0.8763,45068.81,48.0,,,,,,,
Staffing,Sr SysAdmin (3),,,,,TCO_Projection,,,,,,,,,,,,,,,,,Nov,,,,,,,,,,,,,,,,,,,,,,,51431.0,0.0,0.0,,,,,,,,,,,,FY2030,11.0,0.0,,CC-WHPC-100,,Projected,0.8763,45068.81,48.0,,,,,,,
Staffing,Sr SysAdmin (3),,,,,TCO_Projection,,,,,,,,,,,,,,,,,Dec,,,,,,,,,,,,,,,,,,,,,,,51431.0,0.0,0.0,,,,,,,,,,,,FY2030,12.0,0.0,,CC-WHPC-100,,Projected,0.8763,45068.81,48.0,,,,,,,
Staffing,SysAdmin (2),,,,,TCO_Projection,,,,,,,,,,,,,,,,,Jan,,,,,,,,,,,,,,,,,,,,,,,26206.0,0.0,0.0,,,,,,,,,,,,FY2030,1.0,0.0,,CC-WHPC-100,,Projected,0.8763,22964.23,48.0,,,,,,,
Staffing,SysAdmin (2),,,,,TCO_Projection,,,,,,,,,,,,,,,,,Feb,,,,,,,,,,,,,,,,,,,,,,,26206.0,0.0,0.0,,,,,,,,,,,,FY2030,2.0,0.0,,CC-WHPC-100,,Projected,0.8763,22964.23,48.0,,,,,,,
Staffing,SysAdmin (2),,,,,TCO_Projection,,,,,,,,,,,,,,,,,Mar,,,,,,,,,,,,,,,,,,,,,,,26206.0,0.0,0.0,,,,,,,,,,,,FY2030,3.0,0.0,,CC-WHPC-100,,Projected,0.8763,22964.23,48.0,,,,,,,
Staffing,SysAdmin (2),,,,,TCO_Projection,,,,,,,,,,,,,,,,,Apr,,,,,,,,,,,,,,,,,,,,,,,26206.0,0.0,0.0,,,,,,,,,,,,FY2030,4.0,0.0,,CC-WHPC-100,,Projected,0.8763,22964.23,48.0,,,,,,,
Staffing,SysAdmin (2),,,,,TCO_Projection,,,,,,,,,,,,,,,,,May,,,,,,,,,,,,,,,,,,,,,,,26206.0,0.0,0.0,,,,,,,,,,,,FY2030,5.0,0.0,,CC-WHPC-100,,Projected,0.8763,22964.23,48.0,,,,,,,
Staffing,SysAdmin (2),,,,,TCO_Projection,,,,,,,,,,,,,,,,,Jun,,,,,,,,,,,,,,,,,,,,,,,26206.0,0.0,0.0,,,,,,,,,,,,FY2030,6.0,0.0,,CC-WHPC-100,,Projected,0.8763,22964.23,48.0,,,,,,,
Staffing,SysAdmin (2),,,,,TCO_Projection,,,,,,,,,,,,,,,,,Jul,,,,,,,,,,,,,,,,,,,,,,,26206.0,0.0,0.0,,,,,,,,,,,,FY2030,7.0,0.0,,CC-WHPC-100,,Projected,0.8763,22964.23,48.0,,,,,,,
Staffing,SysAdmin (2),,,,,TCO_Projection,,,,,,,,,,,,,,,,,Aug,,,,,,,,,,,,,,,,,,,,,,,26206.0,0.0,0.0,,,,,,,,,,,,FY2030,8.0,0.0,,CC-WHPC-100,,Projected,0.8763,22964.23,48.0,,,,,,,
Staffing,SysAdmin (2),,,,,TCO_Projection,,,,,,,,,,,,,,,,,Sep,,,,,,,,,,,,,,,,,,,,,,,26206.0,0.0,0.0,,,,,,,,,,,,FY2030,9.0,0.0,,CC-WHPC-100,,Projected,0.8763,22964.23,48.0,,,,,,,
Staffing,SysAdmin (2),,,,,TCO_Projection,,,,,,,,,,,,,,,,,Oct,,,,,,,,,,,,,,,,,,,,,,,26206.0,0.0,0.0,,,,,,,,,,,,FY2030,10.0,0.0,,CC-WHPC-100,,Projected,0.8763,22964.23,48.0,,,,,,,
Staffing,SysAdmin (2),,,,,TCO_Projection,,,,,,,,,,,,,,,,,Nov,,,,,,,,,,,,,,,,,,,,,,,26206.0,0.0,0.0,,,,,,,,,,,,FY2030,11.0,0.0,,CC-WHPC-100,,Projected,0.8763,22964.23,48.0,,,,,,,
Staffing,SysAdmin (2),,,,,TCO_Projection,,,,,,,,,,,,,,,,,Dec,,,,,,,,,,,,,,,,,,,,,,,26206.0,0.0,0.0,,,,,,,,,,,,FY2030,12.0,0.0,,CC-WHPC-100,,Projected,0.8763,22964.23,48.0,,,,,,,
Staffing,Storage Admin,,,,,TCO_Projection,,,,,,,,,,,,,,,,,Jan,,,,,,,,,,,,,,,,,,,,,,,16116.0,0.0,0.0,,,,,,,,,,,,FY2030,1.0,0.0,,CC-WHPC-100,,Projected,0.8763,14122.4,48.0,,,,,,,
Staffing,Storage Admin,,,,,TCO_Projection,,,,,,,,,,,,,,,,,Feb,,,,,,,,,,,,,,,,,,,,,,,16116.0,0.0,0.0,,,,,,,,,,,,FY2030,2.0,0.0,,CC-WHPC-100,,Projected,0.8763,14122.4,48.0,,,,,,,
Staffing,Storage Admin,,,,,TCO_Projection,,,,,,,,,,,,,,,,,Mar,,,,,,,,,,,,,,,,,,,,,,,16116.0,0.0,0.0,,,,,,,,,,,,FY2030,3.0,0.0,,CC-WHPC-100,,Projected,0.8763,14122.4,48.0,,,,,,,
Staffing,Storage Admin,,,,,TCO_Projection,,,,,,,,,,,,,,,,,Apr,,,,,,,,,,,,,,,,,,,,,,,16116.0,0.0,0.0,,,,,,,,,,,,FY2030,4.0,0.0,,CC-WHPC-100,,Projected,0.8763,14122.4,48.0,,,,,,,
Staffing,Storage Admin,,,,,TCO_Projection,,,,,,,,,,,,,,,,,May,,,,,,,,,,,,,,,,,,,,,,,16116.0,0.0,0.0,,,,,,,,,,,,FY2030,5.0,0.0,,CC-WHPC-100,,Projected,0.8763,14122.4,48.0,,,,,,,
Staffing,Storage Admin,,,,,TCO_Projection,,,,,,,,,,,,,,,,,Jun,,,,,,,,,,,,,,,,,,,,,,,16116.0,0.0,0.0,,,,,,,,,,,,FY2030,6.0,0.0,,CC-WHPC-100,,Projected,0.8763,14122.4,48.0,,,,,,,
Staffing,Storage Admin,,,,,TCO_Projection,,,,,,,,,,,,,,,,,Jul,,,,,,,,,,,,,,,,,,,,,,,16116.0,0.0,0.0,,,,,,,,,,,,FY2030,7.0,0.0,,CC-WHPC-100,,Projected,0.8763,14122.4,48.0,,,,,,,
Staffing,Storage Admin,,,,,TCO_Projection,,,,,,,,,,,,,,,,,Aug,,,,,,,,,,,,,,,,,,,,,,,16116.0,0.0,0.0,,,,,,,,,,,,FY2030,8.0,0.0,,CC-WHPC-100,,Projected,0.8763,14122.4,48.0,,,,,,,
Staffing,Storage Admin,,,,,TCO_Projection,,,,,,,,,,,,,,,,,Sep,,,,,,,,,,,,,,,,,,,,,,,16116.0,0.0,0.0,,,,,,,,,,,,FY2030,9.0,0.0,,CC-WHPC-100,,Projected,0.8763,14122.4,48.0,,,,,,,
Staffing,Storage Admin,,,,,TCO_Projection,,,,,,,,,,,,,,,,,Oct,,,,,,,,,,,,,,,,,,,,,,,16116.0,0.0,0.0,,,,,,,,,,,,FY2030,10.0,0.0,,CC-WHPC-100,,Projected,0.8763,14122.4,48.0,,,,,,,
Staffing,Storage Admin,,,,,TCO_Projection,,,,,,,,,,,,,,,,,Nov,,,,,,,,,,,,,,,,,,,,,,,16116.0,0.0,0.0,,,,,,,,,,,,FY2030,11.0,0.0,,CC-WHPC-100,,Projected,0.8763,14122.4,48.0,,,,,,,
Staffing,Storage Admin,,,,,TCO_Projection,,,,,,,,,,,,,,,,,Dec,,,,,,,,,,,,,,,,,,,,,,,16116.0,0.0,0.0,,,,,,,,,,,,FY2030,12.0,0.0,,CC-WHPC-100,,Projected,0.8763,14122.4,48.0,,,,,,,
Staffing,Network Engineer,,,,,TCO_Projection,,,,,,,,,,,,,,,,,Jan,,,,,,,,,,,,,,,,,,,,,,,16536.42,0.0,0.0,,,,,,,,,,,,FY2030,1.0,0.0,,CC-WHPC-100,,Projected,0.8763,14490.81,48.0,,,,,,,
Staffing,Network Engineer,,,,,TCO_Projection,,,,,,,,,,,,,,,,,Feb,,,,,,,,,,,,,,,,,,,,,,,16536.42,0.0,0.0,,,,,,,,,,,,FY2030,2.0,0.0,,CC-WHPC-100,,Projected,0.8763,14490.81,48.0,,,,,,,
Staffing,Network Engineer,,,,,TCO_Projection,,,,,,,,,,,,,,,,,Mar,,,,,,,,,,,,,,,,,,,,,,,16536.42,0.0,0.0,,,,,,,,,,,,FY2030,3.0,0.0,,CC-WHPC-100,,Projected,0.8763,14490.81,48.0,,,,,,,
Staffing,Network Engineer,,,,,TCO_Projection,,,,,,,,,,,,,,,,,Apr,,,,,,,,,,,,,,,,,,,,,,,16536.42,0.0,0.0,,,,,,,,,,,,FY2030,4.0,0.0,,CC-WHPC-100,,Projected,0.8763,14490.81,48.0,,,,,,,
Staffing,Network Engineer,,,,,TCO_Projection,,,,,,,,,,,,,,,,,May,,,,,,,,,,,,,,,,,,,,,,,16536.42,0.0,0.0,,,,,,,,,,,,FY2030,5.0,0.0,,CC-WHPC-100,,Projected,0.8763,14490.81,48.0,,,,,,,
Staffing,Network Engineer,,,,,TCO_Projection,,,,,,,,,,,,,,,,,Jun,,,,,,,,,,,,,,,,,,,,,,,16536.42,0.0,0.0,,,,,,,,,,,,FY2030,6.0,0.0,,CC-WHPC-100,,Projected,0.8763,14490.81,48.0,,,,,,,
Staffing,Network Engineer,,,,,TCO_Projection,,,,,,,,,,,,,,,,,Jul,,,,,,,,,,,,,,,,,,,,,,,16536.42,0.0,0.0,,,,,,,,,,,,FY2030,7.0,0.0,,CC-WHPC-100,,Projected,0.8763,14490.81,48.0,,,,,,,
Staffing,Network Engineer,,,,,TCO_Projection,,,,,,,,,,,,,,,,,Aug,,,,,,,,,,,,,,,,,,,,,,,16536.42,0.0,0.0,,,,,,,,,,,,FY2030,8.0,0.0,,CC-WHPC-100,,Projected,0.8763,14490.81,48.0,,,,,,,
Staffing,Network Engineer,,,,,TCO_Projection,,,,,,,,,,,,,,,,,Sep,,,,,,,,,,,,,,,,,,,,,,,16536.42,0.0,0.0,,,,,,,,,,,,FY2030,9.0,0.0,,CC-WHPC-100,,Projected,0.8763,14490.81,48.0,,,,,,,
Staffing,Network Engineer,,,,,TCO_Projection,,,,,,,,,,,,,,,,,Oct,,,,,,,,,,,,,,,,,,,,,,,16536.42,0.0,0.0,,,,,,,,,,,,FY2030,10.0,0.0,,CC-WHPC-100,,Projected,0.8763,14490.81,48.0,,,,,,,
Staffing,Network Engineer,,,,,TCO_Projection,,,,,,,,,,,,,,,,,Nov,,,,,,,,,,,,,,,,,,,,,,,16536.42,0.0,0.0,,,,,,,,,,,,FY2030,11.0,0.0,,CC-WHPC-100,,Projected,0.8763,14490.81,48.0,,,,,,,
Staffing,Network Engineer,,,,,TCO_Projection,,,,,,,,,,,,,,,,,Dec,,,,,,,,,,,,,,,,,,,,,,,16536.42,0.0,0.0,,,,,,,,,,,,FY2030,12.0,0.0,,CC-WHPC-100,,Projected,0.8763,14490.81,48.0,,,,,,,
Staffing,Security Analyst,,,,,TCO_Projection,,,,,,,,,,,,,,,,,Jan,,,,,,,,,,,,,,,,,,,,,,,15415.25,0.0,0.0,,,,,,,,,,,,FY2030,1.0,0.0,,CC-WHPC-100,,Projected,0.8763,13508.33,48.0,,,,,,,
Staffing,Security Analyst,,,,,TCO_Projection,,,,,,,,,,,,,,,,,Feb,,,,,,,,,,,,,,,,,,,,,,,15415.25,0.0,0.0,,,,,,,,,,,,FY2030,2.0,0.0,,CC-WHPC-100,,Projected,0.8763,13508.33,48.0,,,,,,,
Staffing,Security Analyst,,,,,TCO_Projection,,,,,,,,,,,,,,,,,Mar,,,,,,,,,,,,,,,,,,,,,,,15415.25,0.0,0.0,,,,,,,,,,,,FY2030,3.0,0.0,,CC-WHPC-100,,Projected,0.8763,13508.33,48.0,,,,,,,
Staffing,Security Analyst,,,,,TCO_Projection,,,,,,,,,,,,,,,,,Apr,,,,,,,,,,,,,,,,,,,,,,,15415.25,0.0,0.0,,,,,,,,,,,,FY2030,4.0,0.0,,CC-WHPC-100,,Projected,0.8763,13508.33,48.0,,,,,,,
Staffing,Security Analyst,,,,,TCO_Projection,,,,,,,,,,,,,,,,,May,,,,,,,,,,,,,,,,,,,,,,,15415.25,0.0,0.0,,,,,,,,,,,,FY2030,5.0,0.0,,CC-WHPC-100,,Projected,0.8763,13508.33,48.0,,,,,,,
Staffing,Security Analyst,,,,,TCO_Projection,,,,,,,,,,,,,,,,,Jun,,,,,,,,,,,,,,,,,,,,,,,15415.25,0.0,0.0,,,,,,,,,,,,FY2030,6.0,0.0,,CC-WHPC-100,,Projected,0.8763,13508.33,48.0,,,,,,,
Staffing,Security Analyst,,,,,TCO_Projection,,,,,,,,,,,,,,,,,Jul,,,,,,,,,,,,,,,,,,,,,,,15415.25,0.0,0.0,,,,,,,,,,,,FY2030,7.0,0.0,,CC-WHPC-100,,Projected,0.8763,13508.33,48.0,,,,,,,
Staffing,Security Analyst,,,,,TCO_Projection,,,,,,,,,,,,,,,,,Aug,,,,,,,,,,,,,,,,,,,,,,,15415.25,0.0,0.0,,,,,,,,,,,,FY2030,8.0,0.0,,CC-WHPC-100,,Projected,0.8763,13508.33,48.0,,,,,,,
Staffing,Security Analyst,,,,,TCO_Projection,,,,,,,,,,,,,,,,,Sep,,,,,,,,,,,,,,,,,,,,,,,15415.25,0.0,0.0,,,,,,,,,,,,FY2030,9.0,0.0,,CC-WHPC-100,,Projected,0.8763,13508.33,48.0,,,,,,,
Staffing,Security Analyst,,,,,TCO_Projection,,,,,,,,,,,,,,,,,Oct,,,,,,,,,,,,,,,,,,,,,,,15415.25,0.0,0.0,,,,,,,,,,,,FY2030,10.0,0.0,,CC-WHPC-100,,Projected,0.8763,13508.33,48.0,,,,,,,
Staffing,Security Analyst,,,,,TCO_Projection,,,,,,,,,,,,,,,,,Nov,,,,,,,,,,,,,,,,,,,,,,,15415.25,0.0,0.0,,,,,,,,,,,,FY2030,11.0,0.0,,CC-WHPC-100,,Projected,0.8763,13508.33,48.0,,,,,,,
Staffing,Security Analyst,,,,,TCO_Projection,,,,,,,,,,,,,,,,,Dec,,,,,,,,,,,,,,,,,,,,,,,15415.25,0.0,0.0,,,,,,,,,,,,FY2030,12.0,0.0,,CC-WHPC-100,,Projected,0.8763,13508.33,48.0,,,,,,,
Staffing,User Support (2),,,,,TCO_Projection,,,,,,,,,,,,,,,,,Jan,,,,,,,,,,,,,,,,,,,,,,,21581.42,0.0,0.0,,,,,,,,,,,,FY2030,1.0,0.0,,CC-WHPC-100,,Projected,0.8763,18911.72,48.0,,,,,,,
Staffing,User Support (2),,,,,TCO_Projection,,,,,,,,,,,,,,,,,Feb,,,,,,,,,,,,,,,,,,,,,,,21581.42,0.0,0.0,,,,,,,,,,,,FY2030,2.0,0.0,,CC-WHPC-100,,Projected,0.8763,18911.72,48.0,,,,,,,
Staffing,User Support (2),,,,,TCO_Projection,,,,,,,,,,,,,,,,,Mar,,,,,,,,,,,,,,,,,,,,,,,21581.42,0.0,0.0,,,,,,,,,,,,FY2030,3.0,0.0,,CC-WHPC-100,,Projected,0.8763,18911.72,48.0,,,,,,,
Staffing,User Support (2),,,,,TCO_Projection,,,,,,,,,,,,,,,,,Apr,,,,,,,,,,,,,,,,,,,,,,,21581.42,0.0,0.0,,,,,,,,,,,,FY2030,4.0,0.0,,CC-WHPC-100,,Projected,0.8763,18911.72,48.0,,,,,,,
Staffing,User Support (2),,,,,TCO_Projection,,,,,,,,,,,,,,,,,May,,,,,,,,,,,,,,,,,,,,,,,21581.42,0.0,0.0,,,,,,,,,,,,FY2030,5.0,0.0,,CC-WHPC-100,,Projected,0.8763,18911.72,48.0,,,,,,,
Staffing,User Support (2),,,,,TCO_Projection,,,,,,,,,,,,,,,,,Jun,,,,,,,,,,,,,,,,,,,,,,,21581.42,0.0,0.0,,,,,,,,,,,,FY2030,6.0,0.0,,CC-WHPC-100,,Projected,0.8763,18911.72,48.0,,,,,,,
Staffing,User Support (2),,,,,TCO_Projection,,,,,,,,,,,,,,,,,Jul,,,,,,,,,,,,,,,,,,,,,,,21581.42,0.0,0.0,,,,,,,,,,,,FY2030,7.0,0.0,,CC-WHPC-100,,Projected,0.8763,18911.72,48.0,,,,,,,
Staffing,User Support (2),,,,,TCO_Projection,,,,,,,,,,,,,,,,,Aug,,,,,,,,,,,,,,,,,,,,,,,21581.42,0.0,0.0,,,,,,,,,,,,FY2030,8.0,0.0,,CC-WHPC-100,,Projected,0.8763,18911.72,48.0,,,,,,,
Staffing,User Support (2),,,,,TCO_Projection,,,,,,,,,,,,,,,,,Sep,,,,,,,,,,,,,,,,,,,,,,,21581.42,0.0,0.0,,,,,,,,,,,,FY2030,9.0,0.0,,CC-WHPC-100,,Projected,0.8763,18911.72,48.0,,,,,,,
Staffing,User Support (2),,,,,TCO_Projection,,,,,,,,,,,,,,,,,Oct,,,,,,,,,,,,,,,,,,,,,,,21581.42,0.0,0.0,,,,,,,,,,,,FY2030,10.0,0.0,,CC-WHPC-100,,Projected,0.8763,18911.72,48.0,,,,,,,
Staffing,User Support (2),,,,,TCO_Projection,,,,,,,,,,,,,,,,,Nov,,,,,,,,,,,,,,,,,,,,,,,21581.42,0.0,0.0,,,,,,,,,,,,FY2030,11.0,0.0,,CC-WHPC-100,,Projected,0.8763,18911.72,48.0,,,,,,,
Staffing,User Support (2),,,,,TCO_Projection,,,,,,,,,,,,,,,,,Dec,,,,,,,,,,,,,,,,,,,,,,,21581.42,0.0,0.0,,,,,,,,,,,,FY2030,12.0,0.0,,CC-WHPC-100,,Projected,0.8763,18911.72,48.0,,,,,,,
Staffing,Admin Coordinator,,,,,TCO_Projection,,,,,,,,,,,,,,,,,Jan,,,,,,,,,,,,,,,,,,,,,,,8688.58,0.0,0.0,,,,,,,,,,,,FY2030,1.0,0.0,,CC-WHPC-100,,Projected,0.8763,7613.78,48.0,,,,,,,
Staffing,Admin Coordinator,,,,,TCO_Projection,,,,,,,,,,,,,,,,,Feb,,,,,,,,,,,,,,,,,,,,,,,8688.58,0.0,0.0,,,,,,,,,,,,FY2030,2.0,0.0,,CC-WHPC-100,,Projected,0.8763,7613.78,48.0,,,,,,,
Staffing,Admin Coordinator,,,,,TCO_Projection,,,,,,,,,,,,,,,,,Mar,,,,,,,,,,,,,,,,,,,,,,,8688.58,0.0,0.0,,,,,,,,,,,,FY2030,3.0,0.0,,CC-WHPC-100,,Projected,0.8763,7613.78,48.0,,,,,,,
Staffing,Admin Coordinator,,,,,TCO_Projection,,,,,,,,,,,,,,,,,Apr,,,,,,,,,,,,,,,,,,,,,,,8688.58,0.0,0.0,,,,,,,,,,,,FY2030,4.0,0.0,,CC-WHPC-100,,Projected,0.8763,7613.78,48.0,,,,,,,
Staffing,Admin Coordinator,,,,,TCO_Projection,,,,,,,,,,,,,,,,,May,,,,,,,,,,,,,,,,,,,,,,,8688.58,0.0,0.0,,,,,,,,,,,,FY2030,5.0,0.0,,CC-WHPC-100,,Projected,0.8763,7613.78,48.0,,,,,,,
Staffing,Admin Coordinator,,,,,TCO_Projection,,,,,,,,,,,,,,,,,Jun,,,,,,,,,,,,,,,,,,,,,,,8688.58,0.0,0.0,,,,,,,,,,,,FY2030,6.0,0.0,,CC-WHPC-100,,Projected,0.8763,7613.78,48.0,,,,,,,
Staffing,Admin Coordinator,,,,,TCO_Projection,,,,,,,,,,,,,,,,,Jul,,,,,,,,,,,,,,,,,,,,,,,8688.58,0.0,0.0,,,,,,,,,,,,FY2030,7.0,0.0,,CC-WHPC-100,,Projected,0.8763,7613.78,48.0,,,,,,,
Staffing,Admin Coordinator,,,,,TCO_Projection,,,,,,,,,,,,,,,,,Aug,,,,,,,,,,,,,,,,,,,,,,,8688.58,0.0,0.0,,,,,,,,,,,,FY2030,8.0,0.0,,CC-WHPC-100,,Projected,0.8763,7613.78,48.0,,,,,,,
Staffing,Admin Coordinator,,,,,TCO_Projection,,,,,,,,,,,,,,,,,Sep,,,,,,,,,,,,,,,,,,,,,,,8688.58,0.0,0.0,,,,,,,,,,,,FY2030,9.0,0.0,,CC-WHPC-100,,Projected,0.8763,7613.78,48.0,,,,,,,
Staffing,Admin Coordinator,,,,,TCO_Projection,,,,,,,,,,,,,,,,,Oct,,,,,,,,,,,,,,,,,,,,,,,8688.58,0.0,0.0,,,,,,,,,,,,FY2030,10.0,0.0,,CC-WHPC-100,,Projected,0.8763,7613.78,48.0,,,,,,,
Staffing,Admin Coordinator,,,,,TCO_Projection,,,,,,,,,,,,,,,,,Nov,,,,,,,,,,,,,,,,,,,,,,,8688.58,0.0,0.0,,,,,,,,,,,,FY2030,11.0,0.0,,CC-WHPC-100,,Projected,0.8763,7613.78,48.0,,,,,,,
Staffing,Admin Coordinator,,,,,TCO_Projection,,,,,,,,,,,,,,,,,Dec,,,,,,,,,,,,,,,,,,,,,,,8688.58,0.0,0.0,,,,,,,,,,,,FY2030,12.0,0.0,,CC-WHPC-100,,Projected,0.8763,7613.78,48.0,,,,,,,
Facilities,Generator Fuel,,,,,TCO_Projection,,,,,,,,,,,,,,,,,Apr,,,,,,,,,,,,,,,,,,,,,,,1293.58,0.0,0.0,,,,,,,,,,,,FY2030,4.0,0.0,,CC-WHPC-100,,Projected,0.8763,1133.56,,,,,,,,
Staffing,Director,,,,,TCO_Projection,,,,,,,,,,,,,,,,,Jan,,,,,,,,,,,,,,,,,,,,,,,22590.42,0.0,0.0,,,,,,,,,,,,FY2031,1.0,0.0,,CC-WHPC-100,,Projected,0.8386,18943.45,48.0,,,,,,,
Staffing,Director,,,,,TCO_Projection,,,,,,,,,,,,,,,,,Feb,,,,,,,,,,,,,,,,,,,,,,,22590.42,0.0,0.0,,,,,,,,,,,,FY2031,2.0,0.0,,CC-WHPC-100,,Projected,0.8386,18943.45,48.0,,,,,,,
Staffing,Director,,,,,TCO_Projection,,,,,,,,,,,,,,,,,Mar,,,,,,,,,,,,,,,,,,,,,,,22590.42,0.0,0.0,,,,,,,,,,,,FY2031,3.0,0.0,,CC-WHPC-100,,Projected,0.8386,18943.45,48.0,,,,,,,
Staffing,Director,,,,,TCO_Projection,,,,,,,,,,,,,,,,,Apr,,,,,,,,,,,,,,,,,,,,,,,22590.42,0.0,0.0,,,,,,,,,,,,FY2031,4.0,0.0,,CC-WHPC-100,,Projected,0.8386,18943.45,48.0,,,,,,,
Staffing,Director,,,,,TCO_Projection,,,,,,,,,,,,,,,,,May,,,,,,,,,,,,,,,,,,,,,,,22590.42,0.0,0.0,,,,,,,,,,,,FY2031,5.0,0.0,,CC-WHPC-100,,Projected,0.8386,18943.45,48.0,,,,,,,
Staffing,Director,,,,,TCO_Projection,,,,,,,,,,,,,,,,,Jun,,,,,,,,,,,,,,,,,,,,,,,22590.42,0.0,0.0,,,,,,,,,,,,FY2031,6.0,0.0,,CC-WHPC-100,,Projected,0.8386,18943.45,48.0,,,,,,,
Staffing,Director,,,,,TCO_Projection,,,,,,,,,,,,,,,,,Jul,,,,,,,,,,,,,,,,,,,,,,,22590.42,0.0,0.0,,,,,,,,,,,,FY2031,7.0,0.0,,CC-WHPC-100,,Projected,0.8386,18943.45,48.0,,,,,,,
Staffing,Director,,,,,TCO_Projection,,,,,,,,,,,,,,,,,Aug,,,,,,,,,,,,,,,,,,,,,,,22590.42,0.0,0.0,,,,,,,,,,,,FY2031,8.0,0.0,,CC-WHPC-100,,Projected,0.8386,18943.45,48.0,,,,,,,
Staffing,Director,,,,,TCO_Projection,,,,,,,,,,,,,,,,,Sep,,,,,,,,,,,,,,,,,,,,,,,22590.42,0.0,0.0,,,,,,,,,,,,FY2031,9.0,0.0,,CC-WHPC-100,,Projected,0.8386,18943.45,48.0,,,,,,,
Staffing,Director,,,,,TCO_Projection,,,,,,,,,,,,,,,,,Oct,,,,,,,,,,,,,,,,,,,,,,,22590.42,0.0,0.0,,,,,,,,,,,,FY2031,10.0,0.0,,CC-WHPC-100,,Projected,0.8386,18943.45,48.0,,,,,,,
Staffing,Director,,,,,TCO_Projection,,,,,,,,,,,,,,,,,Nov,,,,,,,,,,,,,,,,,,,,,,,22590.42,0.0,0.0,,,,,,,,,,,,FY2031,11.0,0.0,,CC-WHPC-100,,Projected,0.8386,18943.45,48.0,,,,,,,
Staffing,Director,,,,,TCO_Projection,,,,,,,,,,,,,,,,,Dec,,,,,,,,,,,,,,,,,,,,,,,22590.42,0.0,0.0,,,,,,,,,,,,FY2031,12.0,0.0,,CC-WHPC-100,,Projected,0.8386,18943.45,48.0,,,,,,,
Staffing,Sr SysAdmin (3),,,,,TCO_Projection,,,,,,,,,,,,,,,,,Jan,,,,,,,,,,,,,,,,,,,,,,,53488.25,0.0,0.0,,,,,,,,,,,,FY2031,1.0,0.0,,CC-WHPC-100,,Projected,0.8386,44853.18,48.0,,,,,,,
Staffing,Sr SysAdmin (3),,,,,TCO_Projection,,,,,,,,,,,,,,,,,Feb,,,,,,,,,,,,,,,,,,,,,,,53488.25,0.0,0.0,,,,,,,,,,,,FY2031,2.0,0.0,,CC-WHPC-100,,Projected,0.8386,44853.18,48.0,,,,,,,
Staffing,Sr SysAdmin (3),,,,,TCO_Projection,,,,,,,,,,,,,,,,,Mar,,,,,,,,,,,,,,,,,,,,,,,53488.25,0.0,0.0,,,,,,,,,,,,FY2031,3.0,0.0,,CC-WHPC-100,,Projected,0.8386,44853.18,48.0,,,,,,,
Staffing,Sr SysAdmin (3),,,,,TCO_Projection,,,,,,,,,,,,,,,,,Apr,,,,,,,,,,,,,,,,,,,,,,,53488.25,0.0,0.0,,,,,,,,,,,,FY2031,4.0,0.0,,CC-WHPC-100,,Projected,0.8386,44853.18,48.0,,,,,,,
Staffing,Sr SysAdmin (3),,,,,TCO_Projection,,,,,,,,,,,,,,,,,May,,,,,,,,,,,,,,,,,,,,,,,53488.25,0.0,0.0,,,,,,,,,,,,FY2031,5.0,0.0,,CC-WHPC-100,,Projected,0.8386,44853.18,48.0,,,,,,,
Staffing,Sr SysAdmin (3),,,,,TCO_Projection,,,,,,,,,,,,,,,,,Jun,,,,,,,,,,,,,,,,,,,,,,,53488.25,0.0,0.0,,,,,,,,,,,,FY2031,6.0,0.0,,CC-WHPC-100,,Projected,0.8386,44853.18,48.0,,,,,,,
Staffing,Sr SysAdmin (3),,,,,TCO_Projection,,,,,,,,,,,,,,,,,Jul,,,,,,,,,,,,,,,,,,,,,,,53488.25,0.0,0.0,,,,,,,,,,,,FY2031,7.0,0.0,,CC-WHPC-100,,Projected,0.8386,44853.18,48.0,,,,,,,
Staffing,Sr SysAdmin (3),,,,,TCO_Projection,,,,,,,,,,,,,,,,,Aug,,,,,,,,,,,,,,,,,,,,,,,53488.25,0.0,0.0,,,,,,,,,,,,FY2031,8.0,0.0,,CC-WHPC-100,,Projected,0.8386,44853.18,48.0,,,,,,,
Staffing,Sr SysAdmin (3),,,,,TCO_Projection,,,,,,,,,,,,,,,,,Sep,,,,,,,,,,,,,,,,,,,,,,,53488.25,0.0,0.0,,,,,,,,,,,,FY2031,9.0,0.0,,CC-WHPC-100,,Projected,0.8386,44853.18,48.0,,,,,,,
Staffing,Sr SysAdmin (3),,,,,TCO_Projection,,,,,,,,,,,,,,,,,Oct,,,,,,,,,,,,,,,,,,,,,,,53488.25,0.0,0.0,,,,,,,,,,,,FY2031,10.0,0.0,,CC-WHPC-100,,Projected,0.8386,44853.18,48.0,,,,,,,
Staffing,Sr SysAdmin (3),,,,,TCO_Projection,,,,,,,,,,,,,,,,,Nov,,,,,,,,,,,,,,,,,,,,,,,53488.25,0.0,0.0,,,,,,,,,,,,FY2031,11.0,0.0,,CC-WHPC-100,,Projected,0.8386,44853.18,48.0,,,,,,,
Staffing,Sr SysAdmin (3),,,,,TCO_Projection,,,,,,,,,,,,,,,,,Dec,,,,,,,,,,,,,,,,,,,,,,,53488.25,0.0,0.0,,,,,,,,,,,,FY2031,12.0,0.0,,CC-WHPC-100,,Projected,0.8386,44853.18,48.0,,,,,,,
Staffing,SysAdmin (2),,,,,TCO_Projection,,,,,,,,,,,,,,,,,Jan,,,,,,,,,,,,,,,,,,,,,,,27254.25,0.0,0.0,,,,,,,,,,,,FY2031,1.0,0.0,,CC-WHPC-100,,Projected,0.8386,22854.36,48.0,,,,,,,
Staffing,SysAdmin (2),,,,,TCO_Projection,,,,,,,,,,,,,,,,,Feb,,,,,,,,,,,,,,,,,,,,,,,27254.25,0.0,0.0,,,,,,,,,,,,FY2031,2.0,0.0,,CC-WHPC-100,,Projected,0.8386,22854.36,48.0,,,,,,,
Staffing,SysAdmin (2),,,,,TCO_Projection,,,,,,,,,,,,,,,,,Mar,,,,,,,,,,,,,,,,,,,,,,,27254.25,0.0,0.0,,,,,,,,,,,,FY2031,3.0,0.0,,CC-WHPC-100,,Projected,0.8386,22854.36,48.0,,,,,,,
Staffing,SysAdmin (2),,,,,TCO_Projection,,,,,,,,,,,,,,,,,Apr,,,,,,,,,,,,,,,,,,,,,,,27254.25,0.0,0.0,,,,,,,,,,,,FY2031,4.0,0.0,,CC-WHPC-100,,Projected,0.8386,22854.36,48.0,,,,,,,
Staffing,SysAdmin (2),,,,,TCO_Projection,,,,,,,,,,,,,,,,,May,,,,,,,,,,,,,,,,,,,,,,,27254.25,0.0,0.0,,,,,,,,,,,,FY2031,5.0,0.0,,CC-WHPC-100,,Projected,0.8386,22854.36,48.0,,,,,,,
Staffing,SysAdmin (2),,,,,TCO_Projection,,,,,,,,,,,,,,,,,Jun,,,,,,,,,,,,,,,,,,,,,,,27254.25,0.0,0.0,,,,,,,,,,,,FY2031,6.0,0.0,,CC-WHPC-100,,Projected,0.8386,22854.36,48.0,,,,,,,
Staffing,SysAdmin (2),,,,,TCO_Projection,,,,,,,,,,,,,,,,,Jul,,,,,,,,,,,,,,,,,,,,,,,27254.25,0.0,0.0,,,,,,,,,,,,FY2031,7.0,0.0,,CC-WHPC-100,,Projected,0.8386,22854.36,48.0,,,,,,,
Staffing,SysAdmin (2),,,,,TCO_Projection,,,,,,,,,,,,,,,,,Aug,,,,,,,,,,,,,,,,,,,,,,,27254.25,0.0,0.0,,,,,,,,,,,,FY2031,8.0,0.0,,CC-WHPC-100,,Projected,0.8386,22854.36,48.0,,,,,,,
Staffing,SysAdmin (2),,,,,TCO_Projection,,,,,,,,,,,,,,,,,Sep,,,,,,,,,,,,,,,,,,,,,,,27254.25,0.0,0.0,,,,,,,,,,,,FY2031,9.0,0.0,,CC-WHPC-100,,Projected,0.8386,22854.36,48.0,,,,,,,
Staffing,SysAdmin (2),,,,,TCO_Projection,,,,,,,,,,,,,,,,,Oct,,,,,,,,,,,,,,,,,,,,,,,27254.25,0.0,0.0,,,,,,,,,,,,FY2031,10.0,0.0,,CC-WHPC-100,,Projected,0.8386,22854.36,48.0,,,,,,,
Staffing,SysAdmin (2),,,,,TCO_Projection,,,,,,,,,,,,,,,,,Nov,,,,,,,,,,,,,,,,,,,,,,,27254.25,0.0,0.0,,,,,,,,,,,,FY2031,11.0,0.0,,CC-WHPC-100,,Projected,0.8386,22854.36,48.0,,,,,,,
Staffing,SysAdmin (2),,,,,TCO_Projection,,,,,,,,,,,,,,,,,Dec,,,,,,,,,,,,,,,,,,,,,,,27254.25,0.0,0.0,,,,,,,,,,,,FY2031,12.0,0.0,,CC-WHPC-100,,Projected,0.8386,22854.36,48.0,,,,,,,
Staffing,Storage Admin,,,,,TCO_Projection,,,,,,,,,,,,,,,,,Jan,,,,,,,,,,,,,,,,,,,,,,,16760.58,0.0,0.0,,,,,,,,,,,,FY2031,1.0,0.0,,CC-WHPC-100,,Projected,0.8386,14054.78,48.0,,,,,,,
Staffing,Storage Admin,,,,,TCO_Projection,,,,,,,,,,,,,,,,,Feb,,,,,,,,,,,,,,,,,,,,,,,16760.58,0.0,0.0,,,,,,,,,,,,FY2031,2.0,0.0,,CC-WHPC-100,,Projected,0.8386,14054.78,48.0,,,,,,,
Staffing,Storage Admin,,,,,TCO_Projection,,,,,,,,,,,,,,,,,Mar,,,,,,,,,,,,,,,,,,,,,,,16760.58,0.0,0.0,,,,,,,,,,,,FY2031,3.0,0.0,,CC-WHPC-100,,Projected,0.8386,14054.78,48.0,,,,,,,
Staffing,Storage Admin,,,,,TCO_Projection,,,,,,,,,,,,,,,,,Apr,,,,,,,,,,,,,,,,,,,,,,,16760.58,0.0,0.0,,,,,,,,,,,,FY2031,4.0,0.0,,CC-WHPC-100,,Projected,0.8386,14054.78,48.0,,,,,,,
Staffing,Storage Admin,,,,,TCO_Projection,,,,,,,,,,,,,,,,,May,,,,,,,,,,,,,,,,,,,,,,,16760.58,0.0,0.0,,,,,,,,,,,,FY2031,5.0,0.0,,CC-WHPC-100,,Projected,0.8386,14054.78,48.0,,,,,,,
Staffing,Storage Admin,,,,,TCO_Projection,,,,,,,,,,,,,,,,,Jun,,,,,,,,,,,,,,,,,,,,,,,16760.58,0.0,0.0,,,,,,,,,,,,FY2031,6.0,0.0,,CC-WHPC-100,,Projected,0.8386,14054.78,48.0,,,,,,,
Staffing,Storage Admin,,,,,TCO_Projection,,,,,,,,,,,,,,,,,Jul,,,,,,,,,,,,,,,,,,,,,,,16760.58,0.0,0.0,,,,,,,,,,,,FY2031,7.0,0.0,,CC-WHPC-100,,Projected,0.8386,14054.78,48.0,,,,,,,
Staffing,Storage Admin,,,,,TCO_Projection,,,,,,,,,,,,,,,,,Aug,,,,,,,,,,,,,,,,,,,,,,,16760.58,0.0,0.0,,,,,,,,,,,,FY2031,8.0,0.0,,CC-WHPC-100,,Projected,0.8386,14054.78,48.0,,,,,,,
Staffing,Storage Admin,,,,,TCO_Projection,,,,,,,,,,,,,,,,,Sep,,,,,,,,,,,,,,,,,,,,,,,16760.58,0.0,0.0,,,,,,,,,,,,FY2031,9.0,0.0,,CC-WHPC-100,,Projected,0.8386,14054.78,48.0,,,,,,,
Staffing,Storage Admin,,,,,TCO_Projection,,,,,,,,,,,,,,,,,Oct,,,,,,,,,,,,,,,,,,,,,,,16760.58,0.0,0.0,,,,,,,,,,,,FY2031,10.0,0.0,,CC-WHPC-100,,Projected,0.8386,14054.78,48.0,,,,,,,
Staffing,Storage Admin,,,,,TCO_Projection,,,,,,,,,,,,,,,,,Nov,,,,,,,,,,,,,,,,,,,,,,,16760.58,0.0,0.0,,,,,,,,,,,,FY2031,11.0,0.0,,CC-WHPC-100,,Projected,0.8386,14054.78,48.0,,,,,,,
Staffing,Storage Admin,,,,,TCO_Projection,,,,,,,,,,,,,,,,,Dec,,,,,,,,,,,,,,,,,,,,,,,16760.58,0.0,0.0,,,,,,,,,,,,FY2031,12.0,0.0,,CC-WHPC-100,,Projected,0.8386,14054.78,48.0,,,,,,,
Staffing,Network Engineer,,,,,TCO_Projection,,,,,,,,,,,,,,,,,Jan,,,,,,,,,,,,,,,,,,,,,,,17197.83,0.0,0.0,,,,,,,,,,,,FY2031,1.0,0.0,,CC-WHPC-100,,Projected,0.8386,14421.44,48.0,,,,,,,
Staffing,Network Engineer,,,,,TCO_Projection,,,,,,,,,,,,,,,,,Feb,,,,,,,,,,,,,,,,,,,,,,,17197.83,0.0,0.0,,,,,,,,,,,,FY2031,2.0,0.0,,CC-WHPC-100,,Projected,0.8386,14421.44,48.0,,,,,,,
Staffing,Network Engineer,,,,,TCO_Projection,,,,,,,,,,,,,,,,,Mar,,,,,,,,,,,,,,,,,,,,,,,17197.83,0.0,0.0,,,,,,,,,,,,FY2031,3.0,0.0,,CC-WHPC-100,,Projected,0.8386,14421.44,48.0,,,,,,,
Staffing,Network Engineer,,,,,TCO_Projection,,,,,,,,,,,,,,,,,Apr,,,,,,,,,,,,,,,,,,,,,,,17197.83,0.0,0.0,,,,,,,,,,,,FY2031,4.0,0.0,,CC-WHPC-100,,Projected,0.8386,14421.44,48.0,,,,,,,
Staffing,Network Engineer,,,,,TCO_Projection,,,,,,,,,,,,,,,,,May,,,,,,,,,,,,,,,,,,,,,,,17197.83,0.0,0.0,,,,,,,,,,,,FY2031,5.0,0.0,,CC-WHPC-100,,Projected,0.8386,14421.44,48.0,,,,,,,
Staffing,Network Engineer,,,,,TCO_Projection,,,,,,,,,,,,,,,,,Jun,,,,,,,,,,,,,,,,,,,,,,,17197.83,0.0,0.0,,,,,,,,,,,,FY2031,6.0,0.0,,CC-WHPC-100,,Projected,0.8386,14421.44,48.0,,,,,,,
Staffing,Network Engineer,,,,,TCO_Projection,,,,,,,,,,,,,,,,,Jul,,,,,,,,,,,,,,,,,,,,,,,17197.83,0.0,0.0,,,,,,,,,,,,FY2031,7.0,0.0,,CC-WHPC-100,,Projected,0.8386,14421.44,48.0,,,,,,,
Staffing,Network Engineer,,,,,TCO_Projection,,,,,,,,,,,,,,,,,Aug,,,,,,,,,,,,,,,,,,,,,,,17197.83,0.0,0.0,,,,,,,,,,,,FY2031,8.0,0.0,,CC-WHPC-100,,Projected,0.8386,14421.44,48.0,,,,,,,
Staffing,Network Engineer,,,,,TCO_Projection,,,,,,,,,,,,,,,,,Sep,,,,,,,,,,,,,,,,,,,,,,,17197.83,0.0,0.0,,,,,,,,,,,,FY2031,9.0,0.0,,CC-WHPC-100,,Projected,0.8386,14421.44,48.0,,,,,,,
Staffing,Network Engineer,,,,,TCO_Projection,,,,,,,,,,,,,,,,,Oct,,,,,,,,,,,,,,,,,,,,,,,17197.83,0.0,0.0,,,,,,,,,,,,FY2031,10.0,0.0,,CC-WHPC-100,,Projected,0.8386,14421.44,48.0,,,,,,,
Staffing,Network Engineer,,,,,TCO_Projection,,,,,,,,,,,,,,,,,Nov,,,,,,,,,,,,,,,,,,,,,,,17197.83,0.0,0.0,,,,,,,,,,,,FY2031,11.0,0.0,,CC-WHPC-100,,Projected,0.8386,14421.44,48.0,,,,,,,
Staffing,Network Engineer,,,,,TCO_Projection,,,,,,,,,,,,,,,,,Dec,,,,,,,,,,,,,,,,,,,,,,,17197.83,0.0,0.0,,,,,,,,,,,,FY2031,12.0,0.0,,CC-WHPC-100,,Projected,0.8386,14421.44,48.0,,,,,,,
Staffing,Security Analyst,,,,,TCO_Projection,,,,,,,,,,,,,,,,,Jan,,,,,,,,,,,,,,,,,,,,,,,16031.92,0.0,0.0,,,,,,,,,,,,FY2031,1.0,0.0,,CC-WHPC-100,,Projected,0.8386,13443.75,48.0,,,,,,,
Staffing,Security Analyst,,,,,TCO_Projection,,,,,,,,,,,,,,,,,Feb,,,,,,,,,,,,,,,,,,,,,,,16031.92,0.0,0.0,,,,,,,,,,,,FY2031,2.0,0.0,,CC-WHPC-100,,Projected,0.8386,13443.75,48.0,,,,,,,
Staffing,Security Analyst,,,,,TCO_Projection,,,,,,,,,,,,,,,,,Mar,,,,,,,,,,,,,,,,,,,,,,,16031.92,0.0,0.0,,,,,,,,,,,,FY2031,3.0,0.0,,CC-WHPC-100,,Projected,0.8386,13443.75,48.0,,,,,,,
Staffing,Security Analyst,,,,,TCO_Projection,,,,,,,,,,,,,,,,,Apr,,,,,,,,,,,,,,,,,,,,,,,16031.92,0.0,0.0,,,,,,,,,,,,FY2031,4.0,0.0,,CC-WHPC-100,,Projected,0.8386,13443.75,48.0,,,,,,,
Staffing,Security Analyst,,,,,TCO_Projection,,,,,,,,,,,,,,,,,May,,,,,,,,,,,,,,,,,,,,,,,16031.92,0.0,0.0,,,,,,,,,,,,FY2031,5.0,0.0,,CC-WHPC-100,,Projected,0.8386,13443.75,48.0,,,,,,,
Staffing,Security Analyst,,,,,TCO_Projection,,,,,,,,,,,,,,,,,Jun,,,,,,,,,,,,,,,,,,,,,,,16031.92,0.0,0.0,,,,,,,,,,,,FY2031,6.0,0.0,,CC-WHPC-100,,Projected,0.8386,13443.75,48.0,,,,,,,
Staffing,Security Analyst,,,,,TCO_Projection,,,,,,,,,,,,,,,,,Jul,,,,,,,,,,,,,,,,,,,,,,,16031.92,0.0,0.0,,,,,,,,,,,,FY2031,7.0,0.0,,CC-WHPC-100,,Projected,0.8386,13443.75,48.0,,,,,,,
Staffing,Security Analyst,,,,,TCO_Projection,,,,,,,,,,,,,,,,,Aug,,,,,,,,,,,,,,,,,,,,,,,16031.92,0.0,0.0,,,,,,,,,,,,FY2031,8.0,0.0,,CC-WHPC-100,,Projected,0.8386,13443.75,48.0,,,,,,,
Staffing,Security Analyst,,,,,TCO_Projection,,,,,,,,,,,,,,,,,Sep,,,,,,,,,,,,,,,,,,,,,,,16031.92,0.0,0.0,,,,,,,,,,,,FY2031,9.0,0.0,,CC-WHPC-100,,Projected,0.8386,13443.75,48.0,,,,,,,
Staffing,Security Analyst,,,,,TCO_Projection,,,,,,,,,,,,,,,,,Oct,,,,,,,,,,,,,,,,,,,,,,,16031.92,0.0,0.0,,,,,,,,,,,,FY2031,10.0,0.0,,CC-WHPC-100,,Projected,0.8386,13443.75,48.0,,,,,,,
Staffing,Security Analyst,,,,,TCO_Projection,,,,,,,,,,,,,,,,,Nov,,,,,,,,,,,,,,,,,,,,,,,16031.92,0.0,0.0,,,,,,,,,,,,FY2031,11.0,0.0,,CC-WHPC-100,,Projected,0.8386,13443.75,48.0,,,,,,,
Staffing,Security Analyst,,,,,TCO_Projection,,,,,,,,,,,,,,,,,Dec,,,,,,,,,,,,,,,,,,,,,,,16031.92,0.0,0.0,,,,,,,,,,,,FY2031,12.0,0.0,,CC-WHPC-100,,Projected,0.8386,13443.75,48.0,,,,,,,
Staffing,User Support (2),,,,,TCO_Projection,,,,,,,,,,,,,,,,,Jan,,,,,,,,,,,,,,,,,,,,,,,22444.67,0.0,0.0,,,,,,,,,,,,FY2031,1.0,0.0,,CC-WHPC-100,,Projected,0.8386,18821.23,48.0,,,,,,,
Staffing,User Support (2),,,,,TCO_Projection,,,,,,,,,,,,,,,,,Feb,,,,,,,,,,,,,,,,,,,,,,,22444.67,0.0,0.0,,,,,,,,,,,,FY2031,2.0,0.0,,CC-WHPC-100,,Projected,0.8386,18821.23,48.0,,,,,,,
Staffing,User Support (2),,,,,TCO_Projection,,,,,,,,,,,,,,,,,Mar,,,,,,,,,,,,,,,,,,,,,,,22444.67,0.0,0.0,,,,,,,,,,,,FY2031,3.0,0.0,,CC-WHPC-100,,Projected,0.8386,18821.23,48.0,,,,,,,
Staffing,User Support (2),,,,,TCO_Projection,,,,,,,,,,,,,,,,,Apr,,,,,,,,,,,,,,,,,,,,,,,22444.67,0.0,0.0,,,,,,,,,,,,FY2031,4.0,0.0,,CC-WHPC-100,,Projected,0.8386,18821.23,48.0,,,,,,,
Staffing,User Support (2),,,,,TCO_Projection,,,,,,,,,,,,,,,,,May,,,,,,,,,,,,,,,,,,,,,,,22444.67,0.0,0.0,,,,,,,,,,,,FY2031,5.0,0.0,,CC-WHPC-100,,Projected,0.8386,18821.23,48.0,,,,,,,
Staffing,User Support (2),,,,,TCO_Projection,,,,,,,,,,,,,,,,,Jun,,,,,,,,,,,,,,,,,,,,,,,22444.67,0.0,0.0,,,,,,,,,,,,FY2031,6.0,0.0,,CC-WHPC-100,,Projected,0.8386,18821.23,48.0,,,,,,,
Staffing,User Support (2),,,,,TCO_Projection,,,,,,,,,,,,,,,,,Jul,,,,,,,,,,,,,,,,,,,,,,,22444.67,0.0,0.0,,,,,,,,,,,,FY2031,7.0,0.0,,CC-WHPC-100,,Projected,0.8386,18821.23,48.0,,,,,,,
Staffing,User Support (2),,,,,TCO_Projection,,,,,,,,,,,,,,,,,Aug,,,,,,,,,,,,,,,,,,,,,,,22444.67,0.0,0.0,,,,,,,,,,,,FY2031,8.0,0.0,,CC-WHPC-100,,Projected,0.8386,18821.23,48.0,,,,,,,
Staffing,User Support (2),,,,,TCO_Projection,,,,,,,,,,,,,,,,,Sep,,,,,,,,,,,,,,,,,,,,,,,22444.67,0.0,0.0,,,,,,,,,,,,FY2031,9.0,0.0,,CC-WHPC-100,,Projected,0.8386,18821.23,48.0,,,,,,,
Staffing,User Support (2),,,,,TCO_Projection,,,,,,,,,,,,,,,,,Oct,,,,,,,,,,,,,,,,,,,,,,,22444.67,0.0,0.0,,,,,,,,,,,,FY2031,10.0,0.0,,CC-WHPC-100,,Projected,0.8386,18821.23,48.0,,,,,,,
Staffing,User Support (2),,,,,TCO_Projection,,,,,,,,,,,,,,,,,Nov,,,,,,,,,,,,,,,,,,,,,,,22444.67,0.0,0.0,,,,,,,,,,,,FY2031,11.0,0.0,,CC-WHPC-100,,Projected,0.8386,18821.23,48.0,,,,,,,
Staffing,User Support (2),,,,,TCO_Projection,,,,,,,,,,,,,,,,,Dec,,,,,,,,,,,,,,,,,,,,,,,22444.67,0.0,0.0,,,,,,,,,,,,FY2031,12.0,0.0,,CC-WHPC-100,,Projected,0.8386,18821.23,48.0,,,,,,,
Staffing,Admin Coordinator,,,,,TCO_Projection,,,,,,,,,,,,,,,,,Jan,,,,,,,,,,,,,,,,,,,,,,,9036.17,0.0,0.0,,,,,,,,,,,,FY2031,1.0,0.0,,CC-WHPC-100,,Projected,0.8386,7577.38,48.0,,,,,,,
Staffing,Admin Coordinator,,,,,TCO_Projection,,,,,,,,,,,,,,,,,Feb,,,,,,,,,,,,,,,,,,,,,,,9036.17,0.0,0.0,,,,,,,,,,,,FY2031,2.0,0.0,,CC-WHPC-100,,Projected,0.8386,7577.38,48.0,,,,,,,
Staffing,Admin Coordinator,,,,,TCO_Projection,,,,,,,,,,,,,,,,,Mar,,,,,,,,,,,,,,,,,,,,,,,9036.17,0.0,0.0,,,,,,,,,,,,FY2031,3.0,0.0,,CC-WHPC-100,,Projected,0.8386,7577.38,48.0,,,,,,,
Staffing,Admin Coordinator,,,,,TCO_Projection,,,,,,,,,,,,,,,,,Apr,,,,,,,,,,,,,,,,,,,,,,,9036.17,0.0,0.0,,,,,,,,,,,,FY2031,4.0,0.0,,CC-WHPC-100,,Projected,0.8386,7577.38,48.0,,,,,,,
Staffing,Admin Coordinator,,,,,TCO_Projection,,,,,,,,,,,,,,,,,May,,,,,,,,,,,,,,,,,,,,,,,9036.17,0.0,0.0,,,,,,,,,,,,FY2031,5.0,0.0,,CC-WHPC-100,,Projected,0.8386,7577.38,48.0,,,,,,,
Staffing,Admin Coordinator,,,,,TCO_Projection,,,,,,,,,,,,,,,,,Jun,,,,,,,,,,,,,,,,,,,,,,,9036.17,0.0,0.0,,,,,,,,,,,,FY2031,6.0,0.0,,CC-WHPC-100,,Projected,0.8386,7577.38,48.0,,,,,,,
Staffing,Admin Coordinator,,,,,TCO_Projection,,,,,,,,,,,,,,,,,Jul,,,,,,,,,,,,,,,,,,,,,,,9036.17,0.0,0.0,,,,,,,,,,,,FY2031,7.0,0.0,,CC-WHPC-100,,Projected,0.8386,7577.38,48.0,,,,,,,
Staffing,Admin Coordinator,,,,,TCO_Projection,,,,,,,,,,,,,,,,,Aug,,,,,,,,,,,,,,,,,,,,,,,9036.17,0.0,0.0,,,,,,,,,,,,FY2031,8.0,0.0,,CC-WHPC-100,,Projected,0.8386,7577.38,48.0,,,,,,,
Staffing,Admin Coordinator,,,,,TCO_Projection,,,,,,,,,,,,,,,,,Sep,,,,,,,,,,,,,,,,,,,,,,,9036.17,0.0,0.0,,,,,,,,,,,,FY2031,9.0,0.0,,CC-WHPC-100,,Projected,0.8386,7577.38,48.0,,,,,,,
Staffing,Admin Coordinator,,,,,TCO_Projection,,,,,,,,,,,,,,,,,Oct,,,,,,,,,,,,,,,,,,,,,,,9036.17,0.0,0.0,,,,,,,,,,,,FY2031,10.0,0.0,,CC-WHPC-100,,Projected,0.8386,7577.38,48.0,,,,,,,
Staffing,Admin Coordinator,,,,,TCO_Projection,,,,,,,,,,,,,,,,,Nov,,,,,,,,,,,,,,,,,,,,,,,9036.17,0.0,0.0,,,,,,,,,,,,FY2031,11.0,0.0,,CC-WHPC-100,,Projected,0.8386,7577.38,48.0,,,,,,,
Staffing,Admin Coordinator,,,,,TCO_Projection,,,,,,,,,,,,,,,,,Dec,,,,,,,,,,,,,,,,,,,,,,,9036.17,0.0,0.0,,,,,,,,,,,,FY2031,12.0,0.0,,CC-WHPC-100,,Projected,0.8386,7577.38,48.0,,,,,,,
Grant Cost Recovery,Physics -- FA Recovery,,,,,Grant_Recovery_Projections,,,,,,,,,,,,,,,,,Annual,,,,,,,,,,,,,,,,,,,,,,,305081.72,0.0,0.0,,,,,,,,,,,,FY2027,,,,,,,,,48.0,635586.91,,,,,,
Grant Cost Recovery,Biology -- FA Recovery,,,,,Grant_Recovery_Projections,,,,,,,,,,,,,,,,,Annual,,,,,,,,,,,,,,,,,,,,,,,196391.52,0.0,0.0,,,,,,,,,,,,FY2027,,,,,,,,,48.0,409149.0,,,,,,
Grant Cost Recovery,Chemistry -- FA Recovery,,,,,Grant_Recovery_Projections,,,,,,,,,,,,,,,,,Annual,,,,,,,,,,,,,,,,,,,,,,,296816.23,0.0,0.0,,,,,,,,,,,,FY2027,,,,,,,,,48.0,618367.14,,,,,,
Grant Cost Recovery,Computer Science -- FA Recovery,,,,,Grant_Recovery_Projections,,,,,,,,,,,,,,,,,Annual,,,,,,,,,,,,,,,,,,,,,,,263411.89,0.0,0.0,,,,,,,,,,,,FY2027,,,,,,,,,48.0,548774.78,,,,,,
Grant Cost Recovery,Earth Sciences -- FA Recovery,,,,,Grant_Recovery_Projections,,,,,,,,,,,,,,,,,Annual,,,,,,,,,,,,,,,,,,,,,,,62127.27,0.0,0.0,,,,,,,,,,,,FY2027,,,,,,,,,48.0,129431.82,,,,,,
Grant Cost Recovery,Mathematics -- FA Recovery,,,,,Grant_Recovery_Projections,,,,,,,,,,,,,,,,,Annual,,,,,,,,,,,,,,,,,,,,,,,157479.67,0.0,0.0,,,,,,,,,,,,FY2027,,,,,,,,,48.0,328082.64,,,,,,
Grant Cost Recovery,Engineering -- FA Recovery,,,,,Grant_Recovery_Projections,,,,,,,,,,,,,,,,,Annual,,,,,,,,,,,,,,,,,,,,,,,201999.29,0.0,0.0,,,,,,,,,,,,FY2027,,,,,,,,,48.0,420831.85,,,,,,
Grant Cost Recovery,Medical Research -- FA Recovery,,,,,Grant_Recovery_Projections,,,,,,,,,,,,,,,,,Annual,,,,,,,,,,,,,,,,,,,,,,,375304.56,0.0,0.0,,,,,,,,,,,,FY2027,,,,,,,,,48.0,781884.51,,,,,,
Capital Depreciation,QM9790 NDR Spine Switch,,,,,Depreciation_Schedule,,,,,,,,,,,,,,,,,Annual,,,,,,,,,,,,,,,,,,,,,,,10857.14,0.0,,,,,,,,,,,,,FY2027,,,,,,,,,,,7.0,76000.0,,,,
Capital Depreciation,QM9700 NDR Leaf Switch,,,,,Depreciation_Schedule,,,,,,,,,,,,,,,,,Annual,,,,,,,,,,,,,,,,,,,,,,,16571.43,0.0,,,,,,,,,,,,,FY2027,,,,,,,,,,,7.0,116000.0,,,,
Capital Depreciation,NDR AOC Cables,,,,,Depreciation_Schedule,,,,,,,,,,,,,,,,,Annual,,,,,,,,,,,,,,,,,,,,,,,12142.86,0.0,,,,,,,,,,,,,FY2027,,,,,,,,,,,7.0,85000.0,,,,
Capital Depreciation,X9000 Compute Nodes,,,,,Depreciation_Schedule,,,,,,,,,,,,,,,,,Annual,,,,,,,,,,,,,,,,,,,,,,,2112000.0,0.0,,,,,,,,,,,,,FY2027,,,,,,,,,,,5.0,10560000.0,,,,
Capital Depreciation,H100 GPU Kits,,,,,Depreciation_Schedule,,,,,,,,,,,,,,,,,Annual,,,,,,,,,,,,,,,,,,,,,,,1024000.0,0.0,,,,,,,,,,,,,FY2027,,,,,,,,,,,5.0,5120000.0,,,,
Staffing,Total FTE Count (Budgeted),,,,,Staffing_Summary,,,,,,,,,,,,,,,,,Annual,,,,,,,,,,,,,,,,,,,,,,,14.0,0.0,,,,,,,,,,,,,FY2027,,,,,,,,,48.0,,,,,,,
