Date,Switch,Port,TX_Bytes,RX_Bytes,TX_Packets,RX_Packets,TX_Errors,RX_Errors,Link_Downed,Symbol_Errors,Port_Utilization_PCT
2025-01-01,Spine-1,1,352494426,409683871,86058,100020,0,2,0,3,25.1
2025-01-01,Spine-1,10,492179069,61474915,120160,15008,2,2,0,3,80.0
2025-01-01,Spine-1,20,456773406,774670169,111516,189128,1,2,0,4,66.9
2025-01-01,Spine-1,29,238451134,463409833,58215,113137,1,2,0,0,77.8
2025-01-01,Spine-2,7,93122969,748321734,22735,182695,0,0,0,1,73.0
2025-01-01,Spine-2,16,963019906,297806944,235112,72706,1,1,0,2,79.7
2025-01-01,Spine-2,26,606968563,314106185,148185,76686,0,2,0,9,53.1
2025-01-01,Leaf-1,3,157009152,717754478,38332,175233,0,0,0,4,53.1
2025-01-01,Leaf-1,13,500247650,973645783,122130,237706,2,4,0,3,56.9
2025-01-01,Leaf-1,22,960227529,386583569,234430,94380,0,0,0,8,53.8
2025-01-01,Leaf-1,32,860987088,469345625,210201,114586,1,3,0,3,77.7
2025-01-01,Leaf-2,8,908835109,542761211,221883,132510,2,0,0,14,55.8
2025-01-01,Leaf-2,17,787456022,798669120,192250,194987,1,2,0,18,64.6
2025-01-01,Leaf-2,27,214771465,843355958,52434,205897,4,0,0,16,43.1
2025-01-01,Leaf-3,2,417098003,198560673,101830,48476,4,4,0,15,46.9
2025-01-01,Leaf-3,12,954552714,950863297,233045,232144,2,2,0,5,71.6
2025-01-01,Leaf-3,21,390308873,408352430,95290,99695,3,4,0,16,92.5
2025-01-01,Leaf-3,31,609171713,93763485,148723,22891,1,0,0,2,91.6
2025-01-01,Leaf-4,6,212760436,451430901,51943,110212,1,4,0,14,45.1
2025-01-01,Leaf-4,16,26409944,927318735,6447,226396,4,4,0,9,35.4
2025-01-01,Leaf-4,26,397487895,948682809,97042,231612,0,2,0,1,63.3
2025-01-02,Spine-1,1,544558259,428816474,132948,104691,2,2,0,1,74.3
2025-01-02,Spine-1,11,493438247,318848360,120468,77843,0,2,0,3,73.4
2025-01-02,Spine-1,20,85688187,167869538,20919,40983,0,0,0,6,56.2
2025-01-02,Spine-1,30,663311187,698814155,161941,170608,0,1,0,0,66.9
2025-01-02,Spine-2,7,930838856,686009584,227255,167482,1,1,0,1,47.0
2025-01-02,Spine-2,17,935438964,795379831,228378,194184,1,0,0,1,43.1
2025-01-02,Spine-2,26,708225014,724237827,172906,176815,1,2,0,1,25.7
2025-01-03,Spine-1,4,635826247,400898105,155231,97875,2,1,0,9,77.7
2025-01-03,Spine-1,14,352189751,143453577,85983,35022,1,1,0,6,36.9
2025-01-03,Spine-1,23,681768102,475962942,166447,116201,0,2,0,1,43.1
2025-01-03,Spine-2,1,302265090,12987228,73795,3170,1,0,0,0,51.1
2025-01-03,Spine-2,10,949238327,538276875,231747,131415,0,0,0,8,73.0
2025-01-03,Spine-2,20,816734364,472271407,199398,115300,2,1,0,4,70.5
2025-01-03,Spine-2,29,518496607,771797849,126586,188427,0,0,0,3,24.9
2025-01-04,Spine-1,7,480079102,691424314,117206,168804,1,0,0,0,70.2
2025-01-04,Spine-1,16,992484169,23542077,242305,5747,0,1,0,1,60.7
2025-01-04,Spine-1,26,351580063,369091038,85834,90110,0,2,0,6,32.5
2025-01-04,Spine-2,3,678794534,81675866,165721,19940,1,0,0,8,22.9
2025-01-04,Spine-2,13,74458448,343148954,18178,83776,2,1,0,7,38.1
2025-01-04,Spine-2,23,339794727,850938128,82957,207748,0,2,0,6,58.0
2025-01-04,Spine-2,32,403463935,768290492,98501,187570,0,2,0,0,20.8
2025-01-05,Spine-1,10,158828396,854366004,38776,208585,0,1,0,5,72.4
2025-01-05,Spine-1,19,276614874,40001570,67532,9766,2,1,0,1,72.8
2025-01-05,Spine-1,29,502059228,90144680,122573,22007,1,1,0,3,59.3
2025-01-05,Spine-2,6,679547842,559924811,165905,136700,0,0,0,2,81.6
2025-01-05,Spine-2,16,301369907,767934625,73576,187484,1,0,0,0,84.3
2025-01-05,Spine-2,25,375755022,467610667,91737,114162,2,2,0,4,45.7
2025-01-06,Spine-1,3,233056506,368235848,56898,89901,0,0,0,1,80.5
2025-01-06,Spine-1,13,906448086,735678529,221300,179609,0,2,0,0,52.0
2025-01-06,Spine-1,22,496483485,20936914,121211,5111,0,0,0,9,57.0
2025-01-06,Spine-1,32,64675001,500850126,15789,122277,0,0,0,7,22.8
2025-01-06,Spine-2,9,672335710,900380236,164144,219819,0,2,0,4,55.2
2025-01-06,Spine-2,19,148740421,345650907,36313,84387,0,1,0,0,70.0
2025-01-06,Spine-2,28,445193817,528133716,108689,128938,0,1,0,1,48.4
2025-01-07,Spine-1,6,123963770,491357981,30264,119960,0,0,0,0,56.1
2025-01-07,Spine-1,15,286026981,836557260,69830,204237,2,1,0,5,84.2
2025-01-07,Spine-1,25,308719626,280811286,75371,68557,1,0,0,5,77.1
2025-01-07,Spine-2,3,504367319,22374699,123136,5462,0,1,0,1,84.9
2025-01-07,Spine-2,12,753585365,205427094,183980,50153,2,0,0,6,37.5
2025-01-07,Spine-2,22,467189137,54446112,114059,13292,1,0,0,9,69.0
2025-01-07,Spine-2,31,796309061,379717985,194411,92704,1,1,0,6,64.8
2025-01-08,Spine-1,9,635863950,61129106,155240,14924,0,0,0,2,73.5
2025-01-08,Spine-1,18,465604682,135109469,113673,32985,0,0,0,4,40.2
2025-01-08,Spine-1,28,858205903,298019617,209522,72758,1,1,0,4,50.1
2025-01-08,Spine-2,5,47593182,293260941,11619,71596,2,0,0,4,60.0
2025-01-08,Spine-2,15,186722142,32113265,45586,7840,1,0,0,4,62.9
2025-01-08,Spine-2,25,903418467,353917602,220561,86405,1,1,0,1,54.5
2025-01-08,Leaf-1,2,804584931,78942855,196431,19273,4,3,0,4,30.5
2025-01-08,Leaf-1,12,620169973,769530551,151408,187873,3,3,0,15,80.9
2025-01-08,Leaf-1,21,261707341,423974518,63893,103509,1,3,0,9,58.4
2025-01-08,Leaf-1,31,33660213,110940824,8217,27085,1,4,0,6,48.5
2025-01-08,Leaf-2,6,279315524,196209429,68192,47902,0,1,0,11,65.3
2025-01-08,Leaf-2,16,440886233,346547054,107638,84606,2,0,0,18,46.9
2025-01-08,Leaf-2,25,251076643,778627214,61298,190094,0,1,0,1,90.6
2025-01-08,Leaf-3,1,883186683,727968159,215621,177726,2,3,0,9,89.4
2025-01-08,Leaf-3,10,356053050,476344861,86927,116295,3,0,0,17,35.6
2025-01-08,Leaf-3,20,450233791,620075643,109920,151385,0,4,0,9,68.8
2025-01-08,Leaf-3,30,597958492,882081532,145985,215351,3,1,0,10,83.5
2025-01-08,Leaf-4,5,339157893,896672959,82802,218914,2,1,0,14,74.0
2025-01-08,Leaf-4,15,536231816,163088438,130915,39816,0,1,0,17,47.0
2025-01-08,Leaf-4,24,631460967,769171577,154165,187786,3,2,0,4,46.9
2025-01-08,Leaf-4,34,408440417,16467294,99716,4020,2,3,0,19,59.7
2025-01-09,Spine-1,9,870466725,584812741,212516,142776,2,0,0,8,33.8
2025-01-09,Spine-1,19,31255765,45318932,7630,11064,1,2,0,3,32.4
2025-01-09,Spine-1,28,982952829,896066926,239978,218766,1,0,0,0,32.9
2025-01-09,Spine-2,6,365187701,101207612,89157,24708,2,1,0,8,59.1
2025-01-09,Spine-2,16,408877967,375578808,99823,91694,1,2,0,9,36.9
2025-01-09,Spine-2,25,277934581,446850432,67855,109094,2,1,0,9,68.5
2025-01-10,Spine-1,3,623524847,249953734,152227,61023,2,2,0,4,79.5
2025-01-10,Spine-1,12,109639566,741851965,26767,181116,1,2,0,9,64.8
2025-01-10,Spine-1,22,551765782,485592894,134708,118552,1,0,0,6,25.7
2025-01-10,Spine-1,31,474059923,480066815,115737,117203,0,0,0,2,71.4
2025-01-10,Spine-2,9,98991498,242925169,24167,59307,0,0,0,5,76.3
2025-01-10,Spine-2,18,575960625,945324828,140615,230792,1,2,0,0,75.5
2025-01-10,Spine-2,28,967640006,926487148,236240,226193,0,0,0,0,46.1
2025-01-11,Spine-1,6,335061752,965209300,81802,235646,1,1,0,7,51.1
2025-01-11,Spine-1,15,638193255,106920819,155808,26103,1,0,0,0,62.4
2025-01-11,Spine-1,25,570040537,34691304,139170,8469,2,0,0,4,49.8
2025-01-11,Spine-2,2,702979859,543642244,171625,132725,2,2,0,2,43.9
2025-01-11,Spine-2,12,172383236,590875141,42085,144256,0,1,0,3,33.6
2025-01-11,Spine-2,21,435310311,434662065,106276,106118,0,0,0,2,72.7
2025-01-11,Spine-2,31,228911554,292410516,55886,71389,0,0,0,8,77.7
2025-01-12,Spine-1,8,978380690,764936384,238862,186752,1,1,0,8,66.9
2025-01-12,Spine-1,18,697234252,742885490,170223,181368,2,2,0,7,36.2
2025-01-12,Spine-1,28,903546927,510598533,220592,124657,2,2,0,1,32.8
2025-01-12,Spine-2,5,393008176,303263697,95949,74038,1,0,0,1,84.8
2025-01-12,Spine-2,15,982464652,700061236,239859,170913,1,2,0,2,55.8
2025-01-12,Spine-2,24,779105164,142568903,190211,34806,0,1,0,2,62.4
2025-01-13,Spine-1,2,730251813,286936262,178284,70052,0,2,0,8,75.1
2025-01-13,Spine-1,11,280364647,124326666,68448,30353,0,2,0,1,35.0
2025-01-13,Spine-1,21,552057664,410538389,134779,100229,0,1,0,7,29.0
2025-01-13,Spine-1,30,355431273,89586758,86775,21871,1,1,0,5,28.7
2025-01-13,Spine-2,8,614320753,987905134,149980,241187,2,1,0,4,23.5
2025-01-13,Spine-2,17,893626588,494171960,218170,120647,0,2,0,2,33.7
2025-01-13,Spine-2,27,236115493,88308173,57645,21559,2,1,0,3,81.7
2025-01-14,Spine-1,5,715674965,194184375,174725,47408,2,0,0,5,41.4
2025-01-14,Spine-1,14,144751564,395692385,35339,96604,2,1,0,0,62.7
2025-01-14,Spine-1,24,302425271,807990158,73834,197263,1,0,0,1,27.6
2025-01-14,Spine-2,1,125755847,971175926,30702,237103,0,1,0,5,31.2
2025-01-14,Spine-2,11,814633124,788607091,198885,192531,0,1,0,6,61.1
2025-01-14,Spine-2,20,108266544,422349083,26432,103112,0,2,0,2,29.0
2025-01-14,Spine-2,30,694742346,532718159,169614,130058,1,2,0,1,60.9
2025-01-15,Spine-1,7,179200631,644410275,43750,157326,2,0,0,9,67.3
2025-01-15,Spine-1,17,852816642,37539775,208207,9164,0,1,0,9,82.4
2025-01-15,Spine-1,27,320974004,560167663,78362,136759,2,0,0,7,46.1
2025-01-15,Spine-2,4,854888651,377099445,208713,92065,0,0,0,0,67.6
2025-01-15,Spine-2,14,16179469,277670283,3950,67790,1,1,0,9,46.3
2025-01-15,Spine-2,23,175712881,253321895,42898,61846,1,1,0,3,40.7
2025-01-15,Leaf-1,1,972327896,929915614,237384,227030,3,0,0,7,57.8
2025-01-15,Leaf-1,10,411530194,570405893,100471,139259,0,3,0,7,90.5
2025-01-15,Leaf-1,20,790928500,614914074,193097,150125,4,2,0,15,90.6
2025-01-15,Leaf-1,29,443666955,153196077,108317,37401,4,4,0,8,73.7
2025-01-15,Leaf-2,5,162684735,253987612,39717,62008,1,3,0,5,39.1
2025-01-15,Leaf-2,15,850383425,622085994,207613,151876,4,2,0,18,67.2
2025-01-15,Leaf-2,24,277788280,632896267,67819,154515,4,2,0,2,33.4
2025-01-15,Leaf-2,34,28840002,557386780,7041,136080,2,3,0,9,30.1
2025-01-15,Leaf-3,9,631358415,608983515,154140,148677,1,4,0,12,70.7
2025-01-15,Leaf-3,19,591451069,517308906,144397,126296,3,4,0,16,32.5
2025-01-15,Leaf-3,28,449641659,910508376,109775,222292,1,4,0,10,77.3
2025-01-15,Leaf-4,4,602103206,214403112,146997,52344,3,3,0,7,60.3
2025-01-15,Leaf-4,13,12621487,578822848,3081,141314,1,1,0,19,61.0
2025-01-15,Leaf-4,23,804583110,73858584,196431,18031,3,3,0,16,89.2
2025-01-15,Leaf-4,33,429033816,212146331,104744,51793,2,0,0,0,38.0
2025-01-16,Spine-1,8,107588170,250847817,26266,61242,1,0,0,2,56.0
2025-01-16,Spine-1,18,752366057,850522370,183683,207647,2,1,0,8,48.9
2025-01-16,Spine-1,27,709171094,799070979,173137,195085,1,1,0,2,71.9
2025-01-16,Spine-2,5,709412951,275285919,173196,67208,0,0,0,1,60.6
2025-01-16,Spine-2,14,263681198,691483422,64375,168819,2,2,0,3,64.9
2025-01-16,Spine-2,24,547068947,752227375,133561,183649,0,2,0,9,84.5
2025-01-17,Spine-1,1,788135969,22591295,192416,5515,2,1,0,5,39.3
2025-01-17,Spine-1,11,943367277,282495251,230314,68968,0,2,0,7,43.8
2025-01-17,Spine-1,20,153207386,87584943,37404,21383,1,2,0,3,26.0
2025-01-17,Spine-1,30,809892500,516327841,197727,126056,0,1,0,7,20.8
2025-01-17,Spine-2,8,707176095,629464999,172650,153677,0,0,0,0,66.1
2025-01-17,Spine-2,17,519129794,123024458,126740,30035,1,2,0,0,58.3
2025-01-17,Spine-2,27,838501095,227312219,204712,55496,0,2,0,1,50.0
2025-01-18,Spine-1,4,347257974,416931567,84779,101789,2,1,0,2,28.3
2025-01-18,Spine-1,14,253653876,87873814,61927,21453,0,2,0,2,34.5
2025-01-18,Spine-1,23,99136816,233034961,24203,56893,0,1,0,7,22.6
2025-01-18,Spine-2,1,658530586,399613873,160774,97561,2,0,0,6,23.1
2025-01-18,Spine-2,10,942703478,883187850,230152,215622,0,1,0,0,42.0
2025-01-18,Spine-2,20,519152744,528535881,126746,129037,2,0,0,5,68.7
2025-01-18,Spine-2,30,442787623,504233875,108102,123103,1,2,0,6,56.8
2025-01-19,Spine-1,7,294717834,942486309,71952,230099,2,1,0,4,59.8
2025-01-19,Spine-1,17,573187803,849563138,139938,207412,2,2,0,9,54.2
2025-01-19,Spine-1,26,199361031,372655522,48672,90980,1,0,0,6,73.2
2025-01-19,Spine-2,4,215012439,115591325,52493,28220,1,1,0,8,30.7
2025-01-19,Spine-2,13,484064779,440438962,118179,107529,2,0,0,6,72.2
2025-01-19,Spine-2,23,328104766,537099647,80103,131127,0,0,0,2,35.6
2025-01-19,Spine-2,32,210133481,341337737,51302,83334,2,2,0,7,64.6
2025-01-20,Spine-1,10,444395469,893305390,108494,218092,0,0,0,6,46.7
2025-01-20,Spine-1,20,898858562,311655253,219447,76087,2,2,0,6,23.0
2025-01-20,Spine-1,29,77525737,758445390,18927,185167,0,1,0,2,73.8
2025-01-20,Spine-2,7,349733701,67640674,85384,16513,1,2,0,8,82.4
2025-01-20,Spine-2,16,687317009,83336404,167802,20345,2,1,0,8,67.5
2025-01-20,Spine-2,26,204000693,314200475,49804,76709,0,0,0,0,23.9
2025-01-21,Spine-1,3,351072181,954236150,85710,232967,0,2,0,7,61.4
2025-01-21,Spine-1,13,541357418,458561090,132167,111953,1,0,0,1,64.7
2025-01-21,Spine-1,22,61376718,148479923,14984,36249,1,1,0,4,59.5
2025-01-21,Spine-1,32,609287312,751322918,148751,183428,1,0,0,3,43.6
2025-01-21,Spine-2,10,56855079,184581953,13880,45063,2,1,0,2,40.1
2025-01-21,Spine-2,19,983664408,786132107,240152,191926,1,1,0,1,63.3
2025-01-21,Spine-2,29,56251233,700334155,13733,170980,0,0,0,0,22.4
2025-01-22,Spine-1,6,598574558,291382646,146136,71138,0,0,0,5,30.5
2025-01-22,Spine-1,16,400931988,664845625,97883,162315,1,2,0,6,20.6
2025-01-22,Spine-1,25,56664218,108816217,13834,26566,2,0,0,2,39.3
2025-01-22,Spine-2,3,52902476,166026333,12915,40533,0,2,0,1,63.5
2025-01-22,Spine-2,12,109320820,255509167,26689,62380,2,0,0,1,38.6
2025-01-22,Spine-2,22,924293548,403277811,225657,98456,1,0,0,2,34.4
2025-01-22,Spine-2,31,673554757,636531017,164442,155403,0,1,0,9,81.7
2025-01-22,Leaf-1,9,543314970,374341267,132645,91391,2,0,0,5,86.4
2025-01-22,Leaf-1,19,734913546,237936438,179422,58089,4,4,0,11,72.1
2025-01-22,Leaf-1,28,315439136,723729705,77011,176691,3,0,0,1,80.1
2025-01-22,Leaf-2,4,469487332,605084233,114620,147725,3,3,0,8,60.6
2025-01-22,Leaf-2,13,684879673,396699369,167206,96850,2,0,0,11,83.7
2025-01-22,Leaf-2,23,96483619,234430443,23555,57233,2,3,0,15,89.6
2025-01-22,Leaf-2,32,230166892,409892248,56193,100071,1,0,0,7,31.4
2025-01-22,Leaf-3,8,244512309,77631468,59695,18952,2,3,0,14,33.1
2025-01-22,Leaf-3,17,663965825,433567836,162101,105851,3,2,0,18,67.9
2025-01-22,Leaf-3,27,253640959,189993481,61924,46385,3,4,0,17,92.7
2025-01-22,Leaf-4,3,467444682,413678285,114122,100995,3,3,0,3,34.6
2025-01-22,Leaf-4,12,83971196,775356400,20500,189295,1,2,0,3,94.6
2025-01-22,Leaf-4,22,940203787,409174755,229541,99896,4,2,0,1,90.4
2025-01-22,Leaf-4,31,552111677,234364376,134792,57217,4,3,0,19,84.0
2025-01-23,Spine-1,7,279695968,90985317,68285,22213,0,2,0,6,27.4
2025-01-23,Spine-1,16,336604989,228238117,82178,55722,1,2,0,4,64.7
2025-01-23,Spine-1,26,309466454,686924052,75553,167706,0,1,0,4,37.1
2025-01-23,Spine-2,3,720975641,471448136,176019,115099,1,2,0,3,71.7
2025-01-23,Spine-2,13,938095286,849780445,229027,207465,0,1,0,6,80.6
2025-01-23,Spine-2,23,406306203,728816511,99195,177933,2,2,0,8,71.9
2025-01-23,Spine-2,32,632759820,348829778,154482,85163,2,2,0,1,29.9
2025-01-24,Spine-1,10,840288496,329222235,205148,80376,0,2,0,0,78.0
2025-01-24,Spine-1,19,156239566,184653562,38144,45081,1,0,0,0,49.5
2025-01-24,Spine-1,29,935885647,338397190,228487,82616,1,2,0,4,80.6
2025-01-24,Spine-2,6,748173889,763221214,182659,186333,1,1,0,4,66.6
2025-01-24,Spine-2,16,595032042,744003127,145271,181641,0,0,0,6,68.7
2025-01-24,Spine-2,25,111109547,743224589,27126,181451,2,1,0,9,68.2
2025-01-25,Spine-1,3,366697986,739663006,89525,180581,2,0,0,9,44.2
2025-01-25,Spine-1,12,32986992,300251726,8053,73303,1,1,0,6,80.3
2025-01-25,Spine-1,22,533289880,603092352,130197,147239,0,2,0,0,51.6
2025-01-25,Spine-1,32,796372456,654087598,194426,159689,0,2,0,1,75.0
2025-01-25,Spine-2,9,779619445,961250318,190336,234680,2,0,0,8,74.2
2025-01-25,Spine-2,19,811756099,480133193,198182,117220,2,1,0,2,41.9
2025-01-25,Spine-2,28,424897642,785571314,103734,191789,1,2,0,7,73.7
2025-01-26,Spine-1,6,790441948,619928324,192978,151349,2,1,0,6,57.9
2025-01-26,Spine-1,15,23971584,337807932,5852,82472,1,0,0,6,25.1
2025-01-26,Spine-1,25,172572703,420174832,42132,102581,0,0,0,5,25.0
2025-01-26,Spine-2,2,722059082,48812835,176283,11917,1,2,0,8,55.9
2025-01-26,Spine-2,12,423398598,226330816,103368,55256,1,0,0,4,22.6
2025-01-26,Spine-2,22,387031882,867032891,94490,211677,0,0,0,7,40.8
2025-01-26,Spine-2,31,924805835,569189069,225782,138962,1,1,0,0,26.5
2025-01-27,Spine-1,9,450695477,156851300,110033,38293,0,2,0,1,33.9
2025-01-27,Spine-1,18,38941049,703297238,9507,171703,2,1,0,4,82.1
2025-01-27,Spine-1,28,531223084,406849369,129693,99328,0,2,0,0,44.0
2025-01-27,Spine-2,5,502811438,963485859,122756,235226,2,0,0,2,84.4
2025-01-27,Spine-2,15,605155719,269847825,147743,65880,0,1,0,7,34.6
2025-01-27,Spine-2,24,153020509,255274011,37358,62322,1,2,0,8,70.2
2025-01-28,Spine-1,2,585184345,431848405,142867,105431,1,1,0,6,63.0
2025-01-28,Spine-1,12,705237290,52075532,172177,12713,1,1,0,2,47.9
2025-01-28,Spine-1,21,113866879,614166537,27799,149943,2,1,0,7,46.1
2025-01-28,Spine-1,31,339268875,900651331,82829,219885,1,0,0,6,40.4
2025-01-28,Spine-2,8,113306734,325969961,27662,79582,1,1,0,1,75.0
2025-01-28,Spine-2,18,899021037,35619073,219487,8696,0,0,0,5,33.2
2025-01-28,Spine-2,27,679336720,153672834,165853,37517,0,1,0,2,69.7
2025-01-29,Spine-1,5,352601948,761925968,86084,186017,2,0,0,6,39.5
2025-01-29,Spine-1,14,61714672,468524514,15067,114385,2,0,0,9,25.9
2025-01-29,Spine-1,24,784400432,187091890,191504,45676,1,0,0,0,25.1
2025-01-29,Spine-2,2,651213134,462660051,158987,112954,2,2,0,6,82.9
2025-01-29,Spine-2,11,619921406,170658919,151347,41664,1,1,0,7,29.9
2025-01-29,Spine-2,21,482352685,785941279,117761,191880,2,1,0,5,50.0
2025-01-29,Spine-2,30,177699355,191541430,43383,46763,0,1,0,7,49.4
2025-01-29,Leaf-1,8,330031678,566157600,80574,138222,1,4,0,5,65.3
2025-01-29,Leaf-1,17,284510177,125073924,69460,30535,0,4,0,18,52.6
2025-01-29,Leaf-1,27,507045258,506958133,123790,123769,2,2,0,18,83.7
2025-01-29,Leaf-2,2,334326894,13884420,81622,3389,0,1,0,0,44.5
2025-01-29,Leaf-2,12,765047039,174955533,186779,42713,4,3,0,6,33.5
2025-01-29,Leaf-2,21,861926300,136674038,210431,33367,3,0,0,8,91.4
2025-01-29,Leaf-2,31,764553705,768425366,186658,187603,0,4,0,8,61.4
2025-01-29,Leaf-3,7,512399632,23311498,125097,5691,1,1,0,14,61.7
2025-01-29,Leaf-3,16,379070503,470702451,92546,114917,1,2,0,16,87.3
2025-01-29,Leaf-3,26,864773923,655019619,211126,159916,2,0,0,15,50.9
2025-01-29,Leaf-4,1,215202536,233864184,52539,57095,1,4,1,14,41.7
2025-01-29,Leaf-4,11,623838460,750223339,152304,183159,4,2,0,9,54.8
2025-01-29,Leaf-4,20,631764779,560677878,154239,136884,1,0,0,9,51.7
2025-01-29,Leaf-4,30,301434191,218497848,73592,53344,4,1,0,6,57.4
2025-01-30,Spine-1,5,375467300,598605377,91666,146143,0,1,0,3,51.9
2025-01-30,Spine-1,15,569633350,991196881,139070,241991,2,0,0,7,66.4
2025-01-30,Spine-1,25,294605405,813437550,71925,198593,2,1,0,1,67.5
2025-01-30,Spine-2,2,310791485,851611734,75876,207913,0,0,0,7,73.5
2025-01-30,Spine-2,12,728172861,988233851,177776,241268,2,1,0,0,59.5
2025-01-30,Spine-2,21,16436346,203265673,4012,49625,1,2,0,0,45.3
2025-01-30,Spine-2,31,450274838,90697472,109930,22142,2,0,0,2,42.0
2025-01-31,Spine-1,8,33483986,769217306,8174,187797,0,0,0,8,53.2
2025-01-31,Spine-1,18,696507043,972361585,170045,237392,0,0,0,7,29.2
2025-01-31,Spine-1,27,784374906,411242051,191497,100400,1,2,0,8,74.5
2025-01-31,Spine-2,5,235024685,780411856,57379,190530,1,1,0,3,67.0
2025-01-31,Spine-2,15,564865104,767206889,137906,187306,0,2,0,0,57.0
2025-01-31,Spine-2,24,918243885,665459641,224180,162465,0,1,0,2,25.5
2025-02-01,Spine-1,2,249827510,56859243,60993,13881,0,0,0,3,43.0
2025-02-01,Spine-1,11,54081883,977681703,13203,238691,1,1,0,5,22.0
2025-02-01,Spine-1,21,393219236,665513957,96000,162478,0,2,0,9,44.9
2025-02-01,Spine-1,30,293445956,342267755,71642,83561,2,0,0,3,36.8
2025-02-01,Spine-2,8,724598337,899076117,176903,219501,1,0,0,9,44.5
2025-02-01,Spine-2,17,91755304,113963419,22401,27823,2,0,0,8,76.5
2025-02-01,Spine-2,27,159416818,919141676,38920,224399,0,0,0,3,47.6
2025-02-02,Spine-1,5,916992543,506320976,223875,123613,2,2,0,7,23.9
2025-02-02,Spine-1,14,810558033,728710609,197890,177907,1,1,0,2,39.4
2025-02-02,Spine-1,24,22514936,105909466,5496,25856,0,2,0,0,63.8
2025-02-02,Spine-2,1,355218113,696171896,86723,169963,1,2,0,2,21.0
2025-02-02,Spine-2,11,759404811,386173341,185401,94280,2,1,0,0,29.6
2025-02-02,Spine-2,20,205122378,472621741,50078,115386,2,1,0,3,76.5
2025-02-02,Spine-2,30,853792664,614423417,208445,150005,0,2,0,7,59.1
2025-02-03,Spine-1,7,956236056,790134685,233456,192903,1,2,0,2,57.2
2025-02-03,Spine-1,17,312548983,429962561,76305,104971,2,1,0,1,56.5
2025-02-03,Spine-1,26,123351728,637197788,30115,155565,2,2,0,0,56.6
2025-02-03,Spine-2,4,733330062,413662079,179035,100991,1,0,0,8,38.0
2025-02-03,Spine-2,14,961783645,824035724,234810,201180,2,1,0,1,64.1
2025-02-03,Spine-2,23,709682118,269052896,173262,65686,1,1,0,3,62.1
2025-02-04,Spine-1,1,526634203,577789969,128572,141062,0,1,0,3,42.4
2025-02-04,Spine-1,10,708084061,497065409,172872,121353,2,2,0,8,57.9
2025-02-04,Spine-1,20,935290205,319564948,228342,78018,2,0,0,4,35.3
2025-02-04,Spine-1,29,973287283,296296430,237618,72337,1,2,0,6,84.7
2025-02-04,Spine-2,7,858922624,134615660,209697,32865,1,1,0,2,62.1
2025-02-04,Spine-2,16,565310884,765677135,138015,186932,1,2,0,2,57.6
2025-02-04,Spine-2,26,589658516,426941374,143959,104233,0,1,0,4,33.2
2025-02-05,Spine-1,4,464917546,385930232,113505,94221,1,1,0,3,38.8
2025-02-05,Spine-1,13,884184892,402266933,215865,98209,2,1,0,0,76.3
2025-02-05,Spine-1,23,296903244,99443003,72486,24278,0,2,0,1,24.4
2025-02-05,Spine-1,32,724160194,812768490,176796,198429,1,1,0,3,81.6
2025-02-05,Spine-2,10,286448902,644742006,69933,157407,0,1,0,7,43.2
2025-02-05,Spine-2,19,578499464,43851017,141235,10705,0,1,0,3,43.4
2025-02-05,Spine-2,29,367629592,522698358,89753,127611,0,2,0,6,80.0
2025-02-05,Leaf-1,6,228248206,626940638,55724,153061,1,0,0,13,55.8
2025-02-05,Leaf-1,16,882251345,735967274,215393,179679,0,3,0,2,67.7
2025-02-05,Leaf-1,26,969068913,17894033,236589,4368,0,2,0,14,45.7
2025-02-05,Leaf-2,1,782126748,690592074,190948,168601,0,4,0,17,84.4
2025-02-05,Leaf-2,11,84738587,759769108,20688,185490,2,3,0,9,86.2
2025-02-05,Leaf-2,20,87603428,655818377,21387,160111,2,0,0,11,79.2
2025-02-05,Leaf-2,30,121861517,890160032,29751,217324,1,0,0,12,76.2
2025-02-05,Leaf-3,5,71396849,800425420,17430,195416,0,1,0,18,68.6
2025-02-05,Leaf-3,15,177621583,114106299,43364,27857,1,4,0,16,75.9
2025-02-05,Leaf-3,24,262514579,706948811,64090,172594,4,2,0,5,30.6
2025-02-05,Leaf-3,34,812211735,116052962,198293,28333,0,1,0,12,50.8
2025-02-05,Leaf-4,10,815912586,466398969,199197,113866,1,0,0,11,49.0
2025-02-05,Leaf-4,19,921817709,630190423,225053,153855,1,2,0,15,60.0
2025-02-05,Leaf-4,29,603686226,338899683,147384,82739,0,4,0,19,84.5
2025-02-06,Spine-1,4,350773884,770424414,85638,188091,2,1,0,1,82.3
2025-02-06,Spine-1,14,105757106,584734923,25819,142757,0,2,0,7,76.4
2025-02-06,Spine-1,23,446666237,700507847,109049,171022,2,2,0,2,79.7
2025-02-06,Spine-2,1,180739814,141938636,44125,34652,1,0,0,8,60.3
2025-02-06,Spine-2,10,616799799,818950837,150585,199939,0,0,0,5,67.4
2025-02-06,Spine-2,20,531041109,359077092,129648,87665,0,2,0,5,62.6
2025-02-06,Spine-2,29,684827981,789017509,167194,192631,2,0,0,7,20.4
2025-02-07,Spine-1,7,813724469,557972317,198663,136223,2,0,0,4,72.3
2025-02-07,Spine-1,17,110095795,146438951,26878,35751,0,1,0,6,74.8
2025-02-07,Spine-1,26,945045859,340982373,230724,83247,2,0,0,3,71.6
2025-02-07,Spine-2,4,993630523,573620096,242585,140043,2,2,0,3,56.3
2025-02-07,Spine-2,13,462885262,227486735,113009,55538,0,1,0,3,72.3
2025-02-07,Spine-2,23,500667947,110256465,122233,26918,1,0,0,2,82.0
2025-02-07,Spine-2,32,445853177,760423320,108850,185650,2,2,0,2,70.0
2025-02-08,Spine-1,10,890421102,107050973,217387,26135,1,1,0,9,81.6
2025-02-08,Spine-1,19,431790052,455643982,105417,111241,2,1,0,8,64.1
2025-02-08,Spine-1,29,534450370,362670553,130481,88542,1,1,0,5,72.3
2025-02-08,Spine-2,7,28744683,940258307,7017,229555,0,1,0,0,46.9
2025-02-08,Spine-2,16,838708508,687180916,204762,167768,1,0,0,8,80.2
2025-02-08,Spine-2,26,163828403,114518189,39997,27958,0,2,0,8,39.7
2025-02-09,Spine-1,3,130945852,366644807,31969,89512,0,1,0,1,23.2
2025-02-09,Spine-1,13,309981952,510074469,75679,124529,2,0,0,3,79.7
2025-02-09,Spine-1,22,496982483,808696992,121333,197435,0,2,0,3,84.1
2025-02-09,Spine-1,32,194698151,814551545,47533,198865,0,2,0,5,41.1
2025-02-09,Spine-2,9,563409274,356661144,137551,87075,0,0,0,9,41.0
2025-02-09,Spine-2,19,588103640,35368260,143579,8634,1,2,0,3,73.7
2025-02-09,Spine-2,29,535968170,514113584,130851,125516,0,1,0,0,48.5
2025-02-10,Spine-1,6,348912552,346889543,85183,84689,2,0,0,2,72.5
2025-02-10,Spine-1,16,978657542,289842520,238930,70762,0,2,0,4,33.2
2025-02-10,Spine-1,25,566304796,127470972,138258,31120,0,0,0,7,68.3
2025-02-10,Spine-2,3,477597347,617147279,116600,150670,2,0,0,0,83.8
2025-02-10,Spine-2,12,872173245,539299315,212932,131664,0,1,0,9,71.0
2025-02-10,Spine-2,22,475009602,548856824,115969,133998,0,1,0,2,60.6
2025-02-10,Spine-2,31,460748692,747400660,112487,182470,1,1,0,8,36.5
2025-02-11,Spine-1,9,732593702,985594620,178855,240623,1,1,0,5,55.0
2025-02-11,Spine-1,19,903421870,429665233,220561,104898,1,0,0,9,41.0
2025-02-11,Spine-1,28,532669812,287869789,130046,70280,2,1,0,7,64.1
2025-02-11,Spine-2,6,291779919,296009837,71235,72268,2,0,0,5,77.5
2025-02-11,Spine-2,15,248252383,577978092,60608,141107,1,0,0,2,77.9
2025-02-11,Spine-2,25,776005267,90503834,189454,22095,1,2,0,6,61.7
2025-02-12,Spine-1,2,750247438,529726326,183165,129327,0,0,0,3,24.3
2025-02-12,Spine-1,12,211311860,11324457,51589,2764,1,0,0,8,35.5
2025-02-12,Spine-1,21,630148384,288182325,153844,70357,2,0,0,6,71.9
2025-02-12,Spine-1,31,495227224,451625523,120905,110260,1,0,0,5,31.5
2025-02-12,Spine-2,8,612846879,780479783,149620,190546,1,2,0,9,26.9
2025-02-12,Spine-2,18,358601950,628813495,87549,153518,1,2,0,9,79.8
2025-02-12,Spine-2,28,63091005,859318504,15403,209794,1,0,0,2,44.8
2025-02-12,Leaf-1,5,178630189,294971787,43610,72014,2,0,0,0,59.7
2025-02-12,Leaf-1,15,586387865,781465345,143161,190787,0,3,0,16,57.0
2025-02-12,Leaf-1,24,484185446,502053507,118209,122571,4,4,0,2,72.8
2025-02-12,Leaf-1,34,847673412,327627147,206951,79987,4,4,0,18,90.0
2025-02-12,Leaf-2,9,681072564,89689769,166277,21896,3,4,0,0,33.1
2025-02-12,Leaf-2,19,463889493,632387807,113254,154391,3,0,0,5,84.6
2025-02-12,Leaf-2,28,16071764,998090177,3923,243674,2,0,0,4,80.2
2025-02-12,Leaf-3,4,711056780,980082493,173597,239277,1,2,0,5,41.0
2025-02-12,Leaf-3,14,558889122,482067133,136447,117692,2,1,0,17,94.3
2025-02-12,Leaf-3,23,362257122,952494167,88441,232542,1,1,0,0,31.6
2025-02-12,Leaf-3,33,12059222,753951944,2944,184070,3,2,0,14,32.3
2025-02-12,Leaf-4,8,200925650,598297009,49054,146068,4,1,0,0,83.6
2025-02-12,Leaf-4,18,724073008,643297859,176775,157055,4,1,0,2,39.3
2025-02-12,Leaf-4,27,422694550,863816193,103196,210892,1,4,0,17,72.2
2025-02-13,Spine-1,3,668175162,772421827,163128,188579,1,2,0,7,81.3
2025-02-13,Spine-1,12,877278895,437046496,214179,106700,1,1,0,9,40.8
2025-02-13,Spine-1,22,681858831,955778161,166469,233344,1,2,0,7,47.3
2025-02-13,Spine-1,32,280321667,989312423,68437,241531,0,0,0,8,20.2
2025-02-13,Spine-2,9,132367243,643709703,32316,157155,0,2,0,7,44.5
2025-02-13,Spine-2,19,457473590,572011042,111687,139651,1,2,0,1,42.3
2025-02-13,Spine-2,28,325241816,638935242,79404,155990,0,0,0,4,43.7
2025-02-14,Spine-1,6,551270517,868287483,134587,211984,2,2,0,8,42.5
2025-02-14,Spine-1,15,138734077,439895997,33870,107396,1,1,0,1,33.1
2025-02-14,Spine-1,25,893505026,511018421,218140,124760,0,0,0,1,40.5
2025-02-14,Spine-2,2,454117427,894911499,110868,218484,2,1,0,0,34.0
2025-02-14,Spine-2,12,845011899,755885851,206301,184542,2,2,0,3,81.6
2025-02-14,Spine-2,22,92634185,198455614,22615,48451,1,2,0,1,43.1
2025-02-14,Spine-2,31,360163043,645734633,87930,157650,2,0,0,4,52.3
2025-02-15,Spine-1,9,493452022,682884395,120471,166719,1,2,0,1,62.3
2025-02-15,Spine-1,18,196346138,466505676,47936,113892,0,0,0,5,27.3
2025-02-15,Spine-1,28,969603087,563979258,236719,137690,0,2,0,0,43.9
2025-02-15,Spine-2,5,473592680,408792095,115623,99802,0,1,0,3,80.6
2025-02-15,Spine-2,15,641738827,587941185,156674,143540,0,0,0,0,50.1
2025-02-15,Spine-2,24,257074296,405051748,62762,98889,1,2,0,0,33.0
2025-02-16,Spine-1,2,861365897,498326589,210294,121661,2,2,0,0,72.2
2025-02-16,Spine-1,11,239324266,982962458,58428,239981,1,2,0,0,76.5
2025-02-16,Spine-1,21,332287988,629193280,81124,153611,1,0,0,9,56.8
2025-02-16,Spine-1,31,700157436,165582847,170936,40425,2,2,0,0,43.1
2025-02-16,Spine-2,8,863700189,833674066,210864,203533,0,2,0,0,84.8
2025-02-16,Spine-2,18,148059571,707331789,36147,172688,1,2,0,1,30.1
2025-02-16,Spine-2,27,189006808,272615083,46144,66556,0,1,0,1,75.2
2025-02-17,Spine-1,5,187112645,49099846,45681,11987,1,0,0,6,35.5
2025-02-17,Spine-1,14,945972885,236536168,230950,57748,0,0,0,7,31.6
2025-02-17,Spine-1,24,616326004,338497933,150470,82641,0,0,0,9,25.4
2025-02-17,Spine-2,1,841945164,421647908,205553,102941,0,0,0,1,35.8
2025-02-17,Spine-2,11,561974912,865310066,137200,211257,1,1,0,9,65.6
2025-02-17,Spine-2,21,61791723,484946830,15085,118395,2,2,0,4,39.1
2025-02-17,Spine-2,30,890233895,646977224,217342,157953,1,0,0,9,38.4
2025-02-18,Spine-1,8,802719300,921210338,195976,224904,1,2,0,5,59.2
2025-02-18,Spine-1,17,837337150,30650105,204428,7482,0,0,0,4,53.8
2025-02-18,Spine-1,27,967193386,925141993,236131,225864,0,2,0,9,32.0
2025-02-18,Spine-2,4,513000808,568461255,125244,138784,1,2,0,9,46.2
2025-02-18,Spine-2,14,107756618,760512258,26307,185671,2,0,0,0,68.1
2025-02-18,Spine-2,23,911232768,264916707,222468,64676,1,0,0,1,30.9
2025-02-19,Spine-1,1,963882750,250228289,235322,61090,2,0,0,5,59.5
2025-02-19,Spine-1,11,378194613,323182532,92332,78901,2,0,0,6,22.0
2025-02-19,Spine-1,20,123103248,55830830,30054,13630,0,1,0,1,45.4
2025-02-19,Spine-1,30,251455946,754533023,61390,184212,2,1,0,3,45.0
2025-02-19,Spine-2,7,703213006,270652688,171682,66077,2,0,0,5,59.3
2025-02-19,Spine-2,17,624016951,873499299,152347,213256,1,1,0,6,55.7
2025-02-19,Spine-2,26,62959026,889100979,15370,217065,0,0,0,2,25.9
2025-02-19,Leaf-1,4,723478958,83561841,176630,20400,2,1,0,15,92.3
2025-02-19,Leaf-1,13,846685656,875455515,206710,213734,3,1,0,15,45.1
2025-02-19,Leaf-1,23,802032081,203153620,195808,49598,3,4,0,2,90.8
2025-02-19,Leaf-1,32,667100782,318693787,162866,77806,0,2,0,6,50.7
2025-02-19,Leaf-2,8,354037474,190670469,86434,46550,4,4,0,8,39.0
2025-02-19,Leaf-2,18,963871926,349750204,235320,85388,3,2,0,4,86.5
2025-02-19,Leaf-2,27,973772146,80923849,237737,19756,3,4,0,1,30.2
2025-02-19,Leaf-3,3,358349060,903126036,87487,220489,4,4,0,3,52.5
2025-02-19,Leaf-3,12,905424162,347989357,221050,84958,3,4,0,7,89.4
2025-02-19,Leaf-3,22,711150613,460563066,173620,112442,3,1,0,19,91.0
2025-02-19,Leaf-3,31,208540865,921970678,50913,225090,4,4,0,2,88.4
2025-02-19,Leaf-4,7,975950333,490248403,238269,119689,0,3,0,13,73.3
2025-02-19,Leaf-4,16,335836148,924065183,81991,225601,0,0,0,12,41.6
2025-02-19,Leaf-4,26,165446896,575095749,40392,140404,3,2,0,7,75.2
2025-02-20,Spine-1,2,403491535,334756200,98508,81727,0,1,0,7,76.7
2025-02-20,Spine-1,11,10023045,406962950,2447,99356,0,0,0,5,75.3
2025-02-20,Spine-1,21,391163523,859579867,95498,209858,2,1,0,5,64.0
2025-02-20,Spine-1,30,244038708,941898582,59579,229955,2,1,0,8,38.7
2025-02-20,Spine-2,8,202401846,147709469,49414,36061,1,2,0,5,37.9
2025-02-20,Spine-2,17,203867394,846550866,49772,206677,2,0,0,3,54.7
2025-02-20,Spine-2,27,614299241,195209151,149975,47658,1,0,0,3,27.2
2025-02-21,Spine-1,4,160473696,850469790,39178,207634,2,0,0,2,37.7
2025-02-21,Spine-1,14,677003763,871900088,165284,212866,1,0,0,2,72.9
2025-02-21,Spine-1,24,884944129,437045085,216050,106700,0,1,0,8,77.2
2025-02-21,Spine-2,1,200781681,427672555,49018,104412,1,2,0,4,21.6
2025-02-21,Spine-2,11,105424662,343213840,25738,83792,0,1,0,7,50.2
2025-02-21,Spine-2,20,200911799,222870160,49050,54411,1,0,0,1,54.6
2025-02-21,Spine-2,30,217091532,905959225,53000,221181,0,1,0,0,20.3
2025-02-22,Spine-1,7,122307467,960436669,29860,234481,2,0,0,9,23.1
2025-02-22,Spine-1,17,685642166,939859438,167393,229457,1,0,0,4,20.5
2025-02-22,Spine-1,26,500841180,903420905,122275,220561,0,2,0,1,69.8
2025-02-22,Spine-2,4,405017288,375507191,98881,91676,0,2,0,0,72.8
2025-02-22,Spine-2,14,576299363,481121405,140698,117461,2,2,0,8,34.7
2025-02-22,Spine-2,23,49554005,992920586,12098,242412,2,2,0,5,67.9
2025-02-23,Spine-1,1,439703703,640940684,107349,156479,0,2,0,7,42.7
2025-02-23,Spine-1,10,203883676,576317309,49776,140702,1,2,0,2,42.8
2025-02-23,Spine-1,20,384104200,248830784,93775,60749,1,1,0,1,63.8
2025-02-23,Spine-1,29,912381903,94052268,222749,22961,1,2,0,1,84.8
2025-02-23,Spine-2,7,325124498,461503499,79376,112671,1,1,0,5,32.1
2025-02-23,Spine-2,16,205198492,616421453,50097,150493,0,2,0,4,65.4
2025-02-23,Spine-2,26,24804957,651003251,6055,158936,2,1,0,5,66.3
2025-02-24,Spine-1,3,83247616,688763479,20324,168155,2,2,0,4,84.1
2025-02-24,Spine-1,13,798548220,558248140,194958,136291,2,1,0,8,81.2
2025-02-24,Spine-1,23,481827766,283211696,117633,69143,2,1,0,9,41.2
2025-02-24,Spine-1,32,430250510,737877643,105041,180145,0,1,0,4,29.6
2025-02-24,Spine-2,10,734308385,462457377,179274,112904,0,2,0,0,37.1
2025-02-24,Spine-2,19,463525644,809983887,113165,197749,0,1,0,6,72.2
2025-02-24,Spine-2,29,649880844,692919472,158662,169169,0,2,0,4,67.0
2025-02-25,Spine-1,6,987402254,807899190,241065,197241,2,1,0,1,62.1
2025-02-25,Spine-1,16,21406342,996749350,5226,243347,2,2,0,1,54.8
2025-02-25,Spine-1,25,961113024,739275244,234646,180487,1,0,0,6,62.0
2025-02-25,Spine-2,3,293213012,342638577,71585,83651,1,0,0,9,58.8
2025-02-25,Spine-2,13,466735365,181948574,113949,44421,1,0,0,7,35.9
2025-02-25,Spine-2,22,672106555,485010160,164088,118410,0,2,0,4,35.7
2025-02-25,Spine-2,32,765116284,406425861,186795,99225,1,0,0,4,21.3
2025-02-26,Spine-1,9,197764592,796745445,48282,194517,1,1,0,7,63.0
2025-02-26,Spine-1,19,442469449,734814789,108024,179398,2,0,0,5,48.6
2025-02-26,Spine-1,28,273702163,906832086,66821,221394,1,2,0,9,27.6
2025-02-26,Spine-2,6,215624940,568539701,52642,138803,1,0,0,3,78.3
2025-02-26,Spine-2,15,308847566,47310074,75402,11550,1,1,0,3,58.5
2025-02-26,Spine-2,25,944397384,806881578,230565,196992,0,0,0,8,31.4
2025-02-26,Leaf-1,3,943947280,755158832,230455,184364,1,0,0,16,31.6
2025-02-26,Leaf-1,12,559851523,342731565,136682,83674,3,1,0,3,40.3
2025-02-26,Leaf-1,22,128624108,601069219,31402,146745,4,0,0,10,75.0
2025-02-26,Leaf-1,31,274146903,409310497,66930,99929,2,3,0,5,73.1
2025-02-26,Leaf-2,7,241941935,453888612,59067,110812,4,3,0,13,77.0
2025-02-26,Leaf-2,16,636985572,326427063,155514,79694,4,2,0,11,70.4
2025-02-26,Leaf-2,26,422142354,820196622,103062,200243,2,0,0,6,65.3
2025-02-26,Leaf-3,1,475046065,429505737,115978,104859,1,4,0,15,46.3
2025-02-26,Leaf-3,11,877404187,770071153,214210,188005,1,1,0,10,36.5
2025-02-26,Leaf-3,21,373977143,930626558,91303,227203,3,0,0,1,70.3
2025-02-26,Leaf-3,30,590433700,744461466,144148,181753,1,1,0,18,42.6
2025-02-26,Leaf-4,6,879449556,199598144,214709,48730,0,0,0,19,31.9
2025-02-26,Leaf-4,15,820229844,152700476,200251,37280,3,3,0,6,57.2
2025-02-26,Leaf-4,25,682515218,593651039,166629,144934,0,0,0,4,78.8
2025-02-26,Leaf-4,34,201366287,334473162,49161,81658,1,0,0,16,80.0
2025-02-27,Spine-1,10,783691397,462195386,191330,112840,0,0,0,2,59.3
2025-02-27,Spine-1,19,422566868,155273572,103165,37908,1,2,0,2,35.2
2025-02-27,Spine-1,29,524737975,42296885,128109,10326,0,1,0,0,75.6
2025-02-27,Spine-2,6,952194103,954944117,232469,233140,0,2,0,3,83.7
2025-02-27,Spine-2,16,39864386,724966841,9732,176993,0,1,0,8,47.2
2025-02-27,Spine-2,26,736980068,253576360,179926,61908,1,2,0,7,78.7
2025-02-28,Spine-1,3,360650699,167224623,88049,40826,0,1,0,9,43.7
2025-02-28,Spine-1,13,774642675,763794666,189121,186473,1,1,0,3,27.5
2025-02-28,Spine-1,22,531128846,552947700,129670,134996,1,2,0,1,63.2
2025-02-28,Spine-1,32,659991549,191416617,161130,46732,2,2,0,9,31.1
2025-02-28,Spine-2,9,906118112,676277231,221220,165106,0,0,0,1,76.5
2025-02-28,Spine-2,19,634159859,254809132,154824,62209,1,0,0,4,29.7
2025-02-28,Spine-2,28,813590781,207633814,198630,50691,1,0,0,0,39.7
2025-03-01,Spine-1,6,292475468,288882851,71405,70528,1,1,0,8,55.1
2025-03-01,Spine-1,16,778355299,232891860,190028,56858,1,2,0,3,29.9
2025-03-01,Spine-1,25,733882955,134172436,179170,32756,1,1,0,7,63.2
2025-03-01,Spine-2,3,548171619,886164273,133830,216348,1,2,0,1,26.4
2025-03-01,Spine-2,12,939176712,798153170,229291,194861,1,1,0,3,54.7
2025-03-01,Spine-2,22,889222911,27360248,217095,6679,0,1,0,4,40.3
2025-03-01,Spine-2,31,107325206,554135765,26202,135287,1,0,0,3,82.6
2025-03-02,Spine-1,9,716683808,976469127,174971,238395,2,0,0,0,38.7
2025-03-02,Spine-1,18,687281442,38832506,167793,9480,0,0,0,2,69.0
2025-03-02,Spine-1,28,118121056,139731907,28838,34114,2,0,0,6,36.8
2025-03-02,Spine-2,6,995928000,575175122,243146,140423,2,2,0,0,73.1
2025-03-02,Spine-2,15,933942802,843287449,228013,205880,1,2,0,8,67.2
2025-03-02,Spine-2,25,763351845,771857420,186365,188441,1,1,0,2,70.8
2025-03-03,Spine-1,2,779872134,624732937,190398,152522,0,1,0,4,41.9
2025-03-03,Spine-1,12,852643021,680529262,208164,166144,1,2,0,4,44.7
2025-03-03,Spine-1,21,727667546,868274639,177653,211981,2,0,0,4,67.7
2025-03-03,Spine-1,31,309716807,512328051,75614,125080,1,2,0,9,28.1
2025-03-03,Spine-2,8,169428837,724240303,41364,176816,2,0,0,4,41.1
2025-03-03,Spine-2,18,84575816,464052252,20648,113294,2,2,0,3,78.9
2025-03-03,Spine-2,28,272397029,798966631,66503,195060,2,1,0,8,50.6
2025-03-04,Spine-1,5,300977935,173100104,73480,42260,1,1,0,1,68.3
2025-03-04,Spine-1,15,311839894,336770301,76132,82219,2,0,0,3,72.9
2025-03-04,Spine-1,24,914249544,738736488,223205,180355,0,1,0,1,52.0
2025-03-04,Spine-2,2,330991147,340794946,80808,83201,2,0,0,8,39.6
2025-03-04,Spine-2,11,399521720,471340499,97539,115073,0,0,0,6,35.6
2025-03-04,Spine-2,21,157046296,210028885,38341,51276,2,0,0,0,37.9
2025-03-04,Spine-2,30,969258563,365565772,236635,89249,0,0,0,4,25.4
2025-03-05,Spine-1,8,343607595,173557702,83888,42372,2,1,0,4,37.3
2025-03-05,Spine-1,17,675585651,127035482,164937,31014,1,2,0,2,36.9
2025-03-05,Spine-1,27,867039209,726318157,211679,177323,2,1,0,6,33.6
2025-03-05,Spine-2,5,532382496,573696572,129976,140062,2,1,0,2,43.7
2025-03-05,Spine-2,14,733690741,845757729,179123,206483,1,0,0,5,73.3
2025-03-05,Spine-2,24,952443916,86460785,232530,21108,1,2,0,0,65.6
2025-03-05,Leaf-1,1,862209254,426506530,210500,104127,3,0,0,17,46.9
2025-03-05,Leaf-1,11,450038671,682358991,109872,166591,2,0,0,3,88.4
2025-03-05,Leaf-1,20,109000426,147028781,26611,35895,1,0,0,7,87.6
2025-03-05,Leaf-1,30,627713027,947471781,153250,231316,2,3,0,10,78.7
2025-03-05,Leaf-2,5,654277845,39990151,159735,9763,2,0,0,12,66.4
2025-03-05,Leaf-2,15,158071044,713173006,38591,174114,1,4,0,2,30.9
2025-03-05,Leaf-2,25,682765409,215062748,166690,52505,2,2,0,3,50.7
2025-03-05,Leaf-2,34,381219309,282646977,93071,69005,0,1,0,19,56.0
2025-03-05,Leaf-3,10,141872728,697483938,34636,170284,2,2,0,5,47.5
2025-03-05,Leaf-3,19,134209193,341350693,32765,83337,1,1,0,4,89.9
2025-03-05,Leaf-3,29,391028695,602690920,95465,147141,0,3,0,11,87.3
2025-03-05,Leaf-4,4,224491077,334584757,54807,81685,1,2,0,10,56.1
2025-03-05,Leaf-4,14,313670166,645399960,76579,157568,2,2,0,12,66.8
2025-03-05,Leaf-4,23,472392306,800566134,115330,195450,0,1,0,5,33.2
2025-03-05,Leaf-4,33,552917000,338011365,134989,82522,2,1,0,15,85.0
2025-03-06,Spine-1,9,286778314,596808233,70014,145705,1,2,0,6,71.3
2025-03-06,Spine-1,18,525610732,78405971,128322,19142,0,1,0,9,69.7
2025-03-06,Spine-1,28,442749908,686595874,108093,167625,1,0,0,1,49.3
2025-03-06,Spine-2,5,316900161,516744831,77368,126158,0,0,0,2,84.3
2025-03-06,Spine-2,15,158484934,616939458,38692,150619,0,1,0,5,30.6
2025-03-06,Spine-2,24,719423406,339718176,175640,82939,0,1,0,0,77.8
2025-03-07,Spine-1,2,798857648,792612442,195033,193508,0,2,0,3,66.3
2025-03-07,Spine-1,11,904658241,519322116,220863,126787,2,1,0,3,44.5
2025-03-07,Spine-1,21,125141447,772488155,30552,188595,1,0,0,1,46.7
2025-03-07,Spine-1,31,586715536,51297110,143241,12523,1,0,0,7,28.1
2025-03-07,Spine-2,8,566599879,858663953,138330,209634,1,0,0,7,63.5
2025-03-07,Spine-2,18,271372937,997829508,66253,243610,2,2,0,8,68.7
2025-03-07,Spine-2,27,997698308,851618515,243578,207914,1,2,0,2,21.9
2025-03-08,Spine-1,5,518869591,756189046,126677,184616,1,0,0,9,61.9
2025-03-08,Spine-1,14,863147985,959987064,210729,234371,1,2,0,6,65.2
2025-03-08,Spine-1,24,471507264,291248921,115114,71105,0,0,0,3,37.2
2025-03-08,Spine-2,1,302485471,89847882,73848,21935,1,1,0,3,53.5
2025-03-08,Spine-2,11,631295642,452426671,154124,110455,0,2,0,2,49.6
2025-03-08,Spine-2,20,576614430,107729477,140775,26301,2,1,0,4,66.4
2025-03-08,Spine-2,30,694389649,341368369,169528,83341,2,1,0,6,39.3
2025-03-09,Spine-1,8,926359012,723909486,226161,176735,2,1,0,6,27.1
2025-03-09,Spine-1,17,49740052,960128573,12143,234406,0,1,0,8,48.9
2025-03-09,Spine-1,27,629670777,39865766,153728,9732,0,1,0,6,53.4
2025-03-09,Spine-2,4,325838915,872537919,79550,213021,2,2,0,9,65.7
2025-03-09,Spine-2,14,750860960,332279441,183315,81122,2,1,0,9,74.6
2025-03-09,Spine-2,23,373009433,687997407,91066,167968,1,0,0,5,36.4
2025-03-10,Spine-1,1,164833861,94538188,40242,23080,1,2,0,1,20.0
2025-03-10,Spine-1,10,685540890,141265184,167368,34488,2,2,0,3,83.6
2025-03-10,Spine-1,20,158933905,459545601,38802,112193,0,0,0,9,58.2
2025-03-10,Spine-1,30,596258490,952852978,145570,232630,1,1,0,4,58.8
2025-03-10,Spine-2,7,835393015,892441899,203953,217881,0,2,0,7,37.3
2025-03-10,Spine-2,17,307132620,385596860,74983,94139,1,0,0,3,43.8
2025-03-10,Spine-2,26,11277285,606898817,2753,148168,0,1,0,0,63.7
2025-03-11,Spine-1,4,508821124,702690850,124223,171555,0,0,0,7,56.1
2025-03-11,Spine-1,13,983010005,605478692,239992,147821,2,2,0,8,40.4
2025-03-11,Spine-1,23,577346082,84592713,140953,20652,2,1,0,6,65.2
2025-03-11,Spine-1,32,469410129,232752686,114602,56824,2,0,0,5,37.6
2025-03-11,Spine-2,10,157082077,36657355,38350,8949,2,0,0,7,78.4
2025-03-11,Spine-2,20,574918198,790682691,140360,193037,2,0,0,8,57.6
2025-03-11,Spine-2,29,347792172,863973890,84910,210931,1,0,0,0,64.4
2025-03-12,Spine-1,7,687322376,874182809,167803,213423,2,0,0,0,69.3
2025-03-12,Spine-1,16,166153618,380814314,40564,92972,1,0,0,7,65.7
2025-03-12,Spine-1,26,319650716,878005087,78039,214356,2,0,0,2,82.3
2025-03-12,Spine-2,3,610962615,984790660,149160,240427,2,1,0,1,71.7
2025-03-12,Spine-2,13,630473814,577659805,153924,141030,0,2,0,1,40.0
2025-03-12,Spine-2,22,126309493,956868286,30837,233610,1,0,0,2,48.9
2025-03-12,Spine-2,32,236995462,735263086,57860,179507,1,0,0,5,81.2
2025-03-12,Leaf-1,9,452382080,176812564,110444,43167,4,2,0,10,44.1
2025-03-12,Leaf-1,19,224632517,567281727,54841,138496,2,0,0,0,82.6
2025-03-12,Leaf-1,29,859621814,396707540,209868,96852,0,0,0,10,86.2
2025-03-12,Leaf-2,4,399031510,202009000,97419,49318,3,0,0,16,67.6
2025-03-12,Leaf-2,14,978044463,213364043,238780,52090,1,0,0,2,90.9
2025-03-12,Leaf-2,23,427844569,996330036,104454,243244,2,0,0,8,51.6
2025-03-12,Leaf-2,33,562608009,474039198,137355,115732,2,2,0,13,94.8
2025-03-12,Leaf-3,8,925079529,819681514,225849,200117,3,1,0,12,33.3
2025-03-12,Leaf-3,18,666043883,559323764,162608,136553,4,2,0,8,64.4
2025-03-12,Leaf-3,27,186172432,946442823,45452,231065,3,4,0,13,55.3
2025-03-12,Leaf-4,3,557999278,428070398,136230,104509,4,1,0,11,64.4
2025-03-12,Leaf-4,13,637622321,205513825,155669,50174,0,0,0,5,65.9
2025-03-12,Leaf-4,22,23423836,331540966,5718,80942,4,3,0,15,69.8
2025-03-12,Leaf-4,32,308945837,344592786,75426,84129,0,1,0,1,33.3
2025-03-13,Spine-1,7,255754496,557597789,62440,136132,0,2,0,9,42.0
2025-03-13,Spine-1,17,542120141,353056470,132353,86195,2,2,0,8,31.5
2025-03-13,Spine-1,26,257294354,417238252,62816,101864,1,1,0,0,64.0
2025-03-13,Spine-2,4,800741611,792633704,195493,193514,2,2,0,2,25.0
2025-03-13,Spine-2,13,960164853,632013284,234415,154300,2,2,0,7,57.5
2025-03-13,Spine-2,23,958669639,456324113,234050,111407,0,1,0,9,59.3
2025-03-14,Spine-1,1,434957341,320839644,106190,78329,1,1,0,2,52.3
2025-03-14,Spine-1,10,496332560,687040290,121174,167734,1,0,0,1,41.5
2025-03-14,Spine-1,20,611884786,203629727,149385,49714,1,0,0,9,56.8
2025-03-14,Spine-1,29,792347516,512710485,193444,125173,1,1,0,3,45.9
2025-03-14,Spine-2,7,147196935,875997810,35936,213866,1,2,0,0,55.0
2025-03-14,Spine-2,16,17700058,409374100,4321,99944,2,1,0,4,76.3
2025-03-14,Spine-2,26,806520639,193592516,196904,47263,2,2,0,6,43.4
2025-03-15,Spine-1,3,113983483,433565399,27827,105850,0,1,0,3,58.5
2025-03-15,Spine-1,13,458076557,139479422,111835,34052,0,1,0,5,72.6
2025-03-15,Spine-1,23,392716120,941711139,95877,229909,2,0,0,8,54.2
2025-03-15,Spine-1,32,382760030,707950634,93447,172839,1,2,0,2,31.6
2025-03-15,Spine-2,10,514611899,763090554,125637,186301,0,0,0,8,84.9
2025-03-15,Spine-2,19,369017657,254170029,90092,62053,1,0,0,7,70.0
2025-03-15,Spine-2,29,381565256,267132463,93155,65217,2,0,0,0,75.8
2025-03-16,Spine-1,6,836797785,502863332,204296,122769,1,1,0,4,43.5
2025-03-16,Spine-1,16,152371793,730666495,37200,178385,1,0,0,3,79.1
2025-03-16,Spine-1,25,517183297,18449190,126265,4504,0,2,0,3,76.8
2025-03-16,Spine-2,3,970537955,776225951,236947,189508,2,1,0,0,35.9
2025-03-16,Spine-2,12,481569024,295491567,117570,72141,0,1,0,1,54.0
2025-03-16,Spine-2,22,85170435,209023858,20793,51031,0,2,0,9,71.0
2025-03-16,Spine-2,32,271854586,50766591,66370,12394,1,2,0,5,66.9
2025-03-17,Spine-1,9,276681209,122237710,67549,29843,1,1,0,7,51.5
2025-03-17,Spine-1,19,373079860,502309719,91083,122634,0,0,0,5,79.2
2025-03-17,Spine-1,28,604987273,135903976,147701,33179,0,2,0,6,36.7
2025-03-17,Spine-2,6,681171217,159351802,166301,38904,2,2,0,6,43.8
2025-03-17,Spine-2,15,285418256,444754804,69682,108582,1,1,0,3,78.0
2025-03-17,Spine-2,25,215133328,487611914,52522,119045,2,2,0,6,27.8
2025-03-18,Spine-1,2,12512700,769736706,3054,187924,1,1,0,0,25.2
2025-03-18,Spine-1,12,661243815,592751639,161436,144714,1,1,0,8,73.4
2025-03-18,Spine-1,22,494747370,571970668,120787,139641,0,0,0,4,59.1
2025-03-18,Spine-1,31,229770279,66268302,56096,16178,0,0,0,9,58.9
2025-03-18,Spine-2,9,147335565,225776991,35970,55121,2,1,0,2,73.1
2025-03-18,Spine-2,18,657280653,801466277,160468,195670,0,1,0,9,82.9
2025-03-18,Spine-2,28,698309035,531290323,170485,129709,2,1,0,2,25.3
2025-03-19,Spine-1,5,468109048,311329981,114284,76008,1,2,0,1,30.8
2025-03-19,Spine-1,15,733193450,599928322,179002,146466,2,1,0,3,79.4
2025-03-19,Spine-1,24,734667444,385819316,179362,94194,2,0,0,5,37.0
2025-03-19,Spine-2,2,444320791,228557421,108476,55800,0,1,0,6,55.5
2025-03-19,Spine-2,12,977590932,616465745,238669,150504,2,2,0,6,81.0
2025-03-19,Spine-2,21,937898267,468079399,228979,114277,2,0,0,2,53.1
2025-03-19,Spine-2,31,399259262,595566790,97475,145402,0,2,0,4,66.7
2025-03-19,Leaf-1,8,380317862,470848101,92851,114953,0,3,0,17,82.9
2025-03-19,Leaf-1,18,235416948,595760915,57474,145449,0,1,0,10,82.0
2025-03-19,Leaf-1,27,200520454,60943141,48955,14878,3,1,0,5,43.3
2025-03-19,Leaf-2,3,555876085,856938659,135711,209213,4,3,0,16,32.0
2025-03-19,Leaf-2,12,874598097,697291796,213524,170237,1,1,0,14,41.4
2025-03-19,Leaf-2,22,785336679,465383433,191732,113619,3,2,0,4,52.2
2025-03-19,Leaf-2,32,62125754,467818676,15167,114213,4,3,0,7,45.2
2025-03-19,Leaf-3,7,340754610,597150617,83192,145788,2,0,0,0,94.6
2025-03-19,Leaf-3,17,846491668,733219992,206663,179008,1,1,0,12,79.6
2025-03-19,Leaf-3,26,938239282,606500118,229062,148071,4,3,0,16,36.8
2025-03-19,Leaf-4,2,967743757,712307656,236265,173903,0,2,0,0,67.7
2025-03-19,Leaf-4,11,186689451,79471105,45578,19402,3,4,0,11,31.8
2025-03-19,Leaf-4,21,904619161,963288103,220854,235177,4,3,0,14,67.4
2025-03-19,Leaf-4,30,567935518,227568329,138656,55558,4,0,0,10,51.8
2025-03-20,Spine-1,6,325230891,155423916,79402,37945,0,0,0,1,80.3
2025-03-20,Spine-1,15,216776126,517727997,52923,126398,2,2,0,4,71.9
2025-03-20,Spine-1,25,187302688,612521597,45728,149541,0,0,0,7,46.4
2025-03-20,Spine-2,3,520771027,758742466,127141,185239,1,2,0,1,61.6
2025-03-20,Spine-2,12,525814453,135238076,128372,33017,2,0,0,8,70.9
2025-03-20,Spine-2,22,601934412,229575402,146956,56048,1,1,0,8,54.9
2025-03-20,Spine-2,31,555053881,447849842,135511,109338,2,1,0,3,38.0
2025-03-21,Spine-1,9,40852873,317295419,9973,77464,1,2,0,8,83.3
2025-03-21,Spine-1,18,30195814,787570232,7372,192277,1,1,0,1,23.1
2025-03-21,Spine-1,28,353800986,216388275,86377,52829,2,1,0,0,21.5
2025-03-21,Spine-2,5,227781457,55313726,55610,13504,0,0,0,3,21.2
2025-03-21,Spine-2,15,295572075,72868088,72161,17790,2,0,0,4,79.7
2025-03-21,Spine-2,25,909337047,498297218,222006,121654,0,2,0,7,74.2
2025-03-22,Spine-1,2,650550932,973161769,158825,237588,2,0,0,6,68.9
2025-03-22,Spine-1,12,988799737,317947018,241406,77623,0,2,0,3,24.4
2025-03-22,Spine-1,21,690621717,424115961,168608,103543,2,0,0,3,66.1
2025-03-22,Spine-1,31,309809894,574543187,75637,140269,1,2,0,5,34.8
2025-03-22,Spine-2,8,336011758,907243079,82034,221494,2,2,0,7,77.4
2025-03-22,Spine-2,18,888626542,772588452,216949,188620,0,0,0,9,46.1
2025-03-22,Spine-2,27,202967335,890350225,49552,217370,2,1,0,5,64.8
2025-03-23,Spine-1,5,968374109,821706833,236419,200612,1,0,0,0,47.9
2025-03-23,Spine-1,15,130255925,210884024,31800,51485,0,1,0,8,68.7
2025-03-23,Spine-1,24,254146057,428511131,62047,104616,2,1,0,4,42.8
2025-03-23,Spine-2,2,257490756,617932224,62863,150862,0,0,0,8,42.6
2025-03-23,Spine-2,11,657088914,78544492,160422,19175,1,2,0,9,72.9
2025-03-23,Spine-2,21,521148038,352539345,127233,86069,1,1,0,4,28.7
2025-03-23,Spine-2,30,501455525,123789406,122425,30222,1,2,0,5,28.8
2025-03-24,Spine-1,8,858095136,265954161,209495,64930,0,1,0,4,55.8
2025-03-24,Spine-1,17,906268458,92890599,221256,22678,2,2,0,0,56.4
2025-03-24,Spine-1,27,129668857,781128828,31657,190705,2,1,0,1,73.0
2025-03-24,Spine-2,5,138914654,996196732,33914,243212,1,1,0,6,42.8
2025-03-24,Spine-2,14,733599151,241326265,179101,58917,0,1,0,1,63.3
2025-03-24,Spine-2,24,902129493,842688223,220246,205734,2,1,0,1,73.9
2025-03-25,Spine-1,1,325457131,197020766,79457,48100,0,1,0,7,63.5
2025-03-25,Spine-1,11,268236670,213863048,65487,52212,1,0,0,9,75.3
2025-03-25,Spine-1,20,338772295,950943492,82708,232163,1,1,0,0,33.6
2025-03-25,Spine-1,30,260023033,968346149,63482,236412,1,2,0,4,62.0
2025-03-25,Spine-2,7,720154523,486173498,175818,118694,0,0,0,3,47.5
2025-03-25,Spine-2,17,224005443,733144485,54688,178990,0,1,0,3,42.7
2025-03-25,Spine-2,26,180918614,387399670,44169,94579,1,2,0,0,61.8
2025-03-26,Spine-1,4,346508309,623784414,84596,152291,0,1,0,9,47.3
2025-03-26,Spine-1,14,889979942,768104399,217280,187525,2,1,0,8,39.5
2025-03-26,Spine-1,23,221519601,39813163,54081,9720,1,0,0,9,76.0
2025-03-26,Spine-2,1,561403716,467314221,137061,114090,0,0,0,9,59.9
2025-03-26,Spine-2,10,370286445,129215733,90401,31546,1,1,0,0,41.1
2025-03-26,Spine-2,20,216996997,417913217,52977,102029,1,2,0,9,20.6
2025-03-26,Spine-2,29,448462052,300486938,109487,73361,0,2,0,4,55.0
2025-03-26,Leaf-1,7,304598658,484537562,74364,118295,4,1,0,3,47.1
2025-03-26,Leaf-1,16,850148578,334679775,207555,81708,2,4,0,10,82.1
2025-03-26,Leaf-1,26,180347358,963006897,44030,235109,1,3,0,4,89.8
2025-03-26,Leaf-2,2,246724707,512656084,60235,125160,3,1,0,6,34.0
2025-03-26,Leaf-2,11,454127515,469328866,110870,114582,4,3,0,9,74.2
2025-03-26,Leaf-2,21,194423466,368773006,47466,90032,2,2,0,19,57.8
2025-03-26,Leaf-2,30,119104809,992758766,29078,242372,3,0,0,16,59.6
2025-03-26,Leaf-3,6,241171323,749446108,58879,182970,4,3,0,16,55.1
2025-03-26,Leaf-3,15,733832842,117006256,179158,28565,4,2,0,3,37.8
2025-03-26,Leaf-3,25,280069976,468289352,68376,114328,3,4,0,9,49.3
2025-03-26,Leaf-3,34,502593242,632792678,122703,154490,1,4,0,14,83.3
2025-03-26,Leaf-4,10,961772555,340305898,234807,83082,0,1,0,13,32.3
2025-03-26,Leaf-4,20,471256315,289694218,115052,70726,0,0,0,10,32.0
2025-03-26,Leaf-4,29,866911265,342039692,211648,83505,1,3,0,16,71.6
2025-03-27,Spine-1,5,233789784,554969117,57077,135490,0,1,0,0,81.5
2025-03-27,Spine-1,14,642433087,250701507,156844,61206,2,2,0,4,70.1
2025-03-27,Spine-1,24,467633322,542900858,114168,132544,0,1,0,7,78.3
2025-03-27,Spine-2,1,951683007,43333157,232344,10579,0,1,0,3,35.8
2025-03-27,Spine-2,11,962260315,818331245,234926,199787,2,1,0,2,27.9
2025-03-27,Spine-2,20,916414256,756845049,223733,184776,0,0,0,2,41.8
2025-03-27,Spine-2,30,493719359,53667736,120536,13102,1,2,0,6,28.2
2025-03-28,Spine-1,8,23223266,316409681,5669,77248,1,0,0,7,73.7
2025-03-28,Spine-1,17,745460312,987104730,181997,240992,0,1,0,8,59.2
2025-03-28,Spine-1,27,485446335,915311809,118517,223464,1,0,0,8,37.8
2025-03-28,Spine-2,4,352902763,572903420,86157,139868,2,0,0,2,63.2
2025-03-28,Spine-2,14,390225959,162307495,95270,39625,0,1,0,7,75.7
2025-03-28,Spine-2,23,335373425,43530812,81878,10627,2,2,0,2,65.9
2025-03-29,Spine-1,1,251574004,563803711,61419,137647,0,1,0,8,68.2
2025-03-29,Spine-1,10,320213667,658221927,78177,160698,2,1,0,2,46.9
2025-03-29,Spine-1,20,684943936,444686996,167222,108566,2,2,0,4,30.0
2025-03-29,Spine-1,29,425688228,553275213,103927,135076,2,2,0,7,37.0
2025-03-29,Spine-2,7,786787314,228513324,192086,55789,0,0,0,7,34.0
2025-03-29,Spine-2,17,40033783,790118002,9773,192899,0,2,0,0,84.8
2025-03-29,Spine-2,26,887997204,247396310,216796,60399,2,2,0,9,74.8
2025-03-30,Spine-1,4,876988334,514080498,214108,125507,1,1,0,5,59.8
2025-03-30,Spine-1,13,371771014,169414395,90764,41360,0,0,0,6,68.7
2025-03-30,Spine-1,23,392712216,91895567,95877,22435,0,2,0,5,41.9
2025-03-30,Spine-1,32,411956077,406696241,100575,99291,2,2,0,9,28.9
2025-03-30,Spine-2,10,926362205,894454318,226162,218372,0,0,0,7,81.6
2025-03-30,Spine-2,19,102979206,27014167,25141,6595,2,0,0,2,59.8
2025-03-30,Spine-2,29,961825976,621212029,234820,151663,2,2,0,4,58.6
2025-03-31,Spine-1,7,161862722,494885454,39517,120821,2,0,0,8,25.7
2025-03-31,Spine-1,16,725728533,616068796,177179,150407,1,0,0,8,69.7
2025-03-31,Spine-1,26,713039634,439950184,174081,107409,2,0,0,1,28.0
2025-03-31,Spine-2,3,585642424,160998772,142979,39306,0,2,0,2,76.3
2025-03-31,Spine-2,13,306184411,120101005,74752,29321,2,0,0,0,55.5
2025-03-31,Spine-2,22,458660660,714915630,111977,174539,0,0,0,8,51.8
2025-03-31,Spine-2,32,945374240,906475570,230804,221307,0,0,0,3,67.3
2025-04-01,Spine-1,9,337852824,776407262,82483,189552,1,0,0,8,66.4
2025-04-01,Spine-1,19,564818648,485104832,137895,118433,0,0,0,2,58.3
2025-04-01,Spine-1,29,249886038,480944012,61007,117417,2,1,0,1,70.4
2025-04-01,Spine-2,6,349810149,677338473,85402,165365,1,2,0,3,77.6
2025-04-01,Spine-2,16,42167215,519296991,10294,126781,0,0,0,9,21.8
2025-04-01,Spine-2,25,12574538,431420138,3069,105327,0,2,0,5,48.1
2025-04-02,Spine-1,3,32653623,42277717,7972,10321,1,1,0,5,36.3
2025-04-02,Spine-1,12,273316773,214542915,66727,52378,2,2,0,6,24.9
2025-04-02,Spine-1,22,996356845,489936185,243251,119613,0,1,0,2,76.3
2025-04-02,Spine-1,31,343107144,880468054,83766,214958,0,0,0,7,51.5
2025-04-02,Spine-2,9,552412574,267936912,134866,65414,1,2,0,3,56.8
2025-04-02,Spine-2,19,236034766,800257093,57625,195375,2,2,0,9,55.1
2025-04-02,Spine-2,28,863205446,215480277,210743,52607,1,2,0,3,71.1
2025-04-02,Leaf-1,6,332423607,18872289,81158,4607,0,1,0,14,49.9
2025-04-02,Leaf-1,15,85795277,395059113,20946,96449,4,2,0,11,61.8
2025-04-02,Leaf-1,25,304091742,662554509,74241,161756,3,3,0,10,55.7
2025-04-02,Leaf-1,34,587822462,975239171,143511,238095,1,2,0,4,86.7
2025-04-02,Leaf-2,10,889823186,841497503,217241,205443,1,2,0,9,92.1
2025-04-02,Leaf-2,19,63397701,521252119,15477,127258,1,3,0,11,57.9
2025-04-02,Leaf-2,29,527382264,890779808,128755,217475,4,3,0,1,89.5
2025-04-02,Leaf-3,4,252889386,477132328,61740,116487,2,4,0,5,44.1
2025-04-02,Leaf-3,14,271686282,221627129,66329,54108,0,2,0,16,60.7
2025-04-02,Leaf-3,24,735792779,452121862,179636,110381,2,1,0,13,65.6
2025-04-02,Leaf-3,33,154536375,427181214,37728,104292,4,1,0,15,45.0
2025-04-02,Leaf-4,9,559612342,363335625,136624,88704,4,0,0,7,35.5
2025-04-02,Leaf-4,18,119105214,215212664,29078,52542,4,2,0,3,47.1
2025-04-02,Leaf-4,28,734899158,30778207,179418,7514,4,4,0,0,61.8
2025-04-03,Spine-1,3,817790650,832325877,199655,203204,0,2,0,9,21.6
2025-04-03,Spine-1,13,551687321,235308572,134689,57448,0,2,0,5,74.3
2025-04-03,Spine-1,22,780157160,101550156,190468,24792,1,2,0,6,42.5
2025-04-03,Spine-1,32,691407958,229579674,168800,56049,0,0,0,1,82.1
2025-04-03,Spine-2,10,574760663,447928429,140322,109357,2,2,0,2,50.7
2025-04-03,Spine-2,19,232556828,190505090,56776,46510,1,1,0,7,23.1
2025-04-03,Spine-2,29,414417893,714539081,101176,174448,1,0,0,1,62.9
2025-04-04,Spine-1,6,929875754,297901707,227020,72729,1,1,0,2,57.8
2025-04-04,Spine-1,16,123282921,179860350,30098,43911,1,2,0,6,34.8
2025-04-04,Spine-1,25,161684868,821303818,39473,200513,1,1,0,8,24.8
2025-04-04,Spine-2,3,923257918,925882706,225404,226045,0,2,0,4,67.0
2025-04-04,Spine-2,12,117556812,97060113,28700,23696,1,1,0,2,74.0
2025-04-04,Spine-2,22,411817658,863820594,100541,210893,1,0,0,7,40.2
2025-04-04,Spine-2,32,375614175,162147349,91702,39586,0,1,0,4,51.7
2025-04-05,Spine-1,9,87336443,693335142,21322,169271,0,1,0,4,59.0
2025-04-05,Spine-1,19,115338240,247386071,28158,60396,0,2,0,7,30.9
2025-04-05,Spine-1,28,295985048,911174510,72261,222454,2,2,0,2,57.7
2025-04-05,Spine-2,6,104656195,829107037,25550,202418,0,2,0,5,57.0
2025-04-05,Spine-2,15,600630521,980662948,146638,239419,0,0,0,7,31.1
2025-04-05,Spine-2,25,482705375,415757681,117847,101503,0,0,0,9,77.4
2025-04-06,Spine-1,2,54766040,266740122,13370,65122,1,2,0,7,60.0
2025-04-06,Spine-1,12,799804314,76070416,195264,18571,0,0,0,0,64.6
2025-04-06,Spine-1,21,476047252,347587990,116222,84860,2,2,0,2,52.2
2025-04-06,Spine-1,31,953787714,531008945,232858,129640,1,2,0,6,62.2
2025-04-06,Spine-2,9,871350937,803487259,212732,196163,1,1,0,5,28.8
2025-04-06,Spine-2,18,184380209,91074963,45014,22235,2,0,0,7,73.2
2025-04-06,Spine-2,28,790714411,720087470,193045,175802,2,2,0,9,21.5
2025-04-07,Spine-1,5,22626428,914041347,5524,223154,0,0,0,4,27.2
2025-04-07,Spine-1,15,61572875,758454168,15032,185169,2,2,0,0,71.1
2025-04-07,Spine-1,24,757392566,206334153,184910,50374,0,2,0,9,30.0
2025-04-07,Spine-2,2,11326401,429651569,2765,104895,0,1,0,2,48.7
2025-04-07,Spine-2,11,987568284,300907997,241105,73463,1,0,0,3,54.5
2025-04-07,Spine-2,21,776506045,557215742,189576,136038,1,2,0,0,74.6
2025-04-07,Spine-2,31,582601214,73122468,142236,17852,2,0,0,6,32.5
2025-04-08,Spine-1,8,582509359,551605749,142214,134669,1,1,0,3,51.2
2025-04-08,Spine-1,18,493856269,787373707,120570,192229,2,2,0,5,67.2
2025-04-08,Spine-1,27,126172042,567768687,30803,138615,0,1,0,2,60.9
2025-04-08,Spine-2,5,243505430,486668680,59449,118815,1,1,0,4,24.9
2025-04-08,Spine-2,14,613581346,560722557,149800,136895,2,0,0,5,51.6
2025-04-08,Spine-2,24,899523598,214019980,219610,52250,2,1,0,5,74.5
2025-04-09,Spine-1,1,973590850,671903313,237693,164038,2,2,0,4,35.0
2025-04-09,Spine-1,11,538916917,957244780,131571,233702,0,0,0,8,58.2
2025-04-09,Spine-1,21,880167253,511756361,214884,124940,0,2,0,7,64.2
2025-04-09,Spine-1,30,413071529,815914922,100847,199197,1,1,0,4,41.4
2025-04-09,Spine-2,8,747567327,584122715,182511,142608,1,1,0,5,59.3
2025-04-09,Spine-2,17,839296893,31170881,204906,7610,2,1,0,9,23.7
2025-04-09,Spine-2,27,49509485,185945215,12087,45396,0,0,0,1,79.9
2025-04-09,Leaf-1,4,280163991,225197747,68399,54979,1,2,0,16,78.3
2025-04-09,Leaf-1,14,710727784,548637977,173517,133944,2,4,0,9,85.7
2025-04-09,Leaf-1,23,924865364,460679616,225797,112470,1,2,0,1,61.0
2025-04-09,Leaf-1,33,260950644,747962597,63708,182608,0,1,0,12,91.4
2025-04-09,Leaf-2,9,802003738,355080338,195801,86689,2,4,0,0,67.9
2025-04-09,Leaf-2,18,802473662,247543759,195916,60435,1,3,0,6,86.6
2025-04-09,Leaf-2,28,779453746,207680595,190296,50703,1,1,0,4,51.3
2025-04-09,Leaf-3,3,676926071,548418104,165265,133891,1,0,0,1,66.6
2025-04-09,Leaf-3,13,907392623,411901556,221531,100561,0,1,0,4,51.1
2025-04-09,Leaf-3,22,573558934,846689882,140029,206711,4,0,0,15,50.0
2025-04-09,Leaf-3,32,130398446,530595737,31835,129539,0,3,0,0,57.9
2025-04-09,Leaf-4,7,457214909,929657883,111624,226967,4,3,0,0,40.3
2025-04-09,Leaf-4,17,42663888,676362133,10415,165127,0,3,0,13,82.9
2025-04-09,Leaf-4,26,620420807,862829811,151469,210651,4,3,0,11,91.7
2025-04-10,Spine-1,2,546344365,748609859,133384,182766,2,1,0,6,27.2
2025-04-10,Spine-1,12,321573639,242876112,78509,59295,2,1,0,6,31.4
2025-04-10,Spine-1,21,917116286,612703362,223905,149585,2,2,0,4,74.1
2025-04-10,Spine-1,31,100340653,723420941,24497,176616,0,2,0,3,74.5
2025-04-10,Spine-2,8,887411827,59646004,216653,14562,1,0,0,3,74.2
2025-04-10,Spine-2,18,686026781,640882538,167487,156465,2,1,0,9,40.2
2025-04-10,Spine-2,27,493417229,273403896,120463,66748,1,2,0,5,40.5
2025-04-11,Spine-1,5,864856478,316778505,211146,77338,1,1,0,7,23.4
2025-04-11,Spine-1,14,33226130,872463139,8111,213003,2,1,0,5,77.6
2025-04-11,Spine-1,24,760237685,480845743,185604,117393,1,2,0,0,63.8
2025-04-11,Spine-2,2,473999375,307589341,115722,75095,2,0,0,7,65.4
2025-04-11,Spine-2,11,513549784,767944514,125378,187486,0,1,0,3,51.2
2025-04-11,Spine-2,21,82835806,781401280,20223,190771,0,0,0,5,51.9
2025-04-11,Spine-2,30,541718637,344004906,132255,83985,1,1,0,1,31.5
2025-04-12,Spine-1,8,120192566,905878962,29343,221161,1,2,0,3,80.9
2025-04-12,Spine-1,17,478249962,701910942,116760,171364,1,1,0,4,55.2
2025-04-12,Spine-1,27,83450508,167486417,20373,40890,0,2,0,5,84.8
2025-04-12,Spine-2,4,784719944,988085746,191582,241231,2,0,0,3,20.7
2025-04-12,Spine-2,14,190510530,932577445,46511,227680,2,0,0,2,68.4
2025-04-12,Spine-2,24,487463169,886660526,119009,216469,0,2,0,4,33.1
2025-04-13,Spine-1,1,537465395,389673680,131217,95135,2,1,0,4,46.9
2025-04-13,Spine-1,11,69975849,193689724,17083,47287,2,1,0,5,29.6
2025-04-13,Spine-1,20,493225888,651125133,120416,158966,1,2,0,5,24.1
2025-04-13,Spine-1,30,859417105,184296029,209818,44994,2,0,0,5,52.4
2025-04-13,Spine-2,7,268166235,42749997,65470,10437,2,0,0,5,53.8
2025-04-13,Spine-2,17,18084038,173165968,4415,42276,1,2,0,6,73.3
2025-04-13,Spine-2,26,565172080,918673308,137981,224285,2,2,0,6,70.9
2025-04-14,Spine-1,4,938052744,967133250,229016,236116,0,0,0,3,56.0
2025-04-14,Spine-1,14,551896777,140526881,134740,34308,1,2,0,6,69.5
2025-04-14,Spine-1,23,48906324,549480005,11940,134150,1,0,0,7,66.8
2025-04-14,Spine-2,1,303274800,505363384,74041,123379,0,0,0,5,51.5
2025-04-14,Spine-2,10,35021565,146465261,8550,35758,1,2,0,1,53.8
2025-04-14,Spine-2,20,869721555,13456352,212334,3285,0,2,0,0,64.6
2025-04-14,Spine-2,29,137098060,181869476,33471,44401,0,0,0,4,37.5
2025-04-15,Spine-1,7,18412776,68435549,4495,16707,0,0,0,0,53.4
2025-04-15,Spine-1,16,357909552,891331064,87380,217610,0,1,0,1,50.0
2025-04-15,Spine-1,26,651454121,408864154,159046,99820,1,0,0,2,46.1
2025-04-15,Spine-2,3,386305830,465681373,94312,113691,1,0,0,8,32.6
2025-04-15,Spine-2,13,101740031,100622495,24838,24566,1,0,0,0,58.4
2025-04-15,Spine-2,23,498049582,497331801,121594,121418,2,0,0,0,57.0
2025-04-15,Spine-2,32,15912790,223088166,3884,54464,1,1,0,7,25.5
2025-04-16,Spine-1,10,70048781,551818940,17101,134721,1,0,0,3,82.8
2025-04-16,Spine-1,19,729152393,115282485,178015,28145,2,0,0,0,26.2
2025-04-16,Spine-1,29,807949452,865530620,197253,211311,0,1,0,2,57.9
2025-04-16,Spine-2,6,24715663,312531762,6034,76301,2,0,0,9,54.1
2025-04-16,Spine-2,16,482387797,107342610,117770,26206,0,2,0,2,39.2
2025-04-16,Spine-2,25,18382721,97130656,4487,23713,0,1,0,5,59.8
2025-04-16,Leaf-1,3,687581655,254678189,167866,62177,2,4,0,2,82.6
2025-04-16,Leaf-1,13,454687941,684261355,111007,167055,0,4,0,1,86.6
2025-04-16,Leaf-1,22,145809625,294933108,35598,72005,0,0,0,10,50.5
2025-04-16,Leaf-1,32,616535616,27716890,150521,6766,3,4,0,3,70.7
2025-04-16,Leaf-2,7,881862144,630478322,215298,153925,3,0,0,10,72.9
2025-04-16,Leaf-2,17,533387126,727983077,130221,177730,3,0,0,0,78.7
2025-04-16,Leaf-2,26,881175698,337893714,215130,82493,1,4,0,9,54.6
2025-04-16,Leaf-3,2,918877517,443186792,224335,108199,3,0,0,18,77.4
2025-04-16,Leaf-3,11,78780320,610358642,19233,149013,1,4,0,14,54.1
2025-04-16,Leaf-3,21,940289014,680907674,229562,166237,0,1,0,18,80.8
2025-04-16,Leaf-3,31,47445303,775062711,11583,189224,4,4,0,16,91.1
2025-04-16,Leaf-4,6,806968805,395921838,197013,96660,3,2,0,1,51.8
2025-04-16,Leaf-4,16,222104257,923640775,54224,225498,4,3,0,18,43.9
2025-04-16,Leaf-4,25,62243933,338162232,15196,82559,2,1,0,11,37.5
2025-04-17,Spine-1,1,924742131,35752456,225767,8728,0,1,0,0,45.8
2025-04-17,Spine-1,10,345033652,839936142,84236,205062,2,0,0,8,55.4
2025-04-17,Spine-1,20,807718346,519934539,197196,126937,0,2,0,4,81.5
2025-04-17,Spine-1,29,439885459,502643672,107393,122715,2,0,0,6,64.9
2025-04-17,Spine-2,7,783239545,476114402,191220,116238,1,0,0,8,66.2
2025-04-17,Spine-2,17,608924549,494597744,148663,120751,2,2,0,3,77.8
2025-04-17,Spine-2,26,864950621,639670789,211169,156169,1,1,0,3,41.5
2025-04-18,Spine-1,4,400689190,984991360,97824,240476,1,0,0,4,58.4
2025-04-18,Spine-1,13,313652810,363795454,76575,88817,2,1,0,0,29.1
2025-04-18,Spine-1,23,167733831,947268224,40950,231266,0,0,0,4,43.2
2025-04-18,Spine-1,32,670255761,729888041,163636,178195,1,2,0,8,32.5
2025-04-18,Spine-2,10,412858756,286519544,100795,69951,0,0,0,6,36.7
2025-04-18,Spine-2,19,609881735,983923938,148896,240215,2,1,0,1,42.0
2025-04-18,Spine-2,29,101203025,660280536,24707,161201,2,0,0,3,76.4
2025-04-19,Spine-1,6,426098782,304136615,104028,74252,2,0,0,3,58.3
2025-04-19,Spine-1,16,29992455,366094763,7322,89378,1,0,0,5,55.6
2025-04-19,Spine-1,26,400783873,262253357,97847,64026,0,2,0,8,69.4
2025-04-19,Spine-2,3,686524930,891076877,167608,217548,2,2,0,2,45.6
2025-04-19,Spine-2,13,783368627,897113138,191252,219021,0,0,0,3,29.3
2025-04-19,Spine-2,22,764117528,343319337,186552,83818,0,1,0,3,25.0
2025-04-19,Spine-2,32,102112761,994772504,24929,242864,0,0,0,8,25.0
2025-04-20,Spine-1,9,444670033,894294503,108562,218333,2,1,0,7,42.1
2025-04-20,Spine-1,19,151498305,340020480,36986,83012,0,2,0,6,58.7
2025-04-20,Spine-1,28,920827256,416982909,224811,101802,1,0,0,3,77.2
2025-04-20,Spine-2,6,570946620,904271316,139391,220769,0,0,0,3,54.6
2025-04-20,Spine-2,16,68435351,289560794,16707,70693,2,0,0,0,26.9
2025-04-20,Spine-2,25,49944026,369847911,12193,90294,0,0,0,3,24.4
2025-04-21,Spine-1,3,945013137,792242755,230716,193418,0,1,0,3,72.4
2025-04-21,Spine-1,12,51026137,381894401,12457,93235,0,0,0,1,20.8
2025-04-21,Spine-1,22,546978380,660579845,133539,161274,1,0,0,8,20.4
2025-04-21,Spine-1,31,374180961,221440500,91352,54062,2,2,0,2,75.5
2025-04-21,Spine-2,9,782904841,732930480,191138,178938,2,0,0,1,20.9
2025-04-21,Spine-2,18,787428041,203585612,192243,49703,0,0,0,8,81.2
2025-04-21,Spine-2,28,60762942,590045131,14834,144053,1,2,0,8,65.7
2025-04-22,Spine-1,6,951659205,301100231,232338,73510,1,2,0,9,73.6
2025-04-22,Spine-1,15,300002236,244199012,73242,59618,1,1,0,9,69.8
2025-04-22,Spine-1,25,484869313,325725575,118376,79522,0,1,0,4,53.8
2025-04-22,Spine-2,2,611103408,181695587,149195,44359,0,2,0,1,29.3
2025-04-22,Spine-2,12,650629518,37022152,158845,9038,2,0,0,4,76.5
2025-04-22,Spine-2,21,532159792,801079302,129921,195576,1,2,0,6,49.9
2025-04-22,Spine-2,31,243320858,909058438,59404,221938,2,2,0,8,76.3
2025-04-23,Spine-1,8,377778701,200160008,92231,48867,1,1,0,6,53.5
2025-04-23,Spine-1,18,871646085,611998570,212804,149413,2,0,0,4,49.5
2025-04-23,Spine-1,28,89345264,516820038,21812,126176,2,2,0,3,80.5
2025-04-23,Spine-2,5,222840728,878874612,54404,214568,1,2,0,3,26.3
2025-04-23,Spine-2,15,283455944,547731315,69203,133723,1,0,0,3,72.3
2025-04-23,Spine-2,24,641223004,345895774,156548,84447,1,2,0,6,24.2
2025-04-23,Leaf-1,2,506082979,764286981,123555,186593,4,2,0,5,93.1
2025-04-23,Leaf-1,11,29958132,266296525,7313,65013,2,0,0,13,51.6
2025-04-23,Leaf-1,21,689123282,143192005,168242,34958,0,2,0,6,81.9
2025-04-23,Leaf-1,30,617854254,530241341,150843,129453,4,1,0,7,44.5
2025-04-23,Leaf-2,6,154182202,814233373,37642,198787,2,2,0,13,33.8
2025-04-23,Leaf-2,15,118194032,133480829,28855,32588,2,4,0,9,31.3
2025-04-23,Leaf-2,25,604753466,137730304,147644,33625,0,0,0,18,36.9
2025-04-23,Leaf-3,1,137751906,115338596,33630,28158,1,2,0,10,49.5
2025-04-23,Leaf-3,10,301712849,277862124,73660,67837,4,1,0,2,38.6
2025-04-23,Leaf-3,20,147281142,189827439,35957,46344,3,2,0,14,57.8
2025-04-23,Leaf-3,29,72026164,646575488,17584,157855,2,0,0,8,63.2
2025-04-23,Leaf-4,5,583688287,478847372,142502,116906,1,0,0,19,43.0
2025-04-23,Leaf-4,14,234321489,90988576,57207,22214,2,0,0,4,93.0
2025-04-23,Leaf-4,24,225214308,338966513,54983,82755,2,4,0,7,49.8
2025-04-23,Leaf-4,33,88633294,258793642,21638,63182,1,3,0,3,69.0
2025-04-24,Spine-1,9,569247991,277370382,138976,67717,2,2,0,9,46.8
2025-04-24,Spine-1,19,623588352,83085277,152243,20284,0,2,0,5,23.0
2025-04-24,Spine-1,28,918910722,60223302,224343,14702,1,0,0,5,51.8
2025-04-24,Spine-2,6,999557328,706080361,244032,172382,0,2,0,1,36.4
2025-04-24,Spine-2,15,499942854,136985620,122056,33443,0,1,0,6,53.4
2025-04-24,Spine-2,25,216017497,64586072,52738,15768,0,2,0,2,31.7
2025-04-25,Spine-1,2,107517214,939464666,26249,229361,2,1,0,5,51.4
2025-04-25,Spine-1,12,278922221,846836733,68096,206747,0,2,0,6,41.1
2025-04-25,Spine-1,21,558599190,258851400,136376,63196,0,1,0,4,31.5
2025-04-25,Spine-1,31,995920534,839417287,243144,204935,2,1,0,0,34.9
2025-04-25,Spine-2,9,528665052,822161406,129068,200722,2,2,0,0,46.9
2025-04-25,Spine-2,18,901314535,825093284,220047,201438,2,1,0,6,57.3
2025-04-25,Spine-2,28,203402755,46548112,49658,11364,0,2,0,2,62.4
2025-04-26,Spine-1,5,518865085,386049091,126676,94250,2,0,0,1,72.7
2025-04-26,Spine-1,15,825356940,782463369,201503,191031,0,2,0,2,75.0
2025-04-26,Spine-1,24,962577777,423151174,235004,103308,2,0,0,6,48.9
2025-04-26,Spine-2,2,593175268,806341018,144818,196860,2,1,0,5,31.4
2025-04-26,Spine-2,11,918095482,734165773,224144,179239,1,2,0,4,61.5
2025-04-26,Spine-2,21,130195818,989640801,31786,241611,0,2,0,9,78.6
2025-04-26,Spine-2,30,229548700,437752678,56042,106873,0,2,0,4,49.4
2025-04-27,Spine-1,8,858102983,179731737,209497,43879,2,1,0,8,81.7
2025-04-27,Spine-1,18,948447758,821570782,231554,200578,0,1,0,2,21.5
2025-04-27,Spine-1,27,456690371,37575078,111496,9173,1,2,0,2,53.2
2025-04-27,Spine-2,5,82921624,215585812,20244,52633,1,2,0,7,44.4
2025-04-27,Spine-2,14,68026304,44937364,16607,10971,1,0,0,9,83.0
2025-04-27,Spine-2,24,158588222,641200701,38717,156543,0,0,0,7,80.8
2025-04-28,Spine-1,1,215095956,399409578,52513,97512,1,0,0,1,75.3
2025-04-28,Spine-1,11,443466970,221261383,108268,54018,1,0,0,3,69.8
2025-04-28,Spine-1,20,689801338,625395929,168408,152684,0,2,0,5,41.9
2025-04-28,Spine-1,30,911927208,16682124,222638,4072,1,2,0,3,40.8
2025-04-28,Spine-2,8,388295808,674542419,94798,164683,0,1,0,3,65.6
2025-04-28,Spine-2,17,534000236,46424130,130371,11334,2,0,0,2,59.5
2025-04-28,Spine-2,27,733492763,537426653,179075,131207,2,2,0,9,56.1
2025-04-29,Spine-1,4,584266266,289718982,142643,70732,2,1,0,4,24.6
2025-04-29,Spine-1,14,608868721,696300762,148649,169995,0,1,0,1,79.6
2025-04-29,Spine-1,23,152577217,186492727,37250,45530,0,2,0,9,36.1
2025-04-29,Spine-2,1,30048601,135216598,7336,33011,2,0,0,2,32.7
2025-04-29,Spine-2,10,940257185,328086480,229554,80099,1,2,0,9,40.5
2025-04-29,Spine-2,20,788915768,416436562,192606,101669,1,1,0,3,44.2
2025-04-29,Spine-2,30,432911335,535100620,105691,130639,1,0,0,8,41.0
2025-04-30,Spine-1,7,435981724,907012200,106440,221438,1,0,0,4,33.2
2025-04-30,Spine-1,17,256303943,879078474,62574,214618,1,1,0,8,39.2
2025-04-30,Spine-1,26,13619510,641324510,3325,156573,1,2,0,4,23.6
2025-04-30,Spine-2,4,512861662,323230383,125210,78913,0,1,0,6,83.1
2025-04-30,Spine-2,13,676003859,964722171,165040,235527,1,0,0,0,30.3
2025-04-30,Spine-2,23,984687917,539308898,240402,131667,1,2,0,0,65.3
2025-04-30,Spine-2,32,665319356,637519220,162431,155644,0,0,0,5,67.3
2025-04-30,Leaf-1,10,33169499,31778390,8098,7758,2,1,0,18,79.3
2025-04-30,Leaf-1,20,948352210,621914019,231531,151834,0,0,0,17,57.3
2025-04-30,Leaf-1,29,38626649,482943549,9430,117906,2,0,0,19,72.9
2025-04-30,Leaf-2,5,879703582,204033507,214771,49812,1,3,0,14,62.6
2025-04-30,Leaf-2,14,64827025,903298526,15826,220531,0,1,0,9,71.3
2025-04-30,Leaf-2,24,170267509,962078414,41569,234882,3,2,0,14,54.0
2025-04-30,Leaf-2,33,680990455,705774965,166257,172308,1,1,0,15,32.2
2025-04-30,Leaf-3,9,340927366,478469850,83234,116813,2,3,0,4,79.0
2025-04-30,Leaf-3,18,379304407,594830170,92603,145222,2,2,0,3,50.5
2025-04-30,Leaf-3,28,676448189,653454144,165148,159534,2,3,0,5,86.8
2025-04-30,Leaf-4,3,213842633,292750795,52207,71472,4,0,0,9,48.6
2025-04-30,Leaf-4,13,701285509,417853265,171212,102014,1,0,0,16,36.8
2025-04-30,Leaf-4,23,132696448,244105939,32396,59596,3,3,0,14,79.6
2025-04-30,Leaf-4,32,203536353,414917273,49691,101298,1,0,0,18,77.9
2025-05-01,Spine-1,8,930389523,332889896,227145,81271,0,0,0,1,20.1
2025-05-01,Spine-1,17,221558780,890819510,54091,217485,0,0,0,4,84.8
2025-05-01,Spine-1,27,645252939,891348767,157532,217614,2,2,0,8,38.6
2025-05-01,Spine-2,4,586463542,697192349,143179,170212,1,2,0,8,64.4
2025-05-01,Spine-2,14,505189858,367750488,123337,89782,1,1,0,8,41.9
2025-05-01,Spine-2,23,755870345,870171878,184538,212444,1,1,0,5,37.5
2025-05-02,Spine-1,1,361529705,207418495,88264,50639,2,2,0,2,34.6
2025-05-02,Spine-1,11,44908994,368351962,10964,89929,1,1,0,9,52.0
2025-05-02,Spine-1,20,62972206,565143780,15374,137974,1,2,0,7,61.3
2025-05-02,Spine-1,30,39345158,498455634,9605,121693,1,1,0,4,65.4
2025-05-02,Spine-2,7,814756970,488297364,198915,119213,2,1,0,2,30.2
2025-05-02,Spine-2,17,641033578,99379898,156502,24262,1,0,0,0,40.8
2025-05-02,Spine-2,26,508018333,254149408,124027,62048,0,2,0,2,55.7
2025-05-03,Spine-1,4,314935998,682615517,76888,166654,2,2,0,0,41.3
2025-05-03,Spine-1,13,404822367,611665578,98833,149332,0,0,0,5,45.3
2025-05-03,Spine-1,23,134347889,815885429,32799,199190,0,2,0,4,32.0
2025-05-03,Spine-2,1,272644054,126909184,66563,30983,2,2,0,3,82.4
2025-05-03,Spine-2,10,754333883,676224500,184163,165093,0,0,0,6,22.0
2025-05-03,Spine-2,20,970204726,729191468,236866,178025,1,0,0,0,73.7
2025-05-03,Spine-2,29,154478922,699123471,37714,170684,0,2,0,8,61.5
2025-05-04,Spine-1,7,499489725,364987479,121945,89108,2,2,0,7,74.7
2025-05-04,Spine-1,16,180115334,440321143,43973,107500,0,2,0,4,77.6
2025-05-04,Spine-1,26,447858877,341231071,109340,83308,1,0,0,6,56.5
2025-05-04,Spine-2,3,137944619,228953308,33677,55896,1,0,0,4,53.7
2025-05-04,Spine-2,13,367056815,999279486,89613,243964,2,1,0,6,84.2
2025-05-04,Spine-2,23,530536195,25033160,129525,6111,1,1,0,8,73.1
2025-05-04,Spine-2,32,978416843,24726829,238871,6036,1,2,0,3,84.8
2025-05-05,Spine-1,10,982195176,166611094,239793,40676,1,1,0,5,60.0
2025-05-05,Spine-1,19,215309012,757664189,52565,184976,1,0,0,8,22.9
2025-05-05,Spine-1,29,70830404,895244546,17292,218565,2,1,0,8,27.8
2025-05-05,Spine-2,6,57273934,176645330,13982,43126,0,1,0,3,24.9
2025-05-05,Spine-2,16,424545660,827764983,103648,202091,1,1,0,1,45.5
2025-05-05,Spine-2,25,417301359,334998168,101880,81786,1,0,0,8,57.4
2025-05-06,Spine-1,3,261838387,416880652,63925,101777,0,1,0,8,62.1
2025-05-06,Spine-1,12,103962492,363765619,25381,88809,2,0,0,2,63.3
2025-05-06,Spine-1,22,779378144,880139654,190277,214877,2,2,0,1,30.8
2025-05-06,Spine-1,32,667507058,406265697,162965,99185,0,1,0,3,33.6
2025-05-06,Spine-2,9,703824858,228797600,171832,55858,1,1,0,0,24.2
2025-05-06,Spine-2,19,210130898,517386688,51301,126315,2,2,0,4,79.9
2025-05-06,Spine-2,28,415356668,801541070,101405,195688,1,2,0,0,66.6
2025-05-07,Spine-1,6,555292230,132959992,135569,32460,2,0,0,9,70.0
2025-05-07,Spine-1,15,801331663,896339447,195637,218832,1,2,0,1,80.9
2025-05-07,Spine-1,25,222853980,275942749,54407,67368,0,1,0,6,66.0
2025-05-07,Spine-2,2,936187917,348447396,228561,85070,2,0,0,2,53.5
2025-05-07,Spine-2,12,940530208,839014127,229621,204837,2,1,0,1,77.7
2025-05-07,Spine-2,22,462752339,57230939,112976,13972,1,2,0,8,42.6
2025-05-07,Spine-2,31,80768987,858616604,19718,209623,0,0,0,2,62.4
2025-05-07,Leaf-1,9,725347672,724958248,177086,176991,1,2,0,8,38.9
2025-05-07,Leaf-1,18,487029882,157103049,118903,38355,1,1,0,2,41.7
2025-05-07,Leaf-1,28,729063783,321327906,177994,78449,3,2,0,1,73.0
2025-05-07,Leaf-2,3,76600816,694689619,18701,169601,2,0,0,3,55.0
2025-05-07,Leaf-2,13,259924794,117443778,63458,28672,1,0,0,4,65.4
2025-05-07,Leaf-2,22,82418368,690330693,20121,168537,1,0,0,11,57.5
2025-05-07,Leaf-2,32,273472651,90122507,66765,22002,4,4,0,13,39.7
2025-05-07,Leaf-3,8,683372643,955840749,166839,233359,3,4,0,13,50.7
2025-05-07,Leaf-3,17,448624866,14238137,109527,3476,3,3,0,6,38.7
2025-05-07,Leaf-3,27,541880959,681951670,132295,166492,0,3,0,17,59.9
2025-05-07,Leaf-4,2,303292657,191131495,74046,46662,3,2,0,7,80.3
2025-05-07,Leaf-4,12,382061037,817331544,93276,199543,1,2,0,14,95.0
2025-05-07,Leaf-4,21,846875410,23645434,206756,5772,3,2,0,15,34.5
2025-05-07,Leaf-4,31,650234695,469714958,158748,114676,0,3,0,0,62.5
2025-05-08,Spine-1,6,352023718,962174624,85943,234905,0,2,0,2,39.2
2025-05-08,Spine-1,16,731745541,962516460,178648,234989,1,1,0,4,32.7
2025-05-08,Spine-1,26,667614806,228633506,162991,55818,0,1,0,2,82.1
2025-05-08,Spine-2,3,643696519,929883266,157152,227022,1,1,0,1,37.7
2025-05-08,Spine-2,13,265598264,324516308,64843,79227,0,1,0,3,52.3
2025-05-08,Spine-2,22,786809990,554488363,192092,135373,1,2,0,7,76.4
2025-05-08,Spine-2,32,605770343,290352279,147893,70886,0,2,0,9,26.9
2025-05-09,Spine-1,9,579811467,482802828,141555,117871,1,2,0,1,53.3
2025-05-09,Spine-1,19,703008505,366397756,171632,89452,1,2,0,7,39.9
2025-05-09,Spine-1,28,457392406,867542546,111668,211802,1,0,0,2,59.8
2025-05-09,Spine-2,6,524182900,485965204,127974,118643,1,2,0,0,69.4
2025-05-09,Spine-2,15,675592717,811394574,164939,198094,2,2,0,3,74.6
2025-05-09,Spine-2,25,323965035,545048100,79093,133068,1,1,0,8,79.6
2025-05-10,Spine-1,3,11126915,756475424,2716,184686,1,1,0,5,47.9
2025-05-10,Spine-1,12,925276007,719429920,225897,175642,1,1,0,9,75.4
2025-05-10,Spine-1,22,82996580,466026885,20262,113776,1,0,0,5,34.8
2025-05-10,Spine-1,31,621462207,975612162,151724,238186,2,1,0,8,53.7
2025-05-10,Spine-2,9,902430502,592984662,220319,144771,0,0,0,6,37.2
2025-05-10,Spine-2,18,812261234,40840622,198305,9970,1,2,0,7,69.7
2025-05-10,Spine-2,28,943523003,207346878,230352,50621,0,0,0,0,40.9
2025-05-11,Spine-1,5,572695484,835368276,139818,203947,0,0,0,1,59.7
2025-05-11,Spine-1,15,31192312,142487820,7615,34787,1,1,0,3,77.7
2025-05-11,Spine-1,25,609070849,356351217,148698,86999,2,2,0,1,47.7
2025-05-11,Spine-2,2,504647889,933127301,123205,227814,1,2,0,3,82.7
2025-05-11,Spine-2,12,507290676,444640196,123850,108554,2,2,0,8,33.8
2025-05-11,Spine-2,21,592134150,51109994,144564,12478,1,1,0,9,63.5
2025-05-11,Spine-2,31,421663697,894222087,102945,218315,0,2,0,0,34.4
2025-05-12,Spine-1,8,896036280,353215079,218758,86234,0,0,0,4,64.6
2025-05-12,Spine-1,18,743461349,689290580,181509,168283,2,1,0,0,78.6
2025-05-12,Spine-1,27,130755191,940476792,31922,229608,0,2,0,5,73.9
2025-05-12,Spine-2,5,556120607,189432334,135771,46248,0,1,0,5,31.6
2025-05-12,Spine-2,15,990527894,258149606,241828,63024,1,1,0,3,64.0
2025-05-12,Spine-2,24,47437958,270247165,11581,65978,2,1,0,9,68.2
2025-05-13,Spine-1,2,226243710,209406571,55235,51124,2,1,0,8,67.7
2025-05-13,Spine-1,11,34784031,943316481,8492,230301,0,2,0,8,34.9
2025-05-13,Spine-1,21,97957131,921899110,23915,225073,0,2,0,1,41.3
2025-05-13,Spine-1,30,353016723,47875035,86185,11688,0,0,0,6,37.3
2025-05-13,Spine-2,8,823493417,316599380,201048,77294,0,1,0,3,38.0
2025-05-13,Spine-2,17,975123454,880200996,238067,214892,2,0,0,4,56.0
2025-05-13,Spine-2,27,892536996,56544328,217904,13804,0,1,0,0,83.8
2025-05-14,Spine-1,5,95946482,600274331,23424,146551,2,2,0,2,20.8
2025-05-14,Spine-1,14,509185235,483741306,124312,118100,0,2,0,2,62.5
2025-05-14,Spine-1,24,257058684,721470704,62758,176140,0,0,0,4,76.7
2025-05-14,Spine-2,1,895845825,846609475,218712,206691,0,2,0,3,26.1
2025-05-14,Spine-2,11,933442086,350311901,227891,85525,2,2,0,7,65.6
2025-05-14,Spine-2,20,846649723,578773870,206701,141302,0,0,0,0,34.7
2025-05-14,Spine-2,30,813785507,67852303,198678,16565,1,2,0,8,77.4
2025-05-14,Leaf-1,7,992433340,401113315,242293,97928,4,2,0,12,57.9
2025-05-14,Leaf-1,17,346491917,396409217,84592,96779,1,3,0,7,48.9
2025-05-14,Leaf-1,26,101171457,704187770,24700,171920,4,3,0,4,38.1
2025-05-14,Leaf-2,2,471710115,830519181,115163,202763,0,0,0,8,31.8
2025-05-14,Leaf-2,12,690632581,447002908,168611,109131,3,0,0,11,35.3
2025-05-14,Leaf-2,21,888580274,893034281,216938,218025,4,4,0,5,54.7
2025-05-14,Leaf-2,31,769202097,471828671,187793,115192,1,4,0,15,79.7
2025-05-14,Leaf-3,6,956226259,620716850,233453,151542,3,1,0,4,72.5
2025-05-14,Leaf-3,16,189990282,517514787,46384,126346,2,2,0,12,53.2
2025-05-14,Leaf-3,25,150153704,895151159,36658,218542,2,0,0,11,41.3
2025-05-14,Leaf-4,1,286827397,576778924,70026,140815,0,4,0,12,61.5
2025-05-14,Leaf-4,10,692315124,986940629,169022,240952,4,4,0,17,90.5
2025-05-14,Leaf-4,20,144249251,685793890,35217,167430,0,0,0,8,83.4
2025-05-14,Leaf-4,30,901815356,993424399,220169,242535,1,4,0,10,40.3
2025-05-15,Spine-1,5,563533965,298699890,137581,72924,1,1,0,3,39.5
2025-05-15,Spine-1,15,639752319,273431838,156189,66755,2,1,0,0,38.9
2025-05-15,Spine-1,24,24980283,158169117,6098,38615,0,2,0,9,42.9
2025-05-15,Spine-2,2,851116257,696946972,207792,170153,1,2,0,6,21.1
2025-05-15,Spine-2,11,490380107,512470143,119721,125114,1,2,0,9,41.2
2025-05-15,Spine-2,21,550804469,11745955,134473,2867,2,1,0,8,65.2
2025-05-15,Spine-2,30,26477862,170096008,6464,41527,2,0,0,8,47.5
2025-05-16,Spine-1,8,727974202,801552521,177728,195691,1,0,0,1,32.3
2025-05-16,Spine-1,18,343653671,616309049,83899,150466,2,0,0,8,37.5
2025-05-16,Spine-1,27,501907215,80544778,122535,19664,2,1,0,8,52.0
2025-05-16,Spine-2,5,667368749,992147672,162931,242223,0,2,0,7,62.5
2025-05-16,Spine-2,14,698292044,86178289,170481,21039,1,1,0,8,78.3
2025-05-16,Spine-2,24,424806312,337523207,103712,82403,1,2,0,2,45.8
2025-05-17,Spine-1,1,455506607,198631579,111207,48494,1,2,0,9,36.1
2025-05-17,Spine-1,11,703830571,481985460,171833,117672,2,0,0,5,61.8
2025-05-17,Spine-1,20,486216415,840615366,118705,205228,1,2,0,5,54.7
2025-05-17,Spine-1,30,619579550,129594786,151264,31639,0,1,0,7,84.6
2025-05-17,Spine-2,8,382036212,577326354,93270,140948,0,0,0,0,61.2
2025-05-17,Spine-2,17,86722335,446271601,21172,108953,0,0,0,3,30.3
2025-05-17,Spine-2,27,483813682,563422725,118118,137554,2,1,0,2,80.2
2025-05-18,Spine-1,4,534567963,143461597,130509,35024,2,2,0,4,78.7
2025-05-18,Spine-1,14,680977303,365830207,166254,89314,0,0,0,4,57.8
2025-05-18,Spine-1,23,112236877,332823281,27401,81255,2,1,0,4,41.5
2025-05-18,Spine-2,1,315406371,72317075,77003,17655,1,1,0,9,41.1
2025-05-18,Spine-2,10,985076066,854886968,240497,208712,1,0,0,4,51.0
2025-05-18,Spine-2,20,17437344,252243978,4257,61583,2,0,0,0,84.4
2025-05-18,Spine-2,29,316435510,323033100,77254,78865,2,1,0,5,70.8
2025-05-19,Spine-1,7,291398158,725583446,71142,177144,0,1,0,9,26.9
2025-05-19,Spine-1,17,134842646,534683297,32920,130537,1,2,0,3,52.4
2025-05-19,Spine-1,26,634267276,319160937,154850,77920,1,1,0,9,63.9
2025-05-19,Spine-2,4,649031990,342626902,158455,83649,1,1,0,3,53.8
2025-05-19,Spine-2,13,173948279,471480271,42467,115107,0,1,0,3,66.8
2025-05-19,Spine-2,23,709702455,50416546,173267,12308,1,0,0,2,55.0
2025-05-19,Spine-2,32,741614156,23059121,181058,5629,0,2,0,1,53.9
2025-05-20,Spine-1,10,337687696,368585667,82443,89986,2,2,0,6,77.6
2025-05-20,Spine-1,19,646049772,350816013,157726,85648,1,0,0,3,34.7
2025-05-20,Spine-1,29,597668279,236245152,145915,57677,1,1,0,7,77.6
2025-05-20,Spine-2,7,632913935,945441697,154520,230820,0,0,0,7,82.1
2025-05-20,Spine-2,16,294107399,227995422,71803,55662,0,1,0,3,39.3
2025-05-20,Spine-2,26,107602058,893478079,26270,218134,2,1,0,1,69.7
2025-05-21,Spine-1,3,12387637,192456618,3024,46986,0,2,0,7,66.4
2025-05-21,Spine-1,13,320128330,224568959,78156,54826,1,0,0,8,57.4
2025-05-21,Spine-1,22,396966707,849802764,96915,207471,2,0,0,0,51.7
2025-05-21,Spine-1,32,400071912,296600468,97673,72412,0,1,0,9,62.0
2025-05-21,Spine-2,9,205808276,663415973,50246,161966,0,0,0,0,28.5
2025-05-21,Spine-2,19,975887884,528469322,238253,129020,2,2,0,2,77.0
2025-05-21,Spine-2,29,557077403,369989912,136005,90329,1,0,0,7,65.7
2025-05-21,Leaf-1,6,199257837,262928858,48646,64191,2,1,0,18,72.1
2025-05-21,Leaf-1,16,479777287,717625392,117133,175201,1,1,0,15,70.5
2025-05-21,Leaf-1,25,278659930,984977248,68032,240472,1,3,0,17,42.6
2025-05-21,Leaf-2,1,69852644,115651767,17053,28235,4,4,0,7,69.7
2025-05-21,Leaf-2,10,436297886,243541620,106518,59458,2,0,0,1,72.6
2025-05-21,Leaf-2,20,976961193,55109894,238515,13454,2,2,0,18,38.8
2025-05-21,Leaf-2,29,171313080,279687435,41824,68283,3,2,0,17,61.5
2025-05-21,Leaf-3,5,486320426,25618175,118730,6254,3,4,0,0,42.7
2025-05-21,Leaf-3,14,486741929,685670849,118833,167400,4,1,0,18,40.7
2025-05-21,Leaf-3,24,228564847,651259415,55801,158998,2,3,0,15,51.6
2025-05-21,Leaf-3,34,28551904,65956664,6970,16102,3,2,0,8,30.3
2025-05-21,Leaf-4,9,42495120,70328748,10374,17170,0,0,0,3,69.6
2025-05-21,Leaf-4,19,88361980,208331109,21572,50862,3,0,0,4,45.8
2025-05-21,Leaf-4,28,890430321,569167859,217390,138956,1,0,0,0,31.3
2025-05-22,Spine-1,4,394654751,625973306,96351,152825,0,0,0,5,58.5
2025-05-22,Spine-1,13,971898610,740907066,237279,180885,0,0,0,8,49.7
2025-05-22,Spine-1,23,247116640,347256053,60331,84779,2,2,0,3,56.0
2025-05-22,Spine-1,32,833015840,612894548,203373,149632,2,0,0,4,54.4
2025-05-22,Spine-2,10,537996179,586802669,131346,143262,2,0,0,3,30.4
2025-05-22,Spine-2,20,654038485,593269350,159677,144841,2,2,0,7,73.3
2025-05-22,Spine-2,29,580499988,511929241,141723,124982,1,0,0,1,64.0
2025-05-23,Spine-1,7,741377811,365378996,181000,89203,0,2,0,8,59.6
2025-05-23,Spine-1,16,119708896,71136149,29225,17367,2,2,0,4,37.2
2025-05-23,Spine-1,26,949692383,892792455,231858,217966,0,1,0,0,41.9
2025-05-23,Spine-2,3,881762067,236287044,215273,57687,0,2,0,2,40.3
2025-05-23,Spine-2,13,240660366,611710551,58754,149343,2,2,0,7,20.9
2025-05-23,Spine-2,22,965827016,653227226,235797,159479,1,0,0,1,26.2
2025-05-23,Spine-2,32,49838546,738293786,12167,180247,0,1,0,6,81.8
2025-05-24,Spine-1,10,84882514,968441805,20723,236435,2,0,0,4,76.8
2025-05-24,Spine-1,19,513430298,958376034,125349,233978,2,2,0,9,22.4
2025-05-24,Spine-1,29,934641825,624401818,228184,152441,2,2,0,6,68.3
2025-05-24,Spine-2,6,394397643,856252680,96288,209046,0,1,0,9,74.4
2025-05-24,Spine-2,16,601506950,22168482,146852,5412,2,0,0,0,28.5
2025-05-24,Spine-2,25,185785216,505653971,45357,123450,0,0,0,7,62.0
2025-05-25,Spine-1,3,918634019,185370210,224275,45256,0,2,0,5,84.0
2025-05-25,Spine-1,12,926199597,46741608,226122,11411,1,1,0,0,43.8
2025-05-25,Spine-1,22,89003123,783591804,21729,191306,0,0,0,1,26.6
2025-05-25,Spine-1,32,535113598,937962993,130642,228994,2,0,0,1,36.0
2025-05-25,Spine-2,9,649076786,768067504,158466,187516,0,2,0,1,82.3
2025-05-25,Spine-2,19,227575021,160477084,55560,39178,2,1,0,9,30.3
2025-05-25,Spine-2,28,579026852,469041301,141363,114512,2,0,0,7,44.6
2025-05-26,Spine-1,6,977661371,356904199,238686,87134,0,1,0,5,29.4
2025-05-26,Spine-1,15,444519760,968336027,108525,236410,0,0,0,8,23.4
2025-05-26,Spine-1,25,216097672,406797952,52758,99315,0,0,0,9,79.2
2025-05-26,Spine-2,2,738677893,131856348,180341,32191,2,2,0,8,24.1
2025-05-26,Spine-2,12,448448235,214393747,109484,52342,0,1,0,2,28.6
2025-05-26,Spine-2,21,210780769,198290346,51460,48410,2,0,0,5,23.3
2025-05-26,Spine-2,31,350537180,40745808,85580,9947,1,0,0,5,45.7
2025-05-27,Spine-1,9,745398372,598233896,181982,146053,1,2,0,1,39.4
2025-05-27,Spine-1,18,535722866,205540755,130791,50180,2,0,0,3,49.1
2025-05-27,Spine-1,28,551241961,39706101,134580,9693,0,0,0,7,63.7
2025-05-27,Spine-2,5,174298588,267566498,42553,65323,1,2,0,6,69.8
2025-05-27,Spine-2,15,743828147,841797595,181598,205516,1,2,0,4,61.1
2025-05-27,Spine-2,24,498710196,156535174,121755,38216,2,1,0,2,68.4
2025-05-28,Spine-1,2,848052227,100747350,207044,24596,0,1,0,0,26.0
2025-05-28,Spine-1,11,591132467,378076655,144319,92303,2,0,0,2,68.0
2025-05-28,Spine-1,21,681184771,98960390,166304,24160,1,1,0,9,83.0
2025-05-28,Spine-1,31,418950443,89354426,102282,21815,2,1,0,0,40.8
2025-05-28,Spine-2,8,82182736,248347500,20064,60631,0,2,0,6,78.5
2025-05-28,Spine-2,18,310087995,375236035,75705,91610,2,0,0,9,52.9
2025-05-28,Spine-2,27,245823457,945706510,60015,230885,1,1,0,8,71.3
2025-05-28,Leaf-1,5,618684016,487645409,151045,119054,1,3,0,6,33.1
2025-05-28,Leaf-1,14,137835135,604623228,33651,147613,4,3,0,17,84.5
2025-05-28,Leaf-1,24,347251348,66859198,84778,16323,3,3,0,14,43.3
2025-05-28,Leaf-1,33,966642730,457985189,235996,111812,1,4,0,6,82.8
2025-05-28,Leaf-2,9,512495761,106444020,125121,25987,4,2,0,6,42.3
2025-05-28,Leaf-2,19,538400228,837034297,131445,204354,0,0,0,10,60.3
2025-05-28,Leaf-2,28,882184936,44749077,215377,10925,1,3,0,7,56.4
2025-05-28,Leaf-3,4,727589241,122623005,177634,29937,2,3,0,6,80.3
2025-05-28,Leaf-3,13,394123570,408500705,96221,99731,1,4,0,8,35.7
2025-05-28,Leaf-3,23,669237701,623105892,163388,152125,2,0,0,3,75.6
2025-05-28,Leaf-3,32,205680765,137601934,50215,33594,1,4,0,16,43.1
2025-05-28,Leaf-4,8,174218227,43257790,42533,10560,4,1,0,15,93.7
2025-05-28,Leaf-4,17,43322871,211169682,10576,51555,4,3,0,1,91.7
2025-05-28,Leaf-4,27,825274655,305404944,201483,74561,3,3,0,5,45.4
2025-05-29,Spine-1,3,598807380,574310833,146193,140212,1,2,0,1,53.5
2025-05-29,Spine-1,12,47324056,171649916,11553,41906,2,1,0,0,50.4
2025-05-29,Spine-1,22,31725835,482490213,7745,117795,0,2,0,7,64.4
2025-05-29,Spine-1,31,893574094,141155944,218157,34461,2,2,0,3,83.3
2025-05-29,Spine-2,9,725565280,681718794,177139,166435,0,0,0,9,67.5
2025-05-29,Spine-2,18,333939025,174423668,81528,42583,2,2,0,7,38.3
2025-05-29,Spine-2,28,623719800,435648728,152275,106359,0,1,0,0,51.2
2025-05-30,Spine-1,5,852359038,32721903,208095,7988,2,0,0,8,51.1
2025-05-30,Spine-1,15,143707003,272945725,35084,66637,0,0,0,7,36.8
2025-05-30,Spine-1,24,95755128,782629772,23377,191071,2,0,0,1,44.4
2025-05-30,Spine-2,2,881075191,289064799,215106,70572,2,2,0,0,82.1
2025-05-30,Spine-2,12,684146002,801211289,167027,195608,2,0,0,1,64.6
2025-05-30,Spine-2,21,31874509,868316241,7781,211991,2,2,0,4,79.5
2025-05-30,Spine-2,31,217587202,646374322,53121,157806,2,1,0,1,59.8
2025-05-31,Spine-1,8,278428991,662561327,67975,161758,2,0,0,8,22.9
2025-05-31,Spine-1,18,763322849,571980037,186358,139643,2,2,0,1,48.6
2025-05-31,Spine-1,27,120113010,31905050,29324,7789,1,2,0,2,78.7
2025-05-31,Spine-2,5,495287868,95552544,120919,23328,2,1,0,4,38.2
2025-05-31,Spine-2,14,225707583,481478406,55104,117548,1,0,0,9,45.2
2025-05-31,Spine-2,24,870776994,216812450,212592,52932,0,2,0,6,59.9
2025-06-01,Spine-1,2,241543612,781025589,58970,190680,0,1,0,5,51.1
2025-06-01,Spine-1,11,226950743,514565892,55407,125626,2,1,0,3,27.5
2025-06-01,Spine-1,21,421638113,595362688,102938,145352,1,1,0,8,22.0
2025-06-01,Spine-1,30,849098613,254400450,207299,62109,1,0,0,2,26.5
2025-06-01,Spine-2,8,204643498,898959046,49961,219472,1,0,0,4,68.9
2025-06-01,Spine-2,17,537304332,414209917,131177,101125,2,2,0,5,68.0
2025-06-01,Spine-2,27,331286456,662446831,80880,161730,0,0,0,4,59.7
2025-06-02,Spine-1,4,640156782,344837987,156288,84188,0,0,0,8,40.4
2025-06-02,Spine-1,14,982462437,725488654,239858,177121,2,1,0,9,43.8
2025-06-02,Spine-1,24,554670566,560045861,135417,136729,2,1,0,8,81.1
2025-06-02,Spine-2,1,529162389,503324279,129190,122881,1,0,0,4,34.4
2025-06-02,Spine-2,11,20491534,140657219,5002,34340,2,2,0,2,54.0
2025-06-02,Spine-2,20,801743788,794232250,195738,193904,2,1,0,9,63.7
2025-06-02,Spine-2,30,357578475,335103245,87299,81812,0,0,0,6,26.2
2025-06-03,Spine-1,7,221638761,573991701,54111,140134,2,1,0,8,43.6
2025-06-03,Spine-1,17,360267341,238948225,87955,58336,0,2,0,1,55.0
2025-06-03,Spine-1,26,315432204,245666841,77009,59977,1,0,0,1,83.5
2025-06-03,Spine-2,4,74244951,485058402,18126,118422,0,1,0,6,42.9
2025-06-03,Spine-2,14,391443392,380734923,95567,92952,1,1,0,1,79.3
2025-06-03,Spine-2,23,380478193,515871278,92890,125945,1,0,0,1,46.1
2025-06-04,Spine-1,1,258464527,229452162,63101,56018,1,1,0,4,22.8
2025-06-04,Spine-1,10,500725661,120652387,122247,29456,0,0,0,5,56.2
2025-06-04,Spine-1,20,790485381,898377228,192989,219330,0,0,0,6,53.0
2025-06-04,Spine-1,29,785244649,911369625,191710,222502,0,0,0,8,30.1
2025-06-04,Spine-2,7,20762550,430880451,5068,105195,2,1,0,1,84.7
2025-06-04,Spine-2,16,747488903,118331039,182492,28889,0,2,0,3,64.8
2025-06-04,Spine-2,26,324646876,561599080,79259,137109,1,0,0,9,35.2
2025-06-04,Leaf-1,3,667200785,991331838,162890,242024,4,1,0,12,65.9
2025-06-04,Leaf-1,13,753753207,812850137,184021,198449,2,4,0,16,76.4
2025-06-04,Leaf-1,23,264469234,705733656,64567,172298,2,0,0,14,33.4
2025-06-04,Leaf-1,32,756202318,45892178,184619,11204,2,2,0,13,78.3
2025-06-04,Leaf-2,8,777821658,168868021,189897,41227,3,2,0,1,94.2
2025-06-04,Leaf-2,17,283679162,645465783,69257,157584,1,1,0,13,94.0
2025-06-04,Leaf-2,27,638528716,247505934,155890,60426,1,4,0,0,77.8
2025-06-04,Leaf-3,2,569358671,729349536,139003,178063,2,3,0,13,31.1
2025-06-04,Leaf-3,12,342646398,547117358,83653,133573,0,2,1,0,32.2
2025-06-04,Leaf-3,21,928461332,342694464,226675,83665,2,0,0,18,59.6
2025-06-04,Leaf-3,31,156321219,487791666,38164,119089,0,1,0,12,92.7
2025-06-04,Leaf-4,7,552707254,275247023,134938,67198,1,1,0,5,62.4
2025-06-04,Leaf-4,16,124930641,858054475,30500,209485,0,1,0,7,49.7
2025-06-04,Leaf-4,26,919892308,834991867,224583,203855,4,4,0,6,81.4
2025-06-05,Spine-1,1,237462136,804640029,57974,196445,1,1,0,2,51.5
2025-06-05,Spine-1,11,635895324,924619506,155247,225737,1,1,0,4,72.8
2025-06-05,Spine-1,20,628482488,245434984,153438,59920,0,2,0,7,60.4
2025-06-05,Spine-1,30,939372234,654175130,229338,159710,1,0,0,4,78.4
2025-06-05,Spine-2,7,975393694,512975938,238133,125238,1,1,0,7,65.6
2025-06-05,Spine-2,17,416458140,137490176,101674,33566,2,2,0,6,37.9
2025-06-05,Spine-2,27,168843689,841917626,41221,205546,0,2,0,4,52.0
2025-06-06,Spine-1,4,115948971,302428396,28307,73835,1,1,0,7,26.7
2025-06-06,Spine-1,14,778639995,210449241,190097,51379,2,0,0,0,65.1
2025-06-06,Spine-1,23,794758227,474357308,194032,115809,1,2,0,2,50.8
2025-06-06,Spine-2,1,549476563,61824335,134149,15093,2,2,0,3,22.0
2025-06-06,Spine-2,10,161661580,19370807,39468,4729,1,0,0,9,31.4
2025-06-06,Spine-2,20,135992473,740237941,33201,180722,0,1,0,0,48.2
2025-06-06,Spine-2,29,738295254,842583034,180247,205708,1,0,0,0,76.7
2025-06-07,Spine-1,7,121186088,510349399,29586,124597,0,2,0,9,49.6
2025-06-07,Spine-1,17,660413400,521534591,161233,127327,0,1,0,0,52.4
2025-06-07,Spine-1,26,835300265,676448913,203930,165148,2,0,0,1,46.8
2025-06-07,Spine-2,4,505389753,854034409,123386,208504,1,0,0,6,50.6
2025-06-07,Spine-2,13,973459999,71177688,237661,17377,2,1,0,8,81.9
2025-06-07,Spine-2,23,640403494,764583117,156348,186665,2,2,0,5,35.0
2025-06-07,Spine-2,32,715001998,357467906,174561,87272,2,2,0,3,34.8
2025-06-08,Spine-1,10,669312891,426797334,163406,104198,1,0,0,0,62.5
2025-06-08,Spine-1,19,505597168,899608383,123436,219630,0,0,0,6,61.0
2025-06-08,Spine-1,29,107556320,746082737,26258,182149,0,0,0,9,65.9
2025-06-08,Spine-2,6,364259167,246384609,88930,60152,2,2,0,4,80.1
2025-06-08,Spine-2,16,405721023,318869027,99052,77848,1,0,0,0,50.3
2025-06-08,Spine-2,26,476481467,943411291,116328,230325,0,2,0,2,30.7
2025-06-09,Spine-1,3,118593404,577505633,28953,140992,0,2,0,1,26.0
2025-06-09,Spine-1,13,409852569,694032985,100061,169441,2,2,0,8,72.4
2025-06-09,Spine-1,22,957594294,795165328,233787,194132,2,0,0,4,33.2
2025-06-09,Spine-1,32,492871197,771993411,120329,188474,2,2,0,2,73.4
2025-06-09,Spine-2,9,954950351,77425814,233142,18902,2,1,0,7,62.2
2025-06-09,Spine-2,19,443831586,572664495,108357,139810,0,2,0,9,62.7
2025-06-09,Spine-2,28,797495289,626912164,194700,153054,0,1,0,3,28.3
2025-06-10,Spine-1,6,187070098,285402076,45671,69678,0,2,0,3,58.1
2025-06-10,Spine-1,16,623352993,636107872,152185,155299,2,1,0,2,65.1
2025-06-10,Spine-1,25,978104741,16070450,238795,3923,2,2,0,9,71.3
2025-06-10,Spine-2,3,575143969,355608200,140416,86818,0,0,0,7,31.1
2025-06-10,Spine-2,12,630546575,146407492,153942,35744,0,0,0,8,58.7
2025-06-10,Spine-2,22,28452598,485466002,6946,118521,0,2,0,6,22.7
2025-06-10,Spine-2,31,64500035,38344724,15747,9361,1,1,0,9,31.2
2025-06-11,Spine-1,9,703549328,979596861,171764,239159,1,0,0,8,46.8
2025-06-11,Spine-1,18,984448112,835920787,240343,204082,0,0,0,9,83.9
2025-06-11,Spine-1,28,228851052,81320755,55871,19853,0,2,0,1,32.7
2025-06-11,Spine-2,6,778605718,818975752,190089,199945,1,1,0,7,27.7
2025-06-11,Spine-2,15,944500094,38583960,230590,9419,2,0,0,8,28.4
2025-06-11,Spine-2,25,940523285,432082421,229619,105488,0,2,0,3,42.2
2025-06-11,Leaf-1,2,499228795,77662648,121882,18960,3,1,0,18,54.7
2025-06-11,Leaf-1,12,52646889,702620718,12853,171538,2,0,0,16,61.1
2025-06-11,Leaf-1,21,373731970,654714765,91243,159842,4,0,0,14,42.0
2025-06-11,Leaf-1,31,825253708,796339233,201477,194418,4,1,0,0,41.0
2025-06-11,Leaf-2,6,935884660,251717436,228487,61454,3,3,0,16,41.5
2025-06-11,Leaf-2,16,678283596,123148757,165596,30065,2,1,0,13,91.7
2025-06-11,Leaf-2,25,827032739,82154857,201912,20057,4,3,0,8,94.9
2025-06-11,Leaf-3,1,434683813,793704565,106123,193775,2,2,0,17,64.1
2025-06-11,Leaf-3,11,646680654,364669975,157881,89030,3,4,0,8,71.3
2025-06-11,Leaf-3,20,944633112,967480433,230623,236201,4,1,0,1,79.4
2025-06-11,Leaf-3,30,863029991,342746888,210700,83678,4,2,0,19,66.9
2025-06-11,Leaf-4,5,907310692,111639879,221511,27255,4,2,0,11,66.1
2025-06-11,Leaf-4,15,582404045,395215884,142188,96488,1,0,0,17,53.4
2025-06-11,Leaf-4,24,930635050,901964002,227205,220206,1,1,0,3,84.2
2025-06-11,Leaf-4,34,85727305,928892738,20929,226780,4,1,0,18,91.0
2025-06-12,Spine-1,9,654929662,289182856,159894,70601,2,0,0,5,73.3
2025-06-12,Spine-1,19,797656807,75019182,194740,18315,1,2,0,9,45.3
2025-06-12,Spine-1,29,224604107,129986595,54834,31735,1,1,0,8,61.9
2025-06-12,Spine-2,6,131428150,149724595,32086,36553,1,1,0,0,56.7
2025-06-12,Spine-2,16,262109600,249405196,63991,60889,0,2,0,9,26.7
2025-06-12,Spine-2,25,191845506,196281461,46837,47920,0,2,0,5,81.3
2025-06-13,Spine-1,3,22241362,85882623,5430,20967,1,2,0,0,78.9
2025-06-13,Spine-1,12,613109962,401227421,149685,97955,1,2,0,1,55.4
2025-06-13,Spine-1,22,16319105,733335674,3984,179037,1,0,0,4,39.0
2025-06-13,Spine-1,31,956580169,690083459,233540,168477,1,2,0,4,69.6
2025-06-13,Spine-2,9,703895408,558563578,171849,136368,0,1,0,7,66.8
2025-06-13,Spine-2,19,940804175,403353894,229688,98475,2,0,0,3,47.3
2025-06-13,Spine-2,28,870018803,431014839,212406,105228,1,2,0,5,35.6
2025-06-14,Spine-1,6,979518571,934909167,239140,228249,1,0,0,3,80.2
2025-06-14,Spine-1,15,111426701,360989210,27203,88132,0,1,0,2,32.5
2025-06-14,Spine-1,25,896685409,659087171,218917,160909,2,1,0,8,37.1
2025-06-14,Spine-2,2,299027947,113092503,73004,27610,0,0,0,4,47.0
2025-06-14,Spine-2,12,419904280,280173415,102515,68401,1,1,0,4,64.8
2025-06-14,Spine-2,21,485849838,212023076,118615,51763,1,2,0,4,35.6
2025-06-14,Spine-2,31,616371478,191226994,150481,46686,1,2,0,4,22.6
2025-06-15,Spine-1,9,498639276,259823955,121738,63433,0,0,0,7,68.4
2025-06-15,Spine-1,18,236273745,569209921,57684,138967,0,0,0,0,30.9
2025-06-15,Spine-1,28,32093980,142735770,7835,34847,1,0,0,3,41.3
2025-06-15,Spine-2,5,520953767,906552486,127185,221326,1,1,0,0,40.6
2025-06-15,Spine-2,15,693243041,988851193,169248,241418,1,0,0,2,73.8
2025-06-15,Spine-2,24,730734299,420126609,178401,102569,1,2,0,3,77.8
2025-06-16,Spine-1,2,814724608,377406173,198907,92140,2,0,0,0,79.7
2025-06-16,Spine-1,11,708292798,65515093,172923,15994,1,1,0,9,26.7
2025-06-16,Spine-1,21,474134812,691743502,115755,168882,1,0,0,8,72.6
2025-06-16,Spine-1,30,687108599,471963666,167751,115225,2,0,0,2,28.6
2025-06-16,Spine-2,8,737019820,567337774,179936,138510,1,2,0,5,75.8
2025-06-16,Spine-2,18,719936249,514229405,175765,125544,1,0,0,2,69.5
2025-06-16,Spine-2,27,322367482,898090268,78702,219260,2,2,0,7,25.4
2025-06-17,Spine-1,5,651475846,825986299,159051,201656,0,1,0,9,55.6
2025-06-17,Spine-1,14,289763496,762459382,70743,186147,0,1,0,4,26.6
2025-06-17,Spine-1,24,235719100,97628451,57548,23835,2,2,0,0,80.2
2025-06-17,Spine-2,1,689117568,69530953,168241,16975,2,0,0,1,58.4
2025-06-17,Spine-2,11,955077458,629468407,233173,153678,0,2,0,7,41.8
2025-06-17,Spine-2,20,557341363,219482177,136069,53584,2,2,0,4,66.5
2025-06-17,Spine-2,30,609247535,930637613,148742,227206,0,1,0,0,26.7
2025-06-18,Spine-1,8,845074306,211716845,206316,51688,0,2,0,2,61.8
2025-06-18,Spine-1,17,275844340,942769945,67344,230168,2,0,0,8,78.7
2025-06-18,Spine-1,27,658290088,762115243,160715,186063,2,0,0,3,34.5
2025-06-18,Spine-2,4,285804922,467239895,69776,114072,2,1,0,9,55.7
2025-06-18,Spine-2,14,49983788,622692046,12203,152024,2,0,0,6,82.0
2025-06-18,Spine-2,23,802302130,749988817,195874,183102,0,2,0,5,67.7
2025-06-18,Leaf-1,1,334214046,289715413,81595,70731,0,4,0,15,76.6
2025-06-18,Leaf-1,10,314140839,709946951,76694,173326,0,1,0,6,53.0
2025-06-18,Leaf-1,20,893674899,324115612,218182,79129,1,3,0,19,56.1
2025-06-18,Leaf-1,30,552124919,861189090,134796,210251,4,1,0,9,62.9
2025-06-18,Leaf-2,5,932823951,333771307,227740,81487,1,1,0,8,44.8
2025-06-18,Leaf-2,15,262084359,38818330,63985,9477,4,2,0,7,52.5
2025-06-18,Leaf-2,24,731539474,771475975,178598,188348,3,2,0,3,69.7
2025-06-18,Leaf-2,34,85216475,878054842,20804,214368,4,4,0,11,82.0
2025-06-18,Leaf-3,9,74690757,810126561,18235,197784,1,2,0,4,32.7
2025-06-18,Leaf-3,19,667256768,519312018,162904,126785,4,0,0,5,94.9
2025-06-18,Leaf-3,28,532330701,807413196,129963,197122,0,2,0,5,90.3
2025-06-18,Leaf-4,4,830894660,265835196,202855,64901,2,2,0,12,44.5
2025-06-18,Leaf-4,14,242587384,108624761,59225,26519,4,2,0,8,93.2
2025-06-18,Leaf-4,23,785895970,106060695,191869,25893,2,4,0,6,93.4
2025-06-18,Leaf-4,33,741235228,822559374,180965,200820,2,3,0,18,85.8
2025-06-19,Spine-1,8,61110878,978496866,14919,238890,0,0,0,9,28.2
2025-06-19,Spine-1,18,568537420,920549398,138803,224743,0,1,0,3,21.0
2025-06-19,Spine-1,27,433965779,659139352,105948,160922,2,0,0,6,84.5
2025-06-19,Spine-2,5,547112740,287623663,133572,70220,1,1,0,5,55.1
2025-06-19,Spine-2,14,63940513,601691072,15610,146897,0,0,0,5,59.3
2025-06-19,Spine-2,24,279816441,92412881,68314,22561,2,0,0,8,68.2
2025-06-20,Spine-1,1,525909734,810788419,128395,197946,0,1,0,1,57.5
2025-06-20,Spine-1,11,540064170,347926159,131851,84942,0,1,0,5,82.5
2025-06-20,Spine-1,21,72773803,536550959,17767,130993,1,0,0,2,61.0
2025-06-20,Spine-1,30,220382025,717311860,53804,175124,1,2,0,9,50.5
2025-06-20,Spine-2,8,990264713,76582535,241763,18696,0,2,0,4,75.2
2025-06-20,Spine-2,17,36149475,922474225,8825,225213,0,0,0,7,38.3
2025-06-20,Spine-2,27,340639786,412723941,83164,100762,0,0,0,8,67.7
2025-06-21,Spine-1,4,799630021,458056427,195222,111830,1,0,0,1,84.3
2025-06-21,Spine-1,14,374729279,507006945,91486,123780,0,1,0,7,38.8
2025-06-21,Spine-1,23,245213166,349846103,59866,85411,0,0,0,9,58.9
2025-06-21,Spine-2,1,106068091,251910430,25895,61501,2,2,0,5,34.1
2025-06-21,Spine-2,11,329936378,520998236,80550,127196,0,2,0,9,72.8
2025-06-21,Spine-2,20,649108684,143480221,158473,35029,2,1,0,4,39.1
2025-06-21,Spine-2,30,501801750,939643379,122510,229405,1,2,0,5,57.6
2025-06-22,Spine-1,7,798194846,271228972,194871,66218,0,2,0,8,44.4
2025-06-22,Spine-1,17,411682079,988525214,100508,241339,0,2,0,0,29.4
2025-06-22,Spine-1,26,433879115,698579010,105927,170551,0,0,0,5,71.9
2025-06-22,Spine-2,4,147213845,114679213,35940,27997,0,2,0,2,83.3
2025-06-22,Spine-2,13,858716011,433882670,209647,105928,2,2,0,1,79.5
2025-06-22,Spine-2,23,571089974,963441195,139426,235215,1,2,0,2,34.6
2025-06-23,Spine-1,1,781649356,239218438,190832,58402,0,1,0,6,57.3
2025-06-23,Spine-1,10,305356767,44235201,74549,10799,2,0,0,2,36.3
2025-06-23,Spine-1,20,519531626,677399696,126838,165380,2,0,0,7,61.4
2025-06-23,Spine-1,29,118918901,338034343,29032,82527,2,2,0,2,38.5
2025-06-23,Spine-2,7,872553008,784913053,213025,191629,1,0,0,7,80.0
2025-06-23,Spine-2,16,552033230,179872643,134773,43914,2,1,0,4,38.1
2025-06-23,Spine-2,26,289763735,557939059,70743,136215,2,1,0,8,76.9
2025-06-24,Spine-1,3,843109438,19625970,205837,4791,1,2,0,5,80.4
2025-06-24,Spine-1,13,664617866,263096247,162260,64232,0,1,0,8,52.1
2025-06-24,Spine-1,23,558725862,832101568,136407,203149,0,1,0,4,24.6
2025-06-24,Spine-1,32,281372481,873495173,68694,213255,2,2,0,7,31.1
2025-06-24,Spine-2,10,826070394,519091444,201677,126731,1,2,0,0,20.9
2025-06-24,Spine-2,19,898749724,366437854,219421,89462,1,0,0,9,28.1
2025-06-24,Spine-2,29,741305642,349817084,180982,85404,1,0,0,4,37.7
2025-06-25,Spine-1,6,275931295,251934578,67366,61507,0,2,0,9,33.6
2025-06-25,Spine-1,16,858014116,365727953,209476,89289,0,1,0,8,80.7
2025-06-25,Spine-1,25,629593271,596632851,153709,145662,2,0,0,6,63.6
2025-06-25,Spine-2,3,322584829,15412286,78756,3762,1,2,0,7,39.6
2025-06-25,Spine-2,12,181799462,326124621,44384,79620,2,1,0,8,74.2
2025-06-25,Spine-2,22,250092518,913616147,61057,223050,0,0,0,5,49.5
2025-06-25,Spine-2,32,86306588,699414214,21070,170755,1,1,0,7,58.5
2025-06-25,Leaf-1,9,675392607,411988405,164890,100583,3,2,0,15,58.7
2025-06-25,Leaf-1,19,338390588,613817853,82614,149857,3,3,0,16,72.7
2025-06-25,Leaf-1,28,279478643,976633520,68232,238435,3,2,0,16,38.9
2025-06-25,Leaf-2,4,685287887,649993053,167306,158689,1,4,0,1,93.3
2025-06-25,Leaf-2,13,833696598,614726551,203539,150079,1,0,0,14,91.5
2025-06-25,Leaf-2,23,877153793,552887398,214148,134982,0,0,0,6,55.7
2025-06-25,Leaf-2,32,113668643,673276026,27751,164374,4,1,0,8,78.8
2025-06-25,Leaf-3,8,257224516,797370659,62798,194670,2,4,0,10,45.7
2025-06-25,Leaf-3,18,782178144,232699843,190961,56811,3,4,0,6,75.5
2025-06-25,Leaf-3,27,322482528,815365055,78731,199063,3,2,0,17,67.8
2025-06-25,Leaf-4,3,648681837,755730341,158369,184504,0,2,0,0,77.9
2025-06-25,Leaf-4,12,106696543,516599485,26048,126122,0,4,0,3,44.8
2025-06-25,Leaf-4,22,186887326,333672503,45626,81463,0,0,0,19,35.2
2025-06-25,Leaf-4,31,234511470,219682062,57253,53633,2,1,0,16,72.3
2025-06-26,Spine-1,7,47835627,404512022,11678,98757,1,2,0,2,76.1
2025-06-26,Spine-1,16,944629146,19384303,230622,4732,1,2,0,7,44.5
2025-06-26,Spine-1,26,130018059,99883880,31742,24385,1,0,0,6,65.5
2025-06-26,Spine-2,4,471320049,833688647,115068,203537,2,1,0,3,55.0
2025-06-26,Spine-2,13,383775490,234468736,93695,57243,1,1,0,5,69.6
2025-06-26,Spine-2,23,601519000,35182432,146855,8589,1,1,0,5,41.4
2025-06-26,Spine-2,32,930800639,627787082,227246,153268,1,1,0,2,80.5
2025-06-27,Spine-1,10,394148473,912242450,96227,222715,0,0,0,2,50.6
2025-06-27,Spine-1,19,672874642,967627800,164276,236237,2,0,0,4,64.1
2025-06-27,Spine-1,29,755431781,604025689,184431,147467,1,0,0,5,32.9
2025-06-27,Spine-2,6,516289865,591837758,126047,144491,0,0,0,5,65.3
2025-06-27,Spine-2,16,188898381,554313458,46117,135330,0,0,0,1,62.7
2025-06-27,Spine-2,26,739824463,135985802,180621,33199,0,1,0,3,20.0
2025-06-28,Spine-1,3,874623249,905376661,213531,221039,2,0,0,2,22.3
2025-06-28,Spine-1,13,396488665,27397834,96798,6688,2,2,0,8,30.1
2025-06-28,Spine-1,22,523064513,297962330,127701,72744,2,0,0,6,49.7
2025-06-28,Spine-1,32,573431859,93972633,139998,22942,1,1,0,2,21.6
2025-06-28,Spine-2,9,762499370,539371123,186157,131682,0,2,0,8,53.7
2025-06-28,Spine-2,19,294561663,158926571,71914,38800,1,1,0,2,36.1
2025-06-28,Spine-2,28,212358448,333047824,51845,81310,0,2,0,3,40.3
2025-06-29,Spine-1,6,510507786,893970203,124635,218254,0,1,0,7,36.2
2025-06-29,Spine-1,15,933679593,925450464,227949,225940,2,0,0,8,76.2
2025-06-29,Spine-1,25,663491498,998864575,161985,243863,0,1,0,5,26.0
2025-06-29,Spine-2,3,65309728,525539136,15944,128305,1,2,0,4,61.1
2025-06-29,Spine-2,12,464296167,277676419,113353,67792,2,1,0,0,52.6
2025-06-29,Spine-2,22,684996868,910087677,167235,222189,1,1,0,1,47.3
2025-06-29,Spine-2,31,651407605,429251124,159035,104797,2,1,0,4,80.3
2025-06-30,Spine-1,9,643058749,294495431,156996,71898,1,0,0,3,34.5
2025-06-30,Spine-1,18,470626428,764513423,114899,186648,0,2,0,4,48.7
2025-06-30,Spine-1,28,665800901,433824658,162549,105914,1,1,0,2,63.8
2025-06-30,Spine-2,5,329289368,626565999,80392,152970,1,2,0,6,68.5
2025-06-30,Spine-2,15,562353737,769092714,137293,187766,1,1,0,0,75.4
2025-06-30,Spine-2,25,560956497,374125881,136952,91339,1,0,0,6,75.0
2025-07-01,Spine-1,2,503348936,600481526,122887,146601,2,0,0,0,79.3
2025-07-01,Spine-1,12,966526910,800168028,235968,195353,0,1,0,7,28.0
2025-07-01,Spine-1,21,744948253,154740718,181872,37778,0,2,0,6,70.1
2025-07-01,Spine-1,31,711331923,931330596,173665,227375,1,2,0,4,24.5
2025-07-01,Spine-2,8,801454976,941261452,195667,229800,2,1,0,7,22.9
2025-07-01,Spine-2,18,226019635,102073591,55180,24920,2,0,0,4,22.2
2025-07-01,Spine-2,27,443945853,572999413,108385,139892,2,0,0,9,39.7
2025-07-02,Spine-1,5,192027028,782640070,46881,191074,2,2,0,0,45.9
2025-07-02,Spine-1,15,447106534,410672108,109156,100261,0,1,0,8,29.4
2025-07-02,Spine-1,24,95054471,166489585,23206,40646,1,2,0,4,72.1
2025-07-02,Spine-2,2,368761855,162310155,90029,39626,1,0,0,1,51.8
2025-07-02,Spine-2,11,353870760,218549605,86394,53356,0,2,0,8,21.6
2025-07-02,Spine-2,21,227663722,180134254,55581,43978,0,1,0,8,23.6
2025-07-02,Spine-2,30,190506829,372489637,46510,90939,1,2,0,9,61.2
2025-07-02,Leaf-1,8,128687377,369817789,31417,90287,2,1,0,1,81.5
2025-07-02,Leaf-1,17,713721001,679755695,174248,165955,0,0,0,7,39.2
2025-07-02,Leaf-1,27,66596136,116630413,16258,28474,2,2,0,0,84.9
2025-07-02,Leaf-2,3,879953254,689501477,214832,168335,2,4,0,0,52.6
2025-07-02,Leaf-2,12,761285657,99436228,185860,24276,1,1,0,8,63.1
2025-07-02,Leaf-2,22,36883329,660789490,9004,161325,2,4,0,10,41.8
2025-07-02,Leaf-2,31,357454825,418255392,87269,102113,1,1,0,7,82.0
2025-07-02,Leaf-3,7,366991385,345960964,89597,84463,4,4,0,1,70.5
2025-07-02,Leaf-3,16,37832811,645541886,9236,157602,0,3,0,18,47.6
2025-07-02,Leaf-3,26,961631337,797938875,234773,194809,4,4,0,13,44.9
2025-07-02,Leaf-4,1,12766362,792277173,3116,193427,1,1,0,13,77.8
2025-07-02,Leaf-4,11,449793294,356160415,109812,86953,2,4,0,1,88.5
2025-07-02,Leaf-4,20,20628303,764680420,5036,186689,4,2,0,17,34.0
2025-07-02,Leaf-4,30,966214041,551825486,235892,134723,2,4,0,12,45.9
2025-07-03,Spine-1,6,13899982,868062956,3393,211929,0,1,0,7,71.0
2025-07-03,Spine-1,15,547719084,136430187,133720,33308,1,0,0,7,44.3
2025-07-03,Spine-1,25,847224210,893968136,206841,218253,0,2,0,4,51.0
2025-07-03,Spine-2,2,777509876,821380751,189821,200532,0,2,0,2,51.2
2025-07-03,Spine-2,12,646286925,306965173,157784,74942,0,0,0,6,36.7
2025-07-03,Spine-2,21,227134746,596172525,55452,145549,0,1,0,0,74.0
2025-07-03,Spine-2,31,472554101,718735450,115369,175472,1,1,0,9,27.5
2025-07-04,Spine-1,8,129278786,539338441,31562,131674,1,2,0,3,49.4
2025-07-04,Spine-1,18,610975917,105162257,149164,25674,2,2,0,1,28.5
2025-07-04,Spine-1,28,467308723,876880116,114089,214082,2,2,0,0,84.0
2025-07-04,Spine-2,5,121540603,561794158,29672,137156,2,0,0,6,30.4
2025-07-04,Spine-2,15,697399288,181650501,170263,44348,1,2,0,5,24.5
2025-07-04,Spine-2,24,942751058,398609016,230163,97316,2,1,0,0,72.5
2025-07-05,Spine-1,2,995529578,30538560,243049,7455,1,0,0,0,70.8
2025-07-05,Spine-1,11,591530451,617344015,144416,150718,2,0,0,2,32.7
2025-07-05,Spine-1,21,392097726,705962391,95726,172354,0,1,0,4,58.7
2025-07-05,Spine-1,30,37003692,662086274,9034,161642,0,2,0,8,47.7
2025-07-05,Spine-2,8,515748450,909022332,125915,221929,0,1,0,6,54.7
2025-07-05,Spine-2,18,215933815,737850316,52718,180139,2,1,0,5,44.0
2025-07-05,Spine-2,27,936525749,904801392,228643,220898,2,0,0,8,20.7
2025-07-06,Spine-1,5,380140624,647563749,92807,158096,0,0,0,1,34.9
2025-07-06,Spine-1,14,825236988,104133017,201473,25423,1,0,0,4,42.3
2025-07-06,Spine-1,24,439879180,368461742,107392,89956,0,2,0,6,55.3
2025-07-06,Spine-2,1,253275036,89323092,61834,21807,2,0,0,9,84.7
2025-07-06,Spine-2,11,223841431,758673091,54648,185222,1,1,0,9,26.5
2025-07-06,Spine-2,20,453054188,324317493,110608,79179,0,2,0,7,66.5
2025-07-06,Spine-2,30,614397334,603741724,149999,147397,0,2,0,0,79.3
2025-07-07,Spine-1,7,906360350,878540199,221279,214487,1,2,0,4,77.4
2025-07-07,Spine-1,17,694337875,183048717,169516,44689,1,0,0,2,61.9
2025-07-07,Spine-1,27,982175462,516898597,239788,126195,2,0,0,5,25.0
2025-07-07,Spine-2,4,606968650,369652034,148185,90247,1,1,0,0,44.0
2025-07-07,Spine-2,14,905479926,522106199,221064,127467,2,1,0,1,71.2
2025-07-07,Spine-2,23,620681804,828608704,151533,202297,1,0,0,5,27.6
2025-07-08,Spine-1,1,175295578,592513165,42796,144656,2,1,0,4,64.9
2025-07-08,Spine-1,10,219104833,796737508,53492,194515,1,2,0,9,69.6
2025-07-08,Spine-1,20,37161262,45501722,9072,11108,2,1,0,5,52.7
2025-07-08,Spine-1,29,160860561,752429608,39272,183698,2,1,0,2,69.3
2025-07-08,Spine-2,7,271914286,498189356,66385,121628,2,1,0,8,22.6
2025-07-08,Spine-2,17,793339224,459505609,193686,112183,0,0,0,4,21.7
2025-07-08,Spine-2,26,348479596,116195802,85078,28368,0,0,0,0,63.6
2025-07-09,Spine-1,4,314519781,812571384,76787,198381,1,2,0,2,32.1
2025-07-09,Spine-1,13,683999837,472919261,166992,115458,0,1,0,6,48.0
2025-07-09,Spine-1,23,249274419,237625040,60858,58013,1,2,0,4,65.0
2025-07-09,Spine-1,32,759318118,493252597,185380,120422,1,1,0,8,39.7
2025-07-09,Spine-2,10,994587421,970372641,242819,236907,1,1,0,9,80.3
2025-07-09,Spine-2,19,583568450,134227220,142472,32770,2,0,0,3,70.7
2025-07-09,Spine-2,29,915596924,960744658,223534,234556,1,1,0,2,80.1
2025-07-09,Leaf-1,7,737770314,789553251,180119,192762,1,2,0,9,49.9
2025-07-09,Leaf-1,16,972612938,624887995,237454,152560,0,2,0,15,66.7
2025-07-09,Leaf-1,26,250613097,647655581,61184,158119,4,0,0,7,63.8
2025-07-09,Leaf-2,1,222918382,494859022,54423,120815,1,4,0,1,48.5
2025-07-09,Leaf-2,11,439646497,628216863,107335,153373,2,3,0,6,62.2
2025-07-09,Leaf-2,20,245240928,593797940,59873,144970,4,2,0,0,39.5
2025-07-09,Leaf-2,30,250235577,649966226,61092,158683,1,2,0,3,46.3
2025-07-09,Leaf-3,5,658382517,700669365,160737,171061,1,1,0,3,37.7
2025-07-09,Leaf-3,15,386756558,122140198,94422,29819,1,1,0,2,63.4
2025-07-09,Leaf-3,25,53705234,815519932,13111,199101,2,4,0,19,70.9
2025-07-09,Leaf-3,34,658375264,108332445,160736,26448,3,4,0,4,49.4
2025-07-09,Leaf-4,10,706805501,268293117,172559,65501,1,3,0,12,56.0
2025-07-09,Leaf-4,19,829953414,603380217,202625,147309,4,1,0,11,32.5
2025-07-09,Leaf-4,29,500111593,137243642,122097,33506,3,0,0,15,55.3
2025-07-10,Spine-1,4,817665965,242558900,199625,59218,0,2,0,0,35.9
2025-07-10,Spine-1,14,563214298,567849292,137503,138635,1,2,0,1,25.0
2025-07-10,Spine-1,23,492024370,769863150,120123,187954,0,0,0,8,83.7
2025-07-10,Spine-2,1,988676922,984315691,241376,240311,0,1,0,6,51.3
2025-07-10,Spine-2,10,491481999,916010539,119990,223635,0,2,0,0,67.1
2025-07-10,Spine-2,20,914285141,570000221,223214,139160,1,1,0,9,71.9
2025-07-10,Spine-2,30,850658698,517346756,207680,126305,2,1,0,1,63.3
2025-07-11,Spine-1,7,203805802,756029890,49757,184577,1,1,0,0,38.5
2025-07-11,Spine-1,17,900421562,287859008,219829,70278,1,2,0,0,44.7
2025-07-11,Spine-1,26,811265167,271221508,198062,66216,0,0,0,3,29.0
2025-07-11,Spine-2,4,320031805,915307606,78132,223463,1,0,0,9,66.3
2025-07-11,Spine-2,13,589723132,618658303,143975,151039,2,1,0,7,31.7
2025-07-11,Spine-2,23,298005699,682671171,72755,166667,2,2,0,1,76.3
2025-07-11,Spine-2,32,46404246,166580930,11329,40669,1,2,0,9,64.9
2025-07-12,Spine-1,10,28608721,987776527,6984,241156,1,0,0,0,52.3
2025-07-12,Spine-1,20,767926374,121832482,187482,29744,0,1,0,1,84.4
2025-07-12,Spine-1,29,46591754,612232524,11374,149470,0,1,0,8,30.5
2025-07-12,Spine-2,7,168156050,249796444,41053,60985,0,0,0,0,59.5
2025-07-12,Spine-2,16,467435293,174550136,114119,42614,0,2,0,3,33.1
2025-07-12,Spine-2,26,818202512,410489458,199756,100217,2,2,0,6,65.7
2025-07-13,Spine-1,3,660741632,626071897,161313,152849,2,1,0,5,52.8
2025-07-13,Spine-1,13,459673945,583691353,112225,142502,1,2,0,9,84.8
2025-07-13,Spine-1,22,263706157,555504891,64381,135621,0,2,0,7,42.8
2025-07-13,Spine-1,32,923302903,146330166,225415,35725,0,1,0,3,63.0
2025-07-13,Spine-2,10,174554602,801565419,42615,195694,1,2,0,3,31.3
2025-07-13,Spine-2,19,409336391,802883993,99935,196016,2,0,0,8,39.9
2025-07-13,Spine-2,29,277898034,724504229,67846,176880,0,1,0,4,80.3
2025-07-14,Spine-1,6,170106781,687128799,41529,167756,0,1,0,8,41.1
2025-07-14,Spine-1,16,962386842,847116989,234957,206815,1,1,0,3,66.5
2025-07-14,Spine-1,25,487372659,699116829,118987,170682,2,1,0,2,59.1
2025-07-14,Spine-2,3,691897157,734128276,168920,179230,2,2,0,8,80.1
2025-07-14,Spine-2,12,26942721,803827374,6577,196246,1,1,0,7,81.9
2025-07-14,Spine-2,22,262407001,112057784,64064,27357,2,1,0,5,50.4
2025-07-14,Spine-2,32,458723406,567757593,111993,138612,2,2,0,7,71.4
2025-07-15,Spine-1,9,542846490,666668572,132530,162760,2,2,0,6,66.4
2025-07-15,Spine-1,19,153828314,372977089,37555,91058,0,1,0,4,39.9
2025-07-15,Spine-1,28,486663168,622064440,118814,151871,0,1,0,6,74.2
2025-07-15,Spine-2,6,214738263,583508778,52426,142458,2,1,0,8,71.7
2025-07-15,Spine-2,15,923270360,469797696,225407,114696,0,2,0,8,68.5
2025-07-15,Spine-2,25,243630713,470274247,59480,114813,0,2,0,6,30.7
2025-07-16,Spine-1,2,847940259,329763252,207016,80508,0,1,0,9,81.4
2025-07-16,Spine-1,12,827324482,140760843,201983,34365,2,2,0,4,50.1
2025-07-16,Spine-1,21,697457320,474962111,170277,115957,1,0,0,9,23.9
2025-07-16,Spine-1,31,902723200,13985013,220391,3414,1,1,0,5,42.9
2025-07-16,Spine-2,9,771720711,448328882,188408,109455,2,0,0,0,52.6
2025-07-16,Spine-2,18,23371159,684250147,5705,167053,1,1,0,2,52.9
2025-07-16,Spine-2,28,850685313,490147123,207686,119664,2,0,0,3,84.0
2025-07-16,Leaf-1,5,117240560,654123492,28623,159698,4,4,0,1,90.9
2025-07-16,Leaf-1,15,760644125,818959320,185704,199941,1,4,0,17,67.6
2025-07-16,Leaf-1,24,668972990,966222974,163323,235894,1,3,0,13,92.5
2025-07-16,Leaf-1,34,561755844,966116609,137147,235868,2,3,0,18,32.7
2025-07-16,Leaf-2,9,836904325,24346007,204322,5943,3,2,0,17,44.7
2025-07-16,Leaf-2,19,271088656,678458327,66183,165639,0,2,0,18,52.5
2025-07-16,Leaf-2,29,904868947,632382034,220915,154390,0,2,0,16,82.7
2025-07-16,Leaf-3,4,524197614,855013095,127977,208743,0,0,0,7,30.5
2025-07-16,Leaf-3,14,703369029,44470450,171720,10857,1,1,0,2,71.4
2025-07-16,Leaf-3,23,604111021,741397958,147488,181005,2,0,0,3,92.1
2025-07-16,Leaf-3,33,868593739,777132034,212059,189729,4,0,0,12,36.0
2025-07-16,Leaf-4,8,185705225,256947123,45338,62731,1,0,0,18,34.4
2025-07-16,Leaf-4,18,196621203,614077678,48003,149921,1,4,0,10,81.7
2025-07-16,Leaf-4,27,616221656,38961735,150444,9512,2,4,0,1,58.7
2025-07-17,Spine-1,3,894093143,64310555,218284,15700,1,0,0,3,36.8
2025-07-17,Spine-1,13,591985755,707115902,144527,172635,0,2,0,5,59.4
2025-07-17,Spine-1,22,548890803,974198771,134006,237841,1,0,0,2,35.8
2025-07-17,Spine-1,32,61519755,894644035,15019,218418,1,1,0,0,60.9
2025-07-17,Spine-2,9,643577965,444087665,157123,108419,2,2,0,6,24.2
2025-07-17,Spine-2,19,251286727,960946915,61349,234606,2,1,0,0,49.9
2025-07-17,Spine-2,28,994643827,768130936,242832,187531,0,1,0,8,50.6
2025-07-18,Spine-1,6,810715213,781136410,197928,190707,2,2,0,5,49.7
2025-07-18,Spine-1,15,760812109,310389553,185745,75778,1,2,0,5,24.3
2025-07-18,Spine-1,25,340666283,568060514,83170,138686,0,1,0,7,57.5
2025-07-18,Spine-2,3,260307881,396921679,63551,96904,1,0,0,6,69.7
2025-07-18,Spine-2,12,947840465,521268348,231406,127262,2,1,0,1,75.4
2025-07-18,Spine-2,22,588389560,625393152,143649,152683,1,2,0,5,29.5
2025-07-18,Spine-2,31,627053608,542175253,153089,132367,1,2,0,2,81.2
2025-07-19,Spine-1,9,919780529,819254424,224555,200013,0,1,0,0,47.8
2025-07-19,Spine-1,18,665781240,203397624,162544,49657,1,0,0,0,65.8
2025-07-19,Spine-1,28,339737772,837411877,82943,204446,0,1,0,7,75.8
2025-07-19,Spine-2,5,909595646,396957307,222069,96913,1,0,0,2,28.9
2025-07-19,Spine-2,15,702042341,68196261,171397,16649,1,2,0,9,36.5
2025-07-19,Spine-2,24,368310486,292764085,89919,71475,0,1,0,7,22.6
2025-07-20,Spine-1,2,192957562,479348056,47108,117028,0,2,0,7,21.5
2025-07-20,Spine-1,12,420364014,541146172,102627,132115,0,0,0,5,62.0
2025-07-20,Spine-1,21,790804625,676196153,193067,165086,1,1,0,3,49.4
2025-07-20,Spine-1,31,584986476,727066712,142818,177506,0,0,0,1,28.2
2025-07-20,Spine-2,8,929193529,821169161,226853,200480,1,0,0,2,70.7
2025-07-20,Spine-2,18,514283512,49785087,125557,12154,0,2,0,3,57.3
2025-07-20,Spine-2,27,331234525,10686812,80867,2609,1,2,0,9,84.3
2025-07-21,Spine-1,5,487243759,247856157,118955,60511,1,1,0,3,42.5
2025-07-21,Spine-1,14,736091271,147074936,179709,35906,0,2,0,3,24.5
2025-07-21,Spine-1,24,323578812,374274329,78998,91375,1,2,0,5,44.7
2025-07-21,Spine-2,2,655616188,869250714,160062,212219,2,1,0,2,81.7
2025-07-21,Spine-2,11,859571308,825329763,209856,201496,1,0,0,0,60.0
2025-07-21,Spine-2,21,980732531,551392681,239436,134617,1,1,0,7,30.6
2025-07-21,Spine-2,30,768600855,695455811,187646,169789,1,1,0,0,79.1
2025-07-22,Spine-1,8,761736666,518969547,185970,126701,1,1,0,0,32.5
2025-07-22,Spine-1,17,406865090,164091660,99332,40061,1,0,0,5,81.7
2025-07-22,Spine-1,27,551988569,501032777,134762,122322,1,2,0,8,35.7
2025-07-22,Spine-2,4,33917148,802698087,8280,195971,2,0,0,4,49.0
2025-07-22,Spine-2,14,473295620,667611938,115550,162991,1,1,0,0,69.9
2025-07-22,Spine-2,24,354547000,191933191,86559,46858,2,0,0,1,21.2
2025-07-23,Spine-1,1,392495638,533148243,95824,130163,1,0,0,4,45.0
2025-07-23,Spine-1,11,342186994,360199083,83541,87939,0,0,0,2,77.2
2025-07-23,Spine-1,20,666354287,240134942,162684,58626,2,0,0,8,70.5
2025-07-23,Spine-1,30,289814472,268704904,70755,65601,0,2,0,7,53.4
2025-07-23,Spine-2,7,820524390,53711823,200323,13113,1,0,0,1,35.9
2025-07-23,Spine-2,17,251005889,16085177,61280,3927,0,2,0,1,57.2
2025-07-23,Spine-2,26,722660470,936944879,176430,228746,0,0,0,2,81.3
2025-07-23,Leaf-1,4,320080224,235446774,78144,57482,4,1,0,16,51.2
2025-07-23,Leaf-1,14,85599150,402960363,20898,98378,0,4,0,15,77.9
2025-07-23,Leaf-1,23,219905768,359242319,53687,87705,0,3,0,15,70.2
2025-07-23,Leaf-1,33,25621381,688009661,6255,167971,0,0,0,6,69.2
2025-07-23,Leaf-2,8,147943715,882651627,36119,215491,1,0,0,15,44.9
2025-07-23,Leaf-2,18,197691462,993379810,48264,242524,3,1,0,18,53.0
2025-07-23,Leaf-2,27,537448303,813691576,131212,198655,1,3,0,11,57.1
2025-07-23,Leaf-3,3,468924380,882876396,114483,215545,2,3,0,0,68.1
2025-07-23,Leaf-3,12,790761557,490393046,193057,119724,4,3,0,14,57.1
2025-07-23,Leaf-3,22,318717934,616766538,77811,150577,3,2,0,6,30.4
2025-07-23,Leaf-3,31,398531074,960597686,97297,234520,0,2,0,5,50.6
2025-07-23,Leaf-4,7,950085402,217065355,231954,52994,3,3,0,4,30.1
2025-07-23,Leaf-4,17,156347213,307622437,38170,75103,2,4,0,1,54.6
2025-07-23,Leaf-4,26,525345373,146320366,128258,35722,3,2,0,4,80.3
2025-07-24,Spine-1,2,515899652,232803590,125952,56836,0,1,0,7,65.3
2025-07-24,Spine-1,11,832142149,975813964,203159,238235,1,1,0,6,43.6
2025-07-24,Spine-1,21,460748371,530490607,112487,129514,0,2,0,9,23.5
2025-07-24,Spine-1,30,353251284,489692049,86242,119553,2,0,0,8,41.0
2025-07-24,Spine-2,8,452915255,148661426,110575,36294,2,2,0,0,24.7
2025-07-24,Spine-2,17,690006631,298123397,168458,72784,1,2,0,4,65.2
2025-07-24,Spine-2,27,607158702,501028688,148232,122321,1,1,0,4,71.2
2025-07-25,Spine-1,5,201430904,360726197,49177,88067,1,1,0,9,65.9
2025-07-25,Spine-1,14,621110043,67708801,151638,16530,2,0,0,6,63.5
2025-07-25,Spine-1,24,782538447,124118931,191049,30302,0,0,0,2,41.6
2025-07-25,Spine-2,1,72533976,565847290,17708,138146,0,0,0,5,42.0
2025-07-25,Spine-2,11,104883810,73212288,25606,17874,2,2,0,2,66.3
2025-07-25,Spine-2,20,255772351,994173508,62444,242718,1,1,0,9,72.7
2025-07-25,Spine-2,30,606143990,51263369,147984,12515,0,2,0,7,73.9
2025-07-26,Spine-1,7,219145087,392182590,53502,95747,1,0,0,3,80.6
2025-07-26,Spine-1,17,494575472,778417020,120745,190043,2,2,0,2,38.7
2025-07-26,Spine-1,27,684157385,374171837,167030,91350,1,1,0,7,20.4
2025-07-26,Spine-2,4,408440193,576445121,99716,140733,2,0,0,3,81.4
2025-07-26,Spine-2,14,877102692,718737183,214136,175472,1,2,0,4,75.2
2025-07-26,Spine-2,23,695031156,348035329,169685,84969,2,1,0,8,46.6
2025-07-27,Spine-1,1,825958948,290104620,201650,70826,1,0,0,5,36.0
2025-07-27,Spine-1,10,404422029,573260248,98735,139956,1,1,0,8,58.7
2025-07-27,Spine-1,20,291075404,581340515,71063,141928,1,0,0,4,79.1
2025-07-27,Spine-1,29,418618202,105238737,102201,25693,0,1,0,6,29.8
2025-07-27,Spine-2,7,489565088,658956560,119522,160878,1,1,0,6,40.0
2025-07-27,Spine-2,16,239844294,941025556,58555,229742,1,2,0,5,54.2
2025-07-27,Spine-2,26,761048224,36311039,185802,8864,0,0,0,7,57.8
2025-07-28,Spine-1,4,867312826,27359938,211746,6679,2,2,0,8,40.0
2025-07-28,Spine-1,13,90108265,844723655,21999,206231,1,0,0,4,53.7
2025-07-28,Spine-1,23,687929119,923545180,167951,225474,1,2,0,8,62.9
2025-07-28,Spine-1,32,391411335,981205577,95559,239552,2,1,0,8,24.9
2025-07-28,Spine-2,10,359390653,631616697,87741,154203,0,1,0,5,39.5
2025-07-28,Spine-2,19,66367995,14662545,16203,3579,0,2,0,7,30.5
2025-07-28,Spine-2,29,892882212,836137622,217988,204135,2,2,0,0,43.6
2025-07-29,Spine-1,6,395839290,319635296,96640,78035,2,1,0,9,26.4
2025-07-29,Spine-1,16,760883777,400347203,185762,97741,2,0,0,1,33.7
2025-07-29,Spine-1,26,551245208,40355100,134581,9852,2,0,0,1,68.9
2025-07-29,Spine-2,3,173965133,273053010,42471,66663,2,1,0,2,43.9
2025-07-29,Spine-2,13,507052582,315487594,123792,77023,1,0,0,7,82.4
2025-07-29,Spine-2,22,637178062,792736182,155561,193539,1,0,0,2,53.9
2025-07-29,Spine-2,32,662068808,346095079,161637,84495,2,0,0,7,75.6
2025-07-30,Spine-1,9,496038623,550917810,121103,134501,2,1,0,8,38.7
2025-07-30,Spine-1,19,321467996,862409303,78483,210549,2,0,0,8,64.9
2025-07-30,Spine-1,28,946272999,599469780,231023,146354,1,0,0,1,57.0
2025-07-30,Spine-2,6,167641211,182260093,40928,44497,0,0,0,6,60.6
2025-07-30,Spine-2,16,885678540,836722371,216230,204277,0,1,0,8,51.2
2025-07-30,Spine-2,25,418140028,907604674,102084,221583,1,1,0,8,32.1
2025-07-30,Leaf-1,3,300750392,290884603,73425,71016,4,4,0,6,47.4
2025-07-30,Leaf-1,12,307189360,418949632,74997,102282,3,0,0,13,59.7
2025-07-30,Leaf-1,22,594217013,785127329,145072,191681,2,4,0,13,74.8
2025-07-30,Leaf-1,31,180962128,396084255,44180,96700,2,3,0,9,89.5
2025-07-30,Leaf-2,7,641733558,479281086,156673,117011,2,4,0,14,49.6
2025-07-30,Leaf-2,16,605221778,81705238,147759,19947,4,1,0,15,49.9
2025-07-30,Leaf-2,26,326375742,418966870,79681,102286,2,2,0,19,79.4
2025-07-30,Leaf-3,2,14294662,488828000,3489,119342,1,3,0,1,30.6
2025-07-30,Leaf-3,11,716811858,253026211,175002,61773,3,1,0,0,78.5
2025-07-30,Leaf-3,21,434828608,962592475,106159,235007,3,4,0,9,65.8
2025-07-30,Leaf-3,30,290304877,198513599,70875,48465,2,3,0,16,85.2
2025-07-30,Leaf-4,6,549153041,983994880,134070,240233,3,3,0,1,76.4
2025-07-30,Leaf-4,15,218367453,947240711,53312,231259,3,4,0,16,72.7
2025-07-30,Leaf-4,25,378255760,393778365,92347,96137,3,2,0,3,92.8
2025-07-30,Leaf-4,34,407421891,706558291,99468,172499,3,4,0,2,53.6
2025-07-31,Spine-1,10,490158787,607542152,119667,148325,1,2,0,9,65.4
2025-07-31,Spine-1,19,824302367,294247379,201245,71837,1,0,0,4,69.9
2025-07-31,Spine-1,29,260921356,436820926,63701,106645,0,2,0,5,59.5
2025-07-31,Spine-2,7,968868981,443943117,236540,108384,2,1,0,0,53.4
2025-07-31,Spine-2,16,193143353,655466340,47154,160025,0,2,0,4,31.6
2025-07-31,Spine-2,26,872215438,487855720,212943,119105,1,1,0,0,52.3
2025-08-01,Spine-1,3,965411393,175401709,235696,42822,2,1,0,9,72.1
2025-08-01,Spine-1,13,956267629,455703847,233463,111255,0,2,0,1,22.3
2025-08-01,Spine-1,22,53145986,714765425,12975,174503,1,0,0,5,43.1
2025-08-01,Spine-1,32,602070519,440020093,146989,107426,1,2,0,8,80.3
2025-08-01,Spine-2,9,516499079,883047964,126098,215587,0,2,0,6,28.8
2025-08-01,Spine-2,19,263098720,794807104,64233,194044,1,0,0,5,29.9
2025-08-01,Spine-2,29,753600110,470084083,183984,114766,0,1,0,5,27.3
2025-08-02,Spine-1,6,36355143,760118380,8875,185575,1,2,0,5,75.7
2025-08-02,Spine-1,16,485375263,376917427,118499,92020,1,0,0,4,23.4
2025-08-02,Spine-1,25,643834349,20162303,157186,4922,1,2,0,6,68.5
2025-08-02,Spine-2,3,394748665,880029691,96374,214850,0,2,0,6,43.4
2025-08-02,Spine-2,12,486695449,976153772,118822,238318,2,1,0,6,63.8
2025-08-02,Spine-2,22,743483858,843121064,181514,205840,1,0,0,6,76.5
2025-08-02,Spine-2,31,187738136,885358050,45834,216151,0,2,0,7,20.5
2025-08-03,Spine-1,9,14269969,757059843,3483,184829,0,1,0,6,56.8
2025-08-03,Spine-1,19,798198537,597445422,194872,145860,2,1,0,4,29.5
2025-08-03,Spine-1,28,85058512,432409168,20766,105568,1,1,0,3,71.5
2025-08-03,Spine-2,6,272904696,295903023,66627,72241,2,0,0,6,53.0
2025-08-03,Spine-2,15,910286204,526812973,222237,128616,2,2,0,0,71.1
2025-08-03,Spine-2,25,854406726,64094451,208595,15648,1,0,0,6,33.5
2025-08-04,Spine-1,2,110691094,931895998,27024,227513,0,0,0,2,30.8
2025-08-04,Spine-1,12,23085745,478148863,5636,116735,0,2,0,0,74.5
2025-08-04,Spine-1,21,702237190,146422654,171444,35747,0,2,0,0,75.2
2025-08-04,Spine-1,31,868979493,143750957,212153,35095,0,2,0,1,24.1
2025-08-04,Spine-2,9,627818985,16950993,153276,4138,1,0,0,3,28.8
2025-08-04,Spine-2,18,329947277,292601006,80553,71435,1,2,0,2,59.7
2025-08-04,Spine-2,28,275421172,228066885,67241,55680,1,2,0,2,54.2
2025-08-05,Spine-1,5,932204736,141778495,227589,34613,1,2,0,5,66.2
2025-08-05,Spine-1,15,146977215,830054023,35883,202649,0,1,0,3,63.5
2025-08-05,Spine-1,24,768870345,245345923,187712,59898,1,0,0,3,53.2
2025-08-05,Spine-2,2,755340428,150302867,184409,36695,1,2,0,7,66.8
2025-08-05,Spine-2,11,465992700,541423271,113767,132183,1,2,0,4,83.5
2025-08-05,Spine-2,21,146862198,928301948,35855,226636,2,1,0,2,61.4
2025-08-05,Spine-2,30,64475362,605486614,15741,147823,0,1,0,0,44.5
2025-08-06,Spine-1,8,355256360,25557960,86732,6239,1,2,0,2,67.5
2025-08-06,Spine-1,18,180402361,669517721,44043,163456,0,2,0,0,54.0
2025-08-06,Spine-1,27,381770612,138248524,93205,33752,1,0,0,7,64.3
2025-08-06,Spine-2,5,688126840,897204895,167999,219044,1,0,0,7,47.2
2025-08-06,Spine-2,14,879097371,91788494,214623,22409,0,0,0,6,40.9
2025-08-06,Spine-2,24,378981378,213863954,92524,52212,2,1,0,8,46.2
2025-08-06,Leaf-1,1,640077967,625817301,156269,152787,4,0,0,10,40.7
2025-08-06,Leaf-1,11,702087801,912351286,171408,222742,2,1,0,12,46.7
2025-08-06,Leaf-1,20,132402126,623873078,32324,152312,4,1,0,2,34.2
2025-08-06,Leaf-1,30,433422255,128413519,105815,31350,1,0,0,7,33.8
2025-08-06,Leaf-2,6,945635044,148094818,230867,36155,1,4,0,10,51.8
2025-08-06,Leaf-2,15,360374717,331324036,87982,80889,0,1,0,5,33.8
2025-08-06,Leaf-2,25,346173260,380610510,84514,92922,1,2,0,4,37.8
2025-08-06,Leaf-2,34,651715476,270673503,159110,66082,2,4,0,6,49.8
2025-08-06,Leaf-3,10,887642347,829134126,216709,202425,0,0,0,11,32.7
2025-08-06,Leaf-3,19,660540293,13347530,161264,3258,2,2,0,17,41.5
2025-08-06,Leaf-3,29,515394875,355925973,125828,86895,3,1,0,15,50.8
2025-08-06,Leaf-4,4,290631768,798310499,70955,194900,2,2,0,19,46.4
2025-08-06,Leaf-4,14,166978047,138174858,40766,33734,4,1,0,13,46.7
2025-08-06,Leaf-4,24,921729364,256015711,225031,62503,2,4,0,9,72.5
2025-08-06,Leaf-4,33,37885732,733538269,9249,179086,0,3,0,4,91.2
2025-08-07,Spine-1,9,247709083,535760021,60475,130800,2,2,0,4,82.5
2025-08-07,Spine-1,18,380487548,204905190,92892,50025,1,2,0,6,30.1
2025-08-07,Spine-1,28,405502665,447632058,98999,109285,2,1,0,2,46.8
2025-08-07,Spine-2,5,219058095,976287017,53480,238351,1,0,0,1,25.5
2025-08-07,Spine-2,15,805292512,763671824,196604,186443,0,2,0,3,64.2
2025-08-07,Spine-2,24,819623743,681308828,200103,166335,1,2,0,7,36.9
2025-08-08,Spine-1,2,433538963,871374354,105844,212737,2,1,0,8,49.9
2025-08-08,Spine-1,12,435402825,596196014,106299,145555,0,2,0,7,41.0
2025-08-08,Spine-1,21,663084013,272420597,161885,66508,0,0,0,7,48.8
2025-08-08,Spine-1,31,816324242,961954041,199297,234852,1,1,0,0,55.6
2025-08-08,Spine-2,8,103661594,693030245,25308,169196,1,2,0,9,49.7
2025-08-08,Spine-2,18,436638608,152663908,106601,37271,0,1,0,9,63.4
2025-08-08,Spine-2,27,598023249,828082333,146001,202168,2,2,0,4,82.4
2025-08-09,Spine-1,5,484949473,691936872,118395,168929,1,2,0,6,65.5
2025-08-09,Spine-1,14,923310218,609152696,225417,148718,1,1,0,0,45.5
2025-08-09,Spine-1,24,826805282,455394773,201856,111180,2,1,0,4,31.1
2025-08-09,Spine-2,1,614115669,181684663,149930,44356,1,1,0,3,77.7
2025-08-09,Spine-2,11,908509467,983214811,221804,240042,0,2,0,8,74.2
2025-08-09,Spine-2,21,779532935,82938806,190315,20248,0,1,0,2,37.5
2025-08-09,Spine-2,30,80107300,262357376,19557,64052,2,1,0,0,59.0
2025-08-10,Spine-1,8,851694895,981769470,207933,239689,0,1,0,7,76.1
2025-08-10,Spine-1,17,28568847,178109908,6974,43483,2,0,0,8,68.1
2025-08-10,Spine-1,27,495772591,949498165,121038,231811,1,1,0,5,56.8
2025-08-10,Spine-2,4,43715052,366200966,10672,89404,0,1,0,6,33.9
2025-08-10,Spine-2,14,818098946,486560203,199731,118789,1,1,0,5,20.9
2025-08-10,Spine-2,23,745016214,249927824,181888,61017,2,0,0,1,50.3
2025-08-11,Spine-1,1,968974874,381924913,236566,93243,0,2,0,4,50.0
2025-08-11,Spine-1,11,188456682,34292899,46009,8372,0,0,0,6,79.1
2025-08-11,Spine-1,20,17371898,211912647,4241,51736,1,1,0,8,50.0
2025-08-11,Spine-1,30,993427081,826403933,242535,201758,0,0,0,7,30.4
2025-08-11,Spine-2,7,703194182,539810177,171678,131789,1,1,0,2,53.0
2025-08-11,Spine-2,17,862073543,337933745,210467,82503,1,0,0,2,55.1
2025-08-11,Spine-2,26,769614921,318282394,187894,77705,1,1,0,7,78.8
2025-08-12,Spine-1,4,755343143,45021784,184409,10991,2,0,0,8,78.5
2025-08-12,Spine-1,13,841751761,771425274,205505,188336,2,2,0,6,78.5
2025-08-12,Spine-1,23,827908756,701070591,202126,171159,1,1,0,8,55.7
2025-08-12,Spine-2,1,319981814,152768896,78120,37297,1,1,0,0,83.2
2025-08-12,Spine-2,10,705538440,344669522,172250,84147,1,1,0,3,27.3
2025-08-12,Spine-2,20,203754931,396114754,49744,96707,2,1,0,0,56.2
2025-08-12,Spine-2,29,695008592,903323681,169679,220538,1,1,0,9,81.9
2025-08-13,Spine-1,7,786955339,551425067,192127,134625,2,0,0,6,76.3
2025-08-13,Spine-1,16,766257137,107405067,187074,26221,1,0,0,8,67.8
2025-08-13,Spine-1,26,572004166,408270684,139649,99675,2,2,0,0,42.2
2025-08-13,Spine-2,3,289056704,551549571,70570,134655,0,0,0,7,26.1
2025-08-13,Spine-2,13,67565503,708695911,16495,173021,0,0,0,2,71.9
2025-08-13,Spine-2,23,605855647,282550237,147913,68981,1,1,0,4,32.1
2025-08-13,Spine-2,32,761336638,847979463,185873,207026,2,1,0,5,42.3
2025-08-13,Leaf-1,10,179485696,259596395,43819,63378,0,3,0,8,84.1
2025-08-13,Leaf-1,19,533445416,974753296,130235,237976,2,4,0,4,82.0
2025-08-13,Leaf-1,29,767305430,317290654,187330,77463,0,0,0,12,49.5
2025-08-13,Leaf-2,4,998845586,683488993,243858,166867,4,1,0,2,54.2
2025-08-13,Leaf-2,14,715904844,219729305,174781,53644,3,3,0,6,50.0
2025-08-13,Leaf-2,23,430858992,24301273,105190,5932,3,2,0,14,48.3
2025-08-13,Leaf-2,33,659099481,490890825,160912,119846,3,3,0,0,63.7
2025-08-13,Leaf-3,8,990114007,718425508,241727,175396,2,3,0,12,36.2
2025-08-13,Leaf-3,18,510907515,840981218,124733,205317,3,4,0,18,34.8
2025-08-13,Leaf-3,28,926646575,897953051,226232,219226,1,1,0,2,48.0
2025-08-13,Leaf-4,3,850026196,627416780,207525,153177,4,0,0,17,93.9
2025-08-13,Leaf-4,13,656753942,356772884,160340,87102,3,1,0,6,50.2
2025-08-13,Leaf-4,22,668632586,898138321,163240,219272,1,0,0,7,51.7
2025-08-13,Leaf-4,32,795177143,648640338,194135,158359,2,3,0,12,46.0
2025-08-14,Spine-1,7,350559620,227692412,85585,55588,2,1,0,8,79.2
2025-08-14,Spine-1,17,905482404,116664528,221065,28482,0,0,0,8,84.0
2025-08-14,Spine-1,26,879489029,57611759,214719,14065,0,2,0,8,50.1
2025-08-14,Spine-2,4,724788673,561972790,176950,137200,0,1,0,3,45.2
2025-08-14,Spine-2,14,108030093,971138661,26374,237094,0,0,0,3,32.0
2025-08-14,Spine-2,23,532972087,681409526,130120,166359,0,2,0,9,72.3
2025-08-15,Spine-1,1,661686103,865930020,161544,211408,2,2,0,8,62.1
2025-08-15,Spine-1,10,447189584,246299921,109177,60131,0,0,0,5,73.8
2025-08-15,Spine-1,20,568732351,211339543,138850,51596,1,1,0,1,76.8
2025-08-15,Spine-1,29,109280919,779662173,26679,190347,1,1,0,1,77.0
2025-08-15,Spine-2,7,328698938,393851513,80248,96155,1,1,0,9,20.1
2025-08-15,Spine-2,16,707795004,383474172,172801,93621,2,2,0,0,79.9
2025-08-15,Spine-2,26,805669387,641543314,196696,156626,1,2,0,6,54.7
2025-08-16,Spine-1,4,522030798,279410464,127448,68215,2,2,0,7,47.0
2025-08-16,Spine-1,13,940780807,545911796,229682,133279,1,2,0,3,80.6
2025-08-16,Spine-1,23,724501055,821077040,176880,200458,0,1,0,0,41.8
2025-08-16,Spine-1,32,338615124,266634622,82669,65096,0,0,0,4,46.9
2025-08-16,Spine-2,10,836119371,210523247,204130,51397,2,0,0,4,23.4
2025-08-16,Spine-2,19,369909847,580410577,90310,141701,2,0,0,3,35.0
2025-08-16,Spine-2,29,350067604,910442608,85465,222276,0,1,0,4,25.2
2025-08-17,Spine-1,6,668096187,96298708,163109,23510,0,0,0,5,68.2
2025-08-17,Spine-1,16,825042984,468119819,201426,114287,2,1,0,0,77.8
2025-08-17,Spine-1,26,312075869,889916816,76190,217264,1,0,0,5,33.9
2025-08-17,Spine-2,3,86685044,788288329,21163,192453,1,0,0,9,82.1
2025-08-17,Spine-2,13,106305250,990716793,25953,241874,2,1,0,9,24.9
2025-08-17,Spine-2,22,597486802,421849384,145870,102990,0,0,0,0,31.6
2025-08-17,Spine-2,32,649059116,297993343,158461,72752,0,1,0,2,28.6
2025-08-18,Spine-1,9,221050516,473901859,53967,115698,2,0,0,3,56.7
2025-08-18,Spine-1,19,279071213,539479111,68132,131708,1,1,0,0,54.7
2025-08-18,Spine-1,28,707765447,174086041,172794,42501,0,2,0,8,48.5
2025-08-18,Spine-2,6,656768127,460843430,160343,112510,2,1,0,5,25.3
2025-08-18,Spine-2,15,430547900,981824569,105114,239703,2,1,0,1,76.8
2025-08-18,Spine-2,25,936734791,960869921,228695,234587,0,1,0,7,52.1
2025-08-19,Spine-1,3,486056809,572195544,118666,139696,0,1,0,5,74.8
2025-08-19,Spine-1,12,844558343,381525903,206191,93145,1,2,0,9,68.9
2025-08-19,Spine-1,22,893194271,653761168,218065,159609,0,2,0,7,33.8
2025-08-19,Spine-1,31,205596806,190984329,50194,46627,2,1,0,3,26.7
2025-08-19,Spine-2,9,505746445,59444113,123473,14512,1,1,0,3,68.2
2025-08-19,Spine-2,18,984069944,521492824,240251,127317,0,1,0,6,24.6
2025-08-19,Spine-2,28,636339693,686166667,155356,167521,2,1,0,8,20.1
2025-08-20,Spine-1,5,210102595,514882234,51294,125703,2,1,0,5,84.1
2025-08-20,Spine-1,15,274127693,485491481,66925,118528,0,1,0,5,48.7
2025-08-20,Spine-1,25,876710629,729148340,214040,178014,1,0,0,1,84.4
2025-08-20,Spine-2,2,422007684,75741144,103029,18491,2,0,0,1,62.6
2025-08-20,Spine-2,12,410649833,119092323,100256,29075,2,0,0,9,60.7
2025-08-20,Spine-2,21,814241198,153246678,198789,37413,0,2,0,5,52.9
2025-08-20,Spine-2,31,574716628,286572594,140311,69964,0,2,0,2,46.8
2025-08-20,Leaf-1,8,551846794,933642893,134728,227940,1,3,0,17,38.4
2025-08-20,Leaf-1,18,19426644,240047971,4742,58605,2,2,0,7,66.1
2025-08-20,Leaf-1,27,16444755,86816770,4014,21195,1,0,0,7,54.0
2025-08-20,Leaf-2,3,474871657,968225097,115935,236383,3,3,0,13,66.1
2025-08-20,Leaf-2,13,394640245,546338110,96347,133383,2,4,0,11,47.5
2025-08-20,Leaf-2,22,158521717,815718311,38701,199149,1,2,0,13,54.9
2025-08-20,Leaf-2,32,52176838,932824491,12738,227740,0,0,0,10,94.5
2025-08-20,Leaf-3,7,487550385,844229269,119030,206110,2,0,0,8,68.4
2025-08-20,Leaf-3,17,504631618,784773843,123201,191595,0,2,0,2,69.7
2025-08-20,Leaf-3,26,297400808,90051457,72607,21985,3,0,0,16,66.1
2025-08-20,Leaf-4,2,667081635,440994135,162861,107664,2,3,0,3,50.8
2025-08-20,Leaf-4,11,750920301,434793249,183330,106150,2,4,0,9,76.5
2025-08-20,Leaf-4,21,801671716,599063739,195720,146255,0,1,0,13,86.2
2025-08-20,Leaf-4,30,903128995,624259056,220490,152406,2,3,0,19,59.6
2025-08-21,Spine-1,6,139750484,575226972,34118,140436,0,2,0,2,41.4
2025-08-21,Spine-1,16,524239536,745987389,127988,182125,2,1,0,2,72.4
2025-08-21,Spine-1,25,685967425,285535414,167472,69710,1,0,0,7,59.1
2025-08-21,Spine-2,3,308424836,753712158,75299,184011,0,0,0,3,77.6
2025-08-21,Spine-2,12,861235791,563058177,210262,137465,1,2,0,1,70.5
2025-08-21,Spine-2,22,321380036,854650379,78461,208654,2,1,0,2,37.8
2025-08-21,Spine-2,31,271310276,242351789,66237,59167,1,1,0,5,76.4
2025-08-22,Spine-1,9,101128332,459585590,24689,112203,2,0,0,0,32.0
2025-08-22,Spine-1,18,663192330,934647161,161912,228185,0,1,0,6,60.5
2025-08-22,Spine-1,28,630444173,696996795,153917,170165,2,1,0,7,42.0
2025-08-22,Spine-2,6,562149043,939543927,137243,229380,0,0,0,0,59.1
2025-08-22,Spine-2,15,784447624,203342886,191515,49644,2,0,0,0,62.5
2025-08-22,Spine-2,25,927094597,38165294,226341,9317,0,0,0,4,57.8
2025-08-23,Spine-1,2,900094815,233328562,219749,56964,0,0,0,5,72.1
2025-08-23,Spine-1,12,136447416,478368242,33312,116789,1,1,0,2,76.9
2025-08-23,Spine-1,21,37615736,405217234,9183,98929,0,1,0,4,40.5
2025-08-23,Spine-1,31,922509545,240719104,225222,58769,2,1,0,5,50.2
2025-08-23,Spine-2,8,283079799,943945227,69111,230455,0,0,0,2,82.5
2025-08-23,Spine-2,18,741125935,791150905,180938,193152,2,1,0,1,51.5
2025-08-23,Spine-2,28,112468477,115255299,27458,28138,2,2,0,6,33.1
2025-08-24,Spine-1,5,979862177,460928424,239224,112531,2,2,0,4,35.7
2025-08-24,Spine-1,15,370114848,51093148,90360,12473,1,1,0,5,44.0
2025-08-24,Spine-1,24,71900005,125278979,17553,30585,2,1,0,1,72.1
2025-08-24,Spine-2,2,17380641,402432600,4243,98250,0,0,0,7,61.1
2025-08-24,Spine-2,11,908874862,395735516,221893,96615,0,1,0,4,45.4
2025-08-24,Spine-2,21,825931630,369671722,201643,90251,2,2,0,4,83.5
2025-08-24,Spine-2,30,731994457,876021829,178709,213872,0,1,0,9,63.5
2025-08-25,Spine-1,8,274039764,300293592,66904,73313,1,0,0,5,26.2
2025-08-25,Spine-1,18,567510211,464983054,138552,113521,2,2,0,8,42.0
2025-08-25,Spine-1,27,605560610,222461637,147841,54311,0,2,0,2,31.8
2025-08-25,Spine-2,5,662887827,552523802,161837,134893,2,2,0,3,27.1
2025-08-25,Spine-2,14,480976447,548048352,117425,133800,2,0,0,5,27.8
2025-08-25,Spine-2,24,392702997,609585327,95874,148824,1,2,0,1,81.0
2025-08-26,Spine-1,1,370420149,864880355,90434,211152,0,1,0,2,73.8
2025-08-26,Spine-1,11,948689955,142494066,231613,34788,2,2,0,8,41.8
2025-08-26,Spine-1,20,967471970,256195491,236199,62547,0,1,0,3,68.8
2025-08-26,Spine-1,30,252779158,913770805,61713,223088,2,1,0,0,46.6
2025-08-26,Spine-2,7,824687101,707245942,201339,172667,0,2,0,0,79.4
2025-08-26,Spine-2,17,808894379,84309462,197483,20583,0,1,0,9,41.9
2025-08-26,Spine-2,27,53396382,374486662,13036,91427,0,1,0,7,48.2
2025-08-27,Spine-1,4,238205383,619347861,58155,151207,2,0,0,0,27.4
2025-08-27,Spine-1,14,47829721,128471796,11677,31365,2,0,0,8,50.3
2025-08-27,Spine-1,23,353221181,197409701,86235,48195,0,1,0,5,40.5
2025-08-27,Spine-2,1,250001350,549468114,61035,134147,1,2,0,7,75.3
2025-08-27,Spine-2,10,511296636,689037633,124828,168222,1,0,0,6,58.8
2025-08-27,Spine-2,20,850360691,452956699,207607,110585,1,2,0,0,67.1
2025-08-27,Spine-2,29,248737102,877699331,60726,214282,0,2,0,5,31.2
2025-08-27,Leaf-1,7,761455823,236063094,185902,57632,3,3,0,9,52.3
2025-08-27,Leaf-1,17,580068063,812851352,141618,198450,1,1,0,5,42.5
2025-08-27,Leaf-1,26,571907869,587024607,139625,143316,1,4,0,5,88.3
2025-08-27,Leaf-2,2,237862826,855013346,58071,208743,2,3,0,5,66.7
2025-08-27,Leaf-2,11,761827776,408736087,185993,99789,2,4,0,14,36.8
2025-08-27,Leaf-2,21,966037121,749083038,235848,182881,0,3,0,1,58.1
2025-08-27,Leaf-2,30,873824464,900617818,213336,219877,2,1,0,9,33.4
2025-08-27,Leaf-3,6,189430291,261146765,46247,63756,0,3,0,17,49.4
2025-08-27,Leaf-3,15,775576440,216763518,189349,52920,0,3,0,12,52.3
2025-08-27,Leaf-3,25,581197750,446254324,141893,108948,4,1,0,11,90.1
2025-08-27,Leaf-4,1,614156429,458168089,149940,111857,3,4,0,2,72.1
2025-08-27,Leaf-4,10,148369196,208388546,36222,50876,0,1,0,18,53.4
2025-08-27,Leaf-4,20,745547376,673822185,182018,164507,4,4,0,17,33.1
2025-08-27,Leaf-4,29,534874807,544101166,130584,132837,4,2,0,19,63.1
2025-08-28,Spine-1,5,824082419,985797667,201191,240673,0,1,0,3,46.1
2025-08-28,Spine-1,14,511559276,128059911,124892,31264,1,1,0,3,37.3
2025-08-28,Spine-1,24,154080762,779591368,37617,190329,1,1,0,1,66.7
2025-08-28,Spine-2,1,207375766,721589941,50628,176169,1,0,0,1,21.1
2025-08-28,Spine-2,11,39131003,951704751,9553,232349,0,1,0,7,65.7
2025-08-28,Spine-2,21,298311183,273352457,72829,66736,1,1,0,8,58.4
2025-08-28,Spine-2,30,724729239,752189996,176935,183640,1,2,0,2,78.2
2025-08-29,Spine-1,8,640085508,310665660,156270,75846,1,2,0,4,75.9
2025-08-29,Spine-1,17,239017122,522938644,58353,127670,1,2,0,1,27.1
2025-08-29,Spine-1,27,715212697,439676070,174612,107342,1,0,0,7,77.8
2025-08-29,Spine-2,4,949218280,763594671,231742,186424,0,0,0,2,61.9
2025-08-29,Spine-2,14,954453401,428474779,233020,104608,1,1,0,1,62.6
2025-08-29,Spine-2,23,154986397,13082407,37838,3193,0,0,0,5,82.4
2025-08-30,Spine-1,1,193865699,708897339,47330,173070,2,2,0,0,27.0
2025-08-30,Spine-1,10,295288689,281478325,72091,68720,2,1,0,1,77.4
2025-08-30,Spine-1,20,913325811,521573313,222979,127337,1,1,0,1,44.1
2025-08-30,Spine-1,30,639564646,143440648,156143,35019,2,2,0,1,54.8
2025-08-30,Spine-2,7,221346816,38444019,54039,9385,0,1,0,7,70.0
2025-08-30,Spine-2,17,630660383,882543896,153969,215464,2,1,0,4,66.8
2025-08-30,Spine-2,26,147688319,720857306,36056,175990,0,1,0,3,22.1
2025-08-31,Spine-1,4,76070075,606930976,18571,148176,0,2,0,5,58.4
2025-08-31,Spine-1,13,541894273,43740595,132298,10678,2,2,0,7,39.7
2025-08-31,Spine-1,23,151506991,220942185,36989,53940,0,2,0,1,25.2
2025-08-31,Spine-1,32,530000724,981117880,129394,239530,0,2,0,6,27.0
2025-08-31,Spine-2,10,593482306,602561475,144893,147109,2,2,0,4,45.0
2025-08-31,Spine-2,20,522196926,152262493,127489,37173,1,2,0,2,22.5
2025-08-31,Spine-2,29,592534141,30269449,144661,7390,0,0,0,1,31.5
2025-09-01,Spine-1,7,788434590,889851887,192488,217248,1,1,0,7,70.4
2025-09-01,Spine-1,16,423402127,828382035,103369,202241,0,2,0,5,22.0
2025-09-01,Spine-1,26,567944060,63604328,138658,15528,1,0,0,0,80.4
2025-09-01,Spine-2,3,625532816,21648775,152717,5285,1,1,0,5,23.2
2025-09-01,Spine-2,13,363154723,251930250,88660,61506,0,2,0,9,43.6
2025-09-01,Spine-2,22,708860768,145878635,173061,35614,1,0,0,7,51.9
2025-09-01,Spine-2,32,421146634,101264201,102819,24722,2,1,0,9,55.3
2025-09-02,Spine-1,10,177655591,128470524,43372,31364,2,2,0,1,81.5
2025-09-02,Spine-1,19,667698379,364002089,163012,88867,0,2,0,3,52.9
2025-09-02,Spine-1,29,432262880,877602464,105532,214258,2,2,0,7,62.3
2025-09-02,Spine-2,6,777825191,645657056,189898,157631,1,0,0,9,31.3
2025-09-02,Spine-2,16,914032645,10571332,223152,2580,1,1,0,6,40.6
2025-09-02,Spine-2,25,160141633,329198395,39097,80370,0,2,0,9,69.9
2025-09-03,Spine-1,3,679749089,947405788,165954,231300,1,0,0,1,47.8
2025-09-03,Spine-1,12,647942084,45286538,158188,11056,1,2,0,4,71.1
2025-09-03,Spine-1,22,996746745,588026719,243346,143561,2,1,0,9,31.6
2025-09-03,Spine-1,32,301992202,198117701,73728,48368,1,1,0,6,35.0
2025-09-03,Spine-2,9,695087214,327917388,169699,80057,0,2,0,5,32.0
2025-09-03,Spine-2,19,26074323,315998379,6365,77148,1,0,0,7,38.7
2025-09-03,Spine-2,28,883121579,894570393,215605,218400,0,1,0,4,67.6
2025-09-03,Leaf-1,6,680364089,990325028,166104,241778,4,4,0,11,83.5
2025-09-03,Leaf-1,15,331845792,386874275,81017,94451,4,2,0,18,82.8
2025-09-03,Leaf-1,25,107469924,431857997,26237,105434,2,0,0,11,45.1
2025-09-03,Leaf-1,34,958478634,909343051,234003,222007,3,4,0,1,38.4
2025-09-03,Leaf-2,10,167967192,897126574,41007,219025,0,3,0,11,38.4
2025-09-03,Leaf-2,19,401316327,390707519,97977,95387,3,1,0,15,56.2
2025-09-03,Leaf-2,29,995994201,828735412,243162,202327,4,1,0,5,59.4
2025-09-03,Leaf-3,5,50789689,487859176,12399,119106,2,4,0,13,83.1
2025-09-03,Leaf-3,14,929990920,327317422,227048,79911,4,1,0,13,55.6
2025-09-03,Leaf-3,24,984404096,272388473,240333,66501,3,4,0,15,78.3
2025-09-03,Leaf-3,33,292705248,157972383,71461,38567,4,4,0,14,71.4
2025-09-03,Leaf-4,9,376398054,427706953,91894,104420,0,1,0,1,39.1
2025-09-03,Leaf-4,18,148260882,389974951,36196,95208,1,2,0,4,76.3
2025-09-03,Leaf-4,28,238549998,614097774,58239,149926,2,3,0,8,88.6
2025-09-04,Spine-1,3,456967064,705572637,111564,172258,2,1,0,6,29.3
2025-09-04,Spine-1,13,485647512,248259240,118566,60610,2,0,0,6,53.1
2025-09-04,Spine-1,23,968874474,334062959,236541,81558,1,2,0,1,74.0
2025-09-04,Spine-1,32,530632562,232691932,129548,56809,1,2,0,7,65.0
2025-09-04,Spine-2,10,970914071,299757762,237039,73183,2,2,0,3,55.8
2025-09-04,Spine-2,19,213661037,743212826,52163,181448,1,2,0,4,34.7
2025-09-04,Spine-2,29,306749699,396336295,74890,96761,0,0,0,8,27.5
2025-09-05,Spine-1,6,583037330,284680773,142343,69502,1,1,0,3,33.9
2025-09-05,Spine-1,16,767550858,856703071,187390,209156,2,0,0,6,20.0
2025-09-05,Spine-1,25,339041327,445954004,82773,108875,0,2,0,1,59.6
2025-09-05,Spine-2,3,219214798,829537120,53519,202523,1,0,0,3,78.5
2025-09-05,Spine-2,13,947467470,754109801,231315,184108,2,0,0,5,44.6
2025-09-05,Spine-2,22,536038949,894651536,130868,218420,0,0,0,5,59.3
2025-09-05,Spine-2,32,632218674,767150463,154350,187292,0,1,0,8,42.3
2025-09-06,Spine-1,9,658480638,262763721,160761,64151,0,1,0,3,75.7
2025-09-06,Spine-1,19,938679820,396325566,229169,96759,2,2,0,3,21.9
2025-09-06,Spine-1,28,436530542,25069739,106574,6120,2,2,0,6,64.8
2025-09-06,Spine-2,6,937828073,603180470,228961,147260,1,1,0,5,43.4
2025-09-06,Spine-2,15,225520467,429112584,55058,104763,2,1,0,4,53.1
2025-09-06,Spine-2,25,360462938,269096979,88003,65697,1,0,0,4,29.8
2025-09-07,Spine-1,3,301593371,429253396,73631,104798,2,2,0,0,59.6
2025-09-07,Spine-1,12,229125021,533477532,55938,130243,2,1,0,6,84.2
2025-09-07,Spine-1,22,558605239,144730097,136378,35334,1,1,0,6,35.1
2025-09-07,Spine-1,31,149586168,245491689,36520,59934,2,0,0,2,58.2
2025-09-07,Spine-2,9,98525448,400135462,24054,97689,0,2,0,2,38.1
2025-09-07,Spine-2,18,674407686,306429991,164650,74812,1,0,0,2,24.8
2025-09-07,Spine-2,28,966922009,621401622,236064,151709,0,2,0,2,83.3
2025-09-08,Spine-1,5,683415384,590742977,166849,144224,2,2,0,9,44.4
2025-09-08,Spine-1,15,943485059,266956380,230343,65174,1,2,0,8,66.9
2025-09-08,Spine-1,24,870233317,471071217,212459,115007,1,2,0,6,77.4
2025-09-08,Spine-2,2,99241479,440426314,24228,107525,0,0,0,7,73.0
2025-09-08,Spine-2,12,264146021,757228171,64488,184870,2,1,0,1,61.4
2025-09-08,Spine-2,21,929622526,278550121,226958,68005,1,1,0,9,38.1
2025-09-08,Spine-2,31,967564706,351552715,236221,85828,0,0,0,9,78.3
2025-09-09,Spine-1,8,38565566,150299156,9415,36694,0,2,0,7,30.2
2025-09-09,Spine-1,18,819350481,898080947,200036,219258,2,2,0,8,84.9
2025-09-09,Spine-1,27,894647684,644475506,218419,157342,1,1,0,1,65.7
2025-09-09,Spine-2,5,265213056,19891949,64749,4856,2,1,0,0,58.3
2025-09-09,Spine-2,14,777897602,392192741,189916,95750,1,1,0,7,51.6
2025-09-09,Spine-2,24,473574448,542399136,115618,132421,2,2,0,8,60.3
2025-09-10,Spine-1,2,501657363,194544308,122474,47496,2,2,0,7,69.0
2025-09-10,Spine-1,11,961663524,612883514,234781,149629,2,0,0,1,49.6
2025-09-10,Spine-1,21,472226883,931888581,115289,227511,1,1,0,0,84.1
2025-09-10,Spine-1,30,423271099,100514861,103337,24539,2,1,0,1,81.4
2025-09-10,Spine-2,8,703638560,948150770,171786,231482,0,1,0,8,21.2
2025-09-10,Spine-2,17,712195996,675128151,173875,164826,1,1,0,2,76.0
2025-09-10,Spine-2,27,550030306,866963823,134284,211661,2,2,0,6,63.2
2025-09-10,Leaf-1,4,442178351,512972633,107953,125237,1,0,0,18,82.9
2025-09-10,Leaf-1,14,98425178,551488927,24029,134640,1,3,0,1,60.8
2025-09-10,Leaf-1,24,686754445,759763395,167664,185489,0,3,0,9,45.5
2025-09-10,Leaf-1,33,141488415,493444591,34543,120469,3,1,0,2,81.8
2025-09-10,Leaf-2,9,523604463,331844749,127833,81016,1,3,0,0,46.1
2025-09-10,Leaf-2,18,837184819,154466839,204390,37711,1,1,0,11,51.4
2025-09-10,Leaf-2,28,116157348,346050819,28358,84485,0,0,0,6,37.6
2025-09-10,Leaf-3,3,678088628,395225638,165548,96490,3,3,0,19,74.3
2025-09-10,Leaf-3,13,399287805,430836055,97482,105184,2,1,0,13,70.7
2025-09-10,Leaf-3,22,81783121,747909147,19966,182595,1,0,0,1,31.1
2025-09-10,Leaf-3,32,151999237,402489759,37109,98264,2,0,0,3,69.6
2025-09-10,Leaf-4,7,284718756,419737271,69511,102474,2,1,0,18,84.5
2025-09-10,Leaf-4,17,296839779,989438680,72470,241562,2,0,0,17,42.8
2025-09-10,Leaf-4,27,354954450,949097440,86658,231713,4,1,0,14,41.4
2025-09-11,Spine-1,2,791145603,420342829,193150,102622,2,2,0,8,56.0
2025-09-11,Spine-1,12,39474368,879354645,9637,214686,0,1,0,1,84.1
2025-09-11,Spine-1,21,928247753,743172788,226622,181438,0,2,0,7,73.9
2025-09-11,Spine-1,31,810657558,549746663,197914,134215,0,0,0,6,81.1
2025-09-11,Spine-2,8,615083362,88219059,150166,21537,2,1,0,3,75.3
2025-09-11,Spine-2,18,668794691,166667399,163279,40690,0,1,0,6,84.9
2025-09-11,Spine-2,27,785356247,332502392,191737,81177,2,1,0,0,79.7
2025-09-12,Spine-1,5,198930909,812500636,48567,198364,2,1,0,3,32.8
2025-09-12,Spine-1,15,564877432,733310215,137909,179030,2,2,0,2,54.4
2025-09-12,Spine-1,24,572155313,807730927,139686,197199,1,2,0,5,36.2
2025-09-12,Spine-2,2,633826547,356364545,154742,87003,2,2,0,3,58.2
2025-09-12,Spine-2,11,369184946,404051376,90133,98645,2,1,0,5,77.4
2025-09-12,Spine-2,21,23922265,905237305,5840,221005,1,0,0,7,26.2
2025-09-12,Spine-2,30,946321502,742161818,231035,181191,0,2,0,0,40.0
2025-09-13,Spine-1,8,403812919,557410363,98587,136086,0,1,0,2,20.1
2025-09-13,Spine-1,17,32422008,434308590,7915,106032,1,1,0,8,50.3
2025-09-13,Spine-1,27,812661848,871701516,198403,212817,2,1,0,6,38.3
2025-09-13,Spine-2,5,367398914,316337051,89697,77230,2,0,0,3,76.9
2025-09-13,Spine-2,14,94556860,452908589,23085,110573,1,0,0,7,35.6
2025-09-13,Spine-2,24,237305830,594108204,57935,145045,0,0,0,0,34.4
2025-09-14,Spine-1,1,314422915,310515698,76763,75809,1,1,0,8,35.3
2025-09-14,Spine-1,11,868513764,873443762,212039,213243,1,1,0,1,55.1
2025-09-14,Spine-1,20,38045383,379194449,9288,92576,1,1,0,9,46.4
2025-09-14,Spine-1,30,795603104,406755415,194239,99305,0,2,0,6,71.1
2025-09-14,Spine-2,7,861884696,149362694,210421,36465,2,0,0,7,46.6
2025-09-14,Spine-2,17,523157342,93202646,127723,22754,1,1,0,1,26.8
2025-09-14,Spine-2,27,750992058,894174410,183347,218304,1,2,0,9,84.0
2025-09-15,Spine-1,4,247444717,384024162,60411,93755,1,2,0,7,54.0
2025-09-15,Spine-1,14,641822950,573773968,156695,140081,2,2,0,3,68.0
2025-09-15,Spine-1,23,781388345,980064325,190768,239273,0,2,0,9,75.9
2025-09-15,Spine-2,1,286079795,969420636,69843,236674,2,1,0,5,66.4
2025-09-15,Spine-2,10,984563176,980961533,240371,239492,1,2,0,8,58.5
2025-09-15,Spine-2,20,688278677,674249718,168036,164611,2,2,0,5,42.5
2025-09-15,Spine-2,29,324038876,15863945,79111,3873,0,0,0,9,23.2
2025-09-16,Spine-1,7,871398428,376607269,212743,91945,0,1,0,7,21.5
2025-09-16,Spine-1,16,899467634,538901769,219596,131567,1,0,0,5,77.3
2025-09-16,Spine-1,26,850467834,493534165,207633,120491,2,1,0,8,73.6
2025-09-16,Spine-2,4,484363413,498086960,118252,121603,2,1,0,0,77.2
2025-09-16,Spine-2,13,484926967,576346400,118390,140709,1,0,0,4,24.4
2025-09-16,Spine-2,23,617652614,596609101,150794,145656,0,2,0,4,82.0
2025-09-16,Spine-2,32,150112132,226232437,36648,55232,2,0,0,0,23.7
2025-09-17,Spine-1,10,677897242,235758869,165502,57558,1,0,0,1,44.6
2025-09-17,Spine-1,19,727544558,614300416,177623,149975,0,0,0,0,52.8
2025-09-17,Spine-1,29,649685882,694462806,158614,169546,2,1,0,6,29.3
2025-09-17,Spine-2,6,767620247,965611213,187407,235744,1,1,0,6,79.1
2025-09-17,Spine-2,16,789865699,750287395,192838,183175,1,2,0,2,45.9
2025-09-17,Spine-2,26,134948351,10037769,32946,2450,1,0,0,5,52.4
2025-09-17,Leaf-1,3,307827690,563938599,75153,137680,3,1,0,13,60.9
2025-09-17,Leaf-1,13,968891189,254701797,236545,62183,4,4,0,14,78.8
2025-09-17,Leaf-1,22,80716261,478097649,19706,116723,1,0,0,5,49.2
2025-09-17,Leaf-1,32,835604584,925217654,204005,225883,3,4,0,4,47.3
2025-09-17,Leaf-2,7,195787384,907805917,47799,221632,0,4,0,9,84.2
2025-09-17,Leaf-2,17,366579043,523448268,89496,127794,2,1,0,10,76.3
2025-09-17,Leaf-2,26,101221961,774090545,24712,188986,4,1,0,11,81.9
2025-09-17,Leaf-3,2,873560799,803668646,213271,196208,1,0,0,4,41.3
2025-09-17,Leaf-3,12,459903826,134837727,112281,32919,3,0,0,13,93.3
2025-09-17,Leaf-3,21,773114371,889974352,188748,217278,3,1,0,15,72.0
2025-09-17,Leaf-3,31,110821458,753083290,27056,183858,3,4,0,7,80.4
2025-09-17,Leaf-4,6,292043768,479483812,71299,117061,1,3,0,4,44.3
2025-09-17,Leaf-4,16,988823772,30369701,241412,7414,2,1,0,18,34.6
2025-09-17,Leaf-4,25,991952513,800344894,242175,195396,3,3,0,16,59.3
2025-09-18,Spine-1,1,917571447,873288961,224016,213205,2,2,0,7,29.4
2025-09-18,Spine-1,10,761104731,732123058,185816,178740,0,2,0,6,61.7
2025-09-18,Spine-1,20,743806028,514486599,181593,125607,0,1,0,4,51.2
2025-09-18,Spine-1,30,57588819,176634309,14059,43123,1,0,0,8,75.9
2025-09-18,Spine-2,7,329539045,683890315,80453,166965,1,1,0,4,77.9
2025-09-18,Spine-2,17,834567489,528293835,203751,128977,0,1,0,8,72.4
2025-09-18,Spine-2,26,570427511,83358239,139264,20351,2,1,0,5,81.3
2025-09-19,Spine-1,4,665622264,333358030,162505,81386,2,2,0,5,77.4
2025-09-19,Spine-1,13,114606947,872453220,27980,213001,0,2,0,5,49.9
2025-09-19,Spine-1,23,644455875,365040435,157337,89121,1,0,0,3,35.9
2025-09-19,Spine-1,32,585308597,965133431,142897,235628,0,2,0,3,28.6
2025-09-19,Spine-2,10,537687886,972148225,131271,237340,2,2,0,5,50.0
2025-09-19,Spine-2,19,736883125,955848744,179903,233361,2,1,0,5,29.8
2025-09-19,Spine-2,29,962179556,190741635,234907,46567,1,0,0,2,48.4
2025-09-20,Spine-1,7,904268925,380070414,220768,92790,0,1,0,9,63.5
2025-09-20,Spine-1,16,980565887,580430469,239395,141706,2,2,0,0,41.6
2025-09-20,Spine-1,26,286840883,185718104,70029,45341,0,1,0,3,76.9
2025-09-20,Spine-2,3,620200616,390146940,151416,95250,2,1,0,2,82.5
2025-09-20,Spine-2,13,549292212,934667931,134104,228190,2,1,0,1,29.0
2025-09-20,Spine-2,22,187662456,514675555,45816,125653,1,0,0,7,36.6
2025-09-20,Spine-2,32,502429160,499463985,122663,121939,1,2,0,7,35.9
2025-09-21,Spine-1,9,954296192,98496301,232982,24046,0,1,0,4,29.3
2025-09-21,Spine-1,19,433873478,986625113,105926,240875,1,0,0,5,74.5
2025-09-21,Spine-1,29,523071037,392449846,127702,95812,1,1,0,6,56.1
2025-09-21,Spine-2,6,942996285,939956622,230223,229481,2,0,0,9,53.5
2025-09-21,Spine-2,16,431295121,728027810,105296,177741,1,0,0,7,47.5
2025-09-21,Spine-2,25,998077397,254017580,243671,62016,0,2,0,0,75.7
2025-09-22,Spine-1,3,116230209,990118776,28376,241728,1,0,0,6,43.4
2025-09-22,Spine-1,12,517734157,256208612,126399,62550,2,0,0,7,81.3
2025-09-22,Spine-1,22,628430309,868760778,153425,212099,1,0,0,1,72.3
2025-09-22,Spine-1,31,886416030,135788303,216410,33151,0,2,0,3,26.0
2025-09-22,Spine-2,9,620474628,446541544,151483,109018,1,1,0,2,21.3
2025-09-22,Spine-2,19,718615840,394287506,175443,96261,1,1,0,4,83.8
2025-09-22,Spine-2,28,52494981,322311978,12816,78689,0,2,0,7,20.8
2025-09-23,Spine-1,6,366191266,729973195,89402,178216,2,1,0,2,45.4
2025-09-23,Spine-1,15,787611971,231633983,192288,56551,1,1,0,0,27.7
2025-09-23,Spine-1,25,785772694,554519902,191839,135380,1,2,0,9,43.2
2025-09-23,Spine-2,2,557049034,794824586,135998,194048,0,2,0,0,25.6
2025-09-23,Spine-2,12,117111198,335994261,28591,82029,1,1,0,0,43.5
2025-09-23,Spine-2,21,333295916,412890562,81371,100803,0,2,0,2,62.4
2025-09-23,Spine-2,31,400517469,303697391,97782,74144,1,1,0,7,62.2
2025-09-24,Spine-1,9,407570155,100058489,99504,24428,0,2,0,1,76.1
2025-09-24,Spine-1,18,867014472,635835602,211673,155233,0,1,0,0,80.5
2025-09-24,Spine-1,28,637065393,15735175,155533,3841,0,2,0,5,61.4
2025-09-24,Spine-2,5,959968225,266684095,234367,65108,1,2,0,8,58.6
2025-09-24,Spine-2,15,207622808,93095005,50689,22728,0,2,0,7,30.3
2025-09-24,Spine-2,24,581715445,302246972,142020,73790,1,1,0,2,31.4
2025-09-24,Leaf-1,2,453257189,969084409,110658,236592,4,1,0,10,42.1
2025-09-24,Leaf-1,11,21013368,397935667,5130,97152,0,1,0,11,89.1
2025-09-24,Leaf-1,21,384353596,28005090,93836,6837,4,0,0,4,31.1
2025-09-24,Leaf-1,30,276029462,196005405,67390,47852,4,4,0,13,87.8
2025-09-24,Leaf-2,6,678844833,515931991,165733,125959,2,4,0,3,38.0
2025-09-24,Leaf-2,16,332753419,949133621,81238,231722,0,1,0,2,54.1
2025-09-24,Leaf-2,25,651403527,385537423,159034,94125,4,2,0,2,72.7
2025-09-24,Leaf-3,1,813229678,751643099,198542,183506,2,0,0,1,58.5
2025-09-24,Leaf-3,10,258015502,148115554,62992,36161,4,1,0,10,89.0
2025-09-24,Leaf-3,20,647388445,76343543,158053,18638,4,2,0,0,48.9
2025-09-24,Leaf-3,29,443620531,603376018,108305,147308,3,0,0,16,39.4
2025-09-24,Leaf-4,5,925215669,783732675,225882,191340,0,1,0,15,78.6
2025-09-24,Leaf-4,14,789251374,587380502,192688,143403,0,2,0,0,51.5
2025-09-24,Leaf-4,24,770353003,768014999,188074,187503,3,0,0,4,33.8
2025-09-24,Leaf-4,34,142880229,695301866,34882,169751,4,1,0,2,71.5
2025-09-25,Spine-1,9,790415125,598243657,192972,146055,0,2,0,5,64.4
2025-09-25,Spine-1,19,179983236,967560448,43941,236220,1,0,0,2,79.8
2025-09-25,Spine-1,28,868369738,30982578,212004,7564,0,1,0,8,52.7
2025-09-25,Spine-2,6,332780201,272277977,81245,66474,1,2,0,4,71.3
2025-09-25,Spine-2,15,220933560,722136792,53938,176302,0,2,0,1,57.9
2025-09-25,Spine-2,25,587737234,628704972,143490,153492,0,0,0,6,60.9
2025-09-26,Spine-1,2,768274656,423725645,187567,103448,1,0,0,2,21.3
2025-09-26,Spine-1,12,21035310,153251709,5135,37414,2,0,0,7,60.2
2025-09-26,Spine-1,22,759722590,847875812,185479,207000,1,2,0,8,35.9
2025-09-26,Spine-1,31,251450035,130467183,61389,31852,0,1,0,1,60.3
2025-09-26,Spine-2,9,745277236,811058290,181952,198012,0,1,0,4,77.3
2025-09-26,Spine-2,18,751542780,43550497,183482,10632,1,0,0,0,71.3
2025-09-26,Spine-2,28,774829405,67861912,189167,16567,1,1,0,5,21.7
2025-09-27,Spine-1,5,351156030,29109098,85731,7106,1,0,0,8,30.7
2025-09-27,Spine-1,15,232537447,406333316,56771,99202,1,1,0,6,64.9
2025-09-27,Spine-1,24,191785363,444610019,46822,108547,2,2,0,8,60.9
2025-09-27,Spine-2,2,943875200,736347804,230438,179772,2,0,0,2,26.6
2025-09-27,Spine-2,12,937700609,119260230,228930,29116,2,2,0,2,80.7
2025-09-27,Spine-2,21,614356872,810996414,149989,197997,1,2,0,4,39.0
2025-09-27,Spine-2,31,135859670,49307107,33168,12037,1,0,0,3,75.3
2025-09-28,Spine-1,8,124764636,265923002,30460,64922,2,2,0,6,55.8
2025-09-28,Spine-1,18,357306931,673553810,87233,164441,2,0,0,1,64.8
2025-09-28,Spine-1,27,717390706,918380628,175144,224214,1,0,0,8,33.6
2025-09-28,Spine-2,5,760686658,314686677,185714,76827,2,2,0,1,28.5
2025-09-28,Spine-2,14,762456395,577769240,186146,141056,1,1,0,6,62.2
2025-09-28,Spine-2,24,668246716,130468804,163146,31852,1,1,0,3,34.3
2025-09-29,Spine-1,1,57081062,554414527,13935,135355,2,2,0,6,28.1
2025-09-29,Spine-1,11,717457996,993748784,175160,242614,2,0,0,2,44.5
2025-09-29,Spine-1,21,465858890,773906710,113735,188942,1,2,0,2,39.5
2025-09-29,Spine-1,30,221492806,568539771,54075,138803,0,0,0,1,30.8
2025-09-29,Spine-2,8,704656838,408775409,172035,99798,2,1,0,9,37.9
2025-09-29,Spine-2,17,321935562,841879235,78597,205536,2,0,0,0,36.0
2025-09-29,Spine-2,27,627928822,170416046,153302,41605,0,0,0,0,83.3
2025-09-30,Spine-1,4,832739096,899322035,203305,219561,0,0,0,1,53.8
2025-09-30,Spine-1,14,660728157,277716679,161310,67801,1,2,0,1,81.5
2025-09-30,Spine-1,23,670556117,233326148,163709,56964,0,2,0,7,77.4
2025-09-30,Spine-2,1,78762998,322324099,19229,78692,0,2,0,1,76.3
2025-09-30,Spine-2,11,739181282,936303665,180464,228589,1,1,0,0,55.1
2025-09-30,Spine-2,20,217031786,353567384,52986,86320,0,1,0,5,50.9
2025-09-30,Spine-2,30,278306654,981708217,67945,239674,1,0,0,5,72.3
2025-10-01,Spine-1,7,884598464,538108442,215966,131374,0,1,0,3,83.2
2025-10-01,Spine-1,17,671528772,259597867,163947,63378,1,1,0,3,63.5
2025-10-01,Spine-1,26,624801221,39087569,152539,9542,0,1,0,2,54.2
2025-10-01,Spine-2,4,184602999,732478510,45069,178827,1,2,0,9,53.3
2025-10-01,Spine-2,13,291426863,379590101,71149,92673,0,0,0,4,39.3
2025-10-01,Spine-2,23,94300974,493401867,23022,120459,1,0,0,5,48.5
2025-10-01,Leaf-1,1,41371979,548864103,10100,134000,3,4,0,13,92.5
2025-10-01,Leaf-1,10,756197688,480029893,184618,117194,4,0,0,6,77.7
2025-10-01,Leaf-1,20,356954207,682489445,87147,166623,0,2,0,11,51.4
2025-10-01,Leaf-1,29,859210409,423954385,209768,103504,4,2,0,11,35.7
2025-10-01,Leaf-2,5,389598401,612612360,95116,149563,0,1,0,6,64.3
2025-10-01,Leaf-2,14,338546498,45733140,82652,11165,0,1,0,4,89.0
2025-10-01,Leaf-2,24,756590002,292874780,184714,71502,0,0,0,10,88.0
2025-10-01,Leaf-2,33,62823307,923997886,15337,225585,3,4,0,16,63.1
2025-10-01,Leaf-3,9,713306197,764114504,174147,186551,2,2,0,7,38.8
2025-10-01,Leaf-3,19,114887667,893689050,28048,218185,4,3,0,17,87.9
2025-10-01,Leaf-3,28,374305591,231616932,91383,56547,1,4,0,12,46.2
2025-10-01,Leaf-4,4,992566876,534017184,242325,130375,3,1,0,11,61.9
2025-10-01,Leaf-4,13,548211443,278942772,133840,68101,1,1,0,13,44.3
2025-10-01,Leaf-4,23,768107622,409953474,187526,100086,0,4,0,3,34.3
2025-10-01,Leaf-4,32,227749622,365034285,55602,89119,0,4,0,3,40.2
2025-10-02,Spine-1,8,637842961,131247807,155723,32042,2,0,0,8,21.5
2025-10-02,Spine-1,17,514415113,826278863,125589,201728,1,0,0,7,54.6
2025-10-02,Spine-1,27,839944702,226186383,205064,55221,2,0,0,1,49.2
2025-10-02,Spine-2,4,350913750,933578037,85672,227924,1,1,0,1,56.6
2025-10-02,Spine-2,14,264406112,198890330,64552,48557,0,2,0,6,24.2
2025-10-02,Spine-2,24,708424115,685289435,172955,167306,2,1,0,2,84.5
2025-10-03,Spine-1,1,883539035,500496589,215707,122191,1,2,0,3,77.1
2025-10-03,Spine-1,11,483169157,439344263,117961,107261,2,0,0,5,73.3
2025-10-03,Spine-1,20,478363203,55655364,116787,13587,2,0,0,3,23.2
2025-10-03,Spine-1,30,362665203,313650295,88541,76574,0,0,0,3,57.5
2025-10-03,Spine-2,7,689639710,193921573,168369,47344,0,0,0,3,29.4
2025-10-03,Spine-2,17,789890710,908905771,192844,221900,1,2,0,9,33.5
2025-10-03,Spine-2,26,276732337,873712555,67561,213308,0,2,0,9,51.4
2025-10-04,Spine-1,4,556530949,825763267,135871,201602,1,2,0,2,53.6
2025-10-04,Spine-1,14,73490699,342403813,17942,83594,0,0,0,5,50.0
2025-10-04,Spine-1,23,912133172,975161485,222688,238076,2,2,0,1,40.3
2025-10-04,Spine-2,1,662357412,305541806,161708,74595,0,2,0,5,35.1
2025-10-04,Spine-2,10,605766456,102361114,147892,24990,0,2,0,5,37.5
2025-10-04,Spine-2,20,266418372,602323933,65043,147051,2,1,0,2,52.5
2025-10-04,Spine-2,29,459142319,201855374,112095,49281,0,1,0,7,20.5
2025-10-05,Spine-1,7,138909777,818965948,33913,199942,0,1,0,9,66.0
2025-10-05,Spine-1,16,833558742,448282807,203505,109444,0,2,0,7,84.0
2025-10-05,Spine-1,26,382009401,957182198,93264,233687,0,2,0,2,31.5
2025-10-05,Spine-2,4,578290008,656525468,141184,160284,2,1,0,3,59.8
2025-10-05,Spine-2,13,126088624,271459643,30783,66274,0,1,0,4,27.3
2025-10-05,Spine-2,23,767765402,302313290,187442,73806,2,0,0,4,67.7
2025-10-05,Spine-2,32,504953166,706371732,123279,172454,1,2,0,5,52.6
2025-10-06,Spine-1,10,78037619,29178793,19052,7123,1,0,0,4,24.5
2025-10-06,Spine-1,19,401243308,970775796,97959,237005,1,2,0,1,80.0
2025-10-06,Spine-1,29,909496619,531072424,222045,129656,0,0,0,7,39.6
2025-10-06,Spine-2,6,817545233,893690628,199596,218186,1,2,0,3,21.7
2025-10-06,Spine-2,16,830883999,141783713,202852,34615,1,2,0,2,65.3
2025-10-06,Spine-2,25,194580453,714230601,47504,174372,1,1,0,5,64.0
2025-10-07,Spine-1,3,646549520,939192213,157849,229294,0,1,0,6,80.3
2025-10-07,Spine-1,13,764506492,291083761,186647,71065,1,0,0,4,76.6
2025-10-07,Spine-1,22,411545611,981744779,100475,239683,2,2,0,4,59.9
2025-10-07,Spine-1,32,774054391,318015615,188978,77640,0,2,0,2,83.5
2025-10-07,Spine-2,9,881429625,448218406,215192,109428,0,1,0,0,44.1
2025-10-07,Spine-2,19,918672001,843880332,224285,206025,2,2,0,9,82.3
2025-10-07,Spine-2,28,171004384,830547548,41749,202770,1,1,0,6,82.5
2025-10-08,Spine-1,6,502888203,718970157,122775,175529,2,0,0,6,63.1
2025-10-08,Spine-1,15,623996945,422939891,152343,103256,1,0,0,1,72.4
2025-10-08,Spine-1,25,237073276,594767527,57879,145206,0,1,0,3,27.6
2025-10-08,Spine-2,3,404928472,84154669,98859,20545,1,1,0,5,54.9
2025-10-08,Spine-2,12,852976654,358726286,208246,87579,2,1,0,7,58.8
2025-10-08,Spine-2,22,915923679,453087586,223614,110617,1,1,0,2,52.0
2025-10-08,Spine-2,31,712057788,771319335,173842,188310,0,1,0,0,71.8
2025-10-08,Leaf-1,9,351441193,999191611,85801,243943,2,2,0,13,75.6
2025-10-08,Leaf-1,18,114159908,70203575,27871,17139,4,4,0,3,92.1
2025-10-08,Leaf-1,28,91530293,931036775,22346,227303,1,1,0,6,33.8
2025-10-08,Leaf-2,3,551828328,692126081,134723,168976,3,1,0,14,60.6
2025-10-08,Leaf-2,13,54190307,734493887,13230,179319,0,3,0,13,64.8
2025-10-08,Leaf-2,23,795860596,382859017,194301,93471,4,2,0,13,88.3
2025-10-08,Leaf-2,32,343907686,888643116,83961,216953,1,2,0,8,77.6
2025-10-08,Leaf-3,8,332561974,208681525,81191,50947,2,0,0,9,54.1
2025-10-08,Leaf-3,17,465343614,355960789,113609,86904,1,3,0,11,41.5
2025-10-08,Leaf-3,27,562782841,222925139,137398,54425,3,3,0,16,60.8
2025-10-08,Leaf-4,2,565976957,503405388,138177,122901,4,2,0,11,57.5
2025-10-08,Leaf-4,12,496789651,656270841,121286,160222,3,2,0,13,57.4
2025-10-08,Leaf-4,21,206807781,870093470,50490,212425,2,4,0,8,33.1
2025-10-08,Leaf-4,31,437989023,354590230,106930,86569,1,3,0,19,74.9
2025-10-09,Spine-1,7,243709477,653564564,59499,159561,0,0,0,3,44.6
2025-10-09,Spine-1,16,836469302,84561917,204216,20644,0,0,0,3,58.1
2025-10-09,Spine-1,26,320222654,671484106,78179,163936,0,2,0,8,73.7
2025-10-09,Spine-2,3,794164256,920509739,193887,224733,1,1,0,4,49.3
2025-10-09,Spine-2,13,37094825,58329775,9056,14240,0,1,0,0,57.3
2025-10-09,Spine-2,22,468249820,338814403,114318,82718,1,0,0,2,31.9
2025-10-09,Spine-2,32,687639264,569899417,167880,139135,2,0,0,1,29.9
2025-10-10,Spine-1,9,214905910,911429552,52467,222516,0,1,0,0,43.3
2025-10-10,Spine-1,19,621095553,697687198,151634,170333,2,0,0,7,52.1
2025-10-10,Spine-1,28,765820517,725735875,186967,177181,2,2,0,9,33.1
2025-10-10,Spine-2,6,152394365,680536117,37205,166146,1,1,0,7,83.7
2025-10-10,Spine-2,16,33296841,789057142,8129,192640,0,2,0,1,59.5
2025-10-10,Spine-2,25,366065683,180880960,89371,44160,1,0,0,2,74.4
2025-10-11,Spine-1,3,76933116,821950523,18782,200671,2,2,0,3,38.7
2025-10-11,Spine-1,12,57140026,778419667,13950,190043,0,0,0,3,58.6
2025-10-11,Spine-1,22,459652614,188662121,112219,46060,1,2,0,9,62.8
2025-10-11,Spine-1,31,245223097,569842861,59868,139121,2,0,0,3,75.6
2025-10-11,Spine-2,9,673816460,437559326,164505,106826,1,2,0,7,26.1
2025-10-11,Spine-2,18,617017437,50156445,150639,12245,0,2,0,3,38.0
2025-10-11,Spine-2,28,484004080,56078652,118165,13691,0,2,0,0,81.3
2025-10-12,Spine-1,6,294935873,492903056,72005,120337,2,1,0,7,35.9
2025-10-12,Spine-1,15,516564225,362140326,126114,88413,1,0,0,2,22.2
2025-10-12,Spine-1,25,495938145,952870021,121078,232634,1,1,0,8,69.3
2025-10-12,Spine-2,2,431060081,318490859,105239,77756,2,0,0,8,28.0
2025-10-12,Spine-2,12,77137782,365497643,18832,89232,1,2,0,7,67.2
2025-10-12,Spine-2,21,329695729,455394463,80492,111180,0,1,0,0,79.3
2025-10-12,Spine-2,31,356895590,174908719,87132,42702,2,2,0,5,20.6
2025-10-13,Spine-1,8,96080002,815016614,23457,198978,0,2,0,0,64.5
2025-10-13,Spine-1,18,659365081,164816510,160977,40238,0,0,0,5,81.5
2025-10-13,Spine-1,28,40395162,721259007,9862,176088,0,2,0,2,23.3
2025-10-13,Spine-2,5,703941608,729251695,171860,178039,2,0,0,4,71.9
2025-10-13,Spine-2,15,396230662,322911889,96736,78835,2,1,0,2,41.3
2025-10-13,Spine-2,24,978018349,960797755,238774,234569,1,0,0,8,73.3
2025-10-14,Spine-1,2,822447320,942087479,200792,230001,1,1,0,6,83.5
2025-10-14,Spine-1,11,361944037,973588272,88365,237692,1,1,0,3,71.3
2025-10-14,Spine-1,21,550068404,919136107,134294,224398,0,1,0,0,54.8
2025-10-14,Spine-1,30,604865409,809668816,147672,197673,0,2,0,7,58.0
2025-10-14,Spine-2,8,848205630,26986463,207081,6588,2,2,0,4,52.1
2025-10-14,Spine-2,18,720392509,684127178,175877,167023,2,1,0,5,49.1
2025-10-14,Spine-2,27,103208229,828374689,25197,202239,0,2,0,6,84.9
2025-10-15,Spine-1,5,104234066,235938008,25447,57602,2,1,0,4,76.7
2025-10-15,Spine-1,14,314246864,769138433,76720,187777,1,1,0,1,49.8
2025-10-15,Spine-1,24,810062096,825797959,197769,201610,2,2,0,6,22.7
2025-10-15,Spine-2,1,717490527,282759690,175168,69033,0,0,0,8,54.3
2025-10-15,Spine-2,11,719729424,13292985,175715,3245,1,1,0,2,78.4
2025-10-15,Spine-2,20,106164036,162547814,25918,39684,1,2,0,9,69.0
2025-10-15,Spine-2,30,624910409,486576443,152566,118793,1,0,0,0,52.9
2025-10-15,Leaf-1,7,414768523,623625254,101261,152252,3,0,0,18,62.2
2025-10-15,Leaf-1,17,162037920,922660127,39560,225258,3,0,0,10,82.1
2025-10-15,Leaf-1,27,793677844,184478143,193769,45038,3,4,0,6,36.5
2025-10-15,Leaf-2,2,390361621,107437230,95303,26229,2,2,0,14,68.9
2025-10-15,Leaf-2,12,625045216,507406808,152598,123878,0,2,0,17,91.5
2025-10-15,Leaf-2,21,110770572,940468568,27043,229606,4,2,0,1,74.4
2025-10-15,Leaf-2,31,42339641,407474391,10336,99481,0,4,0,15,59.1
2025-10-15,Leaf-3,6,319355640,74466299,77967,18180,0,4,0,8,65.9
2025-10-15,Leaf-3,16,330300046,879676554,80639,214764,3,0,0,6,64.8
2025-10-15,Leaf-3,25,982978534,712892555,239984,174046,0,0,0,6,86.3
2025-10-15,Leaf-4,1,367502437,402654732,89722,98304,2,3,0,3,47.2
2025-10-15,Leaf-4,11,344457402,621359850,84096,151699,4,2,0,16,80.7
2025-10-15,Leaf-4,20,39442578,824172649,9629,201214,2,2,0,5,30.6
2025-10-15,Leaf-4,30,669100227,173151527,163354,42273,1,0,0,13,39.4
2025-10-16,Spine-1,5,580063315,515109315,141617,125759,0,1,0,6,37.8
2025-10-16,Spine-1,15,843753655,775926360,205994,189435,0,2,0,0,46.6
2025-10-16,Spine-1,24,979100323,736404995,239038,179786,0,1,0,5,64.7
2025-10-16,Spine-2,2,66360999,376939130,16201,92026,2,0,0,8,60.9
2025-10-16,Spine-2,11,492829953,711554120,120319,173719,2,1,0,2,22.0
2025-10-16,Spine-2,21,635736775,662637945,155209,161776,0,1,0,7,25.7
2025-10-16,Spine-2,31,618403443,231869104,150977,56608,0,2,0,8,55.0
2025-10-17,Spine-1,8,963719789,973497353,235283,237670,0,1,0,4,80.4
2025-10-17,Spine-1,18,92472068,962567781,22576,235001,1,0,0,0,81.8
2025-10-17,Spine-1,27,699902275,639972370,170874,156243,0,1,0,2,24.4
2025-10-17,Spine-2,5,130386324,765313543,31832,186844,0,2,0,9,56.4
2025-10-17,Spine-2,14,320376921,318627143,78217,77789,1,2,0,3,45.8
2025-10-17,Spine-2,24,70105667,795282527,17115,194160,2,0,0,6,35.2
2025-10-18,Spine-1,1,704573205,932888691,172014,227756,2,2,0,4,77.3
2025-10-18,Spine-1,11,133064963,161140434,32486,39340,1,1,0,2,36.9
2025-10-18,Spine-1,21,873652600,30044256,213294,7335,0,1,0,7,32.9
2025-10-18,Spine-1,30,759347420,859873216,185387,209929,1,2,0,8,77.7
2025-10-18,Spine-2,8,196815924,20288091,48050,4953,1,2,0,7,52.3
2025-10-18,Spine-2,17,127915111,926087397,31229,226095,0,0,0,1,77.1
2025-10-18,Spine-2,27,836093465,977181313,204124,238569,0,2,0,2,49.2
2025-10-19,Spine-1,4,364143657,928517224,88902,226688,1,2,0,2,57.5
2025-10-19,Spine-1,14,977558879,589925885,238661,144024,1,1,0,9,80.3
2025-10-19,Spine-1,23,157371483,725677307,38420,177167,2,2,0,2,62.2
2025-10-19,Spine-2,1,883429188,824564049,215680,201309,1,2,0,4,69.2
2025-10-19,Spine-2,10,579586007,726681291,141500,177412,1,0,0,4,70.6
2025-10-19,Spine-2,20,652648208,762485435,159337,186153,1,0,0,4,70.8
2025-10-19,Spine-2,30,442034432,103470528,107918,25261,1,1,0,5,68.4
2025-10-20,Spine-1,7,924703209,450981998,225757,110103,2,1,0,6,53.8
2025-10-20,Spine-1,17,34269538,298615201,8366,72904,0,0,0,3,44.3
2025-10-20,Spine-1,26,243585666,925858579,59469,226039,2,1,0,4,56.7
2025-10-20,Spine-2,4,359054046,811580426,87659,198139,2,2,0,2,71.6
2025-10-20,Spine-2,13,355066330,905129322,86686,220978,0,2,0,8,44.7
2025-10-20,Spine-2,23,584590094,209651040,142722,51184,0,0,0,2,22.7
2025-10-20,Spine-2,32,813420295,822371634,198588,200774,1,1,0,1,77.5
2025-10-21,Spine-1,10,716070922,470955634,174822,114979,1,0,0,4,38.2
2025-10-21,Spine-1,20,827727064,128698970,202081,31420,1,2,0,4,26.3
2025-10-21,Spine-1,29,988091498,960064196,241233,234390,1,2,0,1,83.9
2025-10-21,Spine-2,7,717829324,343251469,175251,83801,1,1,0,9,75.4
2025-10-21,Spine-2,16,401155536,437196299,97938,106737,2,1,0,0,25.7
2025-10-21,Spine-2,26,632985259,531968535,154537,129875,2,0,0,7,65.5
2025-10-22,Spine-1,3,484288190,923009074,118234,225344,2,0,0,0,24.3
2025-10-22,Spine-1,13,691055796,216989351,168714,52975,2,1,0,5,40.9
2025-10-22,Spine-1,22,82362355,321221522,20107,78423,1,2,0,0,63.8
2025-10-22,Spine-1,32,847772023,340067543,206975,83024,0,2,0,0,39.3
2025-10-22,Spine-2,10,161934195,641576114,39534,156634,2,1,0,0,42.0
2025-10-22,Spine-2,19,722929456,368470928,176496,89958,1,0,0,8,28.9
2025-10-22,Spine-2,29,151355911,145818394,36952,35600,2,1,0,3,23.3
2025-10-22,Leaf-1,6,484534679,605869957,118294,147917,2,3,0,12,39.9
2025-10-22,Leaf-1,16,626777913,802370803,153021,195891,3,3,0,16,58.6
2025-10-22,Leaf-1,25,317962247,759274467,77627,185369,1,1,0,10,86.8
2025-10-22,Leaf-2,1,702908001,693892745,171608,169407,4,2,0,3,74.0
2025-10-22,Leaf-2,10,658814166,527588371,160843,128805,3,1,0,14,91.4
2025-10-22,Leaf-2,20,182465850,838347672,44547,204674,3,2,0,7,47.5
2025-10-22,Leaf-2,30,130624190,302173657,31890,73772,4,1,0,5,94.2
2025-10-22,Leaf-3,5,70168209,209176109,17130,51068,4,0,0,6,35.8
2025-10-22,Leaf-3,15,947796852,26519607,231395,6474,0,3,0,3,64.3
2025-10-22,Leaf-3,24,808444713,186011257,197374,45412,1,2,0,4,39.4
2025-10-22,Leaf-3,34,703398839,960157410,171728,234413,2,0,0,10,37.3
2025-10-22,Leaf-4,9,78908755,75946865,19264,18541,2,0,0,14,87.6
2025-10-22,Leaf-4,19,239697732,931441010,58519,227402,3,0,0,1,31.1
2025-10-22,Leaf-4,28,807088083,440553927,197042,107557,4,0,0,19,47.5
2025-10-23,Spine-1,4,295014220,470779346,72024,114936,1,0,0,5,36.6
2025-10-23,Spine-1,13,892083843,595760187,217793,145449,0,0,0,2,76.5
2025-10-23,Spine-1,23,979884608,559217268,239229,136527,2,1,0,5,72.1
2025-10-23,Spine-2,1,825714158,699068398,201590,170670,1,2,0,1,73.4
2025-10-23,Spine-2,10,954490935,877865007,233030,214322,0,2,0,9,77.7
2025-10-23,Spine-2,20,904485992,460070781,220821,112321,2,0,0,1,23.8
2025-10-23,Spine-2,29,303268850,977192791,74040,238572,0,0,0,3,47.3
2025-10-24,Spine-1,7,651041132,212527331,158945,51886,2,1,0,5,49.0
2025-10-24,Spine-1,16,841566583,433622216,205460,105864,2,2,0,4,21.9
2025-10-24,Spine-1,26,135111430,14047022,32986,3429,1,0,0,3,59.5
2025-10-24,Spine-2,3,582874625,447294543,142303,109202,2,0,0,1,25.3
2025-10-24,Spine-2,13,335673923,171431735,81951,41853,2,0,0,9,51.9
2025-10-24,Spine-2,23,590112486,268349044,144070,65514,2,0,0,9,50.4
2025-10-24,Spine-2,32,915222861,321917906,223443,78593,2,1,0,9,42.8
2025-10-25,Spine-1,10,569160580,963888799,138955,235324,1,2,0,7,39.8
2025-10-25,Spine-1,19,632004253,255604434,154297,62403,1,2,0,1,78.3
2025-10-25,Spine-1,29,681617604,46618407,166410,11381,1,1,0,1,30.5
2025-10-25,Spine-2,6,337647487,38543172,82433,9409,0,1,0,7,57.7
2025-10-25,Spine-2,16,746897820,32478238,182348,7929,0,0,0,8,71.5
2025-10-25,Spine-2,25,274229003,571086530,66950,139425,0,2,0,1,42.6
2025-10-26,Spine-1,3,315416526,856466647,77005,209098,2,0,0,4,66.7
2025-10-26,Spine-1,13,240908456,622253342,58815,151917,0,1,0,8,72.9
2025-10-26,Spine-1,22,789966503,605547749,192862,147838,1,1,0,8,61.7
2025-10-26,Spine-1,32,572044522,511879946,139659,124970,0,1,0,3,81.6
2025-10-26,Spine-2,9,776754625,524074558,189637,127947,1,2,0,5,35.5
2025-10-26,Spine-2,19,615119891,128349018,150175,31335,1,1,0,1,59.2
2025-10-26,Spine-2,28,881938470,952222493,215317,232476,2,1,0,0,43.3
2025-10-27,Spine-1,6,372782112,379971093,91011,92766,0,0,0,4,74.9
2025-10-27,Spine-1,15,472116089,132533409,115262,32356,0,2,0,7,30.4
2025-10-27,Spine-1,25,631565850,219033301,154190,53474,0,0,0,2,81.1
2025-10-27,Spine-2,2,227041286,81157032,55430,19813,2,1,0,6,82.0
2025-10-27,Spine-2,12,620056890,282657230,151381,69008,2,0,0,3,53.7
2025-10-27,Spine-2,22,587238358,379898702,143368,92748,1,1,0,7,74.4
2025-10-27,Spine-2,31,462651723,438307060,112952,107008,0,0,0,6,52.4
2025-10-28,Spine-1,9,95006801,87366747,23195,21329,1,0,0,1,53.3
2025-10-28,Spine-1,18,420416730,257432041,102640,62849,1,2,0,2,69.8
2025-10-28,Spine-1,28,168055443,569428655,41029,139020,2,1,0,9,20.5
2025-10-28,Spine-2,5,672919448,624563473,164286,152481,0,2,0,0,45.2
2025-10-28,Spine-2,15,558365336,969091470,136319,236594,1,0,0,1,44.4
2025-10-28,Spine-2,24,950049905,803162661,231945,196084,0,2,0,0,66.6
2025-10-29,Spine-1,2,467675371,814085641,114178,198751,1,2,0,8,62.6
2025-10-29,Spine-1,12,990370090,824467026,241789,201285,1,1,0,0,80.4
2025-10-29,Spine-1,21,688940716,184732862,168198,45100,1,1,0,5,32.2
2025-10-29,Spine-1,31,149603891,524938611,36524,128158,0,0,0,4,56.6
2025-10-29,Spine-2,8,629654059,396028659,153724,96686,0,2,0,0,83.4
2025-10-29,Spine-2,18,712594705,871611988,173973,212795,1,1,0,8,43.6
2025-10-29,Spine-2,27,17660790,937909302,4311,228981,0,1,0,0,47.5
2025-10-29,Leaf-1,5,637700673,32115521,155688,7840,4,2,0,12,52.1
2025-10-29,Leaf-1,14,580511007,363929336,141726,88849,2,3,0,18,35.7
2025-10-29,Leaf-1,24,41468743,198458498,10124,48451,0,2,0,5,89.2
2025-10-29,Leaf-1,34,154198187,394851499,37646,96399,4,0,0,3,53.8
2025-10-29,Leaf-2,9,695742965,57558624,169859,14052,0,2,0,3,88.9
2025-10-29,Leaf-2,19,163977005,289390342,40033,70651,3,4,0,16,88.6
2025-10-29,Leaf-2,28,863570361,436293574,210832,106516,3,1,0,14,35.8
2025-10-29,Leaf-3,4,457522118,515420503,111699,125835,3,3,0,11,67.0
2025-10-29,Leaf-3,13,772064005,415860982,188492,101528,0,0,0,16,75.8
2025-10-29,Leaf-3,23,982401456,707321935,239844,172686,0,2,0,17,90.4
2025-10-29,Leaf-3,32,357772391,495986045,87346,121090,1,1,0,1,88.3
2025-10-29,Leaf-4,8,914352347,968690493,223230,236496,0,3,0,5,91.5
2025-10-29,Leaf-4,18,576568655,677611552,140763,165432,4,4,0,15,62.0
2025-10-29,Leaf-4,27,366887161,512022445,89572,125005,2,2,0,4,33.4
2025-10-30,Spine-1,3,983310556,900145579,240066,219762,2,2,0,7,34.4
2025-10-30,Spine-1,12,81444032,851219786,19883,207817,0,0,0,8,77.1
2025-10-30,Spine-1,22,529635834,697134242,129305,170198,1,1,0,1,80.7
2025-10-30,Spine-1,31,186728076,217498797,45587,53100,0,1,0,1,67.6
2025-10-30,Spine-2,9,291636956,352424412,71200,86041,2,0,0,5,50.2
2025-10-30,Spine-2,18,760746984,534877778,185729,130585,1,2,0,8,35.2
2025-10-30,Spine-2,28,317425334,820677114,77496,200360,2,1,0,7,27.2
2025-10-31,Spine-1,5,312872190,868926190,76384,212140,0,2,0,2,38.7
2025-10-31,Spine-1,15,392337166,346504566,95785,84595,0,2,0,4,77.2
2025-10-31,Spine-1,25,690957095,852980210,168690,208247,1,2,0,4,55.8
2025-10-31,Spine-2,2,543935151,267987353,132796,65426,1,2,0,3,72.6
2025-10-31,Spine-2,12,29630298,972675072,7233,237469,2,1,0,3,24.9
2025-10-31,Spine-2,21,878825039,325782761,214556,79536,1,0,0,3,74.8
2025-10-31,Spine-2,31,435135774,397531221,106234,97053,2,2,0,1,31.2
2025-11-01,Spine-1,8,131298290,741391805,32055,181003,2,1,0,4,81.3
2025-11-01,Spine-1,18,779724200,328147856,190362,80114,1,0,0,4,55.4
2025-11-01,Spine-1,27,517956650,369590815,126454,90232,0,0,0,0,26.7
2025-11-01,Spine-2,5,708041536,491024374,172861,119878,2,0,0,0,60.9
2025-11-01,Spine-2,15,895301154,665913757,218579,162576,0,1,0,7,43.3
2025-11-01,Spine-2,24,582571810,783243807,142229,191221,0,2,0,1,20.2
2025-11-02,Spine-1,2,323564699,145684707,78995,35567,1,1,0,6,44.6
2025-11-02,Spine-1,11,14472615,613184812,3533,149703,2,2,0,0,23.9
2025-11-02,Spine-1,21,361436667,735098654,88241,179467,0,0,0,3,34.4
2025-11-02,Spine-1,30,211760445,290439593,51699,70908,1,1,0,2,76.7
2025-11-02,Spine-2,8,933629744,617312251,227936,150710,2,2,0,4,53.5
2025-11-02,Spine-2,17,774213436,304061097,189016,74233,1,0,0,6,75.2
2025-11-02,Spine-2,27,57115147,592813689,13944,144729,2,2,0,2,62.5
2025-11-03,Spine-1,5,46515916,539034459,11356,131600,0,0,0,0,47.2
2025-11-03,Spine-1,14,20524822,963235620,5010,235164,2,1,0,7,41.7
2025-11-03,Spine-1,24,836824469,964917613,204302,235575,2,2,0,7,67.3
2025-11-03,Spine-2,1,701243169,148240532,171201,36191,0,1,0,5,80.6
2025-11-03,Spine-2,11,13168096,646866309,3214,157926,2,0,0,1,85.0
2025-11-03,Spine-2,20,183765859,973811168,44864,237746,1,2,0,4,59.3
2025-11-03,Spine-2,30,816306934,607533042,199293,148323,1,2,0,1,78.7
2025-11-04,Spine-1,7,192028004,275854640,46881,67347,2,0,0,8,65.3
2025-11-04,Spine-1,17,482669542,392525515,117839,95831,0,2,0,0,47.2
2025-11-04,Spine-1,27,534628636,748658847,130524,182778,1,1,0,5,46.5
2025-11-04,Spine-2,4,311462028,644128980,76040,157258,0,0,0,8,52.2
2025-11-04,Spine-2,14,135033347,690435220,32967,168563,0,0,0,6,49.5
2025-11-04,Spine-2,23,531271741,356280817,129705,86982,0,1,0,2,29.3
2025-11-05,Spine-1,1,371779349,542295960,90766,132396,1,0,0,2,75.0
2025-11-05,Spine-1,10,530809710,477504312,129592,116578,1,1,0,1,61.4
2025-11-05,Spine-1,20,251863750,281229553,61490,68659,0,2,0,5,45.4
2025-11-05,Spine-1,29,722057312,987195787,176283,241014,1,0,0,0,49.4
2025-11-05,Spine-2,7,908064029,606717769,221695,148124,2,2,0,4,81.5
2025-11-05,Spine-2,16,694538125,727326720,169564,177570,2,2,0,7,26.1
2025-11-05,Spine-2,26,260743593,899386777,63658,219576,2,2,0,7,73.8
2025-11-05,Leaf-1,4,74772708,665473205,18255,162469,4,4,0,3,39.8
2025-11-05,Leaf-1,13,502940066,144063138,122788,35171,2,4,0,1,46.9
2025-11-05,Leaf-1,23,248707990,605559005,60719,147841,3,2,0,2,68.6
2025-11-05,Leaf-1,32,368494188,966981733,89964,236079,2,0,0,13,67.0
2025-11-05,Leaf-2,8,168610662,516124879,41164,126007,2,1,0,1,91.4
2025-11-05,Leaf-2,17,62027879,648458149,15143,158314,4,2,0,5,63.0
2025-11-05,Leaf-2,27,64986775,38756618,15865,9462,1,4,0,1,73.4
2025-11-05,Leaf-3,2,392458347,513639792,95815,125400,3,3,0,9,76.9
2025-11-05,Leaf-3,12,455204902,133345767,111134,32555,4,3,0,16,41.8
2025-11-05,Leaf-3,22,928050574,849237908,226574,207333,3,4,0,5,90.4
2025-11-05,Leaf-3,31,740127626,383153724,180695,93543,3,3,0,6,41.1
2025-11-05,Leaf-4,7,66102327,846471301,16138,206658,2,1,0,19,34.4
2025-11-05,Leaf-4,16,529488171,345666123,129269,84391,0,2,0,16,47.4
2025-11-05,Leaf-4,26,284106186,688922418,69361,168193,1,1,0,3,88.3
2025-11-06,Spine-1,1,336283418,328703702,82100,80249,0,0,0,2,46.1
2025-11-06,Spine-1,11,869221044,559303254,212212,136548,0,2,0,6,50.3
2025-11-06,Spine-1,20,231196268,671929909,56444,164045,0,0,0,5,58.1
2025-11-06,Spine-1,30,69173866,149985996,16888,36617,1,2,0,8,60.8
2025-11-06,Spine-2,8,624767837,345730641,152531,84406,1,1,0,3,80.2
2025-11-06,Spine-2,17,309677922,616800889,75604,150586,1,2,0,3,27.7
2025-11-06,Spine-2,27,548458776,848633666,133901,207185,2,0,0,0,29.6
2025-11-07,Spine-1,4,120618611,210671048,29447,51433,1,1,0,2,42.4
2025-11-07,Spine-1,14,962367452,460683726,234952,112471,1,2,0,3,35.2
2025-11-07,Spine-1,23,440705467,59563652,107594,14541,0,2,0,9,65.5
2025-11-07,Spine-2,1,271855492,431614945,66370,105374,1,2,0,9,49.0
2025-11-07,Spine-2,10,213450839,412964318,52112,100821,2,1,0,4,39.4
2025-11-07,Spine-2,20,846548891,188060727,206676,45913,1,0,0,1,46.6
2025-11-07,Spine-2,30,541286640,866464139,132150,211539,1,0,0,3,49.3
2025-11-08,Spine-1,7,579752902,752685822,141541,183761,0,1,0,8,21.0
2025-11-08,Spine-1,17,985824975,784588700,240679,191549,0,2,0,7,82.5
2025-11-08,Spine-1,26,434884545,911184003,106172,222457,2,0,0,1,59.6
2025-11-08,Spine-2,4,988560287,242572017,241347,59221,2,1,0,0,56.3
2025-11-08,Spine-2,13,494994686,618070998,120848,150896,1,2,0,2,39.6
2025-11-08,Spine-2,23,846055405,514692386,206556,125657,0,0,0,3,26.1
2025-11-08,Spine-2,32,249429081,355135656,60895,86703,1,2,0,4,67.4
2025-11-09,Spine-1,10,993533139,910417990,242561,222270,2,1,0,8,66.2
2025-11-09,Spine-1,19,329506764,561453654,80445,137073,0,2,0,0,68.0
2025-11-09,Spine-1,29,396448960,559988489,96789,136715,0,0,0,1,31.5
2025-11-09,Spine-2,7,701138000,818702123,171176,199878,0,0,0,6,69.7
2025-11-09,Spine-2,16,734200444,824978831,179248,201410,1,2,0,3,35.3
2025-11-09,Spine-2,26,883659250,761216428,215737,185843,1,0,0,6,74.1
2025-11-10,Spine-1,3,650797736,404784698,158886,98824,2,0,0,0,60.8
2025-11-10,Spine-1,13,470228689,590102730,114801,144068,1,1,0,1,78.7
2025-11-10,Spine-1,22,579585585,326454922,141500,79700,0,0,0,0,70.2
2025-11-10,Spine-1,32,936497122,704784225,228636,172066,0,0,0,5,81.7
2025-11-10,Spine-2,9,873335866,868316672,213216,211991,1,0,0,9,68.5
2025-11-10,Spine-2,19,249349777,878716456,60876,214530,1,0,0,9,71.2
2025-11-10,Spine-2,29,822768073,276569466,200871,67521,2,2,0,2,71.9
2025-11-11,Spine-1,6,611301353,197171195,149243,48137,2,0,0,6,57.1
2025-11-11,Spine-1,16,731335015,440169029,178548,107463,0,2,0,3,55.5
2025-11-11,Spine-1,25,419461084,207193604,102407,50584,1,1,0,2,49.3
2025-11-11,Spine-2,3,430830857,248963940,105183,60782,0,0,0,0,36.6
2025-11-11,Spine-2,12,505041517,189274955,123301,46209,0,1,0,4,59.8
2025-11-11,Spine-2,22,392365530,648254575,95792,158265,2,0,0,7,60.8
2025-11-11,Spine-2,31,596520046,216353352,145634,52820,0,1,0,7,59.4
2025-11-12,Spine-1,9,170365176,159328026,41593,38898,2,1,0,6,70.9
2025-11-12,Spine-1,19,145038450,690990825,35409,168698,2,1,0,2,43.4
2025-11-12,Spine-1,28,186255137,377732497,45472,92219,1,1,0,4,58.0
2025-11-12,Spine-2,6,392713061,179459855,95877,43813,2,0,0,8,47.0
2025-11-12,Spine-2,15,812212350,432866982,198294,105680,0,1,0,6,39.1
2025-11-12,Spine-2,25,645349946,801358004,157556,195644,0,2,0,4,45.3
2025-11-12,Leaf-1,2,989280224,269744922,241523,65855,3,0,0,5,92.8
2025-11-12,Leaf-1,12,501420605,203590259,122417,49704,0,3,0,7,92.1
2025-11-12,Leaf-1,21,10965385,245684814,2677,59981,0,1,0,0,42.1
2025-11-12,Leaf-1,31,786963620,723645192,192129,176671,2,0,0,19,31.6
2025-11-12,Leaf-2,7,816654205,902225901,199378,220269,2,4,0,19,46.6
2025-11-12,Leaf-2,16,453083601,787818345,110616,192338,0,4,0,6,89.6
2025-11-12,Leaf-2,26,471739035,55575638,115170,13568,2,4,0,19,32.4
2025-11-12,Leaf-3,1,663792436,842012770,162058,205569,1,1,0,10,76.5
2025-11-12,Leaf-3,11,266697219,781314146,65111,190750,1,4,0,15,55.3
2025-11-12,Leaf-3,20,760012347,175452291,185549,42835,1,3,0,5,84.6
2025-11-12,Leaf-3,30,717508559,395865295,175172,96646,3,3,0,2,49.0
2025-11-12,Leaf-4,5,697049214,584392770,170178,142674,2,0,0,13,35.8
2025-11-12,Leaf-4,15,467542468,364097351,114146,88890,0,0,0,8,80.6
2025-11-12,Leaf-4,24,901716617,292407334,220145,71388,0,3,0,11,76.4
2025-11-12,Leaf-4,34,649451336,988713000,158557,241385,1,0,0,13,46.7
2025-11-13,Spine-1,10,252382955,234211716,61616,57180,2,0,0,8,40.7
2025-11-13,Spine-1,19,91449434,613297727,22326,149730,1,2,0,9,26.8
2025-11-13,Spine-1,29,464150264,483615402,113317,118070,1,1,0,7,43.1
2025-11-13,Spine-2,6,813283867,217250882,198555,53039,2,1,0,1,72.5
2025-11-13,Spine-2,16,537361700,723143345,131191,176548,2,0,0,4,29.2
2025-11-13,Spine-2,25,952758266,819922475,232606,200176,2,2,0,5,75.2
2025-11-14,Spine-1,3,939011118,37596535,229250,9178,0,1,0,6,24.2
2025-11-14,Spine-1,12,677219298,116115618,165336,28348,2,0,0,3,42.6
2025-11-14,Spine-1,22,477860408,571586834,116665,139547,0,1,0,2,84.1
2025-11-14,Spine-1,32,387265533,465402584,94547,113623,0,2,0,0,67.4
2025-11-14,Spine-2,9,381445792,424531519,93126,103645,0,1,0,1,24.0
2025-11-14,Spine-2,19,746324851,255709820,182208,62429,2,0,0,6,48.9
2025-11-14,Spine-2,28,653940908,292157499,159653,71327,0,2,0,5,61.7
2025-11-15,Spine-1,6,702180172,830339779,171430,202719,2,2,0,7,70.9
2025-11-15,Spine-1,15,383256015,573466615,93568,140006,1,1,0,3,59.9
2025-11-15,Spine-1,25,792976497,503522079,193597,122930,0,1,0,3,37.8
2025-11-15,Spine-2,2,849905258,245444013,207496,59922,0,2,0,5,58.1
2025-11-15,Spine-2,12,919519271,885445355,224492,216173,2,2,0,6,23.3
2025-11-15,Spine-2,22,633123318,945335799,154571,230794,0,2,0,6,73.8
2025-11-15,Spine-2,31,671618571,386122518,163969,94268,2,1,0,2,72.9
2025-11-16,Spine-1,9,19627005,52541411,4791,12827,1,0,0,1,32.3
2025-11-16,Spine-1,18,706350451,143997355,172448,35155,2,1,0,0,81.1
2025-11-16,Spine-1,28,698509182,312312151,170534,76248,2,1,0,4,45.1
2025-11-16,Spine-2,5,923039539,648382526,225351,158296,2,1,0,5,77.2
2025-11-16,Spine-2,15,68643746,854977845,16758,208734,0,1,0,4,77.7
2025-11-16,Spine-2,24,875333788,923038697,213704,225351,2,1,0,9,39.3
2025-11-17,Spine-1,2,113494986,406164534,27708,99161,1,1,0,7,41.3
2025-11-17,Spine-1,12,735538235,994533936,179574,242806,0,2,0,4,76.8
2025-11-17,Spine-1,21,437810484,681596330,106887,166405,1,2,0,8,24.7
2025-11-17,Spine-1,31,532748909,38694031,130065,9446,0,1,0,0,53.4
2025-11-17,Spine-2,8,795628549,650850593,194245,158899,2,1,0,3,49.4
2025-11-17,Spine-2,18,494037385,974720857,120614,237968,1,0,0,9,49.8
2025-11-17,Spine-2,27,121552799,894024936,29675,218267,0,0,0,1,60.6
2025-11-18,Spine-1,5,286770679,482990494,70012,117917,1,2,0,2,55.9
2025-11-18,Spine-1,14,176832789,444469306,43172,108513,1,0,0,6,64.7
2025-11-18,Spine-1,24,490331013,986269005,119709,240788,2,1,0,9,48.1
2025-11-18,Spine-2,1,94952822,891000132,23181,217529,0,1,0,7,39.2
2025-11-18,Spine-2,11,513057556,508673845,125258,124187,1,1,0,4,26.0
2025-11-18,Spine-2,21,609980545,806274891,148921,196844,0,2,0,6,55.5
2025-11-18,Spine-2,30,994372620,925338494,242766,225912,1,0,0,5,43.4
2025-11-19,Spine-1,8,830675082,291880508,202801,71259,2,1,0,2,74.6
2025-11-19,Spine-1,17,677796128,960378898,165477,234467,1,0,0,8,28.2
2025-11-19,Spine-1,27,346187566,966260725,84518,235903,2,1,0,2,47.9
2025-11-19,Spine-2,4,279713015,957236012,68289,233700,1,2,0,2,71.5
2025-11-19,Spine-2,14,351117972,344154699,85722,84022,2,1,0,0,44.8
2025-11-19,Spine-2,23,777134401,27261996,189730,6655,2,0,0,2,72.3
2025-11-19,Leaf-1,1,759638355,591921806,185458,144512,3,0,0,19,34.9
2025-11-19,Leaf-1,11,479760632,778179642,117129,189985,2,4,0,17,48.7
2025-11-19,Leaf-1,20,811601383,819252042,198144,200012,0,4,0,4,45.9
2025-11-19,Leaf-1,30,400857238,618942969,97865,151109,3,3,0,10,71.8
2025-11-19,Leaf-2,5,397494979,751086377,97044,183370,4,4,0,11,34.5
2025-11-19,Leaf-2,15,841798820,882848023,205517,215539,3,0,0,14,48.2
2025-11-19,Leaf-2,24,483347817,411436971,118004,100448,0,4,0,4,30.8
2025-11-19,Leaf-2,34,951968762,987330946,232414,241047,4,0,0,0,93.2
2025-11-19,Leaf-3,9,540794782,200589188,132029,48971,3,4,0,10,57.2
2025-11-19,Leaf-3,19,742207819,385208020,181203,94044,2,1,0,3,36.0
2025-11-19,Leaf-3,29,506196581,596302392,123583,145581,3,2,0,16,75.5
2025-11-19,Leaf-4,4,494099824,947022430,120629,231206,2,0,0,13,82.4
2025-11-19,Leaf-4,14,738443950,955010451,180284,233156,4,4,0,4,77.0
2025-11-19,Leaf-4,23,334349385,837281217,81628,204414,4,0,0,10,48.2
2025-11-19,Leaf-4,33,33923945,294439088,8282,71884,2,1,0,17,54.7
2025-11-20,Spine-1,8,437035369,387845248,106698,94688,0,0,0,4,23.2
2025-11-20,Spine-1,18,835434027,43117822,203963,10526,0,0,0,4,38.9
2025-11-20,Spine-1,27,126477245,998213786,30878,243704,1,0,0,5,27.2
2025-11-20,Spine-2,5,437983468,295730838,106929,72199,2,2,0,9,60.3
2025-11-20,Spine-2,14,17997408,230680234,4393,56318,1,2,0,7,50.5
2025-11-20,Spine-2,24,793640341,169221360,193759,41313,0,1,0,2,74.4
2025-11-21,Spine-1,2,70299771,620500766,17163,151489,0,1,0,2,40.0
2025-11-21,Spine-1,11,175828066,838013405,42926,204593,0,0,0,7,57.1
2025-11-21,Spine-1,21,47165421,732404895,11514,178809,0,0,0,8,21.6
2025-11-21,Spine-1,30,170202769,15316008,41553,3739,0,1,0,0,77.7
2025-11-21,Spine-2,8,651269682,459372459,159001,112151,2,0,0,0,21.4
2025-11-21,Spine-2,17,359237089,275097772,87704,67162,1,2,0,5,59.5
2025-11-21,Spine-2,27,329774443,580003264,80511,141602,0,1,0,5,68.1
2025-11-22,Spine-1,4,415693434,285534664,101487,69710,2,1,0,2,74.2
2025-11-22,Spine-1,14,627075003,872767885,153094,213078,2,2,0,8,41.3
2025-11-22,Spine-1,24,515319003,446804207,125810,109083,1,1,0,1,36.8
2025-11-22,Spine-2,1,100184045,362782783,24458,88570,0,2,0,6,57.0
2025-11-22,Spine-2,11,686059561,797048405,167495,194591,1,1,0,1,47.7
2025-11-22,Spine-2,20,65764797,547043042,16055,133555,0,1,0,0,51.3
2025-11-22,Spine-2,30,103989089,748802180,25387,182813,0,2,0,0,44.7
2025-11-23,Spine-1,7,349445169,704742390,85313,172056,1,1,0,0,67.2
2025-11-23,Spine-1,17,870044046,325436967,212413,79452,1,2,0,0,80.1
2025-11-23,Spine-1,26,846538962,377683805,206674,92207,2,1,0,3,77.6
2025-11-23,Spine-2,4,852452129,131516036,208118,32108,0,2,0,0,31.1
2025-11-23,Spine-2,14,359358668,590190792,87734,144089,0,1,0,7,66.1
2025-11-23,Spine-2,23,607778779,119734222,148383,29231,0,2,0,4,64.0
2025-11-24,Spine-1,1,910279160,113678527,222236,27753,0,1,0,7,26.5
2025-11-24,Spine-1,10,946119186,111263883,230986,27164,0,0,0,1,32.7
2025-11-24,Spine-1,20,32398737,306458777,7909,74819,2,0,0,9,54.7
2025-11-24,Spine-1,29,851494877,759428224,207884,185407,1,2,0,2,64.5
2025-11-24,Spine-2,7,82305360,839937746,20094,205062,1,2,0,7,35.1
2025-11-24,Spine-2,16,36704793,427589812,8961,104392,0,1,0,7,79.8
2025-11-24,Spine-2,26,510077275,411617523,124530,100492,2,2,0,0,52.3
2025-11-25,Spine-1,4,159671740,990888214,38982,241916,0,0,0,4,72.4
2025-11-25,Spine-1,13,168911772,157037198,41238,38339,1,0,0,2,72.4
2025-11-25,Spine-1,23,266682479,917735438,65108,224056,1,0,0,9,24.4
2025-11-25,Spine-1,32,328442131,846396511,80186,206639,2,1,0,7,64.9
2025-11-25,Spine-2,10,251042017,777237015,61289,189755,1,2,0,6,69.6
2025-11-25,Spine-2,19,722521640,671360059,176396,163906,0,0,0,0,27.5
2025-11-25,Spine-2,29,293506444,873558302,71656,213271,2,1,0,7,77.7
2025-11-26,Spine-1,6,173719032,90807533,42411,22169,2,2,0,7,32.0
2025-11-26,Spine-1,16,569396114,571481454,139012,139521,1,2,0,1,69.7
2025-11-26,Spine-1,25,217447968,531523828,53087,129766,2,2,0,5,38.2
2025-11-26,Spine-2,3,808891620,689719244,197483,168388,2,0,0,9,74.0
2025-11-26,Spine-2,13,598976283,59918658,146234,14628,2,2,0,6,22.2
2025-11-26,Spine-2,22,661096505,910253813,161400,222229,1,2,0,2,52.8
2025-11-26,Spine-2,32,488456992,918126787,119252,224152,1,2,0,3,23.3
2025-11-26,Leaf-1,9,827233866,654921875,201961,159893,3,4,0,0,43.4
2025-11-26,Leaf-1,19,668978201,234067094,163324,57145,0,0,0,12,69.7
2025-11-26,Leaf-1,28,586186432,77760381,143111,18984,2,1,0,4,79.6
2025-11-26,Leaf-2,4,313289910,585584561,76486,142964,4,0,0,16,87.4
2025-11-26,Leaf-2,13,280044857,675217738,68370,164848,0,1,0,6,58.4
2025-11-26,Leaf-2,23,431798417,204606110,105419,49952,1,3,0,8,76.1
2025-11-26,Leaf-2,33,835404998,453382776,203956,110689,2,2,0,14,51.7
2025-11-26,Leaf-3,8,778395156,377004127,190037,92042,1,3,0,13,94.9
2025-11-26,Leaf-3,18,968471193,60044032,236443,14659,1,2,0,15,42.3
2025-11-26,Leaf-3,27,494541357,915584218,120737,223531,1,2,0,10,34.4
2025-11-26,Leaf-4,3,179118668,16209156,43730,3957,4,4,0,7,30.5
2025-11-26,Leaf-4,12,918093296,748422250,224143,182720,0,1,0,8,93.4
2025-11-26,Leaf-4,22,167928639,101842373,40998,24863,2,3,0,14,51.7
2025-11-26,Leaf-4,31,595658545,563372561,145424,137542,2,2,0,1,90.2
2025-11-27,Spine-1,7,47958491,477623104,11708,116607,0,1,0,6,82.9
2025-11-27,Spine-1,17,989863571,920322898,241665,224688,1,0,0,5,82.9
2025-11-27,Spine-1,26,663959142,238094193,162099,58128,2,1,0,9,61.7
2025-11-27,Spine-2,4,74905250,268396956,18287,65526,2,1,0,0,60.2
2025-11-27,Spine-2,13,721266187,826854255,176090,201868,2,1,0,8,62.4
2025-11-27,Spine-2,23,89772418,192333986,21917,46956,1,1,0,7,82.3
2025-11-27,Spine-2,32,818927251,535652310,199933,130774,2,1,0,8,29.9
2025-11-28,Spine-1,10,935769649,414210939,228459,101125,0,0,0,8,62.4
2025-11-28,Spine-1,19,787588775,672150129,192282,164099,0,2,0,7,67.6
2025-11-28,Spine-1,29,771860474,374682725,188442,91475,0,2,0,3,70.9
2025-11-28,Spine-2,7,852972806,325276043,208245,79413,2,1,0,9,57.3
2025-11-28,Spine-2,16,662656404,11499231,161781,2807,0,1,0,4,83.9
2025-11-28,Spine-2,26,326124891,300805705,79620,73438,0,1,0,9,51.3
2025-11-29,Spine-1,3,579643237,486524973,141514,118780,2,2,0,3,31.6
2025-11-29,Spine-1,13,124776357,662860627,30462,161831,1,1,0,7,49.3
2025-11-29,Spine-1,22,850007012,983277286,207521,240057,2,0,0,7,83.6
2025-11-29,Spine-1,32,510734333,424727809,124690,103693,1,0,0,7,78.7
2025-11-29,Spine-2,9,352147600,719130227,85973,175568,2,0,0,9,37.5
2025-11-29,Spine-2,19,180841815,442869679,44150,108122,0,1,0,5,57.3
2025-11-29,Spine-2,28,253249973,815302834,61828,199048,2,1,0,1,41.9
2025-11-30,Spine-1,6,781206145,407478881,190724,99482,1,1,0,7,79.0
2025-11-30,Spine-1,16,94458946,926987677,23061,226315,0,2,0,0,40.8
2025-11-30,Spine-1,25,587645655,688948852,143468,168200,0,0,0,0,70.9
2025-11-30,Spine-2,3,915628563,306074918,223542,74725,0,2,0,8,76.6
2025-11-30,Spine-2,12,189425184,806346248,46246,196861,2,0,0,0,82.7
2025-11-30,Spine-2,22,410921122,776023465,100322,189458,0,1,0,4,39.1
2025-11-30,Spine-2,31,927821177,971523300,226518,237188,1,1,0,4,41.7
2025-12-01,Spine-1,9,821234532,634014599,200496,154788,0,0,0,4,44.3
2025-12-01,Spine-1,18,304246861,618660213,74279,151040,0,2,0,5,23.4
2025-12-01,Spine-1,28,837238669,981875453,204403,239715,1,1,0,1,72.5
2025-12-01,Spine-2,6,362832924,231060141,88582,56411,1,0,0,6,69.6
2025-12-01,Spine-2,15,662564461,349706310,161758,85377,2,0,0,3,72.1
2025-12-01,Spine-2,25,866774663,662635194,211614,161776,2,0,0,5,37.5
2025-12-02,Spine-1,2,237039586,18014001,57870,4397,0,0,0,0,49.4
2025-12-02,Spine-1,12,967913122,215316207,236306,52567,0,2,0,1,40.8
2025-12-02,Spine-1,21,468158651,902914013,114296,220437,1,2,0,3,31.4
2025-12-02,Spine-1,31,213449616,939541926,52111,229380,1,0,0,0,43.5
2025-12-02,Spine-2,8,442659469,874300224,108071,213452,0,1,0,2,38.1
2025-12-02,Spine-2,18,305987859,783243479,74704,191221,0,2,0,2,43.5
2025-12-02,Spine-2,28,749297334,766030695,182933,187019,2,0,0,5,66.7
2025-12-03,Spine-1,5,278568766,48169220,68009,11760,2,2,0,3,83.9
2025-12-03,Spine-1,15,633964705,456710255,154776,111501,0,2,0,5,37.4
2025-12-03,Spine-1,24,561877153,837470812,137177,204460,0,1,0,2,78.6
2025-12-03,Spine-2,2,525464061,845816639,128287,206498,0,0,0,0,37.6
2025-12-03,Spine-2,11,349245519,884075050,85265,215838,0,2,0,2,21.5
2025-12-03,Spine-2,21,605640046,582236863,147861,142147,2,1,0,1,21.7
2025-12-03,Spine-2,30,796808964,214153341,194533,52283,1,1,0,7,35.2
2025-12-03,Leaf-1,8,764475150,729818647,186639,178178,3,4,0,4,71.3
2025-12-03,Leaf-1,18,95718560,80304149,23368,19605,2,0,0,4,68.2
2025-12-03,Leaf-1,27,342932169,278061009,83723,67885,3,0,0,15,46.0
2025-12-03,Leaf-2,3,299715886,716714274,73172,174979,1,4,0,8,52.5
2025-12-03,Leaf-2,12,227118398,994416214,55448,242777,4,4,0,0,69.0
2025-12-03,Leaf-2,22,105775015,477669351,25823,116618,1,2,0,9,54.0
2025-12-03,Leaf-2,31,178634213,228450131,43611,55773,2,4,0,8,31.2
2025-12-03,Leaf-3,7,170207748,418870608,41554,102263,1,0,0,9,73.1
2025-12-03,Leaf-3,16,566600151,228166212,138330,55704,0,1,0,2,85.3
2025-12-03,Leaf-3,26,57899817,521920700,14135,127422,4,4,0,2,87.6
2025-12-03,Leaf-4,1,430945623,808644093,105211,197422,2,1,0,12,80.9
2025-12-03,Leaf-4,11,685889353,502814957,167453,122757,1,4,0,5,60.7
2025-12-03,Leaf-4,21,47413830,163760822,11575,39980,1,4,0,1,47.3
2025-12-03,Leaf-4,30,713205614,30996513,174122,7567,4,3,0,7,88.6
2025-12-04,Spine-1,6,798886099,373781167,195040,91255,0,0,0,7,36.4
2025-12-04,Spine-1,15,571233606,489769369,139461,119572,1,0,0,5,37.3
2025-12-04,Spine-1,25,106818632,842910271,26078,205788,1,2,0,2,55.7
2025-12-04,Spine-2,2,235224484,946583271,57427,231099,0,2,0,4,42.3
2025-12-04,Spine-2,12,860888598,339623014,210177,82915,2,0,0,1,28.7
2025-12-04,Spine-2,21,360747509,218849648,88073,53430,2,0,0,6,57.7
2025-12-04,Spine-2,31,218734054,365495741,53401,89232,1,1,0,3,67.8
2025-12-05,Spine-1,9,212147714,242054687,51793,59095,2,0,0,2,45.0
2025-12-05,Spine-1,18,49847533,138473371,12169,33806,1,1,0,2,38.3
2025-12-05,Spine-1,28,688495869,95054640,168089,23206,0,2,0,2,71.8
2025-12-05,Spine-2,5,585664421,772316745,142984,188553,1,1,0,1,64.5
2025-12-05,Spine-2,15,269710488,177017013,65847,43217,2,1,0,7,35.7
2025-12-05,Spine-2,24,932796702,176736726,227733,43148,0,2,0,3,58.2
2025-12-06,Spine-1,2,122591642,213718155,29929,52177,2,0,0,3,60.0
2025-12-06,Spine-1,11,696441821,332720139,170029,81230,2,2,0,3,42.2
2025-12-06,Spine-1,21,786766333,118242755,192081,28867,0,0,0,5,21.9
2025-12-06,Spine-1,31,61661248,966313217,15054,235916,0,0,0,1,38.2
2025-12-06,Spine-2,8,114813668,186579240,28030,45551,1,0,0,7,34.3
2025-12-06,Spine-2,18,652693066,476083124,159348,116231,2,1,0,4,35.1
2025-12-06,Spine-2,27,546757179,891292536,133485,217600,1,2,0,4,41.4
2025-12-07,Spine-1,5,497507025,662954054,121461,161854,1,2,0,3,50.4
2025-12-07,Spine-1,14,140680674,816869505,34345,199431,2,0,0,5,43.4
2025-12-07,Spine-1,24,91572332,841832148,22356,205525,1,2,0,8,21.9
2025-12-07,Spine-2,1,825401628,62298256,201514,15209,2,0,0,3,76.1
2025-12-07,Spine-2,11,300852457,333285420,73450,81368,1,1,0,7,27.2
2025-12-07,Spine-2,21,150598798,46458017,36767,11342,1,1,0,0,70.1
2025-12-07,Spine-2,30,336910618,197986247,82253,48336,1,0,0,1,80.8
2025-12-08,Spine-1,8,824135366,590327922,201204,144123,2,2,0,8,77.6
2025-12-08,Spine-1,17,429448329,469153226,104845,114539,2,2,0,2,82.2
2025-12-08,Spine-1,27,919785012,273750586,224556,66833,0,0,0,8,35.0
2025-12-08,Spine-2,4,94774123,748422838,23138,182720,2,1,0,5,38.2
2025-12-08,Spine-2,14,147567063,866550241,36027,211560,0,2,0,2,41.6
2025-12-08,Spine-2,23,501600227,568487751,122460,138790,0,2,0,6,84.2
2025-12-09,Spine-1,1,510478003,113205350,124628,27638,1,2,0,0,27.1
2025-12-09,Spine-1,10,510885393,586305118,124727,143140,1,0,0,5,36.6
2025-12-09,Spine-1,20,925861288,71896362,226040,17552,2,0,0,0,84.8
2025-12-09,Spine-1,30,558574598,876010073,136370,213869,2,1,0,7,63.9
2025-12-09,Spine-2,7,649901158,261445508,158667,63829,1,0,0,0,25.8
2025-12-09,Spine-2,17,965182610,347088528,235640,84738,0,2,0,2,33.5
2025-12-09,Spine-2,26,213566351,522453834,52140,127552,2,1,0,5,68.1
2025-12-10,Spine-1,4,883513077,145891258,215701,35617,1,2,0,9,21.0
2025-12-10,Spine-1,13,797639814,764162092,194736,186563,2,1,0,4,53.8
2025-12-10,Spine-1,23,364339395,126834134,88950,30965,2,0,0,9,70.5
2025-12-10,Spine-1,32,916469017,50458408,223747,12318,0,0,0,4,63.0
2025-12-10,Spine-2,10,411216616,447432909,100394,109236,2,0,0,6,46.7
2025-12-10,Spine-2,20,887135597,775062423,216585,189224,0,2,0,8,20.1
2025-12-10,Spine-2,29,208589586,725553655,50925,177137,1,2,0,2,71.4
2025-12-10,Leaf-1,7,481673383,207758051,117596,50722,2,4,0,3,49.6
2025-12-10,Leaf-1,16,82301200,527596928,20093,128807,1,3,0,0,94.2
2025-12-10,Leaf-1,26,749065157,386306745,182877,94313,0,0,0,18,62.7
2025-12-10,Leaf-2,1,256585000,720075804,62642,175799,2,0,0,15,65.2
2025-12-10,Leaf-2,11,577563187,87549208,141006,21374,0,3,0,18,37.0
2025-12-10,Leaf-2,20,802108781,852476601,195827,208124,0,2,0,0,93.9
2025-12-10,Leaf-2,30,156851953,164729582,38293,40217,0,4,0,18,36.4
2025-12-10,Leaf-3,6,554724351,622967500,135430,152091,1,1,0,3,76.2
2025-12-10,Leaf-3,15,831604792,35723736,203028,8721,2,3,0,16,76.7
2025-12-10,Leaf-3,25,979354825,792016010,239100,193363,3,1,0,10,59.6
2025-12-10,Leaf-3,34,339625866,302249763,82916,73791,1,2,0,15,79.5
2025-12-10,Leaf-4,10,604406760,678947041,147560,165758,0,3,0,0,47.0
2025-12-10,Leaf-4,19,971061318,813130494,237075,198518,0,1,0,6,76.2
2025-12-10,Leaf-4,29,393690317,939803108,96115,229444,2,0,0,18,86.7
2025-12-11,Spine-1,4,891301606,746244068,217602,182188,2,2,0,6,64.8
2025-12-11,Spine-1,14,565348338,72521527,138024,17705,0,0,0,1,64.9
2025-12-11,Spine-1,23,928235300,602878134,226619,147187,2,1,0,0,77.1
2025-12-11,Spine-2,1,777060825,48091718,189712,11741,1,0,0,5,36.9
2025-12-11,Spine-2,11,745663613,476177565,182046,116254,2,2,0,0,62.2
2025-12-11,Spine-2,20,420729039,377139617,102717,92075,1,1,0,2,30.9
2025-12-11,Spine-2,30,95793276,443439366,23387,108261,0,0,0,2,20.9
2025-12-12,Spine-1,7,414032773,80618503,101082,19682,0,2,0,6,56.2
2025-12-12,Spine-1,17,257377337,873771701,62836,213323,0,0,0,9,35.1
2025-12-12,Spine-1,26,737414191,750792893,180032,183299,1,2,0,9,31.9
2025-12-12,Spine-2,4,831423579,52605399,202984,12843,2,1,0,5,50.2
2025-12-12,Spine-2,13,998704092,615531235,243824,150276,0,1,0,4,32.3
2025-12-12,Spine-2,23,354083892,940038041,86446,229501,0,1,0,2,29.0
2025-12-13,Spine-1,1,143856020,399477758,35121,97528,1,1,0,8,33.0
2025-12-13,Spine-1,10,153073023,245304791,37371,59888,2,1,0,8,57.0
2025-12-13,Spine-1,20,934128087,544810103,228058,133010,1,1,0,3,21.9
2025-12-13,Spine-1,29,894606522,129828206,218409,31696,2,1,0,0,65.3
2025-12-13,Spine-2,7,814640529,502212622,198886,122610,1,1,0,3,66.5
2025-12-13,Spine-2,16,787739286,10534854,192319,2571,1,1,0,6,21.6
2025-12-13,Spine-2,26,522309646,138034654,127517,33699,1,1,0,3,73.7
2025-12-14,Spine-1,3,772276122,672532141,188543,164192,2,1,0,7,34.9
2025-12-14,Spine-1,13,179383078,617579681,43794,150776,1,1,0,1,77.8
2025-12-14,Spine-1,23,678927725,740977041,165753,180902,2,2,0,9,63.5
2025-12-14,Spine-1,32,783059859,792736166,191176,193539,2,2,0,9,83.3
2025-12-14,Spine-2,10,506643281,618043080,123692,150889,0,2,0,7,29.5
2025-12-14,Spine-2,19,145995151,13938637,35643,3402,0,1,0,5,80.1
2025-12-14,Spine-2,29,315828555,872212263,77106,212942,1,1,0,8,65.4
2025-12-15,Spine-1,6,218462566,231997035,53335,56639,2,1,0,3,40.5
2025-12-15,Spine-1,16,191452676,789706754,46741,192799,0,0,0,1,48.4
2025-12-15,Spine-1,25,970689642,191199359,236984,46679,2,2,0,4,71.9
2025-12-15,Spine-2,3,583815539,489530977,142533,119514,0,2,0,3,71.2
2025-12-15,Spine-2,13,306542371,869237421,74839,212216,2,2,0,4,60.7
2025-12-15,Spine-2,22,603613792,281605606,147366,68751,2,0,0,3,39.7
2025-12-15,Spine-2,32,157330494,530201603,38410,129443,0,2,0,1,82.9
2025-12-16,Spine-1,9,452426862,584160852,110455,142617,1,2,0,6,26.0
2025-12-16,Spine-1,19,672367028,228788154,164152,55856,0,2,0,4,36.7
2025-12-16,Spine-1,28,873432013,67474306,213240,16473,1,0,0,9,55.4
2025-12-16,Spine-2,6,292894152,927946620,71507,226549,1,0,0,3,35.2
2025-12-16,Spine-2,15,784493361,576270160,191526,140690,2,0,0,7,72.3
2025-12-16,Spine-2,25,925431173,876792567,225935,214060,1,2,0,0,83.8
2025-12-17,Spine-1,2,48196810,496713180,11766,121267,2,2,0,1,39.6
2025-12-17,Spine-1,12,493831345,219250953,120564,53528,0,1,0,9,24.7
2025-12-17,Spine-1,22,998605448,263536684,243800,64340,1,0,0,7,60.1
2025-12-17,Spine-1,31,886835044,101599823,216512,24804,0,1,0,1,52.4
2025-12-17,Spine-2,9,249177991,663150621,60834,161902,2,0,0,7,60.7
2025-12-17,Spine-2,18,347470462,391952711,84831,95691,1,2,0,5,24.7
2025-12-17,Spine-2,28,79909565,534040310,19509,130380,1,1,0,2,68.5
2025-12-17,Leaf-1,5,961059847,991763947,234633,242129,3,2,0,11,52.6
2025-12-17,Leaf-1,15,297194785,407350331,72557,99450,2,2,0,4,46.5
2025-12-17,Leaf-1,24,509332480,679503124,124348,165894,0,2,0,13,56.1
2025-12-17,Leaf-1,34,654191300,167018482,159714,40775,1,0,0,4,49.4
2025-12-17,Leaf-2,10,122715711,234639725,29959,57285,1,4,0,0,66.0
2025-12-17,Leaf-2,19,525072709,43228875,128191,10553,0,0,0,19,59.2
2025-12-17,Leaf-2,29,112010211,220089368,27346,53732,0,2,0,16,57.3
2025-12-17,Leaf-3,4,420993217,83886809,102781,20480,4,1,0,7,39.1
2025-12-17,Leaf-3,14,923963388,186962365,225576,45645,2,3,0,9,81.9
2025-12-17,Leaf-3,23,331223924,587343855,80865,143394,4,2,0,2,74.1
2025-12-17,Leaf-3,33,740192738,816314090,180711,199295,4,3,0,18,56.3
2025-12-17,Leaf-4,8,244757129,147529975,59755,36018,0,2,0,17,35.3
2025-12-17,Leaf-4,18,523050690,167068909,127697,40788,3,4,0,18,67.0
2025-12-17,Leaf-4,28,520098573,669886216,126977,163546,1,2,0,6,62.5
2025-12-18,Spine-1,3,788288824,914157581,192453,223183,0,2,0,6,29.6
2025-12-18,Spine-1,13,585163638,796401486,142862,194433,1,2,0,4,26.3
2025-12-18,Spine-1,22,942392589,283450484,230076,69201,1,2,0,0,65.8
2025-12-18,Spine-1,32,869095700,989188825,212181,241501,1,1,0,0,67.1
2025-12-18,Spine-2,9,717309556,872818882,175124,213090,1,1,0,5,31.3
2025-12-18,Spine-2,19,317042726,588292406,77403,143626,2,2,0,3,33.4
2025-12-18,Spine-2,28,465775743,712805953,113714,174024,0,0,0,5,41.3
2025-12-19,Spine-1,6,230506697,160423274,56276,39165,2,1,0,8,51.9
2025-12-19,Spine-1,16,339518254,186579521,82890,45551,2,1,0,9,76.9
2025-12-19,Spine-1,25,621001992,185405031,151611,45264,0,0,0,3,76.1
2025-12-19,Spine-2,3,546536607,695034122,133431,169686,2,1,0,2,45.8
2025-12-19,Spine-2,12,865275360,392024483,211248,95709,1,0,0,4,55.0
2025-12-19,Spine-2,22,966199647,295068927,235888,72038,1,0,0,5,29.3
2025-12-19,Spine-2,31,13806650,926760584,3370,226259,1,0,0,7,35.6
2025-12-20,Spine-1,9,935511579,32530500,228396,7942,0,1,0,3,44.8
2025-12-20,Spine-1,18,532558666,260558211,130019,63612,1,2,0,7,84.0
2025-12-20,Spine-1,28,261014738,130901074,63724,31958,0,2,0,1,38.8
2025-12-20,Spine-2,5,869411642,789587433,212258,192770,2,0,0,6,20.7
2025-12-20,Spine-2,15,598540455,560847210,146128,136925,2,0,0,1,48.1
2025-12-20,Spine-2,25,707766972,193244694,172794,47178,0,1,0,7,35.9
2025-12-21,Spine-1,2,114874432,908926525,28045,221905,2,1,0,8,35.0
2025-12-21,Spine-1,12,464896190,599855164,113500,146449,2,1,0,9,25.3
2025-12-21,Spine-1,21,523522788,58154203,127813,14197,2,2,0,6,34.2
2025-12-21,Spine-1,31,779767554,83975434,190372,20501,2,1,0,6,64.2
2025-12-21,Spine-2,8,371076585,24617006,90594,6010,1,1,0,8,81.8
2025-12-21,Spine-2,18,230118872,839300266,56181,204907,0,1,0,7,55.2
2025-12-21,Spine-2,27,891391726,227718161,217624,55595,0,0,0,3,80.5
2025-12-22,Spine-1,5,223053125,799802014,54456,195264,1,0,0,4,25.9
2025-12-22,Spine-1,15,60996058,31802713,14891,7764,2,1,0,6,37.1
2025-12-22,Spine-1,24,378920537,994996069,92509,242918,1,2,0,2,34.2
2025-12-22,Spine-2,2,732517323,726893325,178837,177464,2,1,0,2,61.9
2025-12-22,Spine-2,11,511123704,617092578,124786,150657,1,1,0,0,25.9
2025-12-22,Spine-2,21,570707957,622884502,139332,152071,2,0,0,1,25.9
2025-12-22,Spine-2,30,53157425,182635556,12977,44588,2,0,0,4,45.0
2025-12-23,Spine-1,8,496354786,191384635,121180,46724,2,2,0,3,46.6
2025-12-23,Spine-1,17,798307159,281450515,194899,68713,0,2,0,0,80.8
2025-12-23,Spine-1,27,116516347,313000843,28446,76416,0,2,0,4,27.3
2025-12-23,Spine-2,5,555375332,715413357,135589,174661,2,2,0,8,29.3
2025-12-23,Spine-2,14,659432133,549421262,160994,134136,0,2,0,2,81.3
2025-12-23,Spine-2,24,487451773,997015352,119006,243411,0,2,0,0,47.8
2025-12-24,Spine-1,1,861086377,987562338,210226,241104,2,0,0,1,37.2
2025-12-24,Spine-1,11,681762445,975336946,166445,238119,1,2,0,7,22.6
2025-12-24,Spine-1,20,789204632,604703762,192676,147632,1,2,0,9,68.5
2025-12-24,Spine-1,30,77383478,727077847,18892,177509,1,2,0,1,39.6
2025-12-24,Spine-2,7,747995562,945550222,182616,230847,1,1,0,2,81.7
2025-12-24,Spine-2,17,397855879,601183089,97132,146773,2,0,0,0,31.3
2025-12-24,Spine-2,27,557658808,877229800,136147,214167,0,1,0,2,44.3
2025-12-24,Leaf-1,4,120252533,635413749,29358,155130,2,0,0,18,31.8
2025-12-24,Leaf-1,14,703403502,100667814,171729,24577,4,1,0,12,57.2
2025-12-24,Leaf-1,23,339037034,139506390,82772,34059,4,4,0,2,93.0
2025-12-24,Leaf-1,33,184221658,585410794,44975,142922,4,2,0,16,35.4
2025-12-24,Leaf-2,8,49896094,826144747,12181,201695,0,2,0,8,44.8
2025-12-24,Leaf-2,18,740270623,172992431,180730,42234,1,3,0,17,52.0
2025-12-24,Leaf-2,27,670393345,396240888,163670,96738,0,2,0,0,45.2
2025-12-24,Leaf-3,3,953604748,102876563,232813,25116,1,4,0,7,65.9
2025-12-24,Leaf-3,12,250500114,662820735,61157,161821,0,3,0,0,84.8
2025-12-24,Leaf-3,22,134267578,36925382,32780,9014,0,0,0,1,42.4
2025-12-24,Leaf-3,32,663020636,871009575,161870,212648,0,0,0,9,36.2
2025-12-24,Leaf-4,7,728381257,70337612,177827,17172,1,2,0,1,78.7
2025-12-24,Leaf-4,17,33413591,907177331,8157,221478,1,1,0,3,52.4
2025-12-24,Leaf-4,26,256485432,181261897,62618,44253,3,2,0,4,54.8
2025-12-25,Spine-1,2,575050413,698607904,140393,170558,1,2,0,0,31.8
2025-12-25,Spine-1,11,651728537,837313507,159113,204422,0,0,0,8,41.9
2025-12-25,Spine-1,21,932223426,997456357,227593,243519,2,1,0,1,54.7
2025-12-25,Spine-1,30,324375643,635712193,79193,155203,0,1,0,7,57.8
2025-12-25,Spine-2,8,884820764,107666759,216020,26285,2,1,0,2,60.5
2025-12-25,Spine-2,18,744335352,813034344,181722,198494,0,1,0,2,49.9
2025-12-25,Spine-2,27,202918691,134865524,49540,32926,2,0,0,5,79.0
2025-12-26,Spine-1,5,750112828,626621288,183133,152983,1,2,0,1,23.0
2025-12-26,Spine-1,14,42561159,741153621,10390,180945,2,2,0,0,23.6
2025-12-26,Spine-1,24,170923283,546625727,41729,133453,1,1,0,6,54.3
2025-12-26,Spine-2,1,510887377,175789252,124728,42917,1,2,0,4,65.6
2025-12-26,Spine-2,11,871986167,457286356,212887,111642,2,2,0,6,82.9
2025-12-26,Spine-2,20,363614519,949425050,88773,231793,2,2,0,6,25.0
2025-12-26,Spine-2,30,551736238,767348571,134701,187340,0,2,0,9,61.5
2025-12-27,Spine-1,8,118492245,136602728,28928,33350,0,1,0,9,23.2
2025-12-27,Spine-1,17,69311985,533831706,16921,130330,0,0,0,8,48.3
2025-12-27,Spine-1,27,479267617,424270098,117008,103581,2,1,0,5,78.7
2025-12-27,Spine-2,4,629894450,70407985,153782,17189,2,0,0,4,82.9
2025-12-27,Spine-2,14,503512700,281092271,122927,68626,2,2,0,5,68.6
2025-12-27,Spine-2,23,847558341,410997502,206923,100341,1,1,0,0,27.6
2025-12-28,Spine-1,1,525663657,556937661,128335,135971,2,0,0,3,40.9
2025-12-28,Spine-1,10,593630190,319959121,144929,78115,1,1,0,6,49.7
2025-12-28,Spine-1,20,823494193,192048926,201048,46886,1,1,0,2,21.4
2025-12-28,Spine-1,30,12912844,589599858,3152,143945,0,2,0,8,36.2
2025-12-28,Spine-2,7,650510277,286682777,158815,69990,0,2,0,8,78.8
2025-12-28,Spine-2,17,526124029,790559381,128448,193007,0,2,0,4,23.9
2025-12-28,Spine-2,26,744807584,101805958,181837,24854,1,0,0,0,31.5
2025-12-29,Spine-1,4,752956637,770622795,183827,188140,1,2,0,8,48.3
2025-12-29,Spine-1,13,454012859,362770057,110842,88566,1,1,0,5,52.1
2025-12-29,Spine-1,23,263584909,441766998,64351,107853,1,1,0,3,31.7
2025-12-29,Spine-1,32,851587826,187597835,207907,45800,2,0,0,2,82.1
2025-12-29,Spine-2,10,60998753,378074350,14892,92303,0,1,0,9,22.3
2025-12-29,Spine-2,19,612158019,855079247,149452,208759,2,2,0,3,21.5
2025-12-29,Spine-2,29,795690643,790374224,194260,192962,2,0,0,6,81.8
2025-12-30,Spine-1,7,927989667,150515088,226559,36746,2,2,0,5,68.5
2025-12-30,Spine-1,16,266979514,180576045,65180,44085,1,0,0,7,32.8
2025-12-30,Spine-1,26,308259781,203036621,75258,49569,2,1,0,0,65.6
2025-12-30,Spine-2,3,55052597,722222103,13440,176323,1,0,0,0,25.3
2025-12-30,Spine-2,13,730303899,506254698,178296,123597,1,1,0,9,83.6
2025-12-30,Spine-2,22,135718523,221014491,33134,53958,2,2,0,9,28.2
2025-12-30,Spine-2,32,956174914,821287804,233441,200509,2,2,0,8,77.4
2025-12-31,Spine-1,9,527750012,474088129,128845,115744,2,2,0,4,32.2
2025-12-31,Spine-1,19,675341488,883588096,164878,215719,1,2,0,6,39.9
2025-12-31,Spine-1,29,23438317,397213274,5722,96975,0,1,0,7,34.8
2025-12-31,Spine-2,6,67771668,348844586,16545,85167,0,1,0,5,35.1
2025-12-31,Spine-2,16,810710417,952997440,197927,232665,2,1,0,7,53.0
2025-12-31,Spine-2,25,854903189,779644498,208716,190342,1,0,0,9,47.7
2025-12-31,Leaf-1,3,421644050,617694801,102940,150804,0,0,0,14,76.5
2025-12-31,Leaf-1,12,483643177,894677335,118076,218427,2,4,0,2,80.8
2025-12-31,Leaf-1,22,399629787,79731043,97565,19465,1,2,0,17,33.1
2025-12-31,Leaf-1,31,128161548,623021134,31289,152104,0,1,0,16,51.3
2025-12-31,Leaf-2,7,732748786,528117647,178893,128934,3,3,0,10,47.3
2025-12-31,Leaf-2,17,770302289,176600908,188062,43115,1,1,0,0,41.4
2025-12-31,Leaf-2,26,361934277,745437632,88362,181991,4,3,0,10,68.5
2025-12-31,Leaf-3,2,990385273,622082039,241793,151875,2,0,0,16,71.6
2025-12-31,Leaf-3,11,406798279,784969418,99315,191642,0,1,0,10,56.4
2025-12-31,Leaf-3,21,44209050,733332108,10793,179036,2,1,0,12,91.4
2025-12-31,Leaf-3,30,170861751,901430567,41714,220075,3,1,0,14,74.8
2025-12-31,Leaf-4,6,44430941,296815219,10847,72464,0,4,0,11,90.3
2025-12-31,Leaf-4,15,516588350,918970808,126120,224358,1,1,0,18,79.0
2025-12-31,Leaf-4,25,217701796,491293797,53149,119944,4,0,0,11,45.1
