Timestamp,RowA_Power_kW,RowB_Power_kW,RowC_Power_kW,RowD_Power_kW,Network_Power_kW,Storage_Power_kW,Total_IT_kW,RowA_Inlet_C,RowB_Inlet_C,RowC_Inlet_C,RowD_Inlet_C,RowA_Outlet_C,RowB_Outlet_C,RowC_Outlet_C,RowD_Outlet_C,Humidity_PCT,Chiller_Supply_C,Chiller_Return_C,Chiller_Flow_GPM,Outdoor_Temp_C,Total_Facility_kW,PUE_Calculated,UPS_Load_PCT,Generator_Status,CRAC1_kW,CRAC2_kW,CRAC3_kW,CRAC4_kW,Free_Cooling_Active,Economizer_Savings_kW,Alarm_Code
2025-01-01 00:00:00,18.39,22.65,26.33,19.84,5.32,3.61,96.2,19.9,21.1,20.6,18.9,30.7,33.5,37.1,32.7,42.3,7.4,15.4,122.0,-0.5,129.13,1.3423,5.9,Standby,15.9,12.8,16.0,15.0,Yes,21.0,NONE
2025-01-02 16:00:00,18.6,24.56,24.38,20.8,5.2,3.88,97.35,18.9,19.6,22.5,20.1,32.8,33.4,37.5,32.4,37.3,6.6,14.6,124.6,-8.1,130.86,1.3443,5.9,Standby,17.4,12.9,18.8,15.5,Yes,36.1,NONE
2025-01-03 01:00:00,18.06,23.88,22.76,18.46,5.03,3.63,92.16,19.4,20.6,20.8,20.4,30.6,34.2,39.7,32.7,51.0,7.3,15.3,123.9,-0.1,124.1,1.3465,5.6,Standby,14.5,12.7,18.1,14.5,Yes,20.2,NONE
2025-01-04 14:00:00,18.84,24.06,23.22,20.02,5.3,3.85,95.14,18.3,21.2,21.3,18.8,30.1,34.8,37.2,33.9,57.3,6.9,14.9,129.7,-7.4,131.16,1.3787,6.0,Standby,14.1,15.4,15.8,17.2,Yes,34.7,NONE
2025-01-04 19:00:00,19.26,23.71,24.37,19.88,5.5,3.94,96.23,19.0,19.2,22.5,19.7,30.5,32.5,39.5,33.7,55.7,6.5,14.5,121.7,-3.6,132.0,1.3718,6.0,Standby,17.4,14.8,17.2,15.6,Yes,27.1,NONE
2025-01-05 17:00:00,17.83,24.09,22.57,20.13,5.06,3.92,93.62,18.9,20.4,21.3,18.6,30.7,34.2,35.3,31.2,56.1,7.2,15.2,111.5,-7.8,127.33,1.36,5.8,Standby,17.2,15.2,18.0,14.2,Yes,35.6,NONE
2025-01-05 18:00:00,18.87,24.02,22.86,20.13,5.44,3.98,94.89,19.9,20.3,22.9,20.0,30.6,34.4,38.3,32.0,51.0,6.7,14.7,125.9,-11.8,130.88,1.3792,5.9,Standby,16.4,13.0,17.3,16.8,Yes,43.6,NONE
2025-01-08 01:00:00,18.51,24.87,22.5,20.74,5.33,3.72,95.62,19.1,20.7,22.7,20.1,32.7,35.4,39.7,32.2,35.0,6.9,14.9,112.9,3.0,131.64,1.3767,6.0,Standby,14.9,13.4,17.8,16.3,Yes,13.9,NONE
2025-01-09 00:00:00,17.82,24.49,24.82,20.89,5.4,3.87,97.02,19.4,19.9,22.6,20.0,30.5,34.0,39.3,31.2,59.0,7.2,15.2,112.1,-0.2,133.22,1.3732,6.1,Standby,16.7,15.2,16.4,15.0,Yes,20.4,NONE
2025-01-09 16:00:00,18.06,23.92,23.57,18.82,5.45,3.8,93.37,18.7,20.8,20.1,19.4,31.3,36.6,34.1,33.2,53.5,6.8,14.8,128.7,-4.7,127.2,1.3623,5.8,Standby,15.2,12.3,18.4,15.3,Yes,29.3,NONE
2025-01-09 18:00:00,18.43,24.17,22.79,18.7,4.96,3.91,93.09,19.9,21.4,22.6,19.7,32.8,33.4,37.8,32.8,47.1,6.6,14.6,117.3,-8.6,125.92,1.3526,5.7,Standby,16.1,13.0,15.6,16.8,Yes,37.1,NONE
2025-01-10 04:00:00,18.95,23.86,23.92,20.23,5.49,3.94,95.95,19.0,20.5,20.7,19.6,32.8,34.6,39.9,33.4,44.3,6.9,14.9,113.4,2.5,130.62,1.3613,5.9,Standby,16.8,13.1,16.5,15.1,Yes,15.1,NONE
2025-01-10 21:00:00,17.67,23.95,22.31,19.58,5.0,3.95,92.51,19.5,19.6,20.2,19.0,33.6,35.2,38.3,32.0,53.0,7.4,15.4,128.8,-3.2,126.78,1.3705,5.8,Standby,13.3,13.4,17.0,13.8,Yes,26.5,NONE
2025-01-11 21:00:00,19.07,25.11,25.47,19.41,5.07,3.7,98.06,19.3,20.6,22.5,19.3,30.3,33.4,39.9,33.4,52.7,6.7,14.7,119.2,-12.2,132.06,1.3467,6.0,Standby,13.9,14.6,15.3,16.1,Yes,44.4,NONE
2025-01-11 23:00:00,19.07,24.39,27.12,19.52,5.24,3.64,99.11,18.8,20.9,22.1,20.5,31.1,34.5,36.0,32.8,56.4,7.2,15.2,115.6,-5.5,135.01,1.3623,6.1,Standby,16.9,16.4,16.4,17.7,Yes,31.0,NONE
2025-01-13 14:00:00,17.2,23.89,24.3,20.49,5.42,3.98,94.88,19.0,19.9,20.7,18.6,31.1,35.3,37.2,34.8,44.9,7.1,15.1,114.3,-3.9,127.86,1.3476,5.8,Standby,16.1,14.0,16.7,14.4,Yes,27.8,NONE
2025-01-14 02:00:00,17.81,24.18,24.73,19.9,5.26,3.73,95.62,20.0,20.7,20.1,19.2,32.5,32.3,34.1,32.8,43.3,7.3,15.3,119.8,1.9,131.58,1.376,6.0,Standby,15.5,13.5,15.8,16.5,Yes,16.1,NONE
2025-01-14 08:00:00,18.06,23.87,24.54,19.44,5.38,3.96,94.91,19.0,20.1,20.1,20.3,30.1,36.7,36.9,32.4,58.1,6.5,14.5,116.8,3.2,128.45,1.3534,5.8,Standby,13.5,14.5,16.9,14.3,Yes,13.5,NONE
2025-01-14 12:00:00,17.62,24.29,26.74,19.19,5.17,3.82,96.84,19.8,19.3,22.5,18.9,31.6,33.6,36.4,31.6,47.6,6.5,14.5,111.1,-3.7,132.28,1.3659,6.0,Standby,17.1,14.3,17.2,17.3,Yes,27.3,NONE
2025-01-14 13:00:00,18.43,23.88,25.12,19.77,5.38,3.62,96.21,20.0,19.3,22.4,19.3,32.0,36.4,36.5,33.1,36.2,6.7,14.7,115.4,1.5,131.14,1.3631,6.0,Standby,13.7,13.4,17.8,14.2,Yes,17.1,NONE
2025-01-15 23:00:00,17.32,23.81,23.74,19.93,4.96,3.65,93.8,18.2,20.5,20.6,19.0,30.7,36.8,39.1,31.9,43.2,7.0,15.0,113.0,-5.7,127.63,1.3607,5.8,Standby,14.2,14.0,14.7,16.0,Yes,31.4,NONE
2025-01-17 03:00:00,19.91,24.79,24.61,20.55,5.37,3.71,98.87,19.7,20.1,22.5,20.1,30.8,35.5,35.7,32.2,42.4,6.9,14.9,129.0,1.5,134.79,1.3633,6.1,Standby,17.1,13.7,15.5,17.0,Yes,17.0,NONE
2025-01-17 09:00:00,18.77,23.92,22.67,19.19,5.39,3.76,93.55,18.2,19.2,20.2,19.3,31.3,35.6,38.5,31.2,40.5,7.4,15.4,119.9,-1.7,127.68,1.3648,5.8,Standby,14.4,14.2,15.2,13.9,Yes,23.4,NONE
2025-01-19 01:00:00,17.78,24.7,24.79,19.4,5.15,3.98,95.67,19.7,19.7,20.5,19.4,31.6,34.9,37.5,34.0,47.7,7.3,15.3,128.1,2.4,131.02,1.3695,6.0,Standby,14.1,15.8,16.3,17.6,Yes,15.2,NONE
2025-01-19 06:00:00,16.61,24.05,22.45,19.56,4.98,3.6,91.67,18.5,20.8,20.3,20.3,30.9,33.0,35.1,31.1,54.3,6.9,14.9,121.8,7.1,126.08,1.3753,5.7,Standby,16.6,14.3,15.1,14.3,Yes,5.9,NONE
2025-01-19 10:00:00,17.44,23.98,25.41,20.29,5.33,3.62,96.12,18.8,20.8,20.7,20.1,32.5,34.9,36.1,32.9,49.9,7.3,15.3,116.8,6.2,129.51,1.3473,5.9,Standby,15.4,15.0,16.6,14.4,Yes,7.5,NONE
2025-01-19 16:00:00,17.89,24.59,25.0,20.43,5.15,3.94,96.91,18.5,19.0,22.0,18.9,33.6,36.3,34.5,31.4,47.4,6.9,14.9,119.5,-7.5,132.22,1.3644,6.0,Standby,16.3,13.6,18.1,16.2,Yes,35.0,NONE
2025-01-20 16:00:00,19.69,24.05,26.35,19.76,5.19,3.98,98.86,18.6,20.0,22.4,19.6,32.2,32.3,36.4,32.1,60.0,6.9,14.9,125.2,-11.1,133.83,1.3537,6.1,Standby,15.3,16.3,18.1,15.4,Yes,42.2,NONE
2025-01-23 10:00:00,18.07,23.9,24.32,20.14,5.11,3.67,95.43,18.2,21.3,23.0,18.8,30.2,33.6,36.8,31.8,42.5,6.9,14.9,113.9,-1.8,130.53,1.3678,5.9,Standby,14.5,15.5,17.8,16.2,Yes,23.6,NONE
2025-01-24 02:00:00,18.68,23.96,24.9,19.75,5.17,3.88,96.29,18.8,21.3,20.3,19.2,32.8,33.1,37.9,31.7,36.4,6.7,14.7,115.3,-1.9,132.33,1.3742,6.0,Standby,14.4,16.3,17.4,17.1,Yes,23.7,NONE
2025-01-24 11:00:00,18.5,23.71,23.31,19.96,5.38,3.77,94.47,18.3,21.0,20.4,18.9,30.8,34.8,38.7,32.3,37.1,6.7,14.7,129.5,3.0,128.7,1.3624,5.9,Standby,15.3,15.1,15.6,14.3,Yes,14.1,NONE
2025-01-25 07:00:00,16.97,23.78,25.08,19.97,4.94,3.8,94.8,19.6,19.2,20.2,18.8,33.1,35.6,37.4,32.9,57.2,7.1,15.1,118.4,1.5,128.15,1.3518,5.8,Standby,16.4,15.3,17.9,15.9,Yes,17.0,NONE
2025-01-26 06:00:00,18.24,24.43,24.94,20.68,5.11,3.78,97.29,20.0,19.5,20.2,20.2,33.5,34.4,37.1,34.3,53.5,6.9,14.9,128.5,7.5,130.43,1.3407,5.9,Standby,14.7,12.4,16.9,17.1,Yes,5.0,NONE
2025-01-27 10:00:00,18.56,24.52,24.95,18.57,5.12,3.83,95.61,18.5,21.5,21.5,18.9,31.9,36.3,34.1,33.7,48.7,6.8,14.8,118.8,0.3,129.9,1.3587,5.9,Standby,14.3,15.6,16.4,14.8,Yes,19.5,NONE
2025-01-27 21:00:00,19.48,24.2,26.1,19.46,4.94,3.97,98.24,18.1,20.2,22.2,19.3,30.9,35.8,38.7,34.7,44.4,6.6,14.6,125.4,-6.1,133.23,1.3561,6.1,Standby,16.0,14.1,16.3,17.0,Yes,32.2,NONE
2025-01-28 08:00:00,18.4,21.63,24.08,20.6,5.1,3.99,93.72,18.6,20.9,21.6,19.7,31.6,36.8,37.4,34.8,35.2,7.1,15.1,120.5,6.1,128.93,1.3757,5.9,Standby,15.8,15.1,17.7,17.1,Yes,7.8,NONE
2025-01-28 14:00:00,17.43,25.28,25.44,19.81,5.46,3.96,96.97,18.1,19.5,21.4,19.4,32.6,36.7,34.7,32.8,39.8,6.9,14.9,124.9,-6.4,133.46,1.3763,6.1,Standby,17.6,16.5,17.3,14.4,Yes,32.7,NONE
2025-01-29 02:00:00,17.72,23.98,24.78,20.46,5.33,3.92,95.94,18.5,19.8,22.0,19.9,32.8,35.4,36.4,32.6,41.4,7.1,15.1,115.8,3.0,130.26,1.3578,5.9,Standby,14.3,15.1,15.3,17.4,Yes,14.1,NONE
2025-01-29 08:00:00,19.84,24.4,25.14,19.31,5.49,3.89,97.68,19.7,19.1,21.5,19.9,32.2,35.3,38.9,32.5,56.2,7.2,15.2,112.1,2.5,134.4,1.3758,6.1,Standby,14.8,13.9,15.6,15.6,Yes,14.9,NONE
2025-01-30 12:00:00,17.92,24.49,24.66,20.25,5.37,3.61,96.33,19.9,21.0,22.3,20.0,31.6,35.8,36.3,34.6,39.4,6.8,14.8,121.3,-5.2,130.72,1.3571,5.9,Standby,14.9,14.6,16.3,15.4,Yes,30.3,NONE
2025-01-30 14:00:00,18.25,24.05,25.88,20.12,5.23,3.62,97.3,18.2,21.1,20.2,18.8,33.2,32.0,35.7,33.3,49.9,7.3,15.3,118.7,-3.1,132.72,1.3641,6.0,Standby,17.0,14.6,17.3,16.8,Yes,26.2,NONE
2025-01-30 20:00:00,18.42,23.9,24.91,19.75,5.15,3.99,95.98,18.3,20.4,20.3,19.1,32.1,36.7,36.3,31.3,44.7,7.0,15.0,116.4,-4.2,129.15,1.3456,5.9,Standby,14.1,13.1,17.3,13.8,Yes,28.4,NONE
2025-01-31 04:00:00,19.85,24.15,23.8,18.6,5.39,3.71,95.39,19.0,19.9,20.3,20.4,33.4,32.4,38.3,32.4,59.9,6.7,14.7,119.8,2.3,127.89,1.3407,5.8,Standby,14.6,13.0,16.9,16.7,Yes,15.5,NONE
2025-02-01 08:00:00,17.74,23.78,24.54,18.72,5.03,3.97,93.77,19.6,19.1,23.0,19.9,30.6,33.2,38.2,34.1,41.0,7.4,15.4,119.4,8.8,127.02,1.3545,5.8,Standby,14.3,13.2,16.9,13.9,Yes,2.4,NONE
2025-02-01 16:00:00,18.99,23.83,27.18,19.88,5.44,3.93,98.88,18.8,20.8,21.2,19.0,31.4,32.4,36.0,32.8,58.9,7.0,15.0,128.0,-1.4,134.65,1.3618,6.1,Standby,15.4,16.4,16.4,14.9,Yes,22.9,NONE
2025-02-02 09:00:00,18.47,23.72,24.6,19.77,5.33,3.69,95.55,19.5,20.8,22.7,18.6,31.8,35.4,34.6,32.6,58.6,7.4,15.4,120.0,4.3,129.61,1.3565,5.9,Standby,15.3,16.2,15.1,16.4,Yes,11.3,NONE
2025-02-03 18:00:00,16.51,23.92,24.84,19.41,5.17,3.96,93.69,19.4,21.2,22.1,20.4,32.5,36.8,34.9,31.2,49.5,6.9,14.9,120.7,-6.0,127.09,1.3565,5.8,Standby,17.2,13.7,15.4,15.3,Yes,32.0,NONE
2025-02-03 21:00:00,18.35,24.46,24.13,20.41,5.46,3.74,96.35,19.6,20.2,21.2,20.4,32.0,34.3,38.0,32.0,43.1,6.8,14.8,125.5,-1.9,131.2,1.3616,6.0,Standby,17.5,15.1,18.4,14.8,Yes,23.9,NONE
2025-02-04 17:00:00,18.77,23.82,23.92,20.56,5.33,3.75,96.08,18.4,20.3,22.5,19.1,31.0,33.4,39.7,32.4,35.1,6.5,14.5,122.2,-9.5,131.26,1.3662,6.0,Standby,16.9,15.2,15.6,17.7,Yes,39.0,NONE
2025-02-05 18:00:00,18.7,23.78,24.98,20.44,5.5,3.89,96.91,18.0,20.2,21.8,19.9,32.9,34.8,35.3,34.8,52.4,6.6,14.6,124.2,-6.8,131.54,1.3573,6.0,Standby,14.7,13.8,18.8,17.3,Yes,33.6,NONE
2025-02-06 04:00:00,17.29,23.78,25.17,19.57,5.03,3.95,94.81,19.2,21.4,21.7,18.7,30.7,36.9,38.4,31.2,52.6,6.8,14.8,119.1,3.9,129.4,1.3649,5.9,Standby,15.2,13.5,15.4,16.9,Yes,12.2,NONE
2025-02-06 20:00:00,18.96,23.96,25.09,18.61,5.07,3.65,95.61,18.6,21.1,21.1,20.0,30.7,34.1,34.7,31.6,50.4,6.8,14.8,118.8,-2.7,130.3,1.3628,5.9,Standby,16.1,13.2,16.8,17.1,Yes,25.4,NONE
2025-02-07 01:00:00,19.0,23.94,25.45,19.79,4.94,3.88,97.18,19.6,20.7,20.0,18.9,31.4,33.2,39.8,33.6,42.4,7.0,15.0,125.5,2.2,130.53,1.3433,5.9,Standby,17.4,15.3,16.1,15.2,Yes,15.7,NONE
2025-02-07 05:00:00,18.15,23.79,24.52,19.78,4.91,3.74,95.24,19.8,21.5,22.8,20.0,32.2,35.0,37.2,33.8,45.5,7.0,15.0,113.6,2.0,131.37,1.3794,6.0,Standby,16.4,12.9,16.1,17.1,Yes,16.0,NONE
2025-02-07 08:00:00,18.82,23.8,23.48,20.03,5.08,3.9,95.13,19.8,19.3,22.2,19.5,30.4,35.3,37.7,33.1,58.2,6.5,14.5,122.3,4.9,127.65,1.3418,5.8,Standby,15.4,16.0,16.6,13.8,Yes,10.2,NONE
2025-02-08 07:00:00,19.0,24.74,23.64,20.18,5.27,3.8,96.56,18.6,20.3,21.5,18.5,31.1,32.3,39.4,33.9,59.9,6.6,14.6,122.2,4.6,129.47,1.3408,5.9,Standby,14.7,15.8,17.2,15.3,Yes,10.9,NONE
2025-02-10 00:00:00,19.01,24.85,23.94,19.49,5.44,3.62,96.29,19.1,19.3,20.6,20.3,32.0,35.8,34.4,32.7,51.9,7.3,15.3,126.1,4.2,130.66,1.3569,5.9,Standby,14.2,13.7,15.2,16.3,Yes,11.7,NONE
2025-02-10 12:00:00,18.49,24.94,23.7,19.53,5.01,3.7,95.65,19.8,19.8,21.7,19.3,30.3,33.8,36.4,34.6,43.1,6.6,14.6,122.9,-0.5,129.33,1.3521,5.9,Standby,15.0,15.4,17.8,16.7,Yes,21.0,NONE
2025-02-10 15:00:00,18.04,23.99,24.64,19.15,5.33,3.68,94.82,19.6,19.8,21.3,20.0,32.5,33.5,36.3,32.2,49.9,6.9,14.9,118.2,-1.5,127.68,1.3466,5.8,Standby,14.7,14.9,16.9,13.9,Yes,23.0,NONE
2025-02-11 08:00:00,18.81,24.35,23.8,20.1,5.42,3.89,96.06,18.5,21.2,21.7,19.7,30.7,36.3,39.6,34.1,58.5,7.0,15.0,121.1,1.9,129.01,1.3429,5.9,Standby,14.7,15.6,16.7,14.1,Yes,16.1,NONE
2025-02-12 23:00:00,20.09,24.39,25.42,20.05,5.3,3.77,98.94,19.4,20.0,20.3,19.9,33.3,35.6,35.4,34.8,35.6,6.8,14.8,128.6,-3.2,135.45,1.369,6.2,Standby,15.6,13.9,15.8,15.9,Yes,26.3,NONE
2025-02-13 00:00:00,18.73,23.77,24.2,19.91,5.22,3.87,95.61,19.5,19.9,21.7,20.3,33.9,33.1,35.2,33.7,45.4,7.0,15.0,117.7,1.7,131.12,1.3714,6.0,Standby,13.8,13.8,18.3,16.9,Yes,16.7,NONE
2025-02-14 02:00:00,19.62,23.91,24.81,18.14,5.43,3.87,95.48,19.8,19.8,20.8,20.2,31.6,35.5,34.9,34.0,48.7,6.6,14.6,121.9,1.5,131.74,1.3798,6.0,Standby,14.9,14.5,17.9,13.9,Yes,17.1,NONE
2025-02-14 03:00:00,19.02,24.14,25.35,19.45,5.31,3.97,96.96,18.3,20.0,20.2,20.0,31.8,35.5,35.9,34.4,48.4,6.8,14.8,119.4,3.4,131.1,1.3521,6.0,Standby,17.5,12.7,17.1,16.8,Yes,13.1,NONE
2025-02-15 06:00:00,18.67,23.74,24.47,19.82,5.14,3.78,95.71,19.4,20.3,21.1,18.7,32.4,36.3,38.1,32.5,38.2,6.8,14.8,129.2,5.9,130.53,1.3638,5.9,Standby,16.9,16.1,16.5,16.6,Yes,8.2,NONE
2025-02-16 21:00:00,18.64,23.85,22.67,21.19,5.02,3.64,95.35,18.6,21.1,22.0,18.8,33.2,34.5,37.1,32.4,56.6,6.8,14.8,110.2,-8.2,131.21,1.3761,6.0,Standby,15.0,12.8,16.3,16.6,Yes,36.4,NONE
2025-02-17 11:00:00,17.75,23.87,26.32,20.46,5.2,3.84,97.4,19.8,19.5,20.3,19.9,33.3,36.3,37.8,34.3,52.5,7.1,15.1,125.1,5.6,130.74,1.3423,5.9,Standby,14.0,15.4,15.7,14.6,Yes,8.8,NONE
2025-02-18 04:00:00,19.56,24.57,24.96,19.96,5.08,3.82,98.05,19.1,20.4,22.6,19.3,32.1,32.1,38.7,32.0,55.4,6.6,14.6,120.4,4.9,135.28,1.3797,6.1,Standby,15.3,12.9,16.2,18.2,Yes,10.2,NONE
2025-02-18 16:00:00,18.36,24.12,23.89,19.53,5.08,3.91,94.91,18.8,19.5,21.4,19.6,31.8,36.6,35.7,33.6,37.8,7.5,15.5,113.0,-9.2,127.43,1.3426,5.8,Standby,14.9,15.0,15.5,15.7,Yes,38.4,NONE
2025-02-19 15:00:00,19.34,24.44,23.98,19.75,5.34,3.89,96.52,18.6,21.2,22.1,19.2,31.7,35.6,35.3,32.9,51.3,6.8,14.8,114.9,-6.3,132.27,1.3704,6.0,Standby,16.0,15.0,17.4,14.7,Yes,32.6,NONE
2025-02-20 18:00:00,18.07,24.0,26.31,19.46,5.33,3.97,96.85,19.3,20.7,22.2,19.0,32.3,36.2,35.8,34.6,50.5,7.4,15.4,120.2,-7.1,132.69,1.3701,6.0,Standby,15.6,15.1,16.9,17.3,Yes,34.1,NONE
2025-02-21 08:00:00,18.98,23.82,23.63,19.9,5.01,3.85,95.34,18.2,21.4,21.9,20.5,31.4,36.9,34.9,31.2,35.8,7.3,15.3,116.4,3.1,128.57,1.3486,5.8,Standby,15.3,12.5,16.8,14.7,Yes,13.9,NONE
2025-02-24 18:00:00,18.44,20.79,26.68,19.56,4.98,3.63,94.48,19.6,20.7,21.2,20.3,31.6,35.6,39.5,34.4,47.8,7.2,15.2,117.8,-4.7,127.6,1.3506,5.8,Standby,16.0,13.7,17.2,14.3,Yes,29.5,NONE
2025-02-26 09:00:00,19.11,24.52,23.81,19.42,5.02,3.64,95.86,19.3,20.1,20.4,19.8,30.8,34.5,35.8,34.7,40.7,7.3,15.3,118.6,2.9,130.46,1.361,5.9,Standby,15.3,16.2,16.2,16.2,Yes,14.2,NONE
2025-02-27 10:00:00,18.65,24.38,24.88,20.1,5.22,3.75,97.01,18.4,19.1,21.7,19.7,30.6,35.0,39.7,34.9,57.2,6.7,14.7,112.2,0.5,132.01,1.3608,6.0,Standby,17.1,13.4,15.8,15.6,Yes,19.0,NONE
2025-02-27 16:00:00,18.65,24.12,25.86,20.34,5.11,3.72,97.98,18.4,21.1,20.8,19.1,34.0,33.6,36.5,35.0,44.2,6.9,14.9,124.7,-2.6,135.01,1.378,6.1,Standby,15.7,16.2,16.8,15.1,Yes,25.2,NONE
2025-02-28 02:00:00,17.38,24.01,24.53,20.45,5.13,3.88,95.37,19.9,20.8,22.3,20.0,31.3,35.8,38.7,33.1,48.4,7.3,15.3,116.7,-1.4,128.17,1.344,5.8,Standby,16.4,15.4,16.0,16.6,Yes,22.9,NONE
2025-03-01 10:00:00,19.2,24.11,24.96,21.5,5.39,3.7,98.76,19.3,19.3,20.1,18.7,31.3,32.2,37.8,32.3,53.4,7.4,15.4,117.8,7.2,141.41,1.4318,6.4,Standby,15.2,14.4,18.0,16.5,Yes,5.6,NONE
2025-03-01 14:00:00,17.37,23.71,22.08,19.75,5.21,3.98,91.92,19.9,19.9,21.1,19.6,30.4,33.5,35.4,31.9,51.0,7.1,15.1,121.0,3.1,130.83,1.4234,5.9,Standby,15.2,13.1,18.6,17.2,Yes,13.7,NONE
2025-03-01 20:00:00,17.24,23.94,21.64,19.68,5.13,3.94,91.5,19.9,20.0,21.4,19.7,30.8,36.6,36.6,31.7,54.1,6.6,14.6,124.2,-0.6,129.84,1.419,5.9,Standby,14.5,12.9,17.1,16.3,Yes,21.2,NONE
2025-03-04 04:00:00,18.26,23.81,22.63,19.94,5.42,3.84,93.64,18.7,19.4,22.0,18.9,31.7,36.1,34.8,31.5,40.6,7.4,15.4,122.7,11.4,135.69,1.4491,6.2,Standby,16.5,13.9,17.7,15.5,No,0.0,NONE
2025-03-05 00:00:00,18.5,23.91,22.31,19.07,4.9,3.83,92.78,18.2,20.0,21.9,19.9,33.1,35.0,35.5,34.6,55.3,6.7,14.7,129.3,0.3,132.92,1.4327,6.0,Standby,14.6,15.9,19.2,16.5,Yes,19.4,NONE
2025-03-08 03:00:00,19.06,24.07,24.7,19.17,5.4,3.69,96.0,18.8,20.3,21.5,20.3,31.2,32.3,39.5,31.9,44.5,7.1,15.1,119.0,8.9,139.0,1.448,6.3,Standby,16.8,17.2,18.2,16.5,Yes,2.1,NONE
2025-03-09 16:00:00,18.14,24.31,23.31,18.8,4.94,3.8,93.56,18.4,20.2,20.6,19.9,30.3,36.8,35.2,33.6,57.9,7.5,15.5,121.6,6.5,135.17,1.4447,6.1,Standby,15.2,16.6,17.1,18.1,Yes,7.0,NONE
2025-03-10 08:00:00,17.03,23.8,24.52,19.21,5.28,3.93,93.56,18.6,20.6,20.3,20.4,30.2,34.2,37.2,34.2,38.0,7.4,15.4,115.2,2.4,128.65,1.3751,5.8,Standby,15.2,13.4,16.0,16.6,Yes,15.3,NONE
2025-03-11 09:00:00,17.82,23.8,23.09,20.11,5.45,3.75,93.82,19.0,19.4,22.2,19.6,31.8,36.7,39.3,33.6,58.0,6.8,14.8,117.7,5.1,130.17,1.3874,5.9,Standby,15.9,15.6,16.6,14.0,Yes,9.8,NONE
2025-03-11 16:00:00,16.83,24.21,25.85,19.68,5.0,3.91,95.58,19.2,20.9,22.0,18.7,31.2,34.5,35.8,31.8,56.7,6.7,14.7,115.8,-3.8,137.2,1.4355,6.2,Standby,17.5,14.5,18.9,17.0,Yes,27.6,NONE
2025-03-11 23:00:00,19.03,24.06,24.7,20.0,5.03,3.81,96.79,18.2,20.5,22.8,19.9,30.9,36.9,35.8,32.7,47.5,6.6,14.6,125.3,4.3,135.22,1.397,6.1,Standby,18.2,13.1,18.4,15.7,Yes,11.5,NONE
2025-03-12 12:00:00,18.65,23.9,26.21,20.57,4.99,3.94,98.32,18.6,21.4,22.1,19.3,31.1,33.2,38.1,34.6,53.9,6.7,14.7,127.4,2.3,142.5,1.4493,6.5,Standby,18.4,16.8,20.4,18.1,Yes,15.4,NONE
2025-03-12 16:00:00,17.37,25.26,26.07,20.44,5.12,3.64,98.15,18.9,21.0,20.3,19.1,31.5,32.5,38.6,34.1,55.9,7.3,15.3,114.7,1.8,134.88,1.3743,6.1,Standby,16.5,14.9,16.6,16.8,Yes,16.5,NONE
2025-03-14 02:00:00,19.27,23.91,25.93,20.65,5.28,3.66,98.76,19.8,19.9,22.9,19.3,30.6,36.4,38.8,34.1,37.2,7.3,15.3,125.4,8.0,140.54,1.423,6.4,Standby,18.4,15.8,18.2,18.5,Yes,4.0,NONE
2025-03-14 05:00:00,17.06,23.96,24.56,21.81,5.02,3.88,96.4,19.6,20.8,21.9,19.1,32.8,35.0,34.3,34.6,37.0,6.6,14.6,116.9,15.9,134.52,1.3954,6.1,Standby,16.2,14.8,18.8,17.8,No,0.0,NONE
2025-03-14 22:00:00,17.81,24.35,20.95,21.27,5.08,3.78,93.39,18.8,19.8,20.7,18.7,32.0,34.7,36.0,34.9,48.9,6.9,14.9,122.9,2.3,132.94,1.4235,6.0,Standby,17.5,14.9,16.0,17.9,Yes,15.4,NONE
2025-03-16 18:00:00,18.19,24.52,25.66,19.91,4.95,3.91,97.28,20.0,19.2,22.4,19.0,30.8,35.5,34.3,32.9,35.0,6.9,14.9,120.9,2.7,137.59,1.4145,6.3,Standby,16.7,15.0,19.5,17.4,Yes,14.6,NONE
2025-03-16 23:00:00,17.66,24.32,23.62,19.46,5.21,3.72,94.06,19.6,19.1,22.6,19.9,31.8,36.6,38.2,34.7,46.8,6.6,14.6,118.7,-0.1,133.61,1.4205,6.1,Standby,15.8,14.8,15.6,17.7,Yes,20.2,NONE
2025-03-17 08:00:00,18.13,23.82,26.04,20.44,5.09,3.89,97.43,18.5,20.5,21.2,18.8,31.7,33.6,34.7,34.3,47.5,7.3,15.3,122.4,4.4,138.47,1.4212,6.3,Standby,16.0,15.3,19.0,14.7,Yes,11.3,NONE
2025-03-17 09:00:00,17.52,24.76,24.66,20.67,4.93,3.95,96.6,18.1,19.1,20.0,19.9,31.8,32.5,39.1,31.8,43.2,6.9,14.9,122.4,8.1,133.41,1.381,6.1,Standby,14.7,16.4,18.4,16.9,Yes,3.9,NONE
2025-03-17 11:00:00,18.39,24.03,24.16,20.17,5.46,3.88,95.76,19.9,19.8,20.3,20.1,33.2,35.1,37.5,34.7,39.4,7.5,15.5,121.1,5.0,133.5,1.3941,6.1,Standby,16.5,12.9,15.9,15.8,Yes,10.1,NONE
2025-03-18 17:00:00,19.3,23.74,24.43,20.1,4.9,3.72,96.57,18.5,21.1,22.6,19.1,30.4,33.0,35.1,31.9,40.9,7.2,15.2,122.0,0.5,135.17,1.3998,6.1,Standby,16.1,14.1,17.8,15.6,Yes,18.9,NONE
2025-03-20 04:00:00,18.16,23.93,23.01,21.03,5.15,3.85,95.13,18.2,19.2,21.4,20.3,32.6,35.3,34.9,32.8,45.0,7.3,15.3,126.3,11.0,134.59,1.4147,6.1,Standby,17.3,13.4,17.7,17.8,No,0.0,NONE
2025-03-21 03:00:00,18.75,24.42,25.18,20.11,5.43,3.83,97.45,19.0,20.8,22.0,18.6,32.9,34.0,39.6,34.9,46.2,6.8,14.8,122.7,7.4,138.41,1.4203,6.3,Standby,18.5,14.5,18.7,14.9,Yes,5.2,NONE
2025-03-21 13:00:00,17.76,24.25,22.68,19.23,5.41,3.94,92.92,19.7,21.0,20.7,19.5,33.6,35.8,34.0,32.8,35.3,6.7,14.7,111.2,3.3,127.37,1.3708,5.8,Standby,14.4,13.8,18.1,15.9,Yes,13.3,NONE
2025-03-21 23:00:00,18.91,24.5,23.54,19.92,5.45,3.69,95.87,18.1,21.5,22.1,20.3,30.6,36.0,38.9,31.6,39.0,6.8,14.8,124.5,7.1,133.59,1.3934,6.1,Standby,15.2,13.6,19.3,15.5,Yes,5.9,NONE
2025-03-22 13:00:00,19.59,23.73,26.59,19.17,5.42,3.8,98.08,19.1,20.5,22.3,19.5,31.7,33.4,34.8,31.8,35.0,7.2,15.2,112.1,-2.8,135.27,1.3792,6.1,Standby,17.7,15.9,16.5,14.2,Yes,25.5,NONE
2025-03-23 11:00:00,17.5,24.06,24.82,20.95,5.21,3.82,96.32,18.7,20.0,22.8,18.9,30.5,36.2,37.5,32.1,45.8,7.0,15.0,127.7,2.7,139.16,1.4447,6.3,Standby,16.8,15.7,19.4,16.3,Yes,14.6,NONE
2025-03-24 00:00:00,17.0,19.78,24.04,20.18,4.92,3.97,89.99,18.4,20.7,22.3,20.2,30.7,34.7,34.5,34.2,47.2,6.9,14.9,120.1,2.4,125.88,1.3988,5.7,Standby,13.7,14.7,15.7,13.6,Yes,15.2,NONE
2025-03-27 15:00:00,19.27,24.08,24.72,19.73,5.07,3.69,96.79,19.8,19.7,21.9,20.1,30.1,32.2,36.0,33.8,41.5,6.9,14.9,117.0,3.6,138.55,1.4314,6.3,Standby,14.6,14.4,16.4,15.5,Yes,12.8,NONE
2025-03-28 14:00:00,17.7,23.98,24.28,19.79,5.4,3.76,94.75,19.5,20.3,22.8,19.2,31.5,36.8,38.4,34.1,42.4,7.3,15.3,118.3,2.4,132.29,1.3962,6.0,Standby,16.0,13.8,16.2,16.0,Yes,15.3,NONE
2025-03-31 03:00:00,18.86,23.88,26.16,19.16,5.18,3.76,97.06,19.5,20.6,21.9,20.3,34.0,34.8,36.1,34.1,38.6,7.0,15.0,121.0,13.9,134.47,1.3854,6.1,Standby,16.2,14.9,19.4,18.1,No,0.0,NONE
2025-04-01 04:00:00,19.81,24.12,25.05,19.94,5.11,3.65,97.92,19.3,20.9,20.6,19.5,31.6,33.0,35.5,32.0,45.5,7.2,15.2,128.0,17.9,139.44,1.4241,6.3,Standby,16.3,15.6,16.5,17.1,No,0.0,NONE
2025-04-02 10:00:00,18.19,23.69,22.46,19.41,5.32,3.71,92.75,19.1,20.5,21.1,19.8,33.2,33.8,34.1,32.4,37.9,7.0,15.0,124.8,13.5,134.04,1.4452,6.1,Standby,14.7,14.2,16.3,17.8,No,0.0,NONE
2025-04-02 11:00:00,18.71,24.16,23.91,20.91,5.13,3.99,96.68,18.0,20.8,22.8,18.6,33.5,34.1,39.3,32.2,59.6,7.3,15.3,116.1,12.0,132.8,1.3736,6.0,Standby,16.5,15.1,18.5,15.7,No,0.0,NONE
2025-04-03 02:00:00,18.44,24.61,26.82,20.01,5.29,3.6,98.87,19.3,21.3,21.1,19.1,32.5,33.6,36.4,32.1,43.6,7.4,15.4,118.9,16.0,139.12,1.4071,6.3,Standby,17.4,17.0,18.4,14.7,No,0.0,NONE
2025-04-03 12:00:00,18.7,24.0,24.8,19.31,5.14,3.98,95.81,19.0,21.5,22.6,19.8,30.0,33.5,36.5,33.6,44.9,7.2,15.2,117.9,12.9,135.92,1.4187,6.2,Standby,17.6,15.6,17.1,17.4,No,0.0,NONE
2025-04-04 18:00:00,17.8,23.98,24.53,20.62,5.23,3.7,95.93,18.3,21.0,20.6,19.4,33.8,35.1,37.0,32.4,48.0,6.5,14.5,117.7,7.5,132.7,1.3833,6.0,Standby,16.9,15.9,17.8,17.1,Yes,5.0,NONE
2025-04-05 13:00:00,19.28,24.24,26.38,19.72,4.98,3.85,98.61,18.1,20.0,21.2,20.2,30.7,35.2,35.2,34.8,48.2,7.4,15.4,124.7,6.0,140.2,1.4217,6.4,Standby,17.7,16.0,17.4,18.4,Yes,7.9,NONE
2025-04-05 17:00:00,17.9,24.0,24.7,19.6,5.29,3.76,95.2,19.3,19.3,20.4,19.0,31.6,33.3,34.5,32.3,52.6,7.2,15.2,111.5,2.6,130.55,1.3714,5.9,Standby,16.0,16.2,16.7,15.0,Yes,14.7,NONE
2025-04-07 18:00:00,19.11,24.04,23.78,18.89,5.32,3.77,94.81,18.8,19.4,22.4,19.3,32.8,33.5,38.8,31.4,50.6,7.3,15.3,122.0,3.6,136.57,1.4404,6.2,Standby,17.6,15.7,18.5,16.5,Yes,12.8,NONE
2025-04-10 02:00:00,19.29,23.91,25.79,20.31,5.4,3.63,98.3,20.0,19.6,20.6,20.4,31.8,36.0,35.7,34.5,55.8,6.9,14.9,130.2,16.2,138.56,1.4095,6.3,Standby,16.7,16.1,19.9,16.4,No,0.0,NONE
2025-04-11 00:00:00,18.4,23.75,24.39,20.34,5.46,3.64,95.88,18.4,20.8,20.9,20.0,31.7,36.0,37.3,31.3,44.7,6.5,14.5,119.4,10.3,134.89,1.4069,6.1,Standby,15.5,16.1,18.0,17.3,No,0.0,NONE
2025-04-12 08:00:00,17.38,23.69,24.47,20.15,5.33,3.79,94.7,18.7,21.1,23.0,18.9,33.6,34.7,36.7,34.6,57.8,6.9,14.9,121.4,15.2,134.75,1.423,6.1,Standby,15.3,14.3,18.9,16.1,No,0.0,NONE
2025-04-14 02:00:00,18.34,23.7,23.39,19.9,5.42,3.73,94.33,18.2,20.3,21.3,19.0,33.6,35.0,36.1,35.0,38.4,6.7,14.7,119.7,15.3,134.49,1.4256,6.1,Standby,17.5,13.7,16.4,16.1,No,0.0,NONE
2025-04-14 19:00:00,19.01,23.82,25.34,19.85,5.24,3.73,97.02,18.3,20.1,22.4,20.0,32.6,37.0,39.8,32.6,39.8,7.4,15.4,124.2,3.4,133.95,1.3807,6.1,Standby,15.9,16.1,17.2,15.4,Yes,13.1,NONE
2025-04-15 08:00:00,17.85,23.8,24.33,18.42,5.45,3.97,93.4,19.6,19.4,20.4,19.6,32.9,36.5,39.4,31.6,59.9,7.0,15.0,115.8,16.7,127.99,1.3704,5.8,Standby,14.0,15.4,17.0,16.1,No,0.0,NONE
2025-04-16 13:00:00,19.52,24.33,24.3,19.36,5.29,3.95,96.51,19.6,19.7,20.1,19.3,31.3,33.9,37.4,31.1,44.3,6.6,14.6,118.2,15.8,133.25,1.3807,6.1,Standby,16.2,14.4,18.0,14.7,No,0.0,NONE
2025-04-16 15:00:00,18.57,23.87,23.86,19.98,5.25,3.6,95.28,19.3,20.2,20.7,18.5,30.6,35.0,38.0,33.6,38.8,6.6,14.6,119.8,6.1,130.94,1.3742,6.0,Standby,17.4,14.0,18.1,14.4,Yes,7.8,NONE
2025-04-16 20:00:00,18.22,23.94,25.33,20.81,5.43,3.66,97.3,19.1,20.3,20.8,18.6,30.6,36.8,39.6,31.5,44.4,7.2,15.2,116.1,10.9,135.66,1.3942,6.2,Standby,16.1,14.8,16.8,17.9,No,0.0,NONE
2025-04-17 04:00:00,18.43,24.22,25.81,19.44,5.43,3.73,96.9,18.7,19.7,22.9,19.6,32.4,35.7,36.0,34.9,38.8,6.8,14.8,115.3,12.0,134.61,1.3891,6.1,Standby,16.0,13.4,18.7,14.6,No,0.0,NONE
2025-04-17 14:00:00,18.27,24.53,25.08,20.15,5.33,3.7,97.02,18.1,19.9,22.2,20.3,30.2,36.1,34.4,32.3,35.6,6.9,14.9,117.8,9.7,135.69,1.3985,6.2,Standby,17.9,15.8,17.1,15.8,Yes,0.7,NONE
2025-04-18 08:00:00,16.79,24.86,24.03,19.41,5.11,3.93,94.1,19.9,19.8,22.4,19.5,31.1,35.4,36.8,32.1,37.7,7.4,15.4,121.4,17.4,134.91,1.4337,6.1,Standby,17.7,16.4,15.8,16.8,No,0.0,NONE
2025-04-18 10:00:00,18.69,23.73,22.76,20.02,4.96,3.96,94.2,18.4,19.8,22.9,18.8,31.0,34.9,39.9,33.8,37.9,6.8,14.8,124.3,14.5,135.11,1.4344,6.1,Standby,17.2,14.6,19.5,16.7,No,0.0,NONE
2025-04-18 17:00:00,18.26,23.96,26.02,19.72,5.4,3.75,96.96,19.1,19.7,22.5,20.1,33.3,32.3,36.9,31.5,51.8,6.9,14.9,121.3,4.8,134.59,1.3881,6.1,Standby,15.4,15.9,15.8,16.2,Yes,10.4,NONE
2025-04-19 08:00:00,17.94,23.72,23.41,20.28,5.43,3.93,94.36,18.3,20.9,21.3,19.2,33.5,34.8,37.0,34.1,48.8,7.1,15.1,134.2,19.5,134.36,1.4239,6.1,Standby,17.6,13.2,18.6,14.8,No,0.0,NONE
2025-04-20 01:00:00,18.22,24.02,22.81,20.24,5.19,3.78,94.28,19.5,20.9,22.3,19.0,32.5,35.9,37.4,34.1,56.4,7.2,15.2,120.7,11.2,133.17,1.4124,6.1,Standby,14.7,13.9,17.7,15.1,No,0.0,NONE
2025-04-20 02:00:00,17.43,22.98,23.8,19.4,5.07,3.67,92.6,19.6,19.1,21.0,20.1,32.0,35.4,34.4,34.0,39.3,6.8,14.8,124.8,13.8,133.77,1.4447,6.1,Standby,17.3,15.0,18.3,14.9,No,0.0,NONE
2025-04-22 00:00:00,18.35,23.92,23.17,20.88,5.14,3.88,95.32,18.1,21.1,21.0,20.1,31.2,32.9,36.3,34.2,52.6,7.1,15.1,122.5,15.5,132.12,1.386,6.0,Standby,15.5,16.3,16.8,15.3,No,0.0,NONE
2025-04-22 11:00:00,18.68,23.85,22.67,19.2,4.92,3.64,93.41,19.4,21.1,22.3,20.1,31.0,36.9,34.5,34.3,37.4,7.1,15.1,113.7,8.5,134.33,1.4381,6.1,Standby,15.2,14.8,15.7,15.7,Yes,3.0,NONE
2025-04-22 19:00:00,18.13,24.63,24.81,19.28,5.27,4.0,95.85,19.7,20.7,22.3,20.2,31.9,34.8,39.4,33.8,38.4,6.9,14.9,114.2,11.6,133.76,1.3955,6.1,Standby,17.2,12.8,18.8,17.2,No,0.0,NONE
2025-04-23 00:00:00,18.4,24.61,25.71,20.09,5.22,3.63,97.81,19.9,19.4,22.4,19.6,33.0,34.6,34.4,32.5,50.5,7.0,15.0,128.4,12.2,139.56,1.4268,6.3,Standby,17.3,17.2,18.6,15.9,No,0.0,NONE
2025-04-24 05:00:00,18.04,23.71,25.14,20.61,5.33,3.82,96.5,18.7,19.8,20.3,18.9,32.9,35.0,36.1,34.3,47.1,6.9,14.9,119.4,17.1,133.16,1.3799,6.1,Standby,17.2,15.8,18.7,17.4,No,0.0,NONE
2025-04-25 19:00:00,19.0,23.99,25.06,20.75,5.03,3.6,97.8,18.2,19.5,20.6,20.0,31.5,33.6,34.3,33.2,50.3,7.2,15.2,118.7,4.6,141.22,1.444,6.4,Standby,18.5,15.5,16.4,15.2,Yes,10.8,NONE
2025-04-28 08:00:00,18.38,24.36,24.46,18.35,5.25,3.63,94.55,19.1,20.9,21.8,20.3,31.1,34.5,34.5,33.8,46.1,7.3,15.3,122.2,17.4,134.57,1.4232,6.1,Standby,16.3,13.3,19.5,17.2,No,0.0,NONE
2025-04-29 18:00:00,18.58,23.79,26.11,20.27,5.27,3.75,97.75,19.8,21.5,20.2,20.4,30.8,33.0,34.3,34.7,54.0,6.8,14.8,126.9,7.5,141.7,1.4496,6.4,Standby,15.2,16.1,16.9,18.0,Yes,4.9,NONE
2025-04-29 22:00:00,19.1,23.71,25.38,19.29,5.05,3.92,96.48,18.3,19.5,22.3,19.0,33.2,35.9,35.5,31.3,39.2,6.8,14.8,125.4,9.0,136.7,1.4169,6.2,Standby,17.4,16.4,17.3,15.1,Yes,2.0,NONE
2025-04-29 23:00:00,19.05,24.28,26.67,19.67,5.4,3.67,98.68,19.1,20.7,21.9,19.7,32.7,36.4,36.2,33.5,52.4,6.9,14.9,114.7,5.1,140.71,1.4259,6.4,Standby,17.2,17.1,18.9,16.6,Yes,9.9,NONE
2025-04-30 00:00:00,19.47,24.48,25.59,20.82,5.11,3.69,99.36,18.8,21.0,20.1,19.4,31.0,36.4,36.5,33.8,43.9,7.4,15.4,125.1,11.9,136.91,1.3779,6.2,Standby,15.7,14.4,18.5,18.3,No,0.0,NONE
2025-04-30 06:00:00,18.83,23.71,24.18,19.27,5.3,3.92,94.99,18.9,20.7,21.3,20.8,33.4,36.3,38.3,32.9,41.9,7.4,16.5,136.2,23.8,130.39,1.3727,5.9,Standby,16.3,16.0,15.8,15.9,No,0.0,NONE
2025-04-30 08:00:00,19.21,23.88,25.49,20.48,5.11,3.69,98.06,19.6,21.2,22.7,19.3,31.0,32.5,38.0,32.3,41.9,7.0,15.0,118.3,15.3,134.74,1.3741,6.1,Standby,15.7,15.0,16.2,18.0,No,0.0,NONE
2025-05-01 00:00:00,19.27,24.35,22.41,19.72,5.4,3.82,94.75,18.9,21.3,22.9,19.3,32.2,37.2,35.4,32.4,46.3,6.7,15.1,132.7,21.1,134.15,1.4159,6.1,Standby,14.5,13.8,17.6,15.0,No,0.0,NONE
2025-05-05 11:00:00,18.19,23.99,25.96,18.98,5.29,3.61,96.13,19.8,21.4,21.8,18.7,33.7,36.0,34.2,33.3,37.9,6.5,14.5,120.7,15.0,138.18,1.4374,6.3,Standby,15.1,14.0,17.5,18.1,No,0.0,NONE
2025-05-08 01:00:00,18.24,24.5,22.69,21.0,5.47,3.86,95.42,19.7,19.4,22.5,20.6,32.9,36.0,40.3,32.8,56.2,7.3,15.7,133.1,21.3,132.09,1.3843,6.0,Standby,15.4,14.2,17.8,14.9,No,0.0,NONE
2025-05-08 03:00:00,17.73,24.81,23.92,19.95,5.06,3.65,95.42,19.0,20.6,21.2,18.9,30.5,36.0,39.9,31.8,41.8,6.8,15.4,140.5,22.0,136.04,1.4257,6.2,Standby,14.4,16.5,17.5,18.0,No,0.0,NONE
2025-05-08 17:00:00,19.42,24.11,22.7,20.02,5.37,3.65,95.25,19.6,19.7,20.9,19.5,31.6,32.6,37.6,31.9,46.1,7.5,15.5,116.4,12.0,137.87,1.4476,6.3,Standby,15.5,16.6,17.3,18.1,No,0.0,NONE
2025-05-09 07:00:00,18.6,23.75,24.67,18.8,5.3,3.67,94.81,18.6,20.9,22.5,19.0,30.7,33.5,40.3,34.3,59.5,7.2,16.1,134.2,22.9,130.83,1.3798,5.9,Standby,16.4,16.3,16.8,16.1,No,0.0,NONE
2025-05-10 23:00:00,18.91,24.16,27.61,20.07,5.32,3.98,99.75,19.9,21.2,20.3,19.9,32.0,35.3,38.4,34.0,57.2,7.4,15.7,135.7,20.9,142.32,1.4268,6.5,Standby,18.7,16.1,20.1,18.1,No,0.0,NONE
2025-05-11 00:00:00,18.39,23.92,24.75,19.8,5.41,3.88,95.86,18.6,19.2,22.3,18.9,31.8,34.7,38.1,32.9,52.4,6.6,14.6,133.8,18.1,137.9,1.4385,6.3,Standby,17.8,16.0,17.1,18.1,No,0.0,NONE
2025-05-11 01:00:00,17.19,24.39,23.78,21.87,5.36,3.71,96.23,18.2,21.1,20.5,18.6,31.6,33.3,35.4,31.7,53.8,6.9,15.0,135.9,20.2,137.65,1.4304,6.3,Standby,17.7,13.3,18.1,15.1,No,0.0,NONE
2025-05-11 19:00:00,18.36,23.92,23.99,20.08,5.34,3.8,95.35,19.6,21.1,22.3,18.7,31.8,33.6,37.1,34.9,38.1,7.2,15.2,111.2,12.1,132.96,1.3944,6.0,Standby,17.4,16.6,19.2,17.1,No,0.0,NONE
2025-05-12 06:00:00,18.04,23.7,25.68,20.85,5.03,3.9,97.27,18.3,19.6,22.7,20.4,30.5,33.9,38.1,35.0,49.9,7.6,16.0,134.9,21.2,139.78,1.437,6.4,Standby,18.1,17.1,18.2,17.7,No,0.0,NONE
2025-05-12 20:00:00,18.38,24.18,22.71,19.88,5.11,3.62,94.15,18.3,20.8,21.9,19.1,32.2,36.1,39.0,33.6,38.1,6.7,14.7,116.2,16.5,132.6,1.4085,6.0,Standby,14.6,13.8,17.9,14.9,No,0.0,NONE
2025-05-13 06:00:00,16.97,25.45,24.54,22.02,5.38,3.94,97.98,18.3,20.3,23.3,18.9,33.7,33.3,39.8,34.2,54.5,7.1,15.9,138.7,22.7,137.32,1.4015,6.2,Standby,18.4,16.9,17.1,16.0,No,0.0,NONE
2025-05-14 11:00:00,18.1,24.78,25.61,19.25,5.28,3.82,96.74,19.5,19.4,21.3,20.2,30.0,35.1,38.7,32.5,57.1,6.9,14.9,127.1,19.9,135.53,1.401,6.2,Standby,17.2,15.3,16.4,16.9,No,0.0,NONE
2025-05-17 04:00:00,18.19,21.5,23.71,19.37,4.99,3.66,91.77,18.7,21.5,21.3,19.3,31.0,32.7,35.7,34.4,60.5,7.2,16.0,126.6,22.5,127.04,1.3844,5.8,Standby,16.2,15.4,17.7,14.4,No,0.0,NONE
2025-05-17 11:00:00,17.81,23.8,24.42,19.45,5.06,3.98,94.48,20.1,20.7,21.9,18.8,33.6,33.4,35.5,33.1,44.7,7.1,15.7,128.5,22.0,131.72,1.3942,6.0,Standby,14.2,13.1,19.1,16.7,No,0.0,NONE
2025-05-17 12:00:00,19.15,23.93,23.2,19.86,5.28,3.72,95.14,19.6,20.5,21.1,19.6,32.8,33.1,36.0,32.0,59.0,7.4,15.4,119.1,13.1,134.67,1.4154,6.1,Standby,14.3,13.0,16.9,16.3,No,0.0,NONE
2025-05-17 20:00:00,18.26,23.74,25.21,19.4,5.04,3.68,95.61,19.9,20.6,22.1,18.7,30.8,36.0,37.4,31.2,49.1,7.3,15.3,111.7,14.9,132.77,1.3886,6.0,Standby,15.8,13.2,17.6,14.6,No,0.0,NONE
2025-05-18 09:00:00,17.42,24.1,24.49,19.78,5.3,3.81,94.79,19.2,20.5,20.4,18.9,30.0,36.9,35.3,34.3,54.5,6.6,14.6,126.5,17.5,131.93,1.3918,6.0,Standby,16.7,14.3,17.5,14.6,No,0.0,NONE
2025-05-20 21:00:00,18.08,24.06,22.68,19.47,5.05,3.69,93.29,19.4,21.4,22.8,20.1,30.3,33.2,38.1,32.2,44.8,7.0,15.0,125.2,16.0,131.67,1.4113,6.0,Standby,17.6,12.8,18.6,14.0,No,0.0,NONE
2025-05-21 20:00:00,17.1,23.72,26.69,18.21,5.03,3.73,94.72,18.5,20.7,22.1,19.1,33.9,33.4,39.0,32.2,45.3,6.8,14.8,123.4,17.3,136.66,1.4428,6.2,Standby,17.1,15.3,17.8,17.6,No,0.0,NONE
2025-05-22 07:00:00,19.53,24.29,26.29,21.02,5.17,3.78,100.13,18.6,20.1,21.6,21.1,34.2,34.2,38.8,33.0,45.4,8.4,18.1,146.3,25.9,143.58,1.4339,6.5,Standby,17.6,16.2,20.2,15.9,No,0.0,NONE
2025-05-23 01:00:00,18.79,23.83,25.24,21.71,4.97,3.91,98.56,19.9,19.4,22.4,19.7,31.8,35.3,38.8,34.9,51.5,6.5,14.5,123.3,15.6,135.34,1.3731,6.2,Standby,17.2,15.3,17.9,14.5,No,0.0,NONE
2025-05-24 19:00:00,18.71,24.6,24.0,20.32,5.23,3.93,96.63,19.9,20.4,22.4,19.6,30.1,36.8,38.9,34.0,46.0,7.3,15.3,119.2,11.3,132.99,1.3762,6.0,Standby,17.7,14.6,18.2,14.4,No,0.0,NONE
2025-05-25 11:00:00,18.48,25.17,25.35,19.9,5.31,3.7,97.9,19.0,20.3,20.2,20.2,31.8,36.5,36.3,32.6,41.1,7.2,15.2,130.8,19.5,141.39,1.4443,6.4,Standby,17.5,15.7,20.0,16.7,No,0.0,NONE
2025-05-27 00:00:00,17.2,23.85,25.14,19.51,5.49,3.91,94.69,19.4,19.2,20.6,19.2,33.7,33.7,38.9,31.4,51.6,6.7,14.7,127.8,16.8,134.36,1.4189,6.1,Standby,17.2,15.0,18.5,17.0,No,0.0,NONE
2025-05-30 09:00:00,18.7,24.46,24.42,21.07,4.92,3.91,97.65,19.0,19.5,20.2,18.6,30.3,33.0,35.6,32.2,51.2,7.2,15.5,129.3,20.9,138.55,1.4189,6.3,Standby,15.6,15.9,19.3,16.2,No,0.0,ALM-GEN-001: Monthly generator test event
2025-05-31 20:00:00,18.36,23.69,23.81,20.39,5.09,3.78,95.25,19.3,19.0,21.6,18.5,31.8,32.4,37.4,32.3,47.0,7.4,15.4,116.9,14.1,137.4,1.4426,6.2,Standby,18.3,14.5,18.7,17.2,No,0.0,NONE
2025-05-31 23:00:00,18.59,24.38,24.45,20.56,4.97,3.78,96.99,19.4,19.7,22.7,20.2,32.3,32.3,37.5,32.7,53.1,7.3,15.3,120.3,12.9,134.17,1.3834,6.1,Standby,15.2,15.2,17.7,16.2,No,0.0,NONE
2025-06-01 00:00:00,17.68,22.77,24.61,21.5,5.34,3.81,95.55,20.3,21.9,21.6,19.2,32.4,33.6,40.2,32.6,59.1,7.4,16.9,133.5,24.9,145.77,1.5255,6.6,Standby,17.2,15.1,19.0,17.9,No,0.0,NONE
2025-06-01 01:00:00,17.69,23.27,24.44,20.2,5.23,3.86,94.6,19.2,20.9,23.5,19.7,31.3,36.7,38.4,33.6,56.7,7.2,16.6,144.6,24.5,146.33,1.5468,6.7,Standby,17.8,16.6,20.7,15.8,No,0.0,NONE
2025-06-01 02:00:00,18.28,21.42,26.33,20.27,4.94,3.99,95.29,20.3,22.2,23.2,20.0,34.2,36.8,42.3,35.0,40.2,8.7,19.4,156.2,28.9,145.25,1.5242,6.6,Standby,18.2,14.2,20.7,17.4,No,0.0,NONE
2025-06-01 03:00:00,17.27,22.18,25.17,21.58,4.96,3.94,95.21,20.1,21.8,21.5,19.3,31.5,36.5,39.2,32.9,47.3,8.0,18.2,135.8,27.4,145.22,1.5253,6.6,Standby,17.5,16.7,20.1,18.0,No,0.0,NONE
2025-06-01 04:00:00,18.16,22.13,24.86,18.98,5.04,3.65,93.14,20.6,20.8,21.5,20.2,35.2,36.5,39.7,33.1,57.6,8.3,19.2,155.7,29.6,141.44,1.5185,6.4,Standby,16.3,16.5,18.0,17.1,No,0.0,NONE
2025-06-01 05:00:00,17.46,22.38,26.02,18.84,4.94,3.98,93.7,19.6,20.1,24.0,19.8,34.1,34.5,40.5,36.4,63.3,8.6,18.7,145.1,27.3,144.84,1.5458,6.6,Standby,15.9,17.0,19.5,18.6,No,0.0,NONE
2025-06-01 06:00:00,17.16,23.19,24.26,19.58,5.27,3.94,93.19,20.5,21.4,23.5,20.0,34.9,37.6,38.0,34.8,39.8,7.7,17.8,134.3,27.0,142.19,1.5258,6.5,Standby,15.6,17.4,16.5,15.9,No,0.0,NONE
2025-06-01 07:00:00,18.84,21.23,25.7,19.81,4.98,3.84,94.58,20.1,20.8,24.2,21.3,36.3,35.4,39.0,36.7,50.9,9.2,20.8,163.6,32.1,145.1,1.5343,6.6,Standby,17.3,16.4,18.5,15.6,No,0.0,NONE
2025-06-01 08:00:00,18.92,22.19,24.74,18.7,5.1,3.65,93.55,19.2,20.1,22.3,20.1,32.8,34.2,36.3,32.5,40.4,7.6,17.1,142.1,25.2,145.03,1.5503,6.6,Standby,16.6,14.0,17.1,17.3,No,0.0,NONE
2025-06-01 09:00:00,18.04,21.23,24.08,19.92,5.01,3.68,92.26,20.1,19.6,23.0,18.8,33.8,35.0,38.2,32.3,58.3,7.5,16.1,130.3,21.7,138.17,1.4976,6.3,Standby,16.9,15.9,18.2,15.1,No,0.0,NONE
2025-06-01 10:00:00,18.83,23.0,23.43,20.25,5.13,3.99,94.51,20.3,21.0,21.5,20.9,33.9,34.3,37.0,34.4,50.8,8.1,18.1,141.3,26.3,144.68,1.5308,6.6,Standby,17.0,15.6,17.5,16.4,No,0.0,NONE
2025-06-01 11:00:00,17.91,21.99,23.1,19.58,5.0,3.75,91.58,18.6,21.7,22.1,19.9,31.6,37.3,40.1,31.9,55.2,7.2,16.4,130.5,23.9,136.81,1.494,6.2,Standby,15.2,15.3,19.3,18.2,No,0.0,NONE
2025-06-01 12:00:00,18.58,22.55,24.45,19.62,5.01,3.77,94.2,18.7,20.6,22.8,20.2,32.4,34.7,37.6,32.4,44.2,7.7,17.3,142.7,25.5,141.97,1.5071,6.5,Standby,17.9,14.3,17.0,18.4,No,0.0,NONE
2025-06-01 13:00:00,17.88,21.18,22.77,18.28,5.19,3.96,89.11,20.7,21.1,23.9,20.5,33.5,38.0,41.8,36.3,57.3,8.1,18.1,147.3,26.7,133.21,1.4949,6.1,Standby,15.9,13.8,17.5,17.1,No,0.0,NONE
2025-06-01 14:00:00,18.0,20.75,27.13,20.05,5.39,4.0,94.93,19.4,20.1,23.2,20.9,31.4,35.2,40.7,35.0,56.9,8.1,17.9,149.4,26.1,145.99,1.5379,6.6,Standby,17.7,15.6,20.2,17.7,No,0.0,NONE
2025-06-01 15:00:00,19.89,22.11,24.93,19.1,5.18,3.96,95.03,19.4,19.5,21.8,19.2,34.5,35.2,38.2,33.3,50.0,7.1,16.3,142.9,23.9,142.95,1.5044,6.5,Standby,15.5,15.6,19.2,16.6,No,0.0,NONE
2025-06-01 16:00:00,18.22,24.38,25.69,19.89,5.0,3.91,97.18,19.2,19.6,23.5,19.3,32.1,35.4,40.9,34.1,59.6,7.5,16.7,144.1,24.0,144.24,1.4843,6.6,Standby,17.6,14.7,19.0,15.7,No,0.0,NONE
2025-06-01 17:00:00,18.02,21.79,24.55,20.51,4.96,3.83,93.88,19.7,20.4,22.6,18.8,33.3,35.3,37.6,33.4,38.0,7.0,15.0,121.1,14.5,142.21,1.5148,6.5,Standby,17.6,15.2,16.7,15.9,No,0.0,NONE
2025-06-01 18:00:00,18.48,20.86,24.23,19.95,5.29,3.65,92.52,19.7,20.9,22.9,18.7,32.3,35.7,39.6,33.0,59.0,7.1,15.3,124.2,20.5,137.62,1.4874,6.3,Standby,15.0,14.9,16.9,15.1,No,0.0,NONE
2025-06-01 19:00:00,19.27,20.76,22.89,19.95,4.98,3.66,91.87,18.5,19.6,20.8,19.0,31.7,35.8,34.2,31.8,52.8,7.4,15.4,120.2,16.9,136.2,1.4825,6.2,Standby,14.9,15.9,17.8,17.9,No,0.0,NONE
2025-06-01 20:00:00,20.5,21.58,23.83,19.66,5.05,3.74,94.57,19.6,19.1,22.8,19.1,32.4,33.1,36.2,32.8,52.2,6.7,14.7,124.7,17.4,143.95,1.5222,6.5,Standby,18.8,17.3,18.1,15.6,No,0.0,NONE
2025-06-01 21:00:00,18.51,21.63,23.07,20.94,5.43,3.66,93.15,18.7,20.8,22.6,19.0,31.2,37.3,35.0,33.1,41.6,7.7,16.5,141.2,22.7,142.38,1.5285,6.5,Standby,18.2,17.1,17.5,17.4,No,0.0,NONE
2025-06-01 22:00:00,19.39,20.49,26.59,20.23,4.94,3.94,95.71,20.2,20.0,21.8,19.1,32.2,35.2,38.1,32.2,46.8,7.2,16.3,146.1,23.5,143.94,1.504,6.5,Standby,17.8,15.8,20.1,19.1,No,0.0,NONE
2025-06-01 23:00:00,19.84,21.51,24.28,19.41,5.13,3.89,94.04,19.9,19.8,22.6,19.7,34.2,33.8,40.6,33.9,43.4,7.5,16.7,140.8,24.0,146.13,1.554,6.6,Standby,16.9,14.1,20.8,16.4,No,0.0,NONE
2025-06-02 00:00:00,18.02,22.71,24.36,19.97,5.49,3.72,94.05,20.1,21.6,21.6,19.5,33.8,37.1,36.9,33.3,44.1,7.1,15.6,141.9,21.5,143.3,1.5236,6.5,Standby,16.0,17.7,17.4,18.5,No,0.0,NONE
2025-06-02 01:00:00,17.86,21.85,25.24,19.83,5.16,3.87,93.77,19.5,20.4,23.9,20.9,32.4,38.1,40.5,33.6,60.5,8.2,19.2,154.5,29.8,146.15,1.5586,6.6,Standby,18.3,16.1,17.7,17.7,No,0.0,NONE
2025-06-02 02:00:00,18.17,22.73,23.44,19.64,5.37,3.89,92.99,19.1,22.2,23.7,20.1,31.4,36.1,36.8,34.6,62.8,7.5,17.4,150.8,26.4,142.46,1.5321,6.5,Standby,18.1,15.0,18.1,18.9,No,0.0,NONE
2025-06-02 03:00:00,18.38,21.26,25.01,21.02,5.0,3.83,94.67,20.9,20.6,21.6,20.2,33.3,34.9,40.2,34.6,60.5,8.4,19.1,150.4,29.2,144.43,1.5257,6.6,Standby,17.0,17.8,19.9,17.3,No,0.0,NONE
2025-06-02 04:00:00,18.62,22.67,28.18,19.58,5.42,3.77,98.06,19.8,20.8,23.1,20.2,32.6,35.8,40.5,37.1,49.3,9.0,20.8,164.3,32.6,151.31,1.543,6.9,Standby,17.9,16.2,19.1,19.0,No,0.0,NONE
2025-06-02 05:00:00,16.42,22.17,24.46,20.1,4.94,3.94,92.16,19.1,21.3,23.4,20.1,33.6,35.0,39.9,34.7,48.7,7.8,17.3,139.2,25.2,142.53,1.5466,6.5,Standby,17.6,14.7,19.2,17.8,No,0.0,NONE
2025-06-02 06:00:00,18.22,22.62,25.45,19.99,5.01,3.79,95.29,19.9,20.7,21.5,19.9,33.4,38.0,38.6,35.6,62.2,7.6,17.2,138.9,25.2,141.73,1.4874,6.4,Standby,17.2,14.2,19.9,18.5,No,0.0,NONE
2025-06-02 07:00:00,17.77,20.77,26.07,21.28,5.46,3.69,94.89,19.4,20.9,21.4,19.6,33.1,34.3,38.5,33.5,60.5,7.9,18.2,148.7,27.7,147.03,1.5495,6.7,Standby,18.1,17.8,17.9,16.0,No,0.0,NONE
2025-06-02 08:00:00,18.37,21.86,25.55,20.25,5.17,3.75,95.04,19.0,21.9,21.9,20.2,35.1,35.6,36.6,36.1,51.3,7.7,18.1,145.9,27.8,146.07,1.537,6.6,Standby,17.5,16.3,17.7,18.4,No,0.0,NONE
2025-06-02 09:00:00,17.9,20.98,26.76,20.49,5.3,3.84,95.13,20.7,20.7,23.1,20.4,33.0,37.7,38.6,34.7,52.6,7.7,17.8,149.5,27.2,146.35,1.5384,6.7,Standby,17.6,15.9,17.7,16.5,No,0.0,NONE
2025-06-02 10:00:00,18.0,22.75,27.17,19.86,4.9,3.83,96.78,20.4,22.1,22.7,19.5,31.9,38.7,37.1,35.9,41.0,8.0,18.6,138.6,28.6,149.59,1.5457,6.8,Standby,16.7,15.1,18.6,17.6,No,0.0,NONE
2025-06-02 11:00:00,17.81,22.06,25.49,19.32,5.24,3.83,93.68,18.9,21.7,22.0,19.5,31.9,35.0,40.0,34.4,41.4,8.1,18.3,145.7,27.4,141.0,1.5052,6.4,Standby,15.0,13.6,18.0,18.1,No,0.0,NONE
2025-06-02 12:00:00,18.75,21.17,25.18,20.44,5.22,3.8,94.53,20.1,21.4,22.2,21.3,35.6,35.1,39.9,35.9,40.8,8.7,19.4,150.5,28.9,144.37,1.5271,6.6,Standby,15.8,16.1,16.9,18.7,No,0.0,NONE
2025-06-02 13:00:00,18.8,22.59,25.5,20.69,5.32,3.76,96.59,20.2,19.9,21.9,19.8,31.7,37.3,40.5,34.6,48.6,7.5,17.3,149.4,26.2,144.05,1.4913,6.5,Standby,17.7,17.4,18.2,16.6,No,0.0,NONE
2025-06-02 14:00:00,19.3,23.13,24.94,20.91,5.4,3.79,97.29,18.9,22.2,21.9,20.1,33.3,35.6,37.0,35.2,43.4,7.8,17.9,134.4,27.0,149.19,1.5334,6.8,Standby,18.6,17.6,17.5,18.8,No,0.0,NONE
2025-06-02 15:00:00,17.57,22.52,23.03,21.3,5.29,3.73,93.43,19.1,20.8,20.5,19.6,32.0,33.9,38.5,33.3,52.5,7.0,15.0,134.2,17.4,138.91,1.4868,6.3,Standby,17.1,16.4,18.6,17.4,No,0.0,NONE
2025-06-02 16:00:00,18.15,21.56,23.36,19.95,5.31,3.92,92.02,19.4,21.2,23.2,19.8,31.1,36.1,37.2,33.6,51.8,7.6,16.3,130.3,22.3,137.53,1.4947,6.3,Standby,17.4,15.7,16.8,17.5,No,0.0,NONE
2025-06-02 17:00:00,18.14,21.55,22.42,20.68,5.5,3.75,91.8,18.5,21.3,22.3,19.7,34.3,33.6,38.0,32.5,38.8,7.3,16.3,135.5,23.5,140.69,1.5326,6.4,Standby,16.7,17.3,19.2,15.8,No,0.0,NONE
2025-06-02 18:00:00,18.36,21.44,23.81,20.28,5.37,3.87,92.88,18.9,21.6,23.5,19.3,34.5,37.3,41.2,33.1,60.5,7.7,17.0,145.0,24.3,137.68,1.4823,6.3,Standby,15.2,13.8,16.3,16.2,No,0.0,NONE
2025-06-02 19:00:00,17.95,22.2,23.81,20.61,5.38,3.73,93.59,18.2,20.1,21.4,19.1,31.3,35.8,37.8,31.9,58.7,6.9,14.9,116.0,16.6,138.85,1.4837,6.3,Standby,15.9,15.4,18.3,15.5,No,0.0,NONE
2025-06-02 20:00:00,17.01,21.14,23.21,21.02,5.46,3.83,91.39,19.2,21.4,22.6,19.6,33.1,32.9,36.5,33.9,42.3,6.6,14.7,135.0,20.2,141.11,1.5441,6.4,Standby,16.7,14.2,19.9,18.5,No,0.0,NONE
2025-06-02 21:00:00,17.39,21.9,23.23,20.46,5.13,3.82,91.99,18.6,19.5,22.2,19.1,31.7,35.4,37.2,34.6,60.9,8.0,17.1,129.2,23.6,137.82,1.4983,6.3,Standby,17.6,17.2,17.5,15.8,No,0.0,NONE
2025-06-02 22:00:00,18.31,23.53,23.54,19.71,5.49,3.9,94.09,19.6,21.9,22.8,19.1,34.7,35.9,36.8,35.0,37.9,7.5,16.5,131.4,23.5,145.88,1.5504,6.6,Standby,18.1,14.7,17.3,16.9,No,0.0,NONE
2025-06-02 23:00:00,19.44,20.32,26.68,20.44,5.03,3.79,95.88,19.4,21.8,23.3,19.1,34.7,33.4,38.6,33.1,46.9,8.0,17.3,145.6,24.2,143.24,1.4939,6.5,Standby,17.7,16.1,17.3,19.1,No,0.0,NONE
2025-06-03 00:00:00,18.38,22.42,24.94,19.64,5.31,3.82,94.37,18.6,20.3,22.8,19.5,32.8,35.9,39.5,33.0,52.3,8.0,17.4,141.2,24.8,144.75,1.5339,6.6,Standby,17.8,17.3,19.0,16.6,No,0.0,NONE
2025-06-03 01:00:00,17.72,22.06,26.88,20.14,5.44,3.93,95.79,20.6,21.6,22.7,19.8,35.9,35.4,38.5,36.0,48.7,8.3,19.3,148.0,29.9,145.84,1.5224,6.6,Standby,17.8,17.1,19.2,17.5,No,0.0,NONE
2025-06-03 02:00:00,17.98,23.02,25.09,21.46,5.44,3.96,96.55,20.5,20.6,22.1,21.1,32.0,37.1,38.0,35.4,59.6,8.1,18.3,140.1,27.4,148.88,1.5419,6.8,Standby,17.5,15.0,20.3,16.1,No,0.0,NONE
2025-06-03 03:00:00,18.76,23.26,25.23,20.09,5.06,3.68,96.35,19.5,21.5,21.5,20.0,33.3,34.4,38.7,35.7,56.6,7.6,17.4,146.6,26.0,143.08,1.485,6.5,Standby,17.2,14.2,16.7,15.4,No,0.0,NONE
2025-06-03 04:00:00,19.32,21.15,27.85,20.18,5.34,3.94,97.5,19.2,22.8,24.4,21.4,36.4,38.2,38.0,36.7,44.3,8.7,20.3,159.0,31.8,151.5,1.5538,6.9,Standby,19.1,16.4,17.7,17.9,No,0.0,NONE
2025-06-03 05:00:00,18.86,23.11,25.56,19.78,5.4,3.75,96.3,20.2,21.2,24.0,20.6,34.0,36.6,38.8,33.3,46.0,8.3,18.8,155.6,28.3,147.7,1.5337,6.7,Standby,17.1,14.9,20.5,15.7,No,0.0,NONE
2025-06-03 06:00:00,18.22,19.98,25.89,20.74,5.05,3.82,93.83,20.7,20.2,24.1,19.9,33.1,36.1,42.2,33.5,45.1,8.8,19.6,148.6,29.1,145.55,1.5512,6.6,Standby,18.4,17.7,17.3,17.6,No,0.0,NONE
2025-06-03 07:00:00,17.68,21.35,25.79,20.38,5.25,3.69,94.21,19.9,22.3,23.5,20.6,32.6,34.4,40.7,34.9,44.4,8.4,18.9,142.5,28.2,142.28,1.5103,6.5,Standby,18.8,15.9,18.8,16.3,No,0.0,NONE
2025-06-03 08:00:00,18.73,21.94,24.29,19.71,5.35,3.66,93.67,20.1,20.0,24.1,20.3,33.6,35.1,39.1,34.6,55.3,8.0,18.3,154.3,27.7,139.92,1.4937,6.4,Standby,15.0,14.8,17.7,15.4,No,0.0,NONE
2025-06-03 09:00:00,17.88,21.23,25.47,20.68,5.42,3.78,94.26,19.8,21.2,21.8,19.6,31.9,37.7,39.0,33.5,50.7,7.7,17.5,149.4,25.9,146.46,1.5538,6.7,Standby,15.9,14.5,20.1,19.2,No,0.0,NONE
2025-06-03 10:00:00,17.14,21.62,21.74,18.75,5.09,3.69,88.24,20.4,20.2,22.3,19.6,31.3,38.0,37.7,34.6,59.0,7.5,17.0,148.7,24.9,135.26,1.5328,6.1,Standby,16.4,15.7,18.7,15.8,No,0.0,NONE
2025-06-03 11:00:00,17.52,22.53,24.32,19.4,5.37,3.89,92.78,18.3,21.1,23.2,19.8,31.6,35.3,35.4,35.3,45.3,7.8,16.4,126.7,22.2,137.81,1.4854,6.3,Standby,16.4,14.8,16.0,14.7,No,0.0,NONE
2025-06-03 12:00:00,20.81,22.14,24.07,20.61,5.48,3.87,96.63,20.1,20.2,22.1,20.2,31.6,38.2,36.3,35.0,39.1,8.1,17.7,141.8,25.3,150.05,1.5529,6.8,Standby,16.4,17.0,19.3,16.0,No,0.0,NONE
2025-06-03 13:00:00,17.35,21.39,24.97,20.49,5.0,3.97,93.2,18.4,19.7,21.1,19.0,30.5,34.8,38.7,33.1,41.8,7.7,16.3,138.1,21.9,143.43,1.539,6.5,Standby,18.7,15.3,20.0,15.9,No,0.0,NONE
2025-06-03 14:00:00,18.03,22.29,24.63,20.16,5.49,3.61,94.11,18.7,21.5,21.0,19.1,33.3,36.1,39.4,32.2,50.4,8.1,17.8,148.9,25.7,139.79,1.4853,6.4,Standby,15.9,16.4,17.6,16.2,No,0.0,NONE
2025-06-03 15:00:00,19.54,23.25,24.69,19.61,4.91,3.99,96.08,18.9,20.7,20.4,20.1,32.5,37.2,37.1,34.2,37.7,7.2,15.8,140.1,21.8,147.26,1.5326,6.7,Standby,15.9,18.0,18.2,19.3,No,0.0,NONE
2025-06-03 16:00:00,17.93,22.5,24.57,19.61,4.92,3.93,93.62,19.8,19.7,22.2,18.8,33.3,33.9,35.8,34.0,58.5,7.5,15.9,123.8,21.4,142.1,1.5179,6.5,Standby,15.2,14.2,17.5,18.8,No,0.0,NONE
2025-06-03 17:00:00,17.44,21.4,24.75,19.88,5.2,3.74,92.47,18.6,20.1,21.0,20.2,32.3,32.9,35.4,31.2,42.5,7.0,15.0,126.3,19.8,138.57,1.4985,6.3,Standby,17.3,14.0,16.4,15.9,No,0.0,NONE
2025-06-03 18:00:00,20.38,22.77,24.09,18.29,4.99,3.7,94.54,18.4,19.3,21.3,19.2,31.4,33.3,36.6,33.2,50.3,7.1,15.1,125.8,18.3,140.16,1.4825,6.4,Standby,15.7,16.3,16.3,17.8,No,0.0,NONE
2025-06-03 19:00:00,17.82,20.58,26.71,20.94,5.04,3.84,95.05,19.4,19.5,20.1,20.5,33.8,33.6,35.4,31.6,52.2,7.4,15.4,127.3,15.1,143.88,1.5137,6.5,Standby,18.3,15.5,17.7,17.1,No,0.0,NONE
2025-06-03 20:00:00,19.37,21.94,25.79,18.51,5.43,3.83,94.61,20.4,21.2,23.2,20.7,33.3,39.1,40.4,36.8,50.5,8.0,18.8,156.2,29.3,144.23,1.5245,6.6,Standby,15.4,15.1,19.4,18.9,No,0.0,NONE
2025-06-03 21:00:00,18.04,24.33,24.61,19.86,5.19,3.66,95.85,18.9,21.5,22.2,18.9,30.5,34.3,40.0,34.2,42.5,6.7,14.8,127.1,20.3,148.23,1.5465,6.7,Standby,15.9,15.9,17.9,16.5,No,0.0,NONE
2025-06-03 22:00:00,17.88,22.07,23.9,19.55,5.0,3.92,92.39,19.5,21.0,21.6,19.5,32.7,36.8,36.2,35.1,49.0,7.2,16.4,141.7,24.0,143.34,1.5514,6.5,Standby,17.0,13.8,17.1,16.9,No,0.0,NONE
2025-06-03 23:00:00,18.48,21.78,24.64,20.04,5.33,3.89,93.94,19.3,21.0,23.2,19.4,31.1,36.0,39.5,34.3,52.5,7.8,17.3,136.4,25.1,146.54,1.5599,6.7,Standby,17.2,16.7,17.2,16.2,No,0.0,NONE
2025-06-04 00:00:00,18.43,20.66,26.7,20.84,5.13,3.96,95.64,19.3,20.0,22.1,19.3,34.7,36.7,38.9,33.8,48.9,7.6,17.7,142.3,27.0,145.69,1.5234,6.6,Standby,18.6,14.7,17.2,17.7,No,0.0,NONE
2025-06-04 01:00:00,18.65,23.11,25.0,20.11,5.29,3.84,95.87,20.2,21.5,22.4,19.2,33.6,34.5,37.3,34.9,49.3,8.0,17.7,148.4,25.9,142.48,1.4862,6.5,Standby,18.0,15.2,20.0,16.8,No,0.0,NONE
2025-06-04 02:00:00,18.49,20.38,24.53,20.55,5.24,3.96,92.95,20.2,20.1,21.1,20.5,33.0,35.2,40.1,32.9,42.7,7.6,16.9,129.4,24.3,137.68,1.4813,6.3,Standby,17.0,14.2,17.6,16.3,No,0.0,NONE
2025-06-04 03:00:00,19.08,22.69,25.13,20.21,5.32,3.61,96.11,19.1,22.8,21.8,21.4,36.1,36.4,40.7,35.9,53.7,8.4,19.8,160.5,31.4,145.91,1.5181,6.6,Standby,16.4,16.4,18.0,16.2,No,0.0,NONE
2025-06-04 04:00:00,18.58,21.65,24.14,19.91,5.0,3.67,93.28,18.2,21.0,20.4,19.0,33.0,33.3,35.6,32.4,45.8,7.8,16.5,140.3,22.3,142.43,1.5269,6.5,Standby,15.1,16.7,19.6,16.6,No,0.0,NONE
2025-06-04 05:00:00,17.98,22.9,25.26,20.12,5.29,3.74,95.25,20.1,20.3,22.6,19.8,35.2,38.0,39.2,34.3,59.7,8.0,18.3,144.3,27.7,146.07,1.5335,6.6,Standby,18.3,16.8,19.2,19.0,No,0.0,NONE
2025-06-04 06:00:00,18.27,24.33,26.78,19.94,5.19,3.7,98.33,20.1,22.6,23.2,19.9,34.4,36.7,41.2,34.2,48.6,8.7,20.0,160.6,31.0,150.78,1.5334,6.9,Standby,18.2,15.1,18.4,19.3,No,0.0,NONE
2025-06-04 07:00:00,18.95,22.77,26.01,18.94,5.12,3.93,95.67,20.6,21.3,23.0,21.4,35.2,38.3,41.7,33.7,54.8,8.9,20.3,152.2,31.3,144.63,1.5118,6.6,Standby,16.5,14.2,19.7,16.6,No,0.0,NONE
2025-06-04 08:00:00,17.38,21.68,29.2,20.81,5.26,3.67,98.07,20.3,22.4,24.1,20.9,33.0,36.6,40.2,36.6,54.8,8.4,20.2,158.0,32.4,145.99,1.4886,6.6,Standby,18.5,17.8,19.5,16.5,No,0.0,NONE
2025-06-04 09:00:00,18.06,21.22,26.79,19.15,5.06,3.62,94.22,20.3,21.0,22.8,20.9,35.3,36.9,40.6,35.8,46.7,8.3,19.0,138.3,29.1,140.57,1.492,6.4,Standby,17.7,16.1,18.0,16.2,No,0.0,NONE
2025-06-04 10:00:00,19.72,22.81,25.86,19.24,5.11,3.66,96.63,18.5,21.9,22.9,19.0,33.7,33.8,39.8,34.0,61.8,7.4,16.9,137.4,24.8,150.32,1.5557,6.8,Standby,17.8,17.5,17.7,19.8,No,0.0,NONE
2025-06-04 11:00:00,17.03,22.62,25.41,19.38,5.13,3.94,93.44,20.6,21.7,21.0,21.0,31.4,38.2,38.5,35.3,40.5,7.6,17.6,136.7,26.7,143.86,1.5397,6.5,Standby,15.9,15.6,16.9,16.8,No,0.0,NONE
2025-06-04 12:00:00,19.49,22.88,24.3,19.19,5.16,3.9,94.86,20.5,21.7,22.7,21.1,33.0,37.1,39.6,35.8,51.1,8.2,18.4,147.0,27.3,140.95,1.4859,6.4,Standby,17.1,15.3,16.9,18.5,No,0.0,NONE
2025-06-04 13:00:00,18.84,22.76,22.96,19.06,4.93,3.64,92.61,18.5,19.9,21.5,19.1,33.8,36.8,34.3,34.9,39.3,6.6,14.6,128.6,19.2,137.33,1.4829,6.2,Standby,15.8,16.5,18.6,14.7,No,0.0,NONE
2025-06-04 14:00:00,19.42,21.96,25.01,20.02,5.05,3.72,95.42,18.8,21.3,21.2,20.8,32.1,35.7,38.2,34.7,43.1,7.5,16.9,143.8,24.6,145.19,1.5217,6.6,Standby,18.8,16.9,18.2,15.9,No,0.0,NONE
2025-06-04 15:00:00,18.82,22.0,23.41,20.4,5.45,3.95,93.63,18.7,19.4,20.4,20.5,33.9,36.2,40.1,32.2,55.9,7.2,15.4,135.1,20.6,142.15,1.5181,6.5,Standby,17.1,16.8,18.9,18.4,No,0.0,NONE
2025-06-04 16:00:00,18.49,22.68,23.18,20.26,5.01,3.91,93.61,18.6,21.2,20.8,19.6,32.9,37.2,35.9,33.7,39.2,7.2,15.4,131.7,20.8,140.72,1.5032,6.4,Standby,18.2,16.9,19.8,18.7,No,0.0,NONE
2025-06-04 17:00:00,19.59,20.81,25.7,19.58,5.41,3.79,94.68,19.7,21.2,21.4,20.5,34.2,35.6,40.6,32.5,47.4,7.7,16.9,130.9,24.1,143.28,1.5132,6.5,Standby,15.4,15.4,20.6,17.0,No,0.0,NONE
2025-06-04 18:00:00,17.9,21.86,24.04,19.02,5.28,3.72,91.82,19.7,22.0,23.6,20.5,31.8,37.2,38.2,35.8,52.9,7.4,17.0,138.5,25.2,140.61,1.5314,6.4,Standby,15.7,14.7,17.6,16.0,No,0.0,NONE
2025-06-04 19:00:00,17.94,23.16,26.16,19.11,4.92,3.91,95.36,20.8,21.3,23.0,21.1,31.9,35.0,40.6,35.7,55.1,7.9,18.5,143.4,28.9,144.68,1.5172,6.6,Standby,19.1,15.5,19.0,19.2,No,0.0,NONE
2025-06-04 20:00:00,17.86,21.13,24.51,19.74,5.09,3.98,92.23,19.8,21.8,21.3,19.9,33.2,33.6,38.3,35.4,38.6,7.6,17.0,146.9,24.5,139.21,1.5094,6.3,Standby,17.3,17.3,18.2,15.9,No,0.0,NONE
2025-06-04 21:00:00,19.41,24.32,24.27,19.82,5.49,3.86,96.82,18.5,20.2,22.1,19.8,31.0,35.2,36.0,32.8,51.7,7.1,15.1,116.9,12.7,148.48,1.5336,6.7,Standby,18.1,17.2,18.8,18.8,No,0.0,NONE
2025-06-04 22:00:00,18.69,21.21,24.08,20.4,4.96,3.62,93.39,20.0,21.5,21.8,20.1,31.8,34.9,35.5,33.0,37.6,7.5,16.8,141.7,24.4,140.69,1.5065,6.4,Standby,16.6,15.6,18.3,16.2,No,0.0,NONE
2025-06-04 23:00:00,18.32,20.57,26.91,19.19,5.06,3.94,93.99,19.9,19.4,22.1,18.6,33.6,36.4,38.7,34.4,50.3,6.9,15.0,124.8,20.3,145.15,1.5443,6.6,Standby,16.0,17.6,17.4,16.3,No,0.0,NONE
2025-06-05 00:00:00,16.24,22.21,24.1,20.27,5.4,3.7,91.82,19.6,20.8,21.8,19.0,32.5,33.8,36.8,34.7,51.7,8.0,17.4,135.4,24.7,139.22,1.5162,6.3,Standby,16.8,15.6,16.6,15.4,No,0.0,NONE
2025-06-05 01:00:00,16.67,23.05,25.75,19.93,5.44,3.86,94.4,20.1,21.9,22.0,20.6,34.3,34.5,37.7,34.0,45.5,8.0,17.0,144.4,23.6,141.1,1.4948,6.4,Standby,16.2,15.0,18.0,15.9,No,0.0,NONE
2025-06-05 02:00:00,18.38,20.57,28.39,20.23,5.01,3.6,96.57,19.4,21.4,22.4,19.8,33.3,38.7,42.0,34.0,64.4,9.3,20.9,149.1,32.0,146.88,1.5209,6.7,Standby,16.3,14.5,17.7,16.2,No,0.0,NONE
2025-06-05 03:00:00,17.67,22.4,23.59,20.58,5.42,3.72,93.24,20.7,22.4,23.6,21.0,34.8,37.0,41.1,35.0,59.8,8.5,18.8,139.3,27.5,139.85,1.4999,6.4,Standby,18.5,16.4,20.0,16.6,No,0.0,NONE
2025-06-05 04:00:00,18.21,20.59,25.48,19.63,5.07,3.88,92.92,19.8,20.5,22.8,20.6,33.1,35.4,41.7,33.3,64.1,8.5,19.6,142.1,30.4,138.09,1.4862,6.3,Standby,14.6,15.8,16.5,16.8,No,0.0,NONE
2025-06-05 05:00:00,18.32,23.08,26.17,19.55,5.39,3.67,96.12,19.8,21.9,22.3,20.6,36.0,39.5,39.6,35.4,45.7,9.2,20.7,153.9,31.5,143.62,1.4942,6.5,Standby,19.1,15.9,17.5,18.6,No,0.0,NONE
2025-06-05 06:00:00,17.63,21.52,28.7,19.56,5.05,3.9,96.41,21.1,22.8,22.7,21.1,35.8,37.5,40.2,37.0,51.6,9.0,21.6,164.0,35.6,144.5,1.4988,6.6,Standby,16.3,16.1,19.3,18.4,No,0.0,NONE
2025-06-05 07:00:00,18.64,23.52,25.77,20.95,5.25,3.76,97.88,19.4,20.2,21.8,19.7,34.3,38.3,39.8,34.7,43.4,8.4,19.5,154.2,30.2,148.47,1.5168,6.7,Standby,19.4,17.3,19.0,16.2,No,0.0,NONE
2025-06-05 08:00:00,18.74,20.82,27.06,20.18,5.12,3.88,95.81,19.3,20.7,22.6,19.4,34.8,34.5,41.0,33.8,50.7,7.8,18.3,141.2,28.5,143.54,1.4982,6.5,Standby,16.9,14.8,17.7,19.0,No,0.0,NONE
2025-06-05 09:00:00,17.76,21.43,27.52,19.26,4.97,3.76,94.96,20.9,21.3,23.3,21.3,34.4,35.2,38.8,36.9,60.9,8.4,20.0,151.8,31.7,142.89,1.5047,6.5,Standby,18.2,15.9,18.0,17.9,No,0.0,NONE
2025-06-05 10:00:00,19.6,20.29,26.36,20.37,5.09,3.99,95.62,20.0,21.9,23.2,20.6,35.8,35.2,39.4,34.4,48.7,8.4,19.7,158.1,31.1,143.17,1.4973,6.5,Standby,18.8,14.0,17.7,18.1,No,0.0,NONE
2025-06-05 11:00:00,19.01,21.5,23.6,19.77,5.33,3.66,92.88,18.4,20.4,22.7,18.5,33.3,35.8,35.0,32.5,57.6,7.0,15.0,116.6,17.9,141.32,1.5215,6.4,Standby,15.5,14.0,19.3,16.8,No,0.0,NONE
2025-06-05 12:00:00,18.07,21.54,26.54,18.62,5.4,3.63,93.76,20.2,20.2,22.0,20.8,31.6,34.9,39.3,33.4,44.6,7.4,16.1,125.3,22.5,144.16,1.5376,6.6,Standby,15.8,15.9,18.9,16.2,No,0.0,NONE
2025-06-05 13:00:00,17.5,20.97,26.48,19.77,5.39,3.92,93.73,20.1,22.0,23.1,19.5,31.4,34.5,38.0,32.4,57.0,7.7,17.6,149.1,26.2,141.21,1.5066,6.4,Standby,17.5,16.4,16.7,16.3,No,0.0,NONE
2025-06-05 14:00:00,17.78,22.23,25.0,19.71,5.11,3.69,93.72,20.5,22.4,23.9,20.5,34.2,38.5,42.4,36.6,56.9,8.9,19.7,149.2,29.4,144.49,1.5418,6.6,Standby,16.1,15.1,17.8,16.0,No,0.0,NONE
2025-06-05 15:00:00,18.95,21.62,25.24,19.12,5.19,3.86,93.93,18.3,19.7,21.9,18.7,33.6,32.9,36.6,31.4,52.1,6.7,14.7,128.4,19.2,140.56,1.4964,6.4,Standby,16.2,13.8,18.6,18.8,No,0.0,NONE
2025-06-05 16:00:00,19.08,21.87,23.26,18.88,5.46,3.72,92.08,19.6,21.2,21.7,20.5,30.5,37.0,39.9,31.9,46.9,7.3,15.9,139.1,21.8,137.73,1.4958,6.3,Standby,16.6,14.8,19.5,17.4,No,0.0,NONE
2025-06-05 17:00:00,18.59,21.46,23.56,20.03,5.21,3.75,92.64,19.8,21.3,21.2,20.3,30.8,34.3,35.5,31.9,56.4,7.5,15.5,124.9,17.9,142.26,1.5357,6.5,Standby,17.9,13.9,19.5,17.4,No,0.0,NONE
2025-06-05 18:00:00,19.58,21.9,21.66,19.7,5.3,3.97,91.84,19.6,19.7,21.7,20.1,33.5,33.7,37.3,31.7,53.8,7.1,15.5,124.5,21.3,136.09,1.4818,6.2,Standby,16.1,13.1,17.8,17.5,No,0.0,NONE
2025-06-05 19:00:00,18.41,21.48,24.54,20.0,5.48,3.72,93.43,18.3,20.0,20.0,18.7,32.0,36.7,36.7,33.6,52.7,7.3,15.3,118.4,17.7,139.91,1.4975,6.4,Standby,14.9,14.7,20.2,14.8,No,0.0,NONE
2025-06-05 20:00:00,18.41,22.87,24.47,18.32,5.42,3.86,93.06,19.2,19.7,21.6,20.6,31.3,36.0,38.4,34.5,60.7,8.1,17.4,136.3,24.4,143.02,1.5368,6.5,Standby,18.2,15.8,19.9,18.0,No,0.0,NONE
2025-06-05 21:00:00,18.74,22.54,24.17,20.12,5.0,3.66,94.56,19.8,19.5,22.5,20.0,31.3,33.5,35.8,32.7,52.8,8.0,17.0,132.0,23.5,139.98,1.4803,6.4,Standby,15.6,16.0,20.1,18.2,No,0.0,NONE
2025-06-05 22:00:00,18.95,20.68,25.99,19.57,5.42,3.99,94.2,20.2,19.9,22.9,21.0,32.6,36.6,37.3,35.8,60.0,8.1,18.1,137.5,26.6,145.16,1.5409,6.6,Standby,16.9,15.4,16.9,16.7,No,0.0,NONE
2025-06-05 23:00:00,19.02,21.16,23.31,19.79,5.24,3.79,92.28,18.6,20.3,22.7,20.0,32.0,33.8,37.7,31.2,53.7,6.7,14.9,124.0,20.8,141.49,1.5332,6.4,Standby,18.2,14.1,18.0,15.6,No,0.0,NONE
2025-06-06 00:00:00,18.32,20.79,26.28,20.19,5.45,3.93,94.58,18.5,20.8,23.4,19.8,32.3,36.7,39.7,34.6,46.6,8.2,17.7,139.4,25.1,140.33,1.4838,6.4,Standby,15.1,17.1,17.5,18.0,No,0.0,NONE
2025-06-06 01:00:00,18.44,19.8,23.66,19.85,5.23,3.99,90.75,18.4,19.6,23.3,20.3,32.9,35.6,41.0,31.8,43.6,8.0,17.1,129.6,23.7,136.7,1.5064,6.2,Standby,15.7,13.5,17.2,15.9,No,0.0,NONE
2025-06-06 02:00:00,18.94,21.14,26.62,19.61,5.39,3.69,95.32,19.1,21.5,23.0,19.6,34.3,35.7,41.5,33.9,44.4,8.5,18.7,150.2,27.3,143.95,1.5102,6.5,Standby,16.1,17.4,20.2,17.0,No,0.0,NONE
2025-06-06 03:00:00,17.86,21.03,24.9,19.91,5.39,3.79,92.71,19.6,20.2,22.9,20.8,32.4,36.0,42.0,36.0,59.1,8.7,19.1,151.9,28.3,137.71,1.4854,6.3,Standby,14.7,13.8,17.1,15.7,No,0.0,NONE
2025-06-06 04:00:00,17.95,21.4,25.33,19.94,5.29,4.0,93.62,18.9,20.7,21.6,20.1,35.0,38.7,41.5,35.4,57.0,8.4,18.8,137.9,28.2,138.86,1.4833,6.3,Standby,15.1,14.3,17.5,14.9,No,0.0,NONE
2025-06-06 05:00:00,18.05,22.74,23.73,20.6,5.46,3.78,94.12,18.8,19.9,21.1,18.7,31.4,34.0,39.3,33.6,44.4,7.2,15.9,140.0,22.1,141.74,1.506,6.4,Standby,17.4,16.7,18.9,15.3,No,0.0,NONE
2025-06-06 06:00:00,17.72,21.8,25.21,19.86,5.32,3.95,93.59,20.7,21.1,23.0,21.1,33.8,34.2,40.5,36.3,58.3,8.2,18.4,154.9,27.6,145.23,1.5517,6.6,Standby,18.6,14.3,19.8,15.6,No,0.0,NONE
2025-06-06 07:00:00,20.37,23.2,24.93,20.95,5.29,3.89,98.45,20.7,22.6,24.7,21.9,36.4,36.4,41.7,36.5,49.1,9.6,22.1,161.9,34.8,153.49,1.559,7.0,Standby,18.3,18.6,19.0,17.7,No,0.0,NONE
2025-06-06 08:00:00,19.06,24.24,25.44,20.2,5.31,3.61,97.94,19.9,20.6,22.8,21.1,34.2,37.0,40.5,34.8,50.3,8.2,18.6,151.5,28.2,152.6,1.5581,6.9,Standby,17.8,17.6,20.9,18.0,No,0.0,NONE
2025-06-06 09:00:00,18.54,21.41,25.67,21.84,5.38,3.86,96.47,20.8,22.6,22.5,21.3,35.3,37.8,40.8,34.6,54.5,9.2,20.8,153.4,31.9,145.56,1.5088,6.6,Standby,17.0,17.6,19.3,16.7,No,0.0,NONE
2025-06-06 10:00:00,17.86,20.81,27.32,20.35,5.44,3.99,95.34,19.6,21.3,22.5,19.5,33.4,36.4,37.7,36.3,46.7,8.7,19.3,152.2,28.8,143.17,1.5016,6.5,Standby,18.2,14.1,16.7,19.2,No,0.0,NONE
2025-06-06 11:00:00,18.76,21.54,23.3,21.55,5.44,3.84,94.15,19.5,20.5,22.9,20.7,33.7,35.6,39.0,32.7,61.7,7.4,16.6,145.8,23.9,139.62,1.483,6.3,Standby,18.5,17.2,16.8,17.4,No,0.0,NONE
2025-06-06 12:00:00,19.58,22.35,25.04,20.75,5.38,3.96,96.72,19.7,19.7,23.1,19.2,33.2,35.0,35.1,35.0,50.3,6.7,15.1,137.7,21.2,143.64,1.4852,6.5,Standby,15.6,15.3,19.7,17.7,No,0.0,NONE
2025-06-06 13:00:00,18.79,20.55,25.21,18.65,5.03,3.6,92.2,18.9,21.9,22.2,20.6,31.4,34.3,39.3,35.1,57.8,7.9,17.8,149.4,26.3,138.79,1.5054,6.3,Standby,17.2,16.3,16.7,17.3,No,0.0,NONE
2025-06-06 14:00:00,18.38,22.81,27.18,20.84,5.25,3.8,98.21,19.2,19.9,21.1,20.5,31.4,36.7,41.4,34.7,39.4,8.1,17.6,130.5,24.9,145.44,1.4809,6.6,Standby,17.6,17.3,20.7,18.4,No,0.0,NONE
2025-06-06 15:00:00,17.63,21.17,25.33,20.53,5.25,3.6,93.66,19.5,19.6,22.8,20.1,30.7,35.2,39.5,34.8,38.3,6.9,15.6,138.1,22.3,142.26,1.5189,6.5,Standby,15.4,16.7,17.4,17.4,No,0.0,NONE
2025-06-06 16:00:00,19.57,21.7,24.51,20.83,5.12,3.65,95.61,20.1,21.2,21.7,19.3,32.8,33.7,37.0,35.9,41.5,7.6,17.2,147.8,25.5,144.82,1.5147,6.6,Standby,16.5,14.5,20.5,19.1,No,0.0,NONE
2025-06-06 17:00:00,18.26,20.96,24.46,21.66,5.46,3.74,94.34,19.8,21.0,21.5,19.5,34.8,35.7,39.6,36.7,39.9,8.6,19.3,151.8,29.0,140.64,1.4909,6.4,Standby,16.9,15.5,20.3,18.2,No,0.0,NONE
2025-06-06 18:00:00,18.52,21.44,25.19,19.92,5.08,3.69,94.07,19.5,21.4,20.3,20.6,31.0,34.1,34.7,31.5,42.5,7.4,15.8,138.4,21.3,141.25,1.5015,6.4,Standby,17.2,17.1,16.6,17.1,No,0.0,NONE
2025-06-06 19:00:00,18.63,21.97,23.92,19.19,5.25,3.62,92.72,18.6,21.4,22.2,19.3,33.0,37.8,35.8,35.7,56.3,8.0,17.2,140.3,23.9,137.48,1.4827,6.2,Standby,15.1,16.4,18.8,16.8,No,0.0,NONE
2025-06-06 20:00:00,18.81,22.86,26.13,20.69,5.12,3.76,97.49,19.6,20.1,22.2,19.4,30.3,35.3,39.4,33.1,52.6,6.7,14.7,121.3,19.1,149.57,1.5343,6.8,Standby,19.1,16.3,18.4,19.4,No,0.0,NONE
2025-06-06 21:00:00,18.69,22.22,24.25,20.13,5.37,3.79,94.29,18.2,20.0,23.0,18.9,31.6,35.0,35.2,34.9,50.9,6.7,14.7,119.3,18.1,142.68,1.5132,6.5,Standby,16.0,15.5,18.0,15.6,No,0.0,NONE
2025-06-06 22:00:00,17.1,19.69,26.24,20.42,5.34,3.85,92.45,18.8,20.9,22.7,18.9,33.4,34.5,36.0,35.0,52.1,7.3,16.5,129.6,23.8,137.47,1.487,6.2,Standby,16.7,16.5,16.9,14.6,No,0.0,NONE
2025-06-06 23:00:00,18.65,22.05,25.19,20.03,4.99,3.71,94.92,18.5,21.5,21.0,18.8,33.4,34.8,37.9,33.6,50.9,7.2,15.5,141.0,21.1,141.14,1.4869,6.4,Standby,16.8,17.4,17.0,18.8,No,0.0,NONE
2025-06-07 00:00:00,18.02,22.84,24.82,19.55,4.91,3.8,94.23,19.0,19.4,23.0,20.0,31.1,37.2,38.1,34.2,50.7,7.8,16.5,132.4,22.3,143.51,1.5229,6.5,Standby,19.1,17.3,16.7,15.3,No,0.0,NONE
2025-06-07 01:00:00,16.91,21.87,22.25,20.34,5.11,3.66,90.38,19.8,20.9,23.0,19.2,34.2,34.8,39.7,33.3,58.7,7.5,17.2,132.5,25.7,140.12,1.5503,6.4,Standby,18.2,14.6,19.9,16.1,No,0.0,NONE
2025-06-07 02:00:00,18.22,22.23,25.24,19.99,5.24,3.7,94.68,19.4,20.2,21.6,20.9,31.9,38.8,37.3,33.5,48.2,8.1,18.9,143.3,29.4,145.11,1.5327,6.6,Standby,18.3,16.8,17.9,16.7,No,0.0,NONE
2025-06-07 03:00:00,18.49,23.33,28.57,19.53,5.46,3.82,98.92,19.6,22.6,23.6,20.8,34.4,38.2,41.6,36.2,64.4,8.4,19.4,155.9,30.0,150.02,1.5165,6.8,Standby,17.6,15.5,19.1,19.1,No,0.0,NONE
2025-06-07 04:00:00,18.6,22.78,25.75,20.53,5.35,3.62,96.66,20.7,21.6,22.9,21.4,33.4,36.1,39.9,36.0,47.8,9.4,21.2,158.7,32.6,146.45,1.5151,6.7,Standby,17.8,15.6,18.6,16.4,No,0.0,NONE
2025-06-07 05:00:00,17.57,21.08,25.11,19.9,5.26,3.78,92.66,19.5,21.1,22.2,21.0,32.6,35.4,40.6,36.2,56.0,7.9,18.3,155.0,27.9,140.34,1.5146,6.4,Standby,15.2,17.0,19.3,15.8,No,0.0,NONE
2025-06-07 06:00:00,18.28,22.14,24.23,20.1,5.25,3.95,93.75,20.1,22.0,22.7,20.1,33.4,35.1,38.6,34.6,48.7,8.6,19.7,157.5,30.4,138.91,1.4817,6.3,Standby,16.7,15.2,19.0,16.3,No,0.0,NONE
2025-06-07 07:00:00,19.07,22.32,27.79,18.75,5.08,3.61,96.93,20.1,20.6,23.6,20.5,34.4,38.2,38.7,33.2,62.0,8.1,18.3,137.8,27.3,148.7,1.5342,6.8,Standby,19.8,15.2,20.3,16.1,No,0.0,NONE
2025-06-07 08:00:00,18.19,23.51,26.41,20.2,5.08,3.89,97.31,20.4,20.4,24.2,20.2,33.2,35.1,38.8,35.7,45.6,8.2,19.6,161.7,31.1,148.77,1.5288,6.8,Standby,17.7,17.6,21.2,18.7,No,0.0,NONE
2025-06-07 09:00:00,18.12,20.78,25.77,20.11,5.2,3.73,93.78,19.6,21.6,23.5,20.6,34.2,34.9,39.5,33.5,37.9,7.7,17.1,134.4,24.6,142.91,1.5238,6.5,Standby,18.7,13.9,17.0,15.2,No,0.0,NONE
2025-06-07 10:00:00,18.85,22.52,27.49,19.84,5.32,3.93,97.7,19.5,21.0,23.6,20.7,35.6,36.9,41.1,34.1,63.3,8.5,19.5,140.8,30.1,151.68,1.5525,6.9,Standby,17.7,16.8,20.2,17.2,No,0.0,NONE
2025-06-07 11:00:00,18.52,20.0,25.44,19.73,5.23,3.94,92.69,19.3,21.8,22.7,21.3,34.8,35.4,39.0,33.3,59.6,8.4,19.6,149.7,30.7,143.38,1.5469,6.5,Standby,16.9,14.0,16.7,19.0,No,0.0,NONE
2025-06-07 12:00:00,19.22,24.67,25.2,18.64,4.99,3.61,96.73,19.2,21.1,21.1,19.9,32.0,33.5,35.9,34.2,39.8,7.2,16.4,128.1,23.7,146.18,1.5112,6.6,Standby,17.8,14.8,20.5,15.7,No,0.0,NONE
2025-06-07 13:00:00,19.6,21.41,23.76,20.3,5.35,3.85,94.07,20.0,20.6,22.3,19.8,33.9,33.9,36.8,35.2,54.9,7.7,16.9,142.0,24.2,140.7,1.4957,6.4,Standby,17.8,13.9,18.2,17.1,No,0.0,NONE
2025-06-07 14:00:00,19.64,20.42,24.79,18.31,5.0,3.84,92.16,19.3,20.9,20.9,20.0,30.3,35.0,39.5,34.2,56.9,7.0,15.4,133.7,21.3,138.82,1.5063,6.3,Standby,15.3,16.1,17.9,16.0,No,0.0,NONE
2025-06-07 15:00:00,17.89,21.72,25.65,21.0,5.09,3.62,95.27,19.2,19.0,20.8,19.0,33.0,34.3,37.4,32.0,48.7,7.0,15.0,117.2,17.3,142.16,1.4922,6.5,Standby,15.7,17.6,18.5,18.6,No,0.0,NONE
2025-06-07 16:00:00,17.78,23.09,25.27,19.62,4.96,3.6,94.76,19.2,21.0,20.9,20.0,33.2,34.4,37.5,32.5,45.0,7.0,15.4,128.9,21.3,142.22,1.5009,6.5,Standby,17.4,15.1,18.5,18.0,No,0.0,NONE
2025-06-07 17:00:00,18.88,21.64,25.9,20.2,5.02,3.94,95.62,18.3,20.3,21.5,19.5,32.9,34.0,36.8,33.7,52.1,7.4,15.4,136.6,20.1,149.03,1.5586,6.8,Standby,17.6,14.6,18.4,19.7,No,0.0,NONE
2025-06-07 18:00:00,18.98,23.65,22.94,20.47,5.02,3.68,95.04,18.3,19.4,22.4,19.1,33.6,36.4,34.9,33.3,53.8,6.9,15.1,140.3,20.6,147.02,1.5469,6.7,Standby,18.4,14.6,18.4,18.1,No,0.0,NONE
2025-06-07 19:00:00,19.51,22.34,24.46,19.52,5.29,3.6,94.84,18.8,20.2,21.2,19.8,30.2,36.7,36.2,31.8,46.2,7.6,15.9,124.2,20.8,146.8,1.5479,6.7,Standby,17.7,14.4,20.3,18.6,No,0.0,NONE
2025-06-07 20:00:00,18.54,22.77,23.45,21.26,5.37,3.8,95.03,18.1,19.3,22.9,19.3,33.1,33.1,37.2,31.6,55.2,7.5,15.5,127.0,16.6,147.61,1.5534,6.7,Standby,16.4,17.1,17.8,19.0,No,0.0,NONE
2025-06-07 21:00:00,16.39,22.09,26.01,19.23,5.12,3.99,92.72,19.7,19.7,22.7,18.7,32.8,32.7,39.9,31.2,40.8,7.4,15.4,135.2,20.0,137.88,1.487,6.3,Standby,16.7,15.5,18.0,17.5,No,0.0,NONE
2025-06-07 22:00:00,18.9,23.26,26.06,18.82,5.27,3.66,96.03,19.1,21.3,22.5,20.3,33.7,32.9,38.3,33.6,35.8,6.8,14.8,132.8,18.7,145.33,1.5133,6.6,Standby,18.6,14.8,20.6,18.8,No,0.0,NONE
2025-06-07 23:00:00,19.1,23.03,26.21,19.9,5.09,3.65,97.24,20.4,21.0,22.4,19.7,33.9,35.5,39.8,35.4,53.6,7.2,16.6,135.3,24.3,150.29,1.5455,6.8,Standby,18.5,17.7,19.5,19.3,No,0.0,NONE
2025-06-08 00:00:00,18.24,20.85,21.14,20.73,5.48,3.96,89.97,19.6,20.3,22.8,20.8,34.8,36.2,39.5,33.0,42.2,8.0,17.3,148.6,24.4,138.54,1.54,6.3,Standby,17.2,14.1,17.6,16.6,No,0.0,NONE
2025-06-08 01:00:00,18.06,21.62,24.8,18.92,5.28,3.79,92.4,20.1,22.1,21.8,19.6,32.0,36.1,38.5,33.1,55.8,7.9,17.5,149.8,25.6,142.54,1.5426,6.5,Standby,16.3,16.7,19.9,18.6,No,0.0,NONE
2025-06-08 02:00:00,17.85,23.21,24.95,21.18,5.35,3.89,96.19,20.4,21.2,23.2,19.9,32.6,35.2,36.8,34.0,58.3,7.5,17.3,138.6,26.2,145.85,1.5164,6.6,Standby,15.6,16.3,17.7,18.5,No,0.0,NONE
2025-06-08 03:00:00,18.36,21.82,24.54,19.6,5.46,3.94,93.32,19.5,21.7,23.2,20.2,33.2,36.6,40.0,35.4,52.1,7.6,17.2,131.7,25.4,142.95,1.5318,6.5,Standby,18.1,14.5,19.6,15.4,No,0.0,NONE
2025-06-08 04:00:00,19.26,21.92,27.5,19.77,5.0,3.69,97.45,19.8,22.9,22.5,20.6,34.2,35.9,38.6,37.3,62.5,9.2,21.2,150.0,33.2,147.49,1.5135,6.7,Standby,19.4,15.5,19.3,16.7,No,0.0,NONE
2025-06-08 05:00:00,19.53,21.53,24.07,19.96,5.38,3.87,94.08,20.4,20.9,22.9,20.1,32.4,37.0,38.6,33.5,62.2,7.9,18.1,138.7,27.5,139.27,1.4803,6.3,Standby,15.1,16.4,18.3,17.8,No,0.0,NONE
2025-06-08 06:00:00,17.87,22.56,26.44,20.48,5.0,3.82,96.35,20.0,21.3,23.6,20.6,32.1,38.8,40.6,36.5,50.4,8.6,19.4,140.9,29.4,145.5,1.5101,6.6,Standby,15.5,17.1,19.2,15.5,No,0.0,NONE
2025-06-08 07:00:00,19.08,22.12,25.86,19.37,5.3,3.73,95.43,19.2,22.6,24.8,21.5,34.0,36.8,43.4,37.4,56.4,9.2,20.8,157.3,32.2,146.2,1.532,6.6,Standby,17.6,16.1,17.8,18.5,No,0.0,NONE
2025-06-08 08:00:00,18.07,22.81,25.83,19.78,5.37,3.61,95.49,19.2,21.7,22.4,20.3,34.3,36.6,41.4,34.1,56.2,8.1,18.5,148.9,27.9,146.64,1.5356,6.7,Standby,17.3,16.2,17.5,18.9,No,0.0,NONE
2025-06-08 09:00:00,17.56,20.94,27.44,19.38,4.94,3.66,94.32,20.4,21.7,23.0,21.1,35.0,37.8,43.1,35.9,66.8,8.8,21.2,164.5,34.7,142.75,1.5134,6.5,Standby,18.3,14.1,17.7,17.3,No,0.0,NONE
2025-06-08 10:00:00,18.47,24.38,25.46,20.77,5.45,3.69,98.08,20.2,20.8,22.9,20.2,31.6,35.6,39.7,35.7,43.3,8.1,17.8,143.0,25.6,149.52,1.5245,6.8,Standby,17.4,15.9,19.5,19.4,No,0.0,NONE
2025-06-08 11:00:00,17.65,21.69,24.12,20.01,5.39,3.92,92.46,19.2,20.5,23.8,19.9,31.8,36.8,37.3,34.6,58.5,7.9,17.7,142.3,26.0,139.39,1.5076,6.3,Standby,15.4,15.1,17.7,18.7,No,0.0,NONE
2025-06-08 12:00:00,18.69,21.43,23.95,19.21,5.34,3.65,92.28,18.9,21.9,21.1,19.1,31.7,36.5,38.2,32.0,45.9,7.3,16.4,146.1,23.6,140.66,1.5242,6.4,Standby,15.2,14.6,17.0,15.8,No,0.0,NONE
2025-06-08 13:00:00,19.05,22.67,25.58,20.78,5.22,3.94,97.08,19.9,19.7,21.5,18.9,32.9,35.2,39.5,33.4,55.3,7.2,15.6,132.2,21.5,145.59,1.4996,6.6,Standby,16.7,16.8,17.1,16.1,No,0.0,NONE
2025-06-08 14:00:00,18.39,22.24,25.75,20.27,5.43,3.88,95.65,18.7,21.8,22.1,20.6,34.2,38.4,37.7,35.5,44.9,7.7,17.3,137.2,25.5,142.92,1.4942,6.5,Standby,19.1,15.4,19.2,19.1,No,0.0,NONE
2025-06-08 15:00:00,18.9,20.78,24.2,19.88,5.26,3.85,92.77,18.2,20.1,21.7,19.9,30.4,35.5,39.6,34.1,50.6,7.3,15.3,134.0,19.1,140.46,1.5141,6.4,Standby,15.2,16.6,18.9,17.1,No,0.0,NONE
2025-06-08 16:00:00,19.33,20.43,24.28,19.15,5.29,3.8,92.19,19.7,21.1,22.5,19.8,33.1,37.5,39.0,34.5,43.5,7.1,15.8,132.3,22.5,136.89,1.4848,6.2,Standby,16.3,14.8,17.2,16.3,No,0.0,NONE
2025-06-08 17:00:00,19.85,23.33,25.04,20.69,5.28,3.89,97.9,19.4,21.2,22.7,19.2,30.4,35.3,34.7,34.6,55.7,7.2,15.3,127.4,20.2,151.71,1.5495,6.9,Standby,19.1,18.4,21.3,19.9,No,0.0,NONE
2025-06-08 18:00:00,19.6,21.42,25.16,20.55,5.25,3.96,95.73,19.0,21.2,22.5,18.5,33.2,35.9,35.9,33.0,38.5,7.5,15.5,131.7,17.7,142.69,1.4905,6.5,Standby,17.8,16.4,20.5,18.0,No,0.0,NONE
2025-06-08 19:00:00,17.46,21.79,23.78,20.83,5.27,3.97,92.85,18.3,19.1,22.9,18.8,32.4,33.0,35.0,31.6,52.7,6.8,14.8,114.0,15.0,144.43,1.5555,6.6,Standby,18.4,14.4,17.3,19.1,No,0.0,NONE
2025-06-08 20:00:00,18.85,23.13,21.95,21.0,5.26,3.7,93.94,19.3,19.6,22.3,20.4,33.3,37.0,41.4,34.5,42.9,7.7,17.1,131.2,24.8,144.06,1.5336,6.5,Standby,17.6,14.8,18.0,16.7,No,0.0,NONE
2025-06-08 21:00:00,20.54,24.15,23.65,21.33,5.32,3.65,98.67,19.9,19.8,21.8,18.6,33.6,35.4,35.7,33.7,42.3,7.0,15.0,133.7,18.9,147.51,1.495,6.7,Standby,16.7,16.0,19.6,16.5,No,0.0,NONE
2025-06-08 22:00:00,19.75,22.02,24.26,21.26,4.99,3.63,96.29,20.3,21.6,22.1,19.2,31.9,35.8,39.1,34.6,55.7,7.4,16.6,141.5,24.0,149.42,1.5518,6.8,Standby,16.8,15.6,17.5,16.2,No,0.0,NONE
2025-06-08 23:00:00,17.74,21.42,25.94,19.98,5.32,3.67,94.09,19.2,20.6,22.1,20.2,34.0,35.9,39.9,33.4,42.8,7.4,15.8,134.4,21.2,144.69,1.5378,6.6,Standby,18.0,17.8,19.6,19.2,No,0.0,NONE
2025-06-09 00:00:00,17.19,21.52,24.79,20.26,5.02,3.67,92.75,19.8,21.5,23.3,20.2,30.9,34.6,37.7,32.8,50.2,7.1,16.1,135.5,23.4,144.02,1.5527,6.5,Standby,16.2,17.4,17.3,17.0,No,0.0,NONE
2025-06-09 01:00:00,18.23,21.12,27.92,19.44,5.5,3.65,95.71,18.6,21.3,22.1,19.5,32.2,35.5,35.3,34.6,47.6,7.7,16.6,135.8,22.8,144.19,1.5065,6.6,Standby,17.0,17.0,19.0,18.3,No,0.0,NONE
2025-06-09 02:00:00,18.4,21.81,23.71,19.56,4.97,3.61,92.48,20.1,20.1,21.2,19.6,34.1,34.5,38.8,32.9,47.3,7.4,17.0,135.2,25.3,138.38,1.4963,6.3,Standby,16.7,16.3,17.1,16.4,No,0.0,NONE
2025-06-09 03:00:00,17.43,22.85,26.39,18.99,5.15,3.83,94.66,20.6,20.4,23.8,20.8,33.1,38.9,37.4,36.7,49.6,8.9,19.9,151.8,29.9,147.32,1.5562,6.7,Standby,18.9,14.8,19.4,15.8,No,0.0,NONE
2025-06-09 04:00:00,18.07,24.02,25.82,20.1,4.94,3.85,97.01,21.1,22.0,23.9,21.0,34.8,35.9,42.6,35.7,65.3,9.0,20.5,145.9,31.7,148.12,1.5269,6.7,Standby,16.1,15.5,17.7,19.2,No,0.0,NONE
2025-06-09 05:00:00,18.94,22.64,26.36,20.22,5.33,3.71,97.15,20.5,21.6,24.9,20.8,33.9,35.8,39.1,36.1,59.5,9.3,21.5,155.2,34.0,146.94,1.5125,6.7,Standby,19.5,16.6,19.8,18.1,No,0.0,NONE
2025-06-09 06:00:00,18.97,22.48,25.87,19.87,5.17,3.74,96.18,19.0,21.6,22.9,20.6,31.8,34.7,37.7,34.6,59.8,8.4,19.2,148.6,29.1,143.65,1.4935,6.5,Standby,16.2,17.0,17.6,18.2,No,0.0,NONE
2025-06-09 07:00:00,18.65,22.22,26.13,19.59,5.24,3.77,95.58,21.0,20.8,24.8,20.0,34.7,40.1,40.9,37.0,52.4,9.1,21.4,161.6,34.6,145.09,1.518,6.6,Standby,18.8,18.0,20.5,15.6,No,0.0,NONE
2025-06-09 08:00:00,17.57,21.9,26.5,20.68,5.34,3.74,95.65,19.4,21.3,22.7,21.2,35.7,35.3,38.6,36.1,46.0,8.2,19.1,149.6,29.7,142.41,1.4889,6.5,Standby,16.1,16.4,18.6,17.9,No,0.0,NONE
2025-06-09 09:00:00,18.51,21.21,25.88,21.42,4.99,3.72,96.01,20.0,21.8,22.4,20.4,33.6,35.2,42.1,36.1,60.0,8.3,19.5,153.4,30.8,143.08,1.4902,6.5,Standby,15.8,15.8,17.9,16.6,No,0.0,NONE
2025-06-09 10:00:00,19.01,21.58,26.19,21.13,5.36,3.91,96.91,19.4,21.2,21.7,19.7,32.0,36.0,40.4,35.9,52.2,7.7,17.9,141.8,27.1,147.48,1.5218,6.7,Standby,18.3,15.3,18.0,17.3,No,0.0,NONE
2025-06-09 11:00:00,18.11,22.06,25.53,19.48,5.42,3.63,94.17,18.9,20.3,21.5,19.8,33.0,34.3,39.0,34.6,55.3,8.1,18.3,153.7,27.5,140.88,1.4959,6.4,Standby,16.5,14.7,18.9,18.5,No,0.0,NONE
2025-06-09 12:00:00,17.87,22.64,24.95,20.4,5.24,3.95,94.86,19.3,20.3,20.3,20.5,31.7,34.9,37.1,34.0,51.3,6.9,15.0,133.4,20.3,142.45,1.5016,6.5,Standby,16.5,15.7,19.8,17.6,No,0.0,NONE
2025-06-09 13:00:00,19.61,21.93,22.78,19.8,5.03,3.67,93.12,19.9,21.2,22.3,20.7,31.3,33.5,40.3,34.2,50.4,7.3,16.1,126.2,22.9,142.51,1.5304,6.5,Standby,18.1,14.8,18.9,16.8,No,0.0,NONE
2025-06-09 14:00:00,18.2,20.84,23.85,19.82,5.0,3.62,91.72,19.4,20.5,22.5,20.2,34.7,37.9,38.4,32.8,43.5,7.4,16.8,147.2,24.7,142.62,1.555,6.5,Standby,15.5,14.8,20.2,16.6,No,0.0,NONE
2025-06-09 15:00:00,18.59,22.03,24.78,19.77,5.2,3.85,94.16,19.7,21.0,22.0,19.6,34.2,33.4,35.9,31.9,38.9,7.6,16.3,127.0,22.1,144.63,1.536,6.6,Standby,18.9,16.3,20.5,18.9,No,0.0,NONE
2025-06-09 16:00:00,17.4,22.92,24.14,19.59,5.22,3.7,93.05,19.7,19.6,22.7,19.5,32.5,35.3,36.2,35.5,36.8,7.7,16.8,132.1,23.6,139.6,1.5003,6.3,Standby,16.2,13.9,17.6,15.2,No,0.0,NONE
2025-06-09 17:00:00,17.54,21.52,24.18,20.02,5.11,3.86,92.26,19.6,20.0,23.0,20.1,31.9,32.8,37.7,33.7,39.0,7.0,15.4,129.0,21.3,140.28,1.5205,6.4,Standby,18.2,15.0,16.8,16.9,No,0.0,NONE
2025-06-09 18:00:00,17.68,20.78,24.57,20.33,5.26,3.73,92.36,19.0,20.1,23.0,20.4,33.1,37.3,40.5,33.9,54.1,8.2,17.9,141.5,25.6,138.61,1.5007,6.3,Standby,18.3,13.6,16.1,16.5,No,0.0,NONE
2025-06-09 19:00:00,18.0,21.74,23.95,19.54,5.27,3.88,92.24,19.6,21.2,20.0,18.9,33.3,32.2,38.0,31.7,47.7,6.8,14.8,117.6,17.5,137.24,1.488,6.2,Standby,18.3,15.7,17.3,17.2,No,0.0,NONE
2025-06-09 20:00:00,19.29,20.49,26.25,20.83,5.15,3.67,95.85,19.5,20.6,22.4,18.5,31.4,33.6,39.5,32.4,48.2,6.7,14.7,133.9,17.1,145.47,1.5177,6.6,Standby,15.5,17.2,17.4,19.0,No,0.0,NONE
2025-06-09 21:00:00,18.82,23.66,25.44,20.46,5.15,3.83,97.38,20.3,20.3,22.7,19.6,32.5,34.5,35.9,35.5,47.8,7.6,16.6,144.0,23.2,149.98,1.5401,6.8,Standby,17.1,17.1,17.9,18.2,No,0.0,NONE
2025-06-09 22:00:00,18.76,22.1,25.09,20.41,5.0,3.64,95.36,19.2,20.7,20.4,18.8,30.2,32.7,37.5,31.8,42.2,7.2,15.2,129.6,18.5,143.47,1.5046,6.5,Standby,17.4,15.4,20.0,17.5,No,0.0,NONE
2025-06-09 23:00:00,18.26,21.03,23.45,19.39,5.05,3.88,91.12,19.9,19.3,20.6,20.4,31.3,34.1,36.7,34.9,40.2,7.3,15.9,127.2,22.3,136.73,1.5005,6.2,Standby,17.7,14.9,18.9,17.2,No,0.0,NONE
2025-06-10 00:00:00,18.77,20.96,23.62,20.23,5.07,3.75,92.58,20.3,19.9,20.9,19.4,34.4,33.4,38.7,34.8,59.7,7.1,16.1,142.1,23.3,142.16,1.5356,6.5,Standby,17.0,15.5,19.8,15.8,No,0.0,NONE
2025-06-10 01:00:00,20.23,21.41,23.72,20.24,5.19,3.75,94.58,20.3,20.9,21.4,20.4,34.0,36.5,35.6,32.9,45.9,7.9,16.9,133.6,23.6,146.55,1.5494,6.7,Standby,16.5,16.0,18.3,15.7,No,0.0,NONE
2025-06-10 02:00:00,20.05,21.4,24.77,19.87,5.48,3.67,95.09,19.3,20.2,22.5,20.7,31.5,34.8,36.5,32.9,40.8,7.3,16.8,145.0,25.0,142.56,1.4992,6.5,Standby,17.6,13.9,19.4,15.7,No,0.0,NONE
2025-06-10 03:00:00,17.83,20.73,25.05,19.71,4.92,3.75,92.32,19.9,21.1,22.6,20.0,36.1,37.5,40.6,35.0,56.1,9.1,20.5,151.9,31.4,140.24,1.5191,6.4,Standby,16.5,16.2,16.6,14.9,No,0.0,NONE
2025-06-10 04:00:00,18.85,21.01,29.27,21.13,5.0,3.9,99.25,20.3,23.1,22.8,20.8,33.6,36.8,42.1,37.5,45.3,9.2,21.5,152.0,34.3,149.37,1.505,6.8,Standby,16.4,18.2,20.4,17.2,No,0.0,NONE
2025-06-10 05:00:00,19.58,21.57,26.02,21.09,5.15,3.6,97.26,19.7,20.7,21.4,20.9,32.1,37.2,40.2,32.5,49.0,7.8,17.8,137.5,26.6,150.67,1.5492,6.8,Standby,18.0,17.8,20.1,16.3,No,0.0,NONE
2025-06-10 06:00:00,18.12,21.46,23.55,20.27,5.46,3.64,92.41,19.1,20.3,22.3,19.1,34.6,37.0,36.1,32.9,40.8,7.9,17.3,148.4,24.5,139.98,1.5148,6.4,Standby,16.7,17.0,18.8,17.2,No,0.0,NONE
2025-06-10 07:00:00,18.92,21.71,28.82,18.23,5.48,3.71,96.68,19.3,21.9,23.7,19.9,35.3,36.7,43.7,36.7,43.3,8.7,20.7,162.8,33.1,147.77,1.5284,6.7,Standby,19.5,15.2,20.4,18.3,No,0.0,NONE
2025-06-10 08:00:00,18.55,23.03,26.84,20.36,5.22,3.73,97.78,19.6,22.8,24.3,20.5,35.8,35.2,38.1,37.1,58.0,8.3,19.8,146.2,31.6,148.55,1.5192,6.8,Standby,18.9,17.7,17.5,18.7,No,0.0,NONE
2025-06-10 09:00:00,19.38,21.51,28.07,19.6,5.22,3.88,97.55,20.8,20.9,24.6,21.2,32.8,36.5,38.9,33.9,56.8,8.6,20.0,152.3,31.4,151.41,1.5521,6.9,Standby,16.4,17.0,21.0,17.6,No,0.0,NONE
2025-06-10 10:00:00,18.47,22.48,24.81,19.59,5.33,3.99,94.35,19.4,21.1,20.9,19.2,31.7,33.3,37.7,35.6,53.3,7.3,16.5,139.8,24.0,142.24,1.5076,6.5,Standby,16.8,15.6,17.1,15.5,No,0.0,NONE
2025-06-10 11:00:00,17.81,20.92,25.66,19.49,5.08,3.84,92.87,18.9,20.5,21.6,19.6,35.2,35.7,37.4,33.2,55.5,7.8,18.0,151.5,27.4,144.31,1.5539,6.6,Standby,18.2,17.8,19.3,17.2,No,0.0,NONE
2025-06-10 12:00:00,18.77,21.37,25.98,20.84,5.12,3.9,95.97,19.3,21.5,21.4,20.3,32.6,37.6,38.8,34.7,40.0,8.0,17.7,142.6,25.8,147.31,1.535,6.7,Standby,17.7,17.3,20.6,18.6,No,0.0,NONE
2025-06-10 13:00:00,17.26,21.48,25.87,18.57,5.38,3.81,92.17,19.5,21.1,21.1,19.9,33.4,36.3,37.1,34.3,43.5,7.7,16.3,130.7,21.9,136.45,1.4805,6.2,Standby,14.9,13.5,17.8,15.9,No,0.0,NONE
2025-06-10 14:00:00,17.4,23.3,21.92,20.97,5.09,3.99,92.6,19.8,19.5,22.2,20.1,30.3,37.0,35.6,34.8,51.8,7.4,15.6,130.8,20.8,139.32,1.5045,6.3,Standby,16.8,16.5,18.8,17.7,No,0.0,NONE
2025-06-10 15:00:00,18.43,23.15,25.57,19.88,5.44,3.87,96.03,19.1,19.4,22.9,19.8,30.4,36.6,37.1,31.6,40.7,6.5,14.5,126.8,16.9,148.25,1.5438,6.7,Standby,19.7,16.1,19.0,17.7,No,0.0,NONE
2025-06-10 16:00:00,19.63,23.55,23.9,21.26,5.04,3.7,97.34,19.6,19.2,20.1,19.9,33.6,33.2,34.3,34.6,43.9,7.5,15.5,124.6,17.8,151.56,1.557,6.9,Standby,18.4,18.0,18.7,18.6,No,0.0,NONE
2025-06-10 17:00:00,19.61,21.47,23.47,20.62,5.15,3.65,94.17,19.7,20.9,20.9,19.5,33.4,36.6,34.5,33.9,38.4,6.8,14.8,121.8,19.2,140.32,1.4901,6.4,Standby,14.9,13.8,18.5,16.3,No,0.0,NONE
2025-06-10 18:00:00,17.67,23.49,24.55,19.7,5.06,3.69,94.41,19.5,19.2,20.8,19.4,31.8,32.8,34.2,32.9,43.9,6.5,14.5,136.2,19.8,142.18,1.5059,6.5,Standby,16.2,14.7,18.5,15.1,No,0.0,NONE
2025-06-10 19:00:00,18.25,21.3,27.21,19.86,5.36,3.79,95.62,19.7,20.8,21.3,19.5,32.9,34.1,36.7,34.8,54.0,8.1,18.0,140.4,26.3,143.76,1.5034,6.5,Standby,15.8,17.2,20.1,16.8,No,0.0,NONE
2025-06-10 20:00:00,18.49,21.33,26.04,20.79,5.3,3.91,95.65,20.3,20.7,22.4,19.6,31.6,34.1,40.5,34.2,46.9,7.9,17.4,132.5,24.9,144.34,1.5091,6.6,Standby,18.8,14.3,19.1,18.5,No,0.0,NONE
2025-06-10 21:00:00,18.13,22.2,23.04,20.74,5.38,3.95,93.12,19.1,21.4,20.4,20.4,30.3,34.4,39.1,33.2,49.6,7.5,15.5,119.0,17.7,138.64,1.4887,6.3,Standby,15.3,17.2,16.9,18.1,No,0.0,NONE
2025-06-10 22:00:00,18.66,21.89,26.54,19.34,5.28,3.68,95.43,18.6,20.9,22.2,19.3,32.2,34.7,35.2,33.8,42.3,7.0,15.5,137.0,21.4,145.31,1.5226,6.6,Standby,17.3,14.3,19.3,18.8,No,0.0,NONE
2025-06-10 23:00:00,20.06,23.4,23.32,20.42,5.23,3.68,96.19,20.2,20.2,23.4,19.9,31.3,37.4,38.9,33.3,48.9,8.1,17.7,147.4,25.2,142.89,1.4855,6.5,Standby,18.7,14.5,17.0,18.3,No,0.0,NONE
2025-06-11 00:00:00,18.75,22.6,23.15,19.88,5.04,3.73,93.38,20.4,21.8,22.0,19.8,35.2,37.0,37.7,33.1,40.6,8.4,18.8,139.9,27.8,141.82,1.5188,6.4,Standby,16.0,16.5,17.9,18.9,No,0.0,NONE
2025-06-11 01:00:00,17.79,21.56,24.71,19.08,5.35,3.9,92.13,18.9,20.5,21.1,19.2,32.9,35.9,36.0,36.0,50.1,8.3,18.0,135.4,25.9,143.27,1.555,6.5,Standby,18.3,16.3,19.1,16.4,No,0.0,NONE
2025-06-11 02:00:00,19.03,22.34,24.25,21.06,5.39,3.8,95.68,18.9,20.3,23.0,19.3,34.8,37.6,37.8,35.8,60.4,8.0,17.9,133.6,26.5,146.52,1.5313,6.7,Standby,18.9,15.3,19.7,17.4,No,0.0,NONE
2025-06-11 03:00:00,16.63,23.01,26.55,18.93,5.34,3.81,94.11,19.7,22.0,23.2,20.4,34.3,39.5,37.7,36.9,43.6,8.6,19.8,144.0,30.8,141.59,1.5045,6.4,Standby,15.8,17.5,19.6,16.4,No,0.0,NONE
2025-06-11 04:00:00,17.88,22.0,23.87,21.11,5.41,3.81,93.86,18.7,19.9,22.1,20.2,34.8,37.3,37.8,33.3,37.6,7.7,17.0,147.4,24.4,139.63,1.4876,6.3,Standby,14.8,15.3,16.4,15.4,No,0.0,NONE
2025-06-11 05:00:00,19.4,21.85,25.63,19.18,5.22,3.77,95.07,21.0,20.8,22.8,21.0,34.9,37.5,42.8,34.1,54.4,9.1,20.2,158.8,30.4,142.94,1.5036,6.5,Standby,18.4,14.7,20.1,17.7,No,0.0,NONE
2025-06-11 06:00:00,17.51,22.48,27.07,19.69,4.91,3.77,95.75,20.2,21.2,23.7,21.3,36.2,38.0,39.8,34.8,56.8,8.9,21.3,161.2,34.6,145.31,1.5175,6.6,Standby,17.0,15.3,19.0,17.7,No,0.0,NONE
2025-06-11 07:00:00,18.01,20.67,27.18,21.07,5.42,3.74,95.93,21.1,21.8,24.5,20.8,36.4,36.8,41.0,36.7,59.5,9.7,22.9,158.3,37.2,145.39,1.5155,6.6,Standby,16.0,15.3,17.3,18.8,No,0.0,NONE
2025-06-11 08:00:00,15.78,22.48,25.83,21.58,5.46,3.61,94.67,20.4,20.8,24.4,19.9,34.9,38.4,38.6,36.0,65.2,8.6,20.6,165.8,33.3,140.55,1.4847,6.4,Standby,15.3,16.2,17.4,16.0,No,0.0,NONE
2025-06-11 09:00:00,19.12,22.08,28.26,20.24,5.35,3.99,98.7,21.5,21.2,23.5,21.4,36.8,37.6,39.1,35.1,54.0,9.3,22.3,166.4,36.7,153.49,1.5552,7.0,Standby,16.7,15.1,19.6,19.0,No,0.0,NONE
2025-06-11 10:00:00,19.96,21.66,25.45,20.6,4.91,3.93,96.67,20.6,20.9,23.4,19.5,35.2,38.6,37.4,35.8,51.0,8.0,18.5,141.3,28.4,146.55,1.516,6.7,Standby,18.3,16.0,17.4,18.9,No,0.0,NONE
2025-06-11 11:00:00,18.31,21.31,24.45,20.18,5.18,3.8,93.25,20.2,21.5,21.5,20.7,31.0,32.8,38.0,34.6,41.9,7.1,15.9,142.0,22.7,144.13,1.5456,6.6,Standby,15.6,17.2,20.7,18.1,No,0.0,NONE
2025-06-11 12:00:00,18.26,22.55,25.79,20.42,4.91,3.88,96.02,19.4,19.8,21.8,19.9,32.6,35.1,38.9,34.4,54.2,8.0,17.1,142.2,23.6,145.98,1.5204,6.6,Standby,18.6,17.4,19.3,15.8,No,0.0,NONE
2025-06-11 13:00:00,18.78,22.07,24.81,20.91,5.43,3.73,95.57,20.0,19.9,21.4,21.0,33.4,37.3,41.1,36.0,40.4,8.2,18.1,144.4,26.3,146.86,1.5367,6.7,Standby,18.4,16.7,19.5,16.2,No,0.0,NONE
2025-06-11 14:00:00,19.36,22.72,23.34,20.0,5.39,3.76,94.41,18.4,20.8,22.8,19.3,30.2,32.7,36.4,33.1,42.4,7.4,15.5,139.8,20.3,142.13,1.5054,6.5,Standby,17.0,17.5,16.8,18.3,No,0.0,NONE
2025-06-11 15:00:00,20.14,21.4,24.45,20.34,5.44,3.63,95.33,18.5,21.4,22.6,18.9,33.1,32.4,34.9,31.7,36.1,7.3,15.3,119.2,17.0,141.83,1.4877,6.4,Standby,17.0,15.2,18.8,17.8,No,0.0,NONE
2025-06-11 16:00:00,19.04,22.21,24.05,19.25,5.36,3.92,93.54,20.0,20.2,20.1,19.5,30.1,36.7,35.0,34.7,58.8,6.9,14.9,116.0,16.0,143.61,1.5352,6.5,Standby,18.3,14.1,18.9,16.7,No,0.0,NONE
2025-06-11 17:00:00,18.05,22.91,27.14,18.98,5.22,3.65,96.08,18.7,20.5,21.7,18.8,31.7,34.6,34.5,33.4,40.8,7.1,15.1,122.3,17.7,142.47,1.4828,6.5,Standby,18.8,14.7,19.7,17.4,No,0.0,NONE
2025-06-11 18:00:00,18.73,22.25,22.13,20.13,5.19,3.76,92.24,18.7,20.5,20.4,19.1,31.8,36.7,36.8,32.3,55.5,7.7,16.3,138.8,21.9,142.96,1.55,6.5,Standby,18.9,16.8,17.1,16.4,No,0.0,NONE
2025-06-11 19:00:00,17.49,22.43,22.96,20.46,5.38,3.91,92.34,18.5,21.7,22.6,18.9,33.2,34.9,37.2,34.1,40.2,7.5,16.1,139.7,22.0,140.68,1.5234,6.4,Standby,18.9,15.7,18.7,16.6,No,0.0,NONE
2025-06-11 20:00:00,19.34,21.49,22.17,20.58,4.91,3.68,92.59,19.3,20.3,22.4,20.9,34.1,34.7,38.1,32.3,37.9,8.1,17.8,145.2,25.6,142.49,1.539,6.5,Standby,16.8,16.6,20.0,16.8,No,0.0,NONE
2025-06-11 21:00:00,18.05,21.24,26.91,19.49,5.5,3.97,94.68,18.3,19.1,21.9,19.9,31.9,33.4,37.8,33.5,38.7,7.3,15.3,118.8,19.2,144.24,1.5234,6.6,Standby,18.5,16.9,17.1,17.2,No,0.0,NONE
2025-06-11 22:00:00,16.66,23.63,21.34,19.83,5.01,3.6,90.47,18.1,21.0,20.6,19.5,31.5,33.7,39.2,33.0,48.0,6.7,14.7,121.9,20.1,134.61,1.488,6.1,Standby,16.0,13.9,18.2,14.3,No,0.0,NONE
2025-06-11 23:00:00,19.24,20.74,22.87,19.51,5.16,3.98,91.37,18.6,19.5,21.6,19.4,30.9,33.1,38.1,32.3,59.7,7.3,15.3,117.5,18.4,140.35,1.5361,6.4,Standby,16.0,15.6,16.5,17.0,No,0.0,NONE
2025-06-12 00:00:00,18.06,20.74,24.17,20.29,5.39,3.62,92.26,18.4,20.0,20.6,19.7,32.9,36.5,35.3,32.1,52.9,6.8,14.8,120.9,18.7,140.59,1.5239,6.4,Standby,15.7,15.0,19.3,16.4,No,0.0,NONE
2025-06-12 01:00:00,18.14,21.31,25.59,19.6,5.42,3.63,93.64,20.2,21.6,22.0,19.5,34.9,36.7,40.5,34.4,44.4,8.2,18.5,154.3,27.7,138.92,1.4837,6.3,Standby,15.7,15.4,17.0,16.3,No,0.0,NONE
2025-06-12 02:00:00,18.77,21.95,23.19,19.95,4.97,3.75,92.86,19.6,21.3,21.8,19.6,32.1,37.0,37.6,31.9,56.5,8.0,17.3,147.4,24.4,144.45,1.5556,6.6,Standby,16.0,16.4,16.9,16.9,No,0.0,NONE
2025-06-12 03:00:00,18.86,21.96,25.47,19.77,5.47,3.8,95.06,20.4,21.9,22.1,19.6,34.3,36.4,39.2,34.7,39.4,7.9,18.1,139.4,27.4,148.03,1.5572,6.7,Standby,15.8,15.5,18.5,18.6,No,0.0,NONE
2025-06-12 04:00:00,17.38,24.2,26.22,20.47,5.43,3.86,97.27,19.2,21.1,23.0,19.1,34.9,37.1,38.1,35.9,39.4,7.7,17.4,136.6,26.0,148.77,1.5294,6.8,Standby,18.9,16.5,20.0,17.7,No,0.0,NONE
2025-06-12 05:00:00,18.14,21.34,25.5,19.95,5.28,3.75,93.92,18.7,19.8,22.6,19.8,34.3,35.0,39.1,35.0,60.9,7.2,16.4,131.2,24.0,139.52,1.4855,6.3,Standby,18.2,16.4,17.8,18.7,No,0.0,NONE
2025-06-12 06:00:00,17.51,22.28,25.58,19.59,5.3,3.65,93.97,20.3,22.8,24.7,20.0,36.1,38.0,42.3,34.1,59.7,9.0,20.8,157.1,32.5,141.29,1.5036,6.4,Standby,15.2,16.1,19.0,17.6,No,0.0,NONE
2025-06-12 07:00:00,18.38,21.41,27.14,20.46,5.29,3.97,96.39,20.4,22.3,22.4,21.2,34.6,37.4,38.8,33.9,53.9,8.3,19.4,151.3,30.6,145.86,1.5132,6.6,Standby,19.1,15.0,18.1,19.3,No,0.0,NONE
2025-06-12 08:00:00,18.13,24.01,26.18,20.22,5.17,3.67,97.53,19.1,21.0,21.6,20.8,32.7,37.9,41.8,35.8,58.7,8.2,18.9,138.9,29.3,145.2,1.4888,6.6,Standby,18.0,15.5,18.3,17.7,No,0.0,NONE
2025-06-12 09:00:00,17.89,20.77,25.02,19.63,5.32,3.63,92.31,18.6,21.3,22.3,20.4,32.0,33.7,37.9,33.6,56.3,7.7,17.1,136.5,24.6,142.05,1.5388,6.5,Standby,15.5,17.4,16.7,16.3,No,0.0,NONE
2025-06-12 10:00:00,19.29,21.26,26.34,20.26,5.33,3.93,96.14,20.7,22.1,22.0,20.0,34.1,37.2,40.1,36.4,43.5,8.5,19.7,146.2,30.7,148.12,1.5407,6.7,Standby,18.9,14.4,18.5,16.6,No,0.0,NONE
2025-06-12 11:00:00,20.23,24.42,23.54,20.04,5.46,3.63,97.23,20.9,22.0,23.2,19.8,34.4,38.3,38.3,33.0,50.7,8.6,19.4,146.3,29.2,147.96,1.5217,6.7,Standby,17.0,15.4,20.1,16.3,No,0.0,NONE
2025-06-12 12:00:00,18.64,22.16,25.42,19.42,5.08,3.82,94.65,19.2,21.2,23.0,19.3,30.9,37.8,40.3,32.8,40.8,7.3,16.3,129.7,23.4,143.55,1.5167,6.5,Standby,19.0,14.7,17.5,15.7,No,0.0,NONE
2025-06-12 13:00:00,19.14,21.51,24.54,20.1,5.37,3.82,94.28,20.6,21.8,23.3,20.0,35.7,37.4,39.2,33.3,53.2,8.3,18.9,145.4,28.6,146.84,1.5574,6.7,Standby,18.3,15.6,17.3,18.8,No,0.0,NONE
2025-06-12 14:00:00,19.38,21.46,24.48,18.9,5.02,3.95,93.22,19.9,20.8,23.1,20.8,31.7,37.8,41.6,32.6,46.3,8.0,17.9,135.5,26.4,143.79,1.5425,6.5,Standby,15.9,15.5,17.6,16.7,No,0.0,NONE
2025-06-12 15:00:00,18.51,21.61,23.85,20.01,5.14,3.95,92.97,19.2,21.1,23.1,18.9,30.4,36.0,38.0,33.7,43.2,6.6,14.8,130.9,20.6,142.81,1.536,6.5,Standby,15.5,16.6,18.7,17.1,No,0.0,NONE
2025-06-12 16:00:00,18.56,22.86,24.24,19.45,5.18,4.0,94.11,19.9,19.2,23.1,19.5,30.9,36.9,39.9,34.6,51.1,6.9,15.2,123.8,21.1,143.11,1.5207,6.5,Standby,16.1,14.7,20.5,16.3,No,0.0,NONE
2025-06-12 17:00:00,19.72,21.53,24.1,20.85,5.35,3.62,95.21,20.0,20.1,21.1,19.2,31.8,37.3,38.5,33.0,41.8,7.5,16.8,136.5,24.4,143.92,1.5117,6.5,Standby,18.3,15.9,17.2,16.8,No,0.0,NONE
2025-06-12 18:00:00,17.89,21.13,23.07,20.05,5.38,3.77,91.14,19.8,20.8,20.6,19.9,31.3,35.8,35.4,31.6,50.9,6.7,14.7,120.9,13.9,135.42,1.4858,6.2,Standby,16.7,15.2,16.6,15.1,No,0.0,NONE
2025-06-12 19:00:00,18.55,22.87,25.97,19.75,5.04,3.86,96.14,18.6,20.9,21.6,19.1,33.5,35.1,36.5,32.8,41.7,7.2,15.2,121.7,19.4,142.68,1.4841,6.5,Standby,15.6,14.9,17.6,16.5,No,0.0,NONE
2025-06-12 20:00:00,18.46,22.31,23.87,19.63,5.35,3.8,93.26,18.2,19.4,22.1,20.3,30.0,33.1,36.1,35.0,51.3,7.5,15.5,119.6,18.5,142.78,1.531,6.5,Standby,16.6,14.5,17.5,15.3,No,0.0,NONE
2025-06-12 21:00:00,17.83,22.8,24.54,20.89,5.1,3.97,95.05,18.1,20.6,22.4,18.6,30.9,33.1,39.3,33.6,40.4,7.3,15.3,127.4,18.3,144.5,1.5203,6.6,Standby,19.0,14.9,19.4,17.2,No,0.0,NONE
2025-06-12 22:00:00,18.2,20.86,22.82,20.43,4.99,3.65,91.32,19.4,21.8,22.9,19.2,33.0,36.8,35.8,32.0,58.9,7.2,16.2,134.6,23.2,136.32,1.4928,6.2,Standby,15.3,15.0,16.6,14.5,No,0.0,NONE
2025-06-12 23:00:00,16.27,22.57,25.33,20.31,5.15,3.98,93.47,18.9,20.1,22.4,18.9,32.0,34.4,34.8,32.6,45.9,7.0,15.6,142.9,22.0,139.4,1.4913,6.3,Standby,15.0,13.4,18.5,15.6,No,0.0,NONE
2025-06-13 00:00:00,18.33,22.05,25.59,19.8,4.93,3.78,94.76,18.5,19.5,22.7,19.0,30.7,37.5,36.0,35.0,60.3,7.1,16.0,145.9,23.0,143.66,1.5159,6.5,Standby,18.2,14.2,17.4,16.0,No,0.0,NONE
2025-06-13 01:00:00,17.66,22.51,25.06,19.66,5.17,3.71,93.89,20.6,21.9,22.0,19.3,34.8,37.5,36.6,35.2,49.8,8.0,18.1,143.8,27.0,143.38,1.5271,6.5,Standby,15.7,16.7,18.1,18.8,No,0.0,NONE
2025-06-13 02:00:00,19.58,22.29,26.61,19.56,5.38,3.71,97.04,20.8,22.1,23.5,21.7,35.0,39.6,42.4,33.8,48.2,9.2,21.1,162.6,33.0,147.06,1.5154,6.7,Standby,18.1,15.9,20.9,18.0,No,0.0,NONE
2025-06-13 03:00:00,18.57,22.94,25.75,19.08,5.08,3.96,95.35,19.2,22.7,22.8,19.8,33.4,38.8,43.3,33.8,56.5,9.1,20.5,142.8,31.2,148.51,1.5575,6.8,Standby,19.5,17.9,18.8,19.3,No,0.0,NONE
2025-06-13 04:00:00,17.57,23.35,26.81,20.43,5.02,4.0,97.16,21.1,20.9,24.0,21.2,35.9,35.4,41.3,34.0,56.9,8.2,19.5,148.3,30.8,148.55,1.5288,6.8,Standby,19.3,14.7,19.9,18.0,No,0.0,NONE
2025-06-13 05:00:00,18.07,21.34,26.15,20.05,5.43,3.86,94.61,18.6,21.2,21.4,20.9,31.7,33.9,39.7,35.4,44.8,7.4,17.2,134.4,26.0,145.13,1.534,6.6,Standby,16.6,15.4,19.9,16.5,No,0.0,NONE
2025-06-13 06:00:00,18.05,21.93,26.35,21.07,5.12,3.64,96.4,19.1,22.1,23.3,20.6,35.6,37.4,37.1,34.7,45.0,8.5,19.3,156.0,29.2,146.99,1.5247,6.7,Standby,18.1,14.9,19.7,19.2,No,0.0,NONE
2025-06-13 07:00:00,18.37,21.71,27.71,20.69,5.44,3.93,97.48,21.0,21.3,23.0,20.1,34.3,38.9,38.8,33.7,59.2,8.3,19.5,146.6,30.9,148.85,1.5269,6.8,Standby,18.6,17.7,20.4,17.5,No,0.0,NONE
2025-06-13 08:00:00,17.88,19.95,26.51,19.65,5.14,3.67,92.98,19.5,22.7,23.4,20.4,34.2,36.6,40.8,33.2,46.3,8.6,19.8,144.6,30.8,140.23,1.5083,6.4,Standby,18.8,13.9,16.5,16.8,No,0.0,NONE
2025-06-13 09:00:00,18.74,20.17,27.44,19.75,5.27,3.81,95.09,19.8,21.2,21.7,20.2,34.7,38.6,40.3,36.0,52.0,8.5,19.1,145.2,28.6,141.96,1.4929,6.5,Standby,15.9,16.5,19.3,15.1,No,0.0,NONE
2025-06-13 10:00:00,18.47,21.97,26.31,20.64,5.16,3.98,96.39,19.7,22.4,21.6,21.2,33.2,37.7,37.2,33.3,41.3,8.6,19.5,153.3,29.7,147.7,1.5322,6.7,Standby,17.7,15.9,18.5,17.5,No,0.0,NONE
2025-06-13 11:00:00,19.11,21.61,22.32,20.42,5.16,3.74,92.47,18.9,20.6,22.7,19.6,31.6,36.2,39.9,31.8,52.5,7.9,16.9,135.0,23.4,140.22,1.5164,6.4,Standby,18.4,13.8,19.8,15.3,No,0.0,NONE
2025-06-13 12:00:00,18.62,21.81,24.63,19.79,5.02,3.63,93.85,18.8,21.4,21.2,19.0,34.1,36.5,40.8,34.3,38.6,7.4,16.9,147.5,25.0,146.15,1.5573,6.6,Standby,15.6,17.2,20.6,18.7,No,0.0,NONE
2025-06-13 13:00:00,19.69,20.84,24.75,19.72,5.1,3.71,94.0,19.4,19.4,20.3,20.0,34.0,36.0,35.8,32.7,40.7,7.6,15.9,129.0,21.1,141.0,1.5,6.4,Standby,17.7,14.5,18.6,18.3,No,0.0,NONE
2025-06-13 14:00:00,18.86,22.63,27.24,19.53,5.35,3.9,97.26,20.1,21.6,22.5,19.6,33.4,34.6,42.2,35.6,64.5,8.4,19.4,146.4,30.1,146.23,1.5035,6.6,Standby,16.3,16.7,17.8,18.1,No,0.0,NONE
2025-06-13 15:00:00,20.18,21.9,24.72,21.24,5.08,3.85,97.03,18.8,19.9,22.9,20.4,31.9,33.1,37.8,33.3,58.1,7.0,15.8,132.7,22.7,147.44,1.5195,6.7,Standby,17.9,18.0,19.1,18.4,No,0.0,NONE
2025-06-13 16:00:00,18.32,22.27,25.05,20.57,5.25,3.82,95.2,19.3,20.9,21.2,18.8,33.7,35.9,37.2,32.4,59.6,7.2,15.2,111.3,14.6,145.57,1.529,6.6,Standby,15.8,17.8,18.5,15.9,No,0.0,NONE
2025-06-13 17:00:00,19.61,21.33,24.2,18.08,4.99,3.7,92.22,18.8,19.3,20.8,20.2,30.1,32.3,38.1,32.5,54.3,7.1,15.1,130.2,18.4,142.55,1.5459,6.5,Standby,18.8,14.7,16.7,16.9,No,0.0,NONE
2025-06-13 18:00:00,18.92,22.9,21.96,20.35,5.39,3.96,93.13,19.9,20.6,21.1,19.3,32.3,34.9,38.8,31.4,49.2,7.2,15.3,126.4,20.2,142.9,1.5344,6.5,Standby,16.5,17.1,18.0,17.0,No,0.0,NONE
2025-06-13 19:00:00,17.9,21.01,22.01,21.09,5.43,3.97,91.01,18.5,19.1,22.8,19.1,30.8,36.6,39.3,31.2,40.2,7.0,15.0,119.6,18.1,136.16,1.4961,6.2,Standby,17.6,14.0,18.4,14.5,No,0.0,NONE
2025-06-13 20:00:00,19.43,23.38,24.34,19.34,5.02,3.67,95.49,19.6,20.5,20.0,20.2,30.5,35.7,34.6,34.9,57.5,7.0,15.0,128.8,19.9,145.17,1.5203,6.6,Standby,16.2,14.0,17.1,18.7,No,0.0,NONE
2025-06-13 21:00:00,18.05,22.92,25.43,20.4,4.94,3.81,95.8,19.0,21.4,20.2,19.7,33.2,34.6,35.8,33.7,60.2,6.9,15.2,131.3,21.1,147.77,1.5425,6.7,Standby,15.9,15.0,19.2,18.1,No,0.0,NONE
2025-06-13 22:00:00,18.63,21.86,23.6,18.77,5.13,3.65,91.86,19.8,21.0,20.2,20.1,33.5,36.8,37.9,34.6,54.4,6.9,15.1,127.2,20.8,137.82,1.5005,6.3,Standby,14.6,16.4,18.2,17.1,No,0.0,NONE
2025-06-13 23:00:00,18.64,21.07,22.86,18.77,5.22,3.78,90.33,19.7,19.8,22.9,19.1,33.3,34.8,37.6,35.1,62.6,8.2,18.0,133.9,25.9,135.95,1.505,6.2,Standby,16.2,15.6,16.7,16.5,No,0.0,NONE
2025-06-14 00:00:00,17.96,22.87,24.53,19.62,5.35,3.78,93.99,18.1,19.6,22.7,19.7,33.4,33.5,38.1,34.1,39.6,6.9,14.9,125.2,18.6,144.88,1.5414,6.6,Standby,15.5,16.5,19.1,15.5,No,0.0,NONE
2025-06-14 01:00:00,19.64,19.99,25.09,19.92,4.98,3.77,93.65,19.3,21.1,21.2,21.0,31.7,36.0,40.2,35.1,46.2,8.6,18.8,144.1,27.6,144.61,1.5441,6.6,Standby,17.4,15.9,17.3,16.8,No,0.0,NONE
2025-06-14 02:00:00,17.98,20.26,25.91,20.46,5.17,3.8,93.61,20.7,20.9,22.9,21.2,34.2,36.4,38.1,36.3,46.0,7.8,18.0,148.2,27.2,138.92,1.4841,6.3,Standby,15.1,17.0,17.3,17.0,No,0.0,NONE
2025-06-14 03:00:00,17.46,22.79,23.29,19.82,5.05,3.85,92.36,19.0,20.4,21.9,20.2,33.3,34.4,35.9,35.2,50.9,7.9,17.6,149.0,25.6,143.23,1.5508,6.5,Standby,16.4,14.0,17.0,16.9,No,0.0,NONE
2025-06-14 04:00:00,18.25,23.3,24.83,20.57,5.13,3.71,95.96,19.5,20.8,21.7,20.0,34.1,35.0,36.8,33.4,39.8,6.9,15.6,127.6,22.3,146.74,1.5293,6.7,Standby,16.0,15.8,20.8,19.1,No,0.0,NONE
2025-06-14 05:00:00,19.44,22.95,24.95,21.1,5.14,3.63,97.45,19.7,21.5,24.0,20.2,34.8,35.0,43.1,37.1,53.7,8.2,19.5,155.0,31.0,145.37,1.4918,6.6,Standby,18.1,17.0,20.8,17.6,No,0.0,NONE
2025-06-14 06:00:00,18.98,22.48,24.41,20.09,5.38,3.92,94.96,19.0,21.8,23.5,19.5,33.4,34.4,38.7,35.1,44.4,8.2,18.6,153.2,27.8,144.6,1.5228,6.6,Standby,15.9,16.5,20.1,16.0,No,0.0,NONE
2025-06-14 07:00:00,18.71,22.44,25.73,20.25,5.21,3.81,96.12,20.9,20.7,23.3,20.9,32.9,37.9,40.7,34.3,47.5,8.8,20.4,155.0,32.1,149.41,1.5544,6.8,Standby,16.3,17.3,18.0,19.1,No,0.0,NONE
2025-06-14 08:00:00,18.84,21.43,25.11,20.37,5.41,3.95,94.76,19.5,22.0,23.0,20.8,34.4,34.8,38.7,35.7,58.2,7.9,18.5,149.1,28.5,142.09,1.4995,6.5,Standby,15.5,15.5,19.9,18.2,No,0.0,NONE
2025-06-14 09:00:00,17.41,22.37,26.98,19.08,5.25,3.6,94.85,20.3,22.2,21.4,20.2,35.1,37.2,39.5,33.1,57.8,8.4,19.0,145.3,28.7,146.31,1.5425,6.7,Standby,18.3,16.5,17.3,18.1,No,0.0,NONE
2025-06-14 10:00:00,19.37,21.69,26.64,19.9,5.41,3.97,96.61,19.8,21.7,22.6,21.1,31.7,37.5,39.3,32.8,57.5,8.4,18.8,147.6,27.8,147.3,1.5247,6.7,Standby,17.2,16.3,20.0,16.7,No,0.0,NONE
2025-06-14 11:00:00,17.77,20.64,26.04,18.89,5.01,3.86,92.34,19.9,20.3,21.1,20.4,31.2,33.2,39.5,33.7,40.0,7.5,15.7,140.2,20.7,139.05,1.5059,6.3,Standby,17.3,16.8,16.4,15.7,No,0.0,NONE
2025-06-14 12:00:00,18.7,22.19,25.5,19.56,5.1,3.76,94.96,19.5,21.1,22.7,19.1,31.5,33.0,39.8,32.7,39.3,7.0,15.7,140.7,22.2,143.74,1.5137,6.5,Standby,16.5,14.0,20.0,16.4,No,0.0,NONE
2025-06-14 13:00:00,18.91,21.83,23.85,19.6,5.26,3.92,93.19,19.4,20.6,21.8,19.8,33.6,37.1,38.7,35.3,53.0,8.1,17.3,146.2,24.1,142.1,1.5248,6.5,Standby,18.3,16.4,19.6,15.1,No,0.0,NONE
2025-06-14 14:00:00,19.08,21.42,25.13,19.97,5.48,3.91,94.6,19.4,19.8,23.2,20.6,31.4,33.2,40.6,35.1,60.3,7.4,16.6,145.4,24.0,143.36,1.5154,6.5,Standby,16.6,16.4,20.1,16.6,No,0.0,NONE
2025-06-14 15:00:00,20.48,20.01,24.36,20.44,4.95,3.81,94.29,18.6,20.8,21.8,19.8,32.6,36.7,35.2,34.5,59.5,7.2,15.6,129.4,21.2,144.16,1.5289,6.6,Standby,18.2,14.4,20.1,18.5,No,0.0,NONE
2025-06-14 16:00:00,19.4,21.64,24.9,21.02,5.0,3.92,95.96,19.3,21.1,22.9,19.5,33.1,37.0,35.4,34.5,38.8,7.4,15.6,135.4,20.5,148.91,1.5517,6.8,Standby,15.9,17.8,21.2,16.0,No,0.0,NONE
2025-06-14 17:00:00,18.88,22.83,24.54,21.3,5.46,3.93,96.55,19.3,21.6,23.0,20.9,31.7,37.2,37.5,33.3,56.0,7.9,17.9,140.9,26.6,146.11,1.5134,6.6,Standby,19.1,16.1,18.9,18.8,No,0.0,NONE
2025-06-14 18:00:00,19.73,22.04,22.23,19.83,4.91,3.94,92.83,18.4,21.3,21.1,20.2,31.6,32.8,37.0,32.0,43.1,6.7,14.7,122.3,16.7,141.35,1.5226,6.4,Standby,16.2,14.9,18.4,15.5,No,0.0,NONE
2025-06-14 19:00:00,19.09,20.65,23.53,20.56,5.23,3.93,92.83,20.2,21.0,22.1,20.4,32.0,37.8,37.9,35.4,55.8,7.5,16.6,146.8,23.6,139.34,1.501,6.3,Standby,15.6,14.2,17.5,16.2,No,0.0,NONE
2025-06-14 20:00:00,18.07,24.55,23.93,20.47,5.13,3.84,96.02,19.4,21.3,23.4,20.7,31.0,34.9,37.3,32.3,54.9,7.3,16.1,137.7,22.7,145.32,1.5134,6.6,Standby,19.3,14.6,18.0,18.9,No,0.0,NONE
2025-06-14 21:00:00,18.06,20.18,23.81,20.26,5.04,3.89,91.31,18.5,20.9,22.0,20.0,33.8,35.1,38.8,34.5,53.2,6.9,15.3,129.4,21.6,138.99,1.5222,6.3,Standby,16.0,17.1,16.3,16.2,No,0.0,NONE
2025-06-14 22:00:00,19.35,20.9,24.67,19.98,4.98,3.6,93.9,20.1,20.2,20.4,19.8,33.2,36.3,37.7,33.9,47.4,7.3,15.6,138.9,21.0,141.02,1.5018,6.4,Standby,17.4,17.3,20.3,17.4,No,0.0,NONE
2025-06-14 23:00:00,17.06,22.98,25.14,19.84,4.97,3.98,94.03,19.0,19.8,20.0,19.9,33.9,34.8,36.0,32.7,49.2,7.0,15.0,132.2,19.4,144.16,1.5332,6.6,Standby,18.1,14.6,20.5,17.0,No,0.0,NONE
2025-06-15 00:00:00,18.68,23.76,26.07,19.07,5.5,3.86,96.59,19.9,22.2,22.7,19.9,32.1,37.9,38.2,34.5,51.3,8.1,18.2,136.4,27.2,150.39,1.557,6.8,Standby,19.0,17.3,19.2,17.8,No,0.0,NONE
2025-06-15 01:00:00,17.8,20.75,26.13,21.22,4.97,3.64,94.9,20.2,22.4,21.3,20.0,31.9,35.4,39.8,34.4,48.3,8.3,18.8,155.9,28.4,140.84,1.4841,6.4,Standby,15.7,16.0,18.6,17.6,No,0.0,NONE
2025-06-15 02:00:00,19.18,22.43,26.46,20.87,5.25,3.76,97.94,19.5,21.4,24.0,20.6,35.8,36.5,37.9,34.2,43.4,8.5,19.3,139.7,29.5,150.37,1.5353,6.8,Standby,18.8,15.2,19.6,19.7,No,0.0,NONE
2025-06-15 03:00:00,16.91,20.65,27.24,19.47,4.9,3.82,93.26,19.3,21.3,23.1,20.2,36.2,36.6,38.3,33.5,48.5,9.2,20.7,146.4,31.5,140.3,1.5043,6.4,Standby,18.1,14.4,18.6,18.8,No,0.0,NONE
2025-06-15 04:00:00,17.25,23.56,28.82,19.92,5.5,3.92,98.56,21.0,21.0,23.8,20.1,35.3,39.2,39.6,34.2,47.3,9.2,21.1,158.3,32.8,149.33,1.5152,6.8,Standby,19.2,16.6,19.6,18.2,No,0.0,NONE
2025-06-15 05:00:00,19.4,21.98,28.67,20.14,5.24,3.88,99.19,19.1,20.4,21.4,20.9,32.5,38.7,39.7,36.6,48.9,8.3,18.8,141.0,28.7,154.57,1.5584,7.0,Standby,20.4,18.9,18.6,17.0,No,0.0,NONE
2025-06-15 06:00:00,17.21,21.2,24.87,19.45,5.33,3.64,91.74,19.9,21.5,22.4,19.7,31.9,37.2,36.0,35.8,56.8,8.0,17.3,130.7,24.6,136.87,1.492,6.2,Standby,17.2,17.0,18.5,14.8,No,0.0,NONE
2025-06-15 07:00:00,19.17,20.26,26.38,20.02,5.44,3.98,94.83,20.9,21.8,23.4,20.4,36.0,39.2,42.3,36.5,62.2,9.0,20.6,157.2,32.0,142.33,1.5008,6.5,Standby,18.8,16.9,19.8,17.7,No,0.0,NONE
2025-06-15 08:00:00,17.05,23.3,27.95,19.45,4.98,3.87,96.75,20.8,23.0,25.0,20.6,33.4,39.9,42.7,34.8,67.6,9.9,22.7,161.6,35.9,147.5,1.5246,6.7,Standby,19.4,17.1,17.4,16.6,No,0.0,NONE
2025-06-15 09:00:00,18.18,21.84,23.74,19.28,5.48,3.85,92.04,18.7,21.3,23.6,20.9,33.4,34.1,40.3,34.4,48.5,7.4,16.8,148.5,24.5,138.66,1.5066,6.3,Standby,15.2,14.2,18.3,15.7,No,0.0,NONE
2025-06-15 10:00:00,18.35,21.65,27.22,20.22,5.5,3.62,96.44,20.8,22.4,24.3,21.6,35.0,36.5,41.9,34.9,50.0,9.0,20.9,165.5,33.0,147.95,1.5341,6.7,Standby,18.2,15.4,20.0,19.2,No,0.0,NONE
2025-06-15 11:00:00,19.83,21.69,23.67,20.09,5.32,3.86,94.28,19.9,21.1,21.0,19.5,31.9,33.4,37.7,32.0,39.0,7.3,15.3,127.5,18.8,142.16,1.5078,6.5,Standby,15.5,14.8,18.4,15.5,No,0.0,NONE
2025-06-15 12:00:00,18.81,23.03,24.98,20.88,5.05,3.63,96.7,18.8,20.3,21.5,19.3,31.8,34.1,39.5,32.7,63.6,8.3,18.5,146.3,27.4,148.18,1.5324,6.7,Standby,17.8,17.9,19.2,16.3,No,0.0,NONE
2025-06-15 13:00:00,18.12,22.62,22.92,21.4,5.34,3.63,94.06,18.6,20.7,20.4,19.6,32.2,32.4,37.6,34.6,51.3,7.0,15.0,138.8,19.9,140.43,1.4929,6.4,Standby,18.5,15.9,19.3,18.4,No,0.0,NONE
2025-06-15 14:00:00,18.4,23.91,25.09,20.82,4.97,3.89,97.21,19.4,19.2,20.7,20.1,30.9,34.9,34.5,31.9,57.3,7.0,15.0,135.4,18.9,148.22,1.5248,6.7,Standby,17.2,17.5,19.2,17.1,No,0.0,NONE
2025-06-15 15:00:00,19.5,24.46,26.83,20.75,5.36,3.98,100.53,20.7,20.4,23.1,21.0,35.3,34.6,41.9,33.4,53.1,8.1,18.4,150.7,27.5,153.83,1.5301,7.0,Standby,19.1,18.4,21.2,20.2,No,0.0,NONE
2025-06-15 16:00:00,19.4,21.64,24.1,20.37,5.25,3.69,94.52,18.5,19.9,20.1,19.8,32.2,32.5,38.9,34.3,38.0,7.5,15.5,134.9,18.8,145.74,1.542,6.6,Standby,16.3,15.0,19.0,19.3,No,0.0,NONE
2025-06-15 17:00:00,19.5,23.14,25.54,18.98,4.91,3.81,96.16,18.6,20.6,22.3,20.1,34.0,34.8,36.9,32.0,53.7,7.2,15.3,124.9,20.1,143.94,1.4969,6.5,Standby,17.2,15.1,18.4,16.8,No,0.0,NONE
2025-06-15 18:00:00,17.9,21.47,23.45,21.61,5.09,3.74,93.43,19.4,19.5,20.6,18.7,32.1,35.6,38.2,34.0,39.2,7.3,15.3,111.4,14.9,142.88,1.5293,6.5,Standby,17.5,14.1,20.4,15.6,No,0.0,NONE
2025-06-15 19:00:00,19.44,22.1,24.37,21.6,5.18,3.69,96.51,18.4,21.4,22.9,20.4,32.1,36.9,35.8,32.7,39.4,7.2,15.2,131.3,19.6,143.83,1.4902,6.5,Standby,17.1,14.6,17.0,15.3,No,0.0,NONE
2025-06-15 20:00:00,18.3,23.97,23.48,20.15,5.28,3.89,94.9,18.3,19.6,22.1,20.5,32.8,35.0,40.6,31.9,40.0,7.5,16.4,128.8,23.1,144.74,1.5251,6.6,Standby,18.1,14.4,17.4,18.9,No,0.0,NONE
2025-06-15 21:00:00,18.92,20.75,23.39,19.8,4.99,3.61,91.86,19.8,19.8,21.3,21.0,31.2,36.6,36.4,35.4,52.2,7.7,17.3,143.3,25.4,138.79,1.5109,6.3,Standby,16.5,15.1,18.7,18.0,No,0.0,NONE
2025-06-15 22:00:00,17.79,21.61,23.06,18.37,5.1,3.81,89.82,20.3,20.1,22.4,20.8,31.5,36.9,36.9,32.8,43.6,8.1,17.7,135.2,25.3,136.27,1.5172,6.2,Standby,16.4,15.4,16.5,14.8,No,0.0,NONE
2025-06-15 23:00:00,17.96,21.93,26.83,20.29,5.05,3.69,96.0,19.5,19.9,20.7,19.2,32.2,33.1,40.4,34.2,37.7,7.3,16.5,136.9,24.1,149.35,1.5557,6.8,Standby,16.8,17.1,17.5,17.4,No,0.0,NONE
2025-06-16 00:00:00,17.84,21.95,25.09,19.03,5.27,3.61,92.92,19.8,21.2,20.9,19.3,32.9,34.9,38.8,34.9,50.9,7.8,17.1,141.1,24.3,139.86,1.5052,6.4,Standby,16.6,14.4,18.6,18.1,No,0.0,NONE
2025-06-16 01:00:00,19.17,21.31,25.31,19.86,5.29,3.65,94.65,20.2,22.0,22.5,20.9,34.6,35.0,42.7,35.4,55.3,8.9,20.3,159.8,31.5,146.98,1.5529,6.7,Standby,16.2,17.4,19.2,16.0,No,0.0,NONE
2025-06-16 02:00:00,20.02,22.59,24.88,19.38,5.28,3.9,95.87,19.1,20.4,21.5,20.3,33.4,33.8,38.4,32.8,53.1,7.8,18.0,135.3,27.2,142.02,1.4813,6.5,Standby,16.9,15.5,19.4,16.9,No,0.0,NONE
2025-06-16 03:00:00,20.33,21.76,26.48,19.88,5.44,3.67,97.45,19.5,22.3,24.4,21.0,34.6,38.6,37.3,36.4,47.1,8.9,20.0,156.5,30.1,146.43,1.5025,6.7,Standby,15.8,16.8,20.0,18.1,No,0.0,NONE
2025-06-16 04:00:00,18.24,23.47,25.01,19.44,4.91,3.65,95.16,20.3,21.6,21.1,21.1,32.8,36.7,40.4,36.2,60.7,8.0,18.1,141.5,26.9,147.52,1.5503,6.7,Standby,18.1,14.8,20.6,19.0,No,0.0,NONE
2025-06-16 05:00:00,17.32,22.15,25.42,18.95,5.13,3.98,92.83,20.9,21.3,24.2,19.8,34.1,38.1,39.2,33.2,41.6,8.9,20.0,158.4,30.3,140.53,1.5138,6.4,Standby,18.4,15.5,16.9,18.5,No,0.0,NONE
2025-06-16 06:00:00,18.84,20.26,26.88,19.98,5.14,3.79,94.96,20.4,21.3,22.4,20.3,35.8,34.6,38.9,33.7,49.8,8.6,19.5,142.7,29.5,146.61,1.5439,6.7,Standby,17.9,14.9,18.8,18.9,No,0.0,NONE
2025-06-16 07:00:00,19.61,23.1,25.37,20.45,5.38,3.8,97.52,19.5,20.6,23.7,20.5,34.2,36.4,37.8,34.0,42.4,8.1,18.7,140.5,28.4,152.12,1.5598,6.9,Standby,17.6,18.4,20.1,16.4,No,0.0,NONE
2025-06-16 08:00:00,19.1,22.62,28.13,19.94,5.15,3.95,98.78,21.1,22.3,22.4,21.5,36.2,37.1,40.6,34.7,62.1,8.3,19.7,144.9,31.6,148.76,1.506,6.8,Standby,17.0,14.8,19.2,16.5,No,0.0,NONE
2025-06-16 09:00:00,20.03,20.45,25.98,20.68,5.43,3.88,96.14,20.3,22.2,24.0,21.2,32.6,38.1,42.0,35.3,56.6,8.2,18.4,136.5,27.5,147.97,1.5391,6.7,Standby,19.3,15.4,18.0,17.5,No,0.0,NONE
2025-06-16 10:00:00,18.06,23.1,27.54,19.37,5.16,3.78,97.07,20.3,22.7,23.8,20.8,33.8,35.5,43.4,36.5,43.4,9.3,21.2,151.0,33.0,150.09,1.5462,6.8,Standby,17.2,17.1,18.3,16.4,No,0.0,NONE
2025-06-16 11:00:00,16.94,22.57,26.45,20.47,5.24,3.68,95.44,19.0,21.2,23.4,19.1,33.4,34.9,37.1,32.5,59.2,7.3,16.5,146.0,24.0,148.76,1.5587,6.8,Standby,17.3,16.1,18.2,18.3,No,0.0,NONE
2025-06-16 12:00:00,18.29,21.09,22.61,18.97,5.34,3.76,89.96,20.0,19.7,20.2,19.8,34.1,36.5,34.3,33.5,46.8,7.1,15.4,129.7,21.0,134.82,1.4986,6.1,Standby,17.3,13.8,16.5,15.4,No,0.0,NONE
2025-06-16 13:00:00,19.6,23.56,25.14,20.56,5.41,3.78,97.86,19.6,21.6,22.2,20.4,31.9,36.2,35.8,32.9,60.7,7.5,17.1,145.4,25.3,149.84,1.5313,6.8,Standby,18.4,16.3,19.6,16.0,No,0.0,NONE
2025-06-16 14:00:00,18.4,21.74,25.79,20.05,5.21,3.97,94.97,18.5,19.8,22.3,20.1,33.9,35.1,37.4,33.4,44.0,7.0,15.0,132.6,19.1,143.34,1.5093,6.5,Standby,16.7,14.9,19.0,18.6,No,0.0,NONE
2025-06-16 15:00:00,18.13,24.23,24.1,20.77,5.48,3.82,96.24,18.4,19.6,20.5,18.5,32.8,35.9,38.9,31.3,58.6,6.7,14.7,125.0,16.7,149.25,1.5508,6.8,Standby,18.4,14.8,17.7,17.9,No,0.0,NONE
2025-06-16 16:00:00,17.87,21.99,24.13,20.15,4.93,3.91,93.14,19.1,20.2,22.6,18.7,30.1,34.1,35.6,32.9,57.6,6.6,14.6,119.2,18.3,139.76,1.5005,6.4,Standby,16.6,14.1,19.4,16.3,No,0.0,NONE
2025-06-16 17:00:00,18.03,22.41,25.33,19.13,5.26,3.63,93.91,19.6,19.9,20.9,19.7,32.2,36.9,34.3,34.4,50.0,6.6,14.6,116.2,17.5,141.18,1.5035,6.4,Standby,18.5,16.3,19.4,18.1,No,0.0,NONE
2025-06-16 18:00:00,18.61,21.59,25.13,20.22,5.23,3.71,94.56,19.8,20.2,21.5,19.6,33.6,37.1,35.3,31.7,42.7,7.4,15.7,139.0,21.1,145.06,1.5341,6.6,Standby,19.0,16.1,16.9,17.7,No,0.0,NONE
2025-06-16 19:00:00,17.85,22.09,27.69,21.27,5.3,3.99,97.9,19.1,19.7,22.9,18.7,31.3,36.5,39.7,33.6,35.4,7.0,15.0,126.5,17.4,148.5,1.5168,6.8,Standby,17.6,18.1,20.9,19.4,No,0.0,NONE
2025-06-16 20:00:00,18.06,22.71,24.87,19.07,5.39,3.94,93.71,19.8,20.0,20.9,19.2,32.7,34.1,40.2,33.8,47.9,7.3,16.3,126.6,23.3,143.45,1.5308,6.5,Standby,18.7,14.1,20.1,18.4,No,0.0,NONE
2025-06-16 21:00:00,17.95,22.33,25.65,18.98,5.3,3.74,93.91,19.1,19.8,21.2,20.2,33.7,37.2,38.8,33.3,45.3,7.6,17.3,135.8,25.9,139.59,1.4864,6.3,Standby,17.4,15.1,16.8,14.8,No,0.0,NONE
2025-06-16 22:00:00,17.85,21.31,24.87,19.21,5.25,3.7,92.23,20.5,21.1,21.6,19.7,34.7,34.3,36.8,34.3,45.9,7.4,16.9,143.8,25.1,140.0,1.5178,6.4,Standby,16.0,15.0,19.5,18.2,No,0.0,NONE
2025-06-16 23:00:00,19.18,23.82,24.55,19.79,5.48,3.69,96.33,18.6,20.1,20.9,19.3,31.9,35.7,38.6,33.8,44.0,7.8,16.8,129.2,23.2,149.93,1.5563,6.8,Standby,19.8,15.7,19.1,17.7,No,0.0,NONE
2025-06-17 00:00:00,18.2,21.45,24.25,20.42,5.01,3.95,93.33,18.6,21.7,22.4,20.5,31.3,35.3,38.2,34.0,53.1,7.5,16.9,147.8,24.8,140.24,1.5027,6.4,Standby,16.4,15.2,17.7,17.6,No,0.0,NONE
2025-06-17 01:00:00,17.74,21.28,25.85,20.45,5.27,3.69,94.32,19.9,22.1,23.3,19.6,35.4,35.9,39.2,35.6,51.0,8.2,18.9,147.4,28.9,140.67,1.4914,6.4,Standby,17.2,15.4,17.5,16.6,No,0.0,NONE
2025-06-17 02:00:00,17.0,21.28,25.25,19.67,5.41,3.67,92.21,19.6,20.1,21.0,20.7,33.4,33.9,41.1,33.8,48.6,7.8,17.6,134.9,26.0,138.3,1.4999,6.3,Standby,16.6,14.1,18.2,15.6,No,0.0,NONE
2025-06-17 03:00:00,18.79,22.37,29.66,18.69,5.0,3.84,98.51,19.9,22.4,23.7,21.7,32.4,37.2,40.0,35.1,63.0,9.1,20.6,144.9,31.8,153.61,1.5594,7.0,Standby,18.1,18.1,20.5,18.4,No,0.0,NONE
2025-06-17 04:00:00,19.09,20.43,23.82,20.52,5.44,3.78,92.86,18.8,20.2,21.7,21.0,35.2,34.7,38.3,36.2,59.3,8.3,18.2,140.4,26.2,144.84,1.5597,6.6,Standby,17.2,15.7,20.3,15.5,No,0.0,NONE
2025-06-17 05:00:00,18.9,22.43,23.72,19.91,5.35,3.88,93.97,19.5,21.8,22.8,20.5,34.5,34.5,37.4,35.1,58.5,8.3,17.9,138.9,25.6,140.19,1.4919,6.4,Standby,17.2,17.4,19.7,18.0,No,0.0,NONE
2025-06-17 06:00:00,17.56,21.27,25.0,19.58,4.93,3.73,92.41,20.1,21.1,24.0,19.8,32.0,34.5,37.7,33.5,48.3,8.4,18.7,135.5,27.7,141.36,1.5297,6.4,Standby,17.2,14.5,18.4,16.9,No,0.0,NONE
2025-06-17 07:00:00,18.0,20.2,27.99,19.91,5.01,3.95,95.09,20.4,22.0,23.4,20.8,35.7,39.4,43.1,36.0,59.8,9.4,21.8,155.3,34.5,141.26,1.4855,6.4,Standby,18.1,16.3,17.1,17.8,No,0.0,NONE
2025-06-17 08:00:00,18.71,22.87,25.55,19.27,5.3,3.8,95.41,19.3,22.0,21.5,19.3,34.7,34.0,39.1,34.6,47.0,7.8,18.0,145.2,27.1,145.86,1.5289,6.6,Standby,16.6,17.0,18.4,16.0,No,0.0,NONE
2025-06-17 09:00:00,19.89,21.72,24.42,19.72,5.04,3.99,94.75,19.2,20.1,22.5,19.4,31.6,34.0,38.1,32.9,43.7,8.2,18.6,137.6,27.8,142.82,1.5073,6.5,Standby,17.7,14.9,18.9,16.8,No,0.0,NONE
2025-06-17 10:00:00,19.04,22.06,26.98,20.38,4.98,3.92,97.46,19.0,21.5,24.2,19.7,34.7,38.9,39.5,35.0,48.5,8.5,19.0,143.1,28.5,150.04,1.5395,6.8,Standby,17.8,17.0,21.0,19.8,No,0.0,NONE
2025-06-17 11:00:00,19.68,22.23,25.0,20.58,5.43,3.76,96.49,19.9,22.4,22.0,19.6,33.2,35.3,43.0,35.3,54.2,8.7,19.8,143.0,30.2,146.37,1.5169,6.7,Standby,18.7,15.1,19.1,16.1,No,0.0,NONE
2025-06-17 12:00:00,17.8,21.88,25.51,20.77,5.41,3.61,94.96,19.3,20.2,21.5,19.4,32.4,37.7,39.6,35.5,42.2,7.7,17.1,132.5,24.6,142.71,1.5029,6.5,Standby,18.5,15.4,20.5,17.5,No,0.0,NONE
2025-06-17 13:00:00,19.14,21.98,26.17,19.53,5.14,3.74,95.83,20.1,21.7,22.7,20.5,32.1,33.6,39.1,34.2,43.2,7.7,16.7,132.1,23.3,145.45,1.5179,6.6,Standby,19.1,15.4,20.2,16.0,No,0.0,NONE
2025-06-17 14:00:00,17.3,23.69,24.95,18.57,5.43,3.63,93.51,18.9,22.0,23.6,19.8,34.0,36.4,38.4,35.2,53.7,7.3,16.7,138.4,24.9,144.54,1.5458,6.6,Standby,15.7,17.3,17.9,17.9,No,0.0,NONE
2025-06-17 15:00:00,18.74,22.21,26.08,21.05,5.38,3.84,97.07,19.0,20.0,22.2,20.9,31.3,35.7,36.0,33.1,61.6,7.4,17.1,138.9,25.5,143.78,1.4812,6.5,Standby,15.7,14.0,17.0,18.0,No,0.0,NONE
2025-06-17 16:00:00,18.44,22.27,23.33,19.51,5.1,3.66,92.56,20.0,20.5,22.6,19.1,31.7,34.5,38.0,32.7,41.5,6.9,15.1,134.6,20.6,143.71,1.5527,6.5,Standby,16.0,16.2,17.7,16.8,No,0.0,NONE
2025-06-17 17:00:00,19.65,21.92,22.76,19.37,4.98,3.7,92.7,19.2,19.7,23.0,19.5,31.8,34.8,37.5,35.1,44.2,7.2,16.4,135.5,24.2,141.02,1.5213,6.4,Standby,16.8,15.5,17.6,18.1,No,0.0,NONE
2025-06-17 18:00:00,19.15,21.69,24.27,19.2,4.98,3.87,93.31,19.3,20.1,22.2,20.2,32.5,33.9,39.2,32.3,53.5,7.9,17.1,130.7,24.3,141.13,1.5125,6.4,Standby,16.0,13.5,18.2,16.2,No,0.0,NONE
2025-06-17 19:00:00,18.49,20.43,22.99,19.3,5.05,3.71,90.22,19.1,21.6,22.3,19.1,32.7,33.3,39.9,33.1,59.8,6.9,15.5,132.2,22.1,139.02,1.541,6.3,Standby,17.3,16.6,16.8,18.1,No,0.0,NONE
2025-06-17 20:00:00,17.59,20.74,27.79,18.64,5.3,3.9,93.75,19.7,20.7,23.0,19.5,31.8,34.8,38.5,31.7,57.6,7.6,16.7,146.8,23.5,141.03,1.5043,6.4,Standby,16.1,15.9,16.5,16.6,No,0.0,NONE
2025-06-17 21:00:00,18.15,23.34,23.85,20.73,5.18,3.78,95.07,18.4,21.2,20.9,19.4,31.3,37.0,36.1,32.1,57.7,6.6,14.6,119.6,17.9,145.63,1.5318,6.6,Standby,16.1,17.7,19.2,16.4,No,0.0,NONE
2025-06-17 22:00:00,17.7,22.97,23.8,19.75,5.41,3.64,93.22,18.9,20.0,22.6,19.8,34.5,35.7,40.5,33.0,60.8,8.1,17.6,135.8,25.0,141.24,1.5151,6.4,Standby,17.5,15.6,18.8,18.6,No,0.0,NONE
2025-06-17 23:00:00,17.52,21.24,25.44,19.77,5.48,3.87,92.98,18.2,21.2,22.3,19.1,32.9,37.2,34.7,35.3,43.5,7.2,15.9,136.6,22.1,138.63,1.491,6.3,Standby,17.1,14.4,18.9,16.7,No,0.0,NONE
2025-06-18 00:00:00,17.12,20.73,23.62,21.22,5.07,3.74,91.69,18.6,19.8,23.3,19.7,32.5,36.7,39.9,34.8,49.3,8.2,17.7,130.3,25.1,136.74,1.4912,6.2,Standby,17.2,16.7,16.3,16.7,No,0.0,NONE
2025-06-18 01:00:00,19.26,22.95,26.23,19.22,5.01,3.66,96.65,19.7,21.8,23.5,20.7,35.4,38.1,40.0,34.9,59.8,8.6,19.5,154.3,29.8,145.82,1.5087,6.6,Standby,19.0,17.4,18.9,17.8,No,0.0,NONE
2025-06-18 02:00:00,19.61,22.37,25.28,20.27,5.11,3.69,96.53,20.7,21.5,23.8,19.8,32.0,36.3,42.2,33.2,59.0,8.2,18.8,141.6,28.7,147.14,1.5243,6.7,Standby,15.9,14.8,20.0,16.5,No,0.0,NONE
2025-06-18 03:00:00,18.69,23.72,22.87,20.83,5.32,3.94,95.11,19.3,20.5,22.0,21.2,32.6,37.6,37.3,35.3,45.4,8.0,18.5,140.7,28.5,141.87,1.4917,6.4,Standby,18.4,13.7,18.4,17.7,No,0.0,NONE
2025-06-18 04:00:00,18.71,21.07,26.57,20.16,5.24,3.66,95.5,20.6,21.7,22.1,20.5,35.8,38.4,39.5,33.1,46.0,8.2,19.4,157.8,30.6,142.11,1.488,6.5,Standby,15.8,15.1,20.0,15.8,No,0.0,NONE
2025-06-18 05:00:00,17.91,21.91,25.51,20.3,5.13,3.65,94.63,20.2,23.3,24.4,21.8,36.6,38.5,41.9,37.7,64.4,8.9,21.5,165.2,35.1,142.88,1.51,6.5,Standby,18.0,17.0,19.5,16.4,No,0.0,NONE
2025-06-18 06:00:00,17.99,22.14,25.77,18.93,5.08,3.67,93.84,20.5,21.0,21.8,21.2,33.5,39.7,39.2,35.4,44.6,8.6,19.9,160.7,31.1,143.03,1.5242,6.5,Standby,17.3,14.8,19.3,15.3,No,0.0,NONE
2025-06-18 07:00:00,18.64,23.91,26.44,19.88,5.18,3.6,97.86,21.0,22.3,22.3,20.4,33.1,39.8,41.2,35.3,57.8,9.4,21.6,162.7,33.9,145.33,1.485,6.6,Standby,18.4,16.6,20.2,17.8,No,0.0,NONE
2025-06-18 08:00:00,18.91,23.25,23.92,19.1,5.04,3.78,94.17,19.2,20.5,22.1,20.6,32.5,34.7,39.0,35.6,55.3,8.3,18.0,134.1,25.6,144.63,1.5358,6.6,Standby,16.7,17.8,19.6,15.9,No,0.0,NONE
2025-06-18 09:00:00,18.97,22.28,28.68,19.86,5.14,3.78,98.79,19.8,21.6,22.1,19.9,34.2,37.3,42.8,34.7,57.9,8.4,20.0,156.5,32.0,147.4,1.4921,6.7,Standby,16.9,15.4,20.0,17.9,No,0.0,NONE
2025-06-18 10:00:00,16.65,22.47,25.77,19.28,5.31,3.99,93.17,20.3,21.5,23.0,21.0,32.6,35.9,39.9,34.6,59.4,8.0,18.0,133.9,26.6,140.6,1.509,6.4,Standby,16.3,15.1,17.3,17.4,No,0.0,NONE
2025-06-18 11:00:00,19.27,19.82,25.58,19.78,5.41,3.95,93.44,19.7,20.2,22.7,20.6,34.0,38.5,41.9,35.1,55.1,8.4,18.8,141.0,28.0,142.27,1.5226,6.5,Standby,15.6,15.2,17.8,16.5,No,0.0,NONE
2025-06-18 12:00:00,19.92,20.35,24.52,19.78,5.16,3.99,93.56,18.5,21.9,22.7,20.2,34.3,36.3,35.6,35.6,59.2,7.4,16.8,145.8,24.7,138.9,1.4846,6.3,Standby,16.7,13.8,19.3,16.8,No,0.0,NONE
2025-06-18 13:00:00,18.24,21.68,22.68,20.45,5.06,3.94,92.05,19.5,19.8,22.4,19.2,31.7,32.4,37.5,34.3,50.7,6.8,14.8,136.0,20.2,139.27,1.513,6.3,Standby,16.9,16.9,17.9,18.7,No,0.0,NONE
2025-06-18 14:00:00,18.03,22.08,25.45,19.45,5.32,3.78,94.01,20.6,20.2,21.7,19.8,32.2,38.0,38.8,35.2,58.6,8.3,19.0,149.5,28.9,140.25,1.4919,6.4,Standby,17.0,15.6,18.0,17.6,No,0.0,NONE
2025-06-18 15:00:00,16.56,22.74,25.01,20.08,5.13,3.81,93.4,19.5,21.1,20.2,18.9,32.4,35.6,38.1,32.1,51.5,7.0,15.1,132.8,20.3,144.26,1.5447,6.6,Standby,17.2,14.8,20.3,17.4,No,0.0,NONE
2025-06-18 16:00:00,19.35,23.13,25.07,20.61,5.1,3.98,97.16,19.6,19.6,23.0,19.2,32.2,32.4,34.2,32.2,35.3,6.7,14.7,134.7,19.9,146.52,1.5081,6.7,Standby,16.7,16.2,19.8,16.6,No,0.0,NONE
2025-06-18 17:00:00,17.12,20.64,23.27,18.89,5.06,3.63,88.92,18.4,21.3,21.5,20.5,30.9,33.5,37.8,32.4,44.0,6.7,14.7,127.1,18.9,135.07,1.519,6.1,Standby,17.6,13.0,18.2,17.7,No,0.0,NONE
2025-06-18 18:00:00,17.55,22.16,26.14,20.91,5.04,3.61,95.76,18.4,19.3,21.8,20.4,30.9,32.6,37.2,31.7,48.5,7.1,15.1,120.8,18.9,144.21,1.506,6.6,Standby,17.3,13.9,20.6,16.1,No,0.0,NONE
2025-06-18 19:00:00,18.3,22.84,21.79,20.12,5.01,3.95,92.06,19.0,21.1,21.3,18.9,32.2,33.4,35.1,34.6,48.8,6.7,14.7,126.0,15.8,143.0,1.5534,6.5,Standby,18.4,16.8,16.6,18.7,No,0.0,NONE
2025-06-18 20:00:00,19.21,22.1,25.45,18.97,5.42,3.67,94.73,19.3,20.2,22.0,20.2,31.4,34.7,37.0,32.5,55.3,6.9,14.9,122.1,18.4,141.91,1.498,6.5,Standby,15.1,14.9,19.8,18.5,No,0.0,NONE
2025-06-18 21:00:00,17.66,23.28,23.98,19.83,5.31,3.74,93.75,18.4,20.1,21.6,19.5,32.6,35.2,37.0,35.2,41.9,7.5,16.4,127.1,22.8,139.58,1.4888,6.3,Standby,16.1,15.6,17.1,15.4,No,0.0,NONE
2025-06-18 22:00:00,18.68,21.59,24.55,19.81,5.2,3.92,93.64,19.4,21.1,21.9,20.3,33.1,37.2,39.6,32.6,49.8,7.6,16.6,133.7,23.4,138.63,1.4805,6.3,Standby,18.1,16.7,17.9,15.9,No,0.0,NONE
2025-06-18 23:00:00,18.02,21.43,22.98,20.78,5.21,3.71,92.21,19.7,21.0,21.5,20.0,33.1,32.5,39.5,32.3,60.0,7.0,15.2,139.4,21.0,138.63,1.5035,6.3,Standby,18.3,13.3,18.5,18.5,No,0.0,NONE
2025-06-19 00:00:00,19.4,22.12,27.18,19.83,4.94,3.67,97.53,19.6,22.2,22.8,21.0,36.2,37.7,41.0,35.4,50.4,8.3,19.6,146.3,31.0,147.07,1.508,6.7,Standby,16.4,18.1,19.0,19.4,No,0.0,NONE
2025-06-19 01:00:00,18.1,21.7,25.69,20.27,5.35,3.74,94.76,18.9,21.1,22.6,18.8,30.4,35.7,35.0,32.0,40.7,7.5,15.9,135.1,21.5,145.26,1.533,6.6,Standby,17.5,14.8,17.6,15.5,No,0.0,NONE
2025-06-19 02:00:00,18.8,20.25,25.51,19.64,4.93,3.67,93.2,18.8,22.1,22.6,20.7,32.3,38.0,39.6,33.8,53.0,7.8,17.6,145.7,25.9,139.85,1.5006,6.4,Standby,15.3,14.6,18.3,17.3,No,0.0,NONE
2025-06-19 03:00:00,18.73,23.2,24.62,20.33,5.14,3.71,95.87,20.0,21.6,22.9,20.1,32.7,38.3,35.8,32.6,52.6,8.1,17.7,135.0,25.3,149.15,1.5558,6.8,Standby,18.9,18.2,19.4,17.0,No,0.0,NONE
2025-06-19 04:00:00,19.37,22.06,24.33,18.91,5.2,3.89,93.68,20.8,22.0,21.8,20.2,33.7,37.7,42.4,33.9,60.9,8.0,18.6,154.1,28.8,139.72,1.4914,6.4,Standby,15.1,16.9,18.9,14.9,No,0.0,NONE
2025-06-19 05:00:00,19.03,22.17,24.89,19.88,5.48,3.83,94.97,20.4,22.0,23.8,21.1,32.4,39.2,40.4,35.2,61.0,8.5,19.5,151.1,30.3,148.06,1.5591,6.7,Standby,17.0,16.9,18.5,18.8,No,0.0,NONE
2025-06-19 06:00:00,18.28,22.21,25.23,20.9,5.42,3.6,95.62,20.5,21.2,22.7,19.3,33.7,36.2,39.1,33.0,51.6,8.4,18.2,150.6,26.1,143.62,1.5021,6.5,Standby,15.5,13.9,17.5,18.4,No,0.0,NONE
2025-06-19 07:00:00,19.2,22.23,23.53,19.17,5.18,3.65,93.13,19.2,21.5,23.0,20.5,32.4,36.2,42.0,36.1,53.0,8.1,18.6,143.9,28.2,143.06,1.536,6.5,Standby,18.8,16.4,18.2,18.3,No,0.0,NONE
2025-06-19 08:00:00,18.14,23.07,25.77,20.3,4.91,3.73,96.29,19.6,21.8,22.5,19.8,36.2,39.2,37.8,34.4,56.6,9.0,20.5,151.6,31.7,143.94,1.4948,6.5,Standby,16.6,15.0,19.1,16.0,No,0.0,NONE
2025-06-19 09:00:00,17.95,22.25,24.46,19.76,4.99,3.9,93.42,19.0,20.5,22.7,21.2,35.5,36.4,41.2,34.8,57.7,8.4,18.7,151.0,27.9,140.47,1.5037,6.4,Standby,17.5,16.2,18.0,18.2,No,0.0,NONE
2025-06-19 10:00:00,18.12,22.36,27.89,22.22,5.12,3.65,99.6,21.1,21.8,23.3,20.9,35.1,36.2,41.6,35.0,59.3,8.5,20.4,158.5,32.9,153.06,1.5367,7.0,Standby,19.5,14.9,20.8,17.8,No,0.0,NONE
2025-06-19 11:00:00,17.74,20.54,24.72,20.13,5.21,3.83,92.13,19.7,22.4,23.5,20.8,32.1,36.9,42.0,35.6,45.6,8.4,19.3,142.3,29.6,141.49,1.5359,6.4,Standby,18.4,15.0,20.1,17.0,No,0.0,NONE
2025-06-19 12:00:00,19.54,22.96,23.39,18.69,5.4,3.6,93.58,20.3,19.9,22.3,19.5,34.9,36.5,38.8,34.1,48.4,8.2,18.2,149.2,26.5,139.93,1.4953,6.4,Standby,16.7,15.7,19.5,15.7,No,0.0,NONE
2025-06-19 13:00:00,18.88,22.44,26.29,19.33,5.48,3.82,95.95,18.5,21.8,23.2,20.5,33.9,35.3,40.3,32.9,45.7,7.1,16.2,134.0,23.5,149.12,1.5541,6.8,Standby,16.8,16.0,18.3,17.3,No,0.0,NONE
2025-06-19 14:00:00,19.93,21.88,26.39,20.29,5.48,3.7,97.48,19.0,19.5,21.3,19.0,33.5,32.7,35.5,32.2,53.7,7.5,15.7,137.9,20.5,144.79,1.4853,6.6,Standby,17.9,14.5,19.2,18.8,No,0.0,NONE
2025-06-19 15:00:00,20.25,21.07,21.9,20.34,5.11,3.72,92.56,19.2,21.3,20.9,18.9,33.6,35.9,38.2,33.2,45.6,6.7,14.7,138.1,19.6,137.0,1.4802,6.2,Standby,17.0,13.9,19.1,16.1,No,0.0,NONE
2025-06-19 16:00:00,18.97,22.22,23.86,19.31,5.08,3.88,93.36,18.9,20.4,20.8,20.5,33.2,37.0,36.2,32.1,56.8,7.9,16.7,141.7,22.8,143.64,1.5387,6.5,Standby,18.8,14.5,19.2,15.9,No,0.0,NONE
2025-06-19 17:00:00,18.52,21.68,24.64,20.4,5.06,3.68,94.24,18.1,20.9,20.9,18.8,32.4,36.7,38.1,31.8,45.4,6.8,14.8,117.7,16.0,142.71,1.5143,6.5,Standby,18.4,13.9,17.9,16.7,No,0.0,NONE
2025-06-19 18:00:00,17.12,20.75,24.9,18.72,5.33,3.62,90.48,19.6,21.7,22.7,20.7,35.1,34.8,41.8,32.8,61.2,8.2,18.1,150.2,26.4,140.64,1.5543,6.4,Standby,15.6,16.3,19.4,18.1,No,0.0,NONE
2025-06-19 19:00:00,17.51,21.77,25.18,20.81,5.45,3.92,94.27,19.8,19.1,22.0,19.0,33.0,36.5,38.6,34.6,45.0,6.9,14.9,119.3,16.7,141.46,1.5006,6.4,Standby,17.5,15.5,19.7,17.2,No,0.0,NONE
2025-06-19 20:00:00,19.64,22.09,25.85,21.02,5.34,3.69,97.6,20.3,21.9,21.4,20.8,33.1,33.8,40.9,32.1,52.6,7.4,16.4,145.7,23.3,149.75,1.5343,6.8,Standby,19.3,17.8,17.5,17.7,No,0.0,NONE
2025-06-19 21:00:00,18.32,21.62,25.37,20.2,5.34,3.63,94.52,18.9,19.4,20.8,19.3,32.8,36.4,35.3,31.7,58.3,7.7,16.4,138.4,22.3,142.28,1.5053,6.5,Standby,15.6,15.4,16.9,17.2,No,0.0,NONE
2025-06-19 22:00:00,18.19,21.86,23.51,20.54,5.33,3.73,93.1,19.5,19.7,21.8,19.2,31.8,36.0,39.5,32.9,61.4,7.1,16.0,137.4,23.3,140.99,1.5144,6.4,Standby,16.1,14.1,19.8,17.5,No,0.0,NONE
2025-06-19 23:00:00,19.33,22.64,26.68,20.3,5.1,3.89,97.94,19.5,21.2,22.0,20.7,32.7,35.8,36.8,31.9,57.0,7.3,16.3,132.7,23.3,146.1,1.4917,6.6,Standby,19.0,17.5,20.2,16.6,No,0.0,NONE
2025-06-20 00:00:00,18.74,22.43,25.8,20.45,4.91,3.82,96.42,19.5,21.1,21.6,19.9,34.0,37.8,42.1,33.7,59.3,8.4,19.0,157.0,28.8,150.38,1.5596,6.8,Standby,16.1,18.1,19.9,19.4,No,0.0,NONE
2025-06-20 01:00:00,17.93,20.63,25.92,20.61,4.93,3.83,94.1,20.4,22.6,22.3,20.6,34.3,39.2,39.7,33.7,56.0,8.8,20.4,157.2,31.9,141.92,1.5082,6.5,Standby,17.7,15.9,18.4,15.9,No,0.0,NONE
2025-06-20 02:00:00,18.54,21.54,28.12,19.92,5.23,3.69,97.12,19.7,21.2,22.9,19.8,31.4,36.5,41.0,34.3,44.2,8.1,17.9,135.2,25.9,143.9,1.4817,6.5,Standby,16.9,16.0,17.1,17.5,No,0.0,NONE
2025-06-20 03:00:00,19.51,21.55,25.16,20.58,5.29,3.69,95.8,20.7,21.0,22.2,20.0,33.8,34.5,40.7,36.7,60.1,8.0,18.8,158.8,29.4,145.91,1.523,6.6,Standby,18.8,17.1,18.4,16.3,No,0.0,NONE
2025-06-20 04:00:00,18.08,21.75,26.31,19.58,5.23,3.65,94.72,19.3,19.9,23.7,19.6,33.4,38.3,39.7,34.8,59.1,8.4,18.3,149.1,26.5,141.27,1.4915,6.4,Standby,17.7,15.5,16.9,16.9,No,0.0,NONE
2025-06-20 05:00:00,18.47,20.66,25.27,20.17,5.45,3.82,93.56,19.5,22.4,22.4,20.2,34.9,37.3,43.1,35.9,45.8,8.6,20.4,145.9,32.5,141.29,1.5101,6.4,Standby,16.9,16.4,18.8,16.2,No,0.0,NONE
2025-06-20 06:00:00,17.64,21.2,27.46,18.65,5.39,3.68,93.95,19.5,21.3,24.9,20.3,34.2,38.7,39.5,36.5,60.0,8.8,21.2,149.5,34.7,145.17,1.5452,6.6,Standby,16.3,14.4,18.5,18.2,No,0.0,NONE
2025-06-20 07:00:00,17.17,22.25,28.85,18.26,5.27,3.78,95.52,20.0,21.1,25.2,20.8,34.9,36.3,43.3,38.2,67.5,9.0,21.8,155.6,36.1,146.99,1.5388,6.7,Standby,16.9,18.0,18.7,17.2,No,0.0,NONE
2025-06-20 08:00:00,18.92,19.35,24.7,19.94,5.0,3.61,91.92,19.1,21.8,21.8,19.8,33.1,37.4,38.6,34.7,49.2,8.9,20.1,143.6,30.7,142.38,1.5489,6.5,Standby,16.7,17.4,20.4,15.4,No,0.0,NONE
2025-06-20 09:00:00,19.34,21.66,25.27,20.8,5.48,3.91,96.08,19.2,22.2,21.8,19.5,35.0,38.9,39.3,33.1,54.8,8.9,19.9,143.5,29.8,147.97,1.5401,6.7,Standby,16.7,16.5,18.5,18.2,No,0.0,NONE
2025-06-20 10:00:00,18.14,22.25,26.6,20.72,5.04,3.78,96.71,20.2,22.1,21.5,20.9,32.2,35.7,36.3,34.5,50.5,7.7,17.3,138.5,25.5,145.35,1.503,6.6,Standby,18.2,16.4,20.8,18.5,No,0.0,NONE
2025-06-20 11:00:00,18.52,22.53,24.81,18.75,5.39,3.9,93.61,19.5,20.8,21.4,19.6,31.0,35.4,35.4,35.0,46.3,7.2,15.8,131.8,21.9,142.04,1.5173,6.5,Standby,15.2,13.6,19.2,17.5,No,0.0,NONE
2025-06-20 12:00:00,19.15,21.55,24.96,20.22,5.22,3.94,94.89,18.8,22.0,22.1,20.9,34.2,37.2,36.5,36.2,49.4,8.4,18.6,139.0,27.3,143.9,1.5166,6.5,Standby,15.7,16.9,20.2,19.0,No,0.0,NONE
2025-06-20 13:00:00,16.45,22.17,22.49,20.48,5.41,3.65,90.59,18.3,19.5,21.8,18.9,32.5,35.6,39.2,34.5,40.4,7.0,15.0,136.5,20.0,136.92,1.5114,6.2,Standby,15.7,13.8,18.5,17.2,No,0.0,NONE
2025-06-20 14:00:00,18.0,21.44,24.57,19.91,5.24,3.63,92.93,18.8,20.8,21.1,19.0,32.3,34.4,37.2,34.8,38.7,7.1,15.1,127.4,19.2,141.95,1.5275,6.5,Standby,17.5,13.7,19.0,15.8,No,0.0,NONE
2025-06-20 15:00:00,18.01,22.82,25.08,18.25,5.28,3.78,93.16,18.6,21.0,22.2,20.1,31.5,35.7,40.1,32.6,53.3,7.6,17.2,133.8,25.3,142.42,1.5288,6.5,Standby,15.8,14.9,18.0,18.1,No,0.0,NONE
2025-06-20 16:00:00,17.81,22.38,25.2,18.6,5.09,3.78,92.99,19.9,20.6,22.0,19.3,33.9,34.0,34.1,34.2,47.8,7.1,15.1,123.5,18.4,143.52,1.5433,6.5,Standby,15.8,13.9,20.6,17.8,No,0.0,NONE
2025-06-20 17:00:00,16.87,21.58,24.75,19.58,5.05,3.76,91.77,19.6,21.0,20.8,19.3,30.3,34.0,35.1,34.8,55.4,7.5,15.7,122.9,20.4,138.54,1.5095,6.3,Standby,15.3,15.2,19.8,16.3,No,0.0,NONE
2025-06-20 18:00:00,17.98,24.55,24.25,20.8,5.34,3.96,96.58,19.7,19.8,21.1,20.0,31.3,36.3,37.1,32.2,42.2,6.9,14.9,116.6,14.0,149.66,1.5495,6.8,Standby,19.1,15.0,21.2,17.6,No,0.0,NONE
2025-06-20 19:00:00,18.83,22.49,25.32,20.77,5.22,3.74,96.41,19.0,19.9,22.0,20.2,33.2,33.7,37.1,31.1,56.8,6.9,14.9,131.8,20.1,146.54,1.52,6.7,Standby,16.6,15.9,17.7,18.3,No,0.0,NONE
2025-06-20 20:00:00,19.07,20.73,24.66,19.48,5.13,3.65,92.95,19.8,19.9,20.6,19.9,32.2,36.1,38.5,34.9,37.3,7.4,15.4,110.8,14.3,142.14,1.5292,6.5,Standby,15.4,17.3,20.3,16.7,No,0.0,NONE
2025-06-20 21:00:00,16.78,21.28,25.34,20.51,4.93,3.62,92.91,18.7,19.6,21.9,19.0,34.2,36.6,39.9,34.3,53.6,7.5,16.7,132.4,24.1,139.14,1.4976,6.3,Standby,15.2,13.5,20.0,16.2,No,0.0,NONE
2025-06-20 22:00:00,18.78,24.03,24.02,20.12,5.2,3.74,95.96,19.6,20.6,22.0,19.7,34.3,35.1,34.9,32.6,55.4,6.9,15.4,125.1,21.7,142.95,1.4897,6.5,Standby,17.7,16.5,20.3,16.9,No,0.0,NONE
2025-06-20 23:00:00,17.77,21.9,27.16,20.84,4.92,3.97,96.66,18.8,21.3,21.2,20.5,34.4,33.4,36.0,35.4,56.1,8.0,17.1,133.8,23.7,147.43,1.5251,6.7,Standby,15.8,14.9,18.8,19.1,No,0.0,NONE
2025-06-21 00:00:00,17.92,21.93,23.91,19.84,5.3,3.86,92.6,19.7,20.3,22.2,20.4,34.8,37.6,39.6,33.2,43.6,8.3,18.2,136.1,26.4,138.56,1.4963,6.3,Standby,17.9,15.9,17.4,18.5,No,0.0,NONE
2025-06-21 01:00:00,18.76,22.73,23.26,19.31,5.46,3.8,93.06,20.0,20.0,23.0,19.6,34.0,34.2,39.0,34.4,50.4,7.9,17.9,149.3,26.7,144.72,1.5552,6.6,Standby,18.4,16.9,19.6,17.9,No,0.0,NONE
2025-06-21 02:00:00,19.19,21.5,25.19,18.93,5.43,3.73,93.81,20.4,20.3,23.4,19.5,32.6,35.8,37.3,33.3,56.5,7.7,18.1,148.8,28.0,141.74,1.511,6.4,Standby,15.4,17.3,19.5,16.4,No,0.0,NONE
2025-06-21 03:00:00,19.63,22.83,27.79,20.96,5.43,3.87,100.21,19.9,21.3,23.7,21.3,32.2,38.7,41.8,33.2,56.0,8.8,19.5,156.6,29.1,155.66,1.5533,7.1,Standby,20.6,18.5,18.5,20.4,No,0.0,NONE
2025-06-21 04:00:00,17.26,21.41,26.67,19.28,5.3,3.7,93.62,19.2,22.3,24.2,19.5,33.9,36.5,41.1,34.0,55.0,8.8,19.5,151.7,29.0,140.74,1.5033,6.4,Standby,15.2,16.8,17.3,16.1,No,0.0,NONE
2025-06-21 05:00:00,17.5,21.48,26.11,21.07,4.93,3.96,95.17,20.7,20.4,23.4,20.7,33.8,34.3,37.4,35.4,52.7,7.8,18.5,151.5,28.9,146.35,1.5377,6.7,Standby,15.7,16.2,20.4,19.1,No,0.0,NONE
2025-06-21 06:00:00,19.51,21.5,27.38,19.96,5.34,3.71,97.35,19.9,21.2,22.8,20.5,34.4,37.7,40.8,36.1,50.2,8.7,20.6,159.8,33.1,147.59,1.5161,6.7,Standby,17.7,16.3,17.6,18.2,No,0.0,NONE
2025-06-21 07:00:00,18.16,22.14,27.19,19.31,5.2,3.68,95.79,19.4,21.9,21.3,20.1,33.6,35.0,40.1,34.8,49.4,7.9,17.6,137.7,25.7,149.42,1.5599,6.8,Standby,18.5,17.8,19.8,18.2,No,0.0,NONE
2025-06-21 08:00:00,19.34,23.15,26.77,20.14,5.2,3.83,98.39,21.3,22.3,23.6,20.1,35.4,38.2,43.8,35.1,61.8,9.3,21.5,156.2,33.9,152.6,1.5509,6.9,Standby,17.4,15.5,17.9,19.9,No,0.0,NONE
2025-06-21 09:00:00,17.12,21.56,28.08,19.49,5.27,3.99,95.25,20.3,22.6,24.2,19.9,35.6,34.6,40.2,35.2,58.5,8.3,19.5,142.9,30.6,143.97,1.5115,6.5,Standby,18.3,14.8,20.2,16.0,No,0.0,NONE
2025-06-21 10:00:00,19.57,20.86,28.24,19.95,5.04,3.78,97.63,20.5,21.6,24.2,20.6,32.9,39.1,39.7,36.6,46.1,8.3,19.5,153.1,30.5,149.96,1.536,6.8,Standby,18.5,15.2,17.8,20.0,No,0.0,NONE
2025-06-21 11:00:00,18.52,21.87,24.87,19.8,5.11,3.7,94.06,18.8,21.0,22.3,20.2,33.7,34.0,38.3,34.6,46.1,8.2,18.0,138.1,26.1,139.96,1.488,6.4,Standby,15.6,15.8,19.1,17.8,No,0.0,NONE
2025-06-21 12:00:00,18.27,22.25,25.16,19.23,5.46,3.72,93.91,19.5,19.7,21.5,19.2,31.4,36.1,36.6,32.6,56.7,7.5,16.4,136.6,23.0,145.5,1.5493,6.6,Standby,17.4,15.5,20.2,17.4,No,0.0,NONE
2025-06-21 13:00:00,18.05,22.98,24.02,20.4,4.98,3.71,94.44,19.7,20.3,22.8,19.8,32.0,36.4,36.1,34.6,62.1,8.1,17.8,138.1,25.4,145.27,1.5382,6.6,Standby,18.3,15.3,20.5,17.5,No,0.0,NONE
2025-06-21 14:00:00,18.93,21.43,25.41,21.25,4.94,3.83,96.02,18.7,20.4,21.6,18.5,32.6,33.1,37.4,34.6,39.8,7.3,15.3,129.2,15.6,144.27,1.5026,6.6,Standby,16.4,14.1,18.7,18.8,No,0.0,NONE
2025-06-21 15:00:00,16.84,22.63,24.59,20.63,5.29,4.0,93.69,19.1,20.6,20.4,20.4,31.3,35.3,36.2,34.5,37.8,7.3,15.3,134.1,18.0,145.96,1.5579,6.6,Standby,19.1,16.6,20.8,17.5,No,0.0,NONE
2025-06-21 16:00:00,18.41,21.21,24.07,20.71,4.95,3.7,93.4,18.0,20.8,22.6,20.3,33.6,34.0,37.4,33.7,57.9,6.7,14.7,127.2,13.9,138.86,1.4868,6.3,Standby,17.8,15.2,18.1,16.0,No,0.0,NONE
2025-06-21 17:00:00,19.32,20.37,25.21,20.23,5.14,3.64,94.13,18.0,20.8,22.7,19.9,30.1,33.1,39.7,33.8,53.4,6.9,14.9,124.6,15.4,143.49,1.5244,6.5,Standby,18.4,17.4,18.4,16.9,No,0.0,NONE
2025-06-21 18:00:00,17.64,23.66,23.31,20.06,4.93,3.9,93.68,18.3,20.9,22.4,19.8,31.8,35.7,34.1,33.6,40.8,7.1,15.1,135.5,19.6,142.64,1.5227,6.5,Standby,17.8,14.2,17.3,16.9,No,0.0,NONE
2025-06-21 19:00:00,16.52,22.89,23.83,20.1,5.31,3.79,92.33,19.1,20.3,21.3,19.9,30.4,35.5,37.5,33.9,57.3,6.8,15.4,135.2,21.9,138.08,1.4955,6.3,Standby,17.9,16.4,17.6,16.1,No,0.0,NONE
2025-06-21 20:00:00,18.5,22.3,26.43,19.52,5.12,3.64,95.75,18.7,19.9,21.9,18.9,31.6,34.2,37.8,32.6,39.8,7.3,16.0,136.6,22.0,143.73,1.5011,6.5,Standby,15.3,14.5,20.0,16.6,No,0.0,NONE
2025-06-21 21:00:00,17.87,25.08,25.4,19.66,5.35,3.94,97.0,18.9,20.8,20.6,20.5,33.0,32.5,39.4,34.9,43.5,6.8,14.9,136.9,20.4,150.85,1.5551,6.9,Standby,18.3,18.6,19.4,18.8,No,0.0,NONE
2025-06-21 22:00:00,18.43,23.3,24.55,19.95,5.13,3.91,95.23,18.5,19.8,22.2,18.6,30.4,33.4,35.5,31.3,59.4,6.9,14.9,139.8,20.1,147.2,1.5458,6.7,Standby,16.8,17.1,18.7,19.6,No,0.0,NONE
2025-06-21 23:00:00,18.22,21.02,26.53,19.63,5.07,3.92,94.4,19.2,19.4,21.2,20.3,32.0,33.0,38.4,34.8,39.3,7.6,16.2,140.9,22.0,143.46,1.5197,6.5,Standby,17.4,14.6,18.0,16.9,No,0.0,NONE
2025-06-22 00:00:00,17.51,20.21,25.31,19.79,5.29,3.83,91.83,19.2,20.0,23.9,19.5,34.8,35.0,41.6,35.0,49.1,8.5,19.0,146.3,28.3,136.73,1.4889,6.2,Standby,17.0,14.1,17.4,17.7,No,0.0,NONE
2025-06-22 01:00:00,19.2,22.97,23.21,21.03,5.33,3.63,95.41,19.7,21.4,23.3,19.2,33.7,37.8,35.5,31.8,42.1,7.6,16.7,128.1,23.7,143.89,1.5081,6.5,Standby,16.1,15.1,20.4,18.0,No,0.0,NONE
2025-06-22 02:00:00,18.26,22.1,26.52,19.27,5.09,3.79,95.15,19.3,21.2,24.0,19.8,34.8,35.0,37.1,32.9,63.2,8.0,18.3,149.2,27.5,143.53,1.5085,6.5,Standby,17.5,15.8,16.7,17.2,No,0.0,NONE
2025-06-22 03:00:00,17.73,23.74,24.04,19.57,4.92,3.81,94.07,19.3,21.7,21.8,20.2,34.6,36.0,35.5,32.3,61.4,7.7,17.0,138.6,24.5,144.6,1.5371,6.6,Standby,17.6,14.7,19.1,19.2,No,0.0,NONE
2025-06-22 04:00:00,18.02,21.84,24.52,19.62,5.09,3.61,92.99,19.3,20.3,23.6,19.8,34.9,37.0,38.1,35.3,40.0,8.5,19.3,158.1,29.4,144.78,1.557,6.6,Standby,16.7,17.1,19.8,18.5,No,0.0,NONE
2025-06-22 05:00:00,19.75,23.86,28.5,19.92,5.42,3.84,101.03,20.3,22.0,24.9,20.4,35.7,37.2,41.1,34.2,67.2,8.9,21.7,171.3,36.0,157.2,1.556,7.1,Standby,17.3,18.3,20.7,20.2,No,0.0,NONE
2025-06-22 06:00:00,18.51,23.58,28.06,19.88,5.39,3.84,99.03,20.6,22.8,24.6,20.5,33.3,37.9,41.6,34.4,47.6,8.8,20.1,144.9,31.1,149.44,1.509,6.8,Standby,16.8,18.1,17.8,16.9,No,0.0,NONE
2025-06-22 07:00:00,18.03,24.26,25.78,19.54,4.97,3.99,96.6,19.9,20.6,23.4,21.2,35.0,36.2,38.7,36.7,45.2,9.1,20.3,149.4,30.7,146.13,1.5127,6.6,Standby,18.6,14.2,18.7,19.5,No,0.0,NONE
2025-06-22 08:00:00,19.31,21.01,26.13,20.82,5.24,3.69,96.27,18.6,21.9,22.2,20.0,34.0,36.1,38.2,35.2,49.4,7.8,17.3,135.9,25.0,148.6,1.5436,6.8,Standby,19.5,15.6,17.5,16.4,No,0.0,NONE
2025-06-22 09:00:00,17.95,21.33,26.73,20.66,4.93,4.0,95.67,20.4,19.8,22.5,19.7,32.8,36.6,38.1,34.0,44.4,7.8,17.3,140.4,25.2,148.5,1.5521,6.7,Standby,16.1,17.4,18.8,19.4,No,0.0,NONE
2025-06-22 10:00:00,18.94,20.65,27.5,19.78,4.97,3.84,95.87,20.4,22.1,22.4,20.1,33.7,35.8,39.4,35.9,52.6,8.9,20.1,141.7,30.4,143.87,1.5007,6.5,Standby,19.1,16.1,18.0,16.0,No,0.0,NONE
2025-06-22 11:00:00,18.94,21.93,23.64,20.7,5.21,3.65,94.2,18.3,19.7,22.1,18.9,32.3,34.4,38.0,31.4,60.0,7.6,15.8,135.3,20.9,145.44,1.5439,6.6,Standby,18.2,16.9,17.0,15.8,No,0.0,NONE
2025-06-22 12:00:00,18.76,22.26,25.5,20.12,5.18,3.89,95.64,20.0,21.3,22.2,20.2,33.2,35.6,40.4,34.2,46.0,7.7,16.6,133.9,23.0,147.69,1.5442,6.7,Standby,19.6,18.0,20.3,15.9,No,0.0,NONE
2025-06-22 13:00:00,18.33,21.39,25.26,18.72,5.17,3.62,92.71,19.1,21.1,20.5,20.5,32.2,35.0,36.3,33.9,36.4,7.0,15.5,136.7,21.7,139.01,1.4995,6.3,Standby,17.6,13.7,17.9,15.3,No,0.0,NONE
2025-06-22 14:00:00,17.48,23.86,25.0,20.64,5.0,3.96,95.99,20.2,21.7,22.7,19.1,31.6,33.0,35.0,34.3,49.6,7.4,16.0,126.0,22.1,143.3,1.4929,6.5,Standby,17.8,16.1,16.7,16.5,No,0.0,NONE
2025-06-22 15:00:00,19.14,22.42,23.39,20.23,5.01,3.89,94.17,19.0,20.8,21.0,19.3,33.7,33.4,39.5,31.4,39.2,6.9,15.0,130.3,20.4,145.75,1.5476,6.6,Standby,18.1,18.0,20.7,17.5,No,0.0,NONE
2025-06-22 16:00:00,19.27,22.25,27.2,19.01,5.16,3.64,96.72,19.2,21.1,21.8,19.8,31.7,34.4,37.2,35.3,42.9,8.3,18.8,142.2,28.3,144.08,1.4896,6.5,Standby,18.8,17.0,20.0,16.7,No,0.0,NONE
2025-06-22 17:00:00,18.9,22.22,24.78,19.85,4.94,3.84,94.76,19.0,21.1,21.3,19.5,32.3,34.9,36.4,31.7,41.3,7.2,15.2,131.9,19.0,145.19,1.5322,6.6,Standby,17.1,16.5,18.7,18.6,No,0.0,NONE
2025-06-22 18:00:00,19.21,19.75,24.44,18.86,4.91,3.95,91.26,19.2,19.0,21.5,18.7,32.7,34.7,39.5,32.6,58.1,7.4,15.4,115.9,14.4,140.31,1.5376,6.4,Standby,18.2,16.4,18.0,16.5,No,0.0,NONE
2025-06-22 19:00:00,18.05,21.87,26.03,20.32,5.32,3.81,95.27,19.7,19.7,20.3,18.5,33.0,35.0,34.4,34.4,46.9,7.1,15.1,125.5,19.2,146.67,1.5395,6.7,Standby,17.4,16.9,19.6,16.6,No,0.0,NONE
2025-06-22 20:00:00,18.8,20.46,23.55,20.1,5.17,3.97,91.92,18.7,21.2,21.5,20.6,33.7,34.5,39.7,35.3,43.1,8.0,17.0,139.2,23.5,141.59,1.5404,6.4,Standby,17.3,15.3,20.1,18.9,No,0.0,NONE
2025-06-22 21:00:00,18.59,21.06,25.81,20.06,5.13,3.74,94.53,19.5,20.5,20.6,19.7,31.9,33.7,34.4,34.7,56.5,6.8,14.8,129.7,19.6,145.79,1.5423,6.6,Standby,16.7,16.3,20.4,17.6,No,0.0,NONE
2025-06-22 22:00:00,17.58,21.57,22.2,19.8,5.16,3.99,90.15,18.2,20.2,22.8,19.5,31.3,36.8,38.2,33.7,46.1,7.1,15.7,136.4,22.3,139.18,1.544,6.3,Standby,15.3,15.6,18.1,16.3,No,0.0,NONE
2025-06-22 23:00:00,18.68,21.38,26.21,21.42,5.34,3.69,96.69,20.3,20.6,23.1,21.1,34.3,34.1,38.4,34.7,55.3,7.9,18.0,143.5,27.0,144.12,1.4905,6.6,Standby,16.7,15.6,18.2,18.1,No,0.0,NONE
2025-06-23 00:00:00,18.57,22.29,22.53,19.76,5.3,3.88,92.14,19.4,21.8,21.3,20.9,33.5,35.0,40.0,35.0,57.0,7.7,17.3,149.2,25.2,143.29,1.5551,6.5,Standby,16.4,13.9,20.2,18.4,No,0.0,NONE
2025-06-23 01:00:00,17.58,21.66,22.59,19.79,5.25,3.79,90.61,20.6,21.7,21.3,20.0,33.1,36.6,40.0,33.6,47.3,7.9,17.8,149.1,26.2,135.5,1.4955,6.2,Standby,14.7,13.3,18.6,18.0,No,0.0,NONE
2025-06-23 02:00:00,18.23,23.15,25.72,20.85,4.95,3.88,96.96,20.8,20.5,23.0,19.6,33.8,38.4,38.8,33.9,46.3,8.1,19.1,158.4,29.9,146.15,1.5073,6.6,Standby,18.7,18.0,17.9,15.8,No,0.0,NONE
2025-06-23 03:00:00,18.75,21.08,24.73,21.35,5.14,3.93,94.92,20.6,21.2,23.0,20.8,35.2,34.4,36.7,35.3,40.2,8.6,19.0,154.6,28.0,141.08,1.4863,6.4,Standby,15.3,15.2,17.1,18.5,No,0.0,NONE
2025-06-23 04:00:00,17.05,22.01,26.21,19.27,5.24,3.79,93.55,20.9,20.9,23.1,20.9,36.3,36.0,42.5,35.8,44.3,8.4,20.0,150.4,31.8,141.17,1.509,6.4,Standby,18.1,14.2,19.2,15.9,No,0.0,NONE
2025-06-23 05:00:00,19.69,21.83,28.13,20.53,5.49,3.92,99.18,19.9,21.1,23.9,19.9,35.9,35.3,40.9,36.7,58.8,8.3,19.8,153.0,31.7,153.16,1.5443,7.0,Standby,18.3,15.8,20.3,20.2,No,0.0,NONE
2025-06-23 06:00:00,17.24,23.36,26.55,18.5,4.93,3.93,94.64,21.1,22.9,23.2,21.0,34.3,38.8,43.7,34.1,56.9,8.9,21.5,151.5,35.4,146.08,1.5435,6.6,Standby,16.3,17.5,20.8,18.8,No,0.0,NONE
2025-06-23 07:00:00,19.0,21.48,28.07,20.38,5.3,3.77,97.93,20.9,22.6,23.3,21.1,35.1,38.2,43.1,36.7,59.0,8.8,20.1,148.3,30.8,148.51,1.5165,6.8,Standby,16.1,15.8,18.7,17.9,No,0.0,NONE
2025-06-23 08:00:00,19.2,22.62,25.44,18.57,5.11,3.72,94.83,20.3,22.1,23.0,20.0,33.4,38.4,42.5,35.1,46.5,9.1,20.2,146.4,30.6,146.14,1.5411,6.6,Standby,18.2,16.6,20.6,16.7,No,0.0,NONE
2025-06-23 09:00:00,18.93,23.01,26.04,20.91,5.15,3.82,97.89,20.1,20.9,24.3,21.4,33.0,36.6,42.0,36.2,64.6,8.3,19.5,148.0,30.5,150.94,1.542,6.9,Standby,19.9,18.1,20.0,17.5,No,0.0,NONE
2025-06-23 10:00:00,18.6,22.31,25.92,19.89,5.47,3.8,95.72,20.1,22.0,22.5,21.0,35.7,36.7,39.2,37.1,52.8,9.2,20.9,145.7,32.2,147.88,1.5449,6.7,Standby,18.3,17.7,20.1,17.0,No,0.0,NONE
2025-06-23 11:00:00,18.48,21.6,24.5,18.93,5.02,3.73,92.52,19.9,21.2,22.7,21.1,34.2,34.2,41.7,34.2,53.0,8.4,18.5,149.3,27.0,140.32,1.5167,6.4,Standby,18.1,14.3,18.3,18.3,No,0.0,NONE
2025-06-23 12:00:00,19.53,21.99,24.5,20.65,5.42,3.62,95.68,18.3,19.9,20.8,19.3,31.7,34.9,38.4,32.9,60.5,7.6,16.4,133.5,22.6,148.61,1.5533,6.8,Standby,18.0,17.9,20.5,16.0,No,0.0,NONE
2025-06-23 13:00:00,19.61,21.87,25.76,20.53,5.24,3.9,96.77,20.2,20.2,21.9,20.7,33.8,34.2,40.9,33.0,43.7,8.4,18.9,140.6,28.2,150.43,1.5546,6.8,Standby,19.7,15.8,17.7,16.1,No,0.0,NONE
2025-06-23 14:00:00,18.98,20.72,26.65,20.26,4.93,3.94,95.61,18.5,20.6,22.0,20.0,30.5,34.0,37.7,32.1,59.6,7.8,16.4,124.8,22.0,148.77,1.556,6.8,Standby,19.2,14.9,20.0,17.5,No,0.0,NONE
2025-06-23 15:00:00,17.6,20.98,25.33,20.2,5.22,3.78,93.11,18.7,19.3,20.7,19.7,33.0,32.3,36.5,31.8,50.4,6.9,15.1,135.4,20.6,144.03,1.5469,6.5,Standby,18.7,17.6,20.3,18.8,No,0.0,NONE
2025-06-23 16:00:00,18.95,22.86,25.63,19.7,5.44,3.61,96.13,18.6,21.2,23.0,19.9,33.6,32.1,38.6,32.8,52.3,7.0,15.0,119.2,16.4,143.12,1.4887,6.5,Standby,16.9,16.0,17.6,17.5,No,0.0,NONE
2025-06-23 17:00:00,17.68,21.03,23.24,19.57,5.27,3.83,90.52,18.5,19.0,20.3,20.2,30.4,33.0,39.5,34.2,36.3,7.4,15.4,126.6,18.8,135.58,1.4978,6.2,Standby,16.8,15.0,17.1,16.3,No,0.0,NONE
2025-06-23 18:00:00,18.14,20.77,23.82,19.9,4.97,3.63,91.63,18.3,20.4,22.2,19.6,33.4,35.0,34.8,31.7,43.9,6.7,14.7,136.9,18.7,140.11,1.5291,6.4,Standby,18.5,15.3,19.7,15.1,No,0.0,NONE
2025-06-23 19:00:00,18.23,23.94,25.64,19.62,5.01,3.71,96.43,19.1,20.5,21.0,19.5,30.5,32.1,39.4,32.8,40.8,7.0,15.0,136.9,20.0,147.65,1.5312,6.7,Standby,17.0,16.3,21.0,18.6,No,0.0,NONE
2025-06-23 20:00:00,17.62,21.62,24.05,21.35,5.47,3.92,93.64,19.7,21.1,22.3,20.1,30.3,32.3,34.5,33.4,41.0,6.5,14.5,133.8,19.3,141.43,1.5103,6.4,Standby,15.1,13.9,16.7,17.5,No,0.0,NONE
2025-06-23 21:00:00,18.59,21.89,24.48,20.12,5.45,3.67,94.07,20.0,19.7,21.0,20.4,32.6,32.4,39.1,33.8,54.1,6.9,15.3,135.3,21.1,143.27,1.523,6.5,Standby,15.8,17.3,19.8,19.0,No,0.0,NONE
2025-06-23 22:00:00,16.47,21.39,24.88,19.52,5.14,3.86,91.25,19.2,21.4,23.5,19.8,31.5,34.1,36.8,32.7,37.3,7.1,16.3,147.9,24.0,141.95,1.5556,6.5,Standby,18.5,16.3,18.5,15.6,No,0.0,NONE
2025-06-23 23:00:00,18.41,21.55,23.38,20.78,5.42,3.79,93.11,18.4,19.5,20.3,20.1,31.8,36.8,36.1,34.4,47.8,7.0,15.3,133.1,20.9,140.07,1.5043,6.4,Standby,18.2,15.7,17.0,18.0,No,0.0,NONE
2025-06-24 00:00:00,18.33,21.43,23.21,20.95,5.37,3.84,92.92,19.2,20.9,22.0,20.8,33.2,37.2,40.3,34.9,56.3,7.9,17.4,133.8,25.0,140.15,1.5084,6.4,Standby,15.7,16.9,19.1,15.0,No,0.0,NONE
2025-06-24 01:00:00,18.29,24.19,24.4,19.2,5.16,3.8,95.06,19.4,20.9,22.5,19.7,33.6,34.8,34.2,32.9,39.1,7.4,15.4,121.9,20.1,147.71,1.5538,6.7,Standby,18.0,17.0,19.9,17.7,No,0.0,NONE
2025-06-24 02:00:00,18.77,21.7,24.46,20.28,5.33,3.72,94.2,19.1,21.0,22.4,19.3,34.0,34.3,40.8,35.2,62.4,7.8,17.5,141.6,25.7,140.15,1.4877,6.4,Standby,15.5,17.2,19.1,18.3,No,0.0,NONE
2025-06-24 03:00:00,18.47,21.92,25.81,20.66,5.29,3.77,95.87,19.1,22.2,22.4,20.9,34.7,35.3,38.1,34.8,48.7,8.5,19.6,150.0,30.3,147.04,1.5337,6.7,Standby,16.7,15.4,18.1,16.1,No,0.0,NONE
2025-06-24 04:00:00,19.59,23.17,24.43,20.3,5.1,3.93,96.48,20.0,21.2,23.4,20.1,31.9,39.0,41.0,36.7,60.9,8.4,19.2,141.9,29.3,149.13,1.5457,6.8,Standby,17.4,15.9,18.0,19.1,No,0.0,NONE
2025-06-24 05:00:00,17.38,22.69,25.3,20.01,4.93,3.69,94.38,19.4,19.9,22.1,20.3,31.6,36.5,41.0,33.1,62.8,8.0,18.2,145.6,27.4,142.32,1.508,6.5,Standby,16.7,15.4,18.6,16.7,No,0.0,NONE
2025-06-24 06:00:00,18.9,23.18,25.76,19.84,5.3,3.95,96.68,20.4,21.1,22.3,20.0,33.1,38.4,37.0,33.0,48.1,7.9,17.9,151.4,26.8,144.29,1.4924,6.6,Standby,18.5,17.3,20.1,17.6,No,0.0,NONE
2025-06-24 07:00:00,18.25,22.37,25.61,20.67,4.92,3.74,95.9,20.5,21.7,24.6,20.6,33.4,36.8,43.5,36.6,57.1,8.9,21.5,158.0,35.4,144.02,1.5018,6.5,Standby,17.4,16.8,17.5,16.1,No,0.0,NONE
2025-06-24 08:00:00,17.82,22.42,25.19,19.99,4.94,3.68,94.42,20.8,20.8,21.4,21.2,33.3,35.5,37.4,34.3,48.3,8.6,19.1,155.8,28.2,145.26,1.5385,6.6,Standby,19.1,14.8,17.2,16.5,No,0.0,NONE
2025-06-24 09:00:00,16.93,22.53,24.23,18.87,5.14,3.63,91.55,20.5,20.2,21.7,20.2,32.1,37.1,39.2,34.5,63.0,8.3,18.6,145.8,27.6,141.88,1.5498,6.4,Standby,17.7,16.5,18.9,16.1,No,0.0,NONE
2025-06-24 10:00:00,17.94,20.97,25.16,19.99,4.93,3.69,93.06,20.6,20.0,23.0,19.8,33.7,36.6,40.3,33.2,54.9,8.1,18.4,150.3,27.8,141.11,1.5163,6.4,Standby,18.1,14.2,19.5,15.4,No,0.0,NONE
2025-06-24 11:00:00,17.88,20.66,27.25,19.37,5.09,3.97,94.17,19.7,21.3,23.7,19.6,34.8,34.8,40.2,35.4,43.5,8.7,19.6,140.6,29.7,141.39,1.5015,6.4,Standby,18.4,15.8,17.0,18.4,No,0.0,NONE
2025-06-24 12:00:00,19.29,21.84,21.88,19.26,4.98,3.67,91.27,18.7,21.7,23.4,20.8,35.0,34.1,41.5,34.3,48.1,8.1,18.1,137.5,26.6,139.43,1.5276,6.3,Standby,15.3,15.3,18.9,15.1,No,0.0,NONE
2025-06-24 13:00:00,18.33,22.93,27.19,20.66,5.43,3.7,98.11,20.3,20.0,21.8,19.6,35.3,34.8,38.3,33.6,63.1,8.5,18.6,135.2,26.9,147.95,1.5081,6.7,Standby,18.2,15.7,20.9,18.6,No,0.0,NONE
2025-06-24 14:00:00,20.01,23.76,24.48,19.98,5.0,3.74,97.23,19.2,20.8,23.3,19.7,31.9,33.8,39.2,33.3,54.2,7.5,16.1,131.8,22.1,151.53,1.5585,6.9,Standby,17.3,16.2,21.5,17.1,No,0.0,NONE
2025-06-24 15:00:00,18.58,19.99,23.6,20.03,5.05,3.76,91.2,18.5,19.5,21.6,20.2,33.0,34.3,35.0,35.0,43.8,6.9,15.2,122.7,20.8,142.06,1.5577,6.5,Standby,15.5,15.0,19.3,16.1,No,0.0,NONE
2025-06-24 16:00:00,17.88,23.05,24.67,19.28,5.44,3.71,93.88,18.6,19.8,20.2,20.1,30.7,33.0,38.6,31.2,43.4,7.4,15.4,119.2,18.9,146.3,1.5583,6.7,Standby,17.8,14.6,18.7,17.0,No,0.0,NONE
2025-06-24 17:00:00,17.57,21.1,23.2,18.87,5.47,4.0,89.73,19.0,19.3,22.1,20.4,30.1,32.1,37.7,31.2,44.8,6.7,14.7,137.4,19.6,133.72,1.4903,6.1,Standby,15.6,13.1,18.4,14.5,No,0.0,NONE
2025-06-24 18:00:00,17.75,21.46,27.28,18.73,5.37,3.97,94.22,19.9,21.1,20.6,19.3,31.0,37.0,38.8,31.7,54.5,7.5,16.3,136.9,22.8,144.21,1.5306,6.6,Standby,16.7,16.0,19.1,16.0,No,0.0,NONE
2025-06-24 19:00:00,17.39,20.1,25.55,20.18,4.95,3.72,92.22,18.8,20.1,22.5,19.6,33.3,36.5,38.2,31.5,40.0,7.2,15.2,124.0,15.3,141.02,1.5292,6.4,Standby,18.2,15.8,18.4,18.8,No,0.0,NONE
2025-06-24 20:00:00,18.41,21.14,23.32,19.83,5.3,3.99,91.7,19.0,19.9,20.5,20.3,30.2,32.3,34.4,32.9,58.3,6.6,14.6,123.5,19.4,142.96,1.5591,6.5,Standby,17.4,15.1,17.5,17.2,No,0.0,NONE
2025-06-24 21:00:00,17.8,21.87,24.87,20.72,5.32,3.94,94.27,20.1,19.5,21.0,19.3,32.4,32.6,36.1,34.5,37.0,6.9,15.3,137.7,21.5,141.98,1.5061,6.5,Standby,18.3,14.4,17.7,17.9,No,0.0,NONE
2025-06-24 22:00:00,19.03,20.55,23.86,21.52,5.15,3.81,93.96,18.3,19.1,20.2,20.5,30.4,34.0,38.8,34.5,41.9,7.0,15.1,131.3,20.3,141.09,1.5016,6.4,Standby,17.5,16.4,20.0,18.5,No,0.0,NONE
2025-06-24 23:00:00,19.68,19.69,25.01,20.9,5.46,3.74,94.27,18.9,20.7,23.0,19.5,32.5,33.8,39.5,34.8,49.5,8.1,17.4,148.5,24.3,142.21,1.5085,6.5,Standby,18.0,16.2,20.2,17.4,No,0.0,NONE
2025-06-25 00:00:00,17.84,21.96,24.87,19.57,4.9,3.78,93.24,20.8,22.0,22.1,19.9,33.0,34.7,42.6,35.5,58.0,8.0,18.7,145.9,29.0,140.69,1.5089,6.4,Standby,17.7,15.3,19.6,15.8,No,0.0,NONE
2025-06-25 01:00:00,17.24,20.98,25.99,20.99,5.43,3.94,94.2,18.8,21.3,22.4,20.6,35.0,35.3,40.3,33.0,48.5,8.3,18.0,149.6,25.9,145.6,1.5455,6.6,Standby,18.4,14.4,20.4,19.1,No,0.0,NONE
2025-06-25 02:00:00,18.52,23.0,25.49,20.48,5.27,3.7,96.49,20.1,21.2,23.3,20.2,31.9,38.5,40.4,35.4,58.0,7.7,18.0,152.8,27.6,148.19,1.5359,6.7,Standby,17.8,17.2,18.1,17.7,No,0.0,NONE
2025-06-25 03:00:00,19.28,22.61,25.28,20.17,4.93,3.77,96.34,19.5,20.4,23.5,21.4,33.2,39.1,37.0,35.6,53.2,8.5,19.4,153.5,29.9,150.25,1.5596,6.8,Standby,17.5,16.2,19.9,18.3,No,0.0,NONE
2025-06-25 04:00:00,18.51,21.35,26.78,19.99,5.5,3.82,95.63,19.6,22.1,22.4,19.6,32.5,37.9,38.4,34.0,43.9,8.9,20.0,147.9,30.4,141.64,1.4811,6.4,Standby,16.0,16.6,18.5,15.9,No,0.0,NONE
2025-06-25 05:00:00,17.97,20.63,27.13,20.2,4.91,3.78,94.94,19.9,22.6,23.6,21.4,34.8,36.2,38.9,35.1,41.9,9.0,20.7,146.8,32.4,147.76,1.5564,6.7,Standby,17.7,15.3,17.4,17.6,No,0.0,NONE
2025-06-25 06:00:00,18.72,22.59,25.48,20.1,5.21,3.84,95.89,20.0,20.9,22.5,20.3,35.4,35.0,41.8,36.4,49.5,7.7,18.0,154.3,27.7,147.91,1.5426,6.7,Standby,16.7,16.1,17.6,19.0,No,0.0,NONE
2025-06-25 07:00:00,17.59,20.92,26.72,21.32,5.09,3.71,95.54,21.0,21.2,23.0,20.3,34.8,35.3,37.2,36.8,53.3,8.4,19.4,148.5,29.7,145.88,1.5269,6.6,Standby,17.7,15.9,17.2,18.2,No,0.0,NONE
2025-06-25 08:00:00,18.66,20.42,24.97,20.98,5.28,3.84,94.03,19.8,21.5,21.6,19.9,32.1,33.9,41.2,32.4,39.2,7.5,17.3,148.0,26.0,141.4,1.5037,6.4,Standby,16.3,14.8,16.5,18.0,No,0.0,NONE
2025-06-25 09:00:00,18.69,21.31,26.95,19.15,5.16,3.82,95.11,21.0,21.0,23.7,19.8,35.5,37.6,43.3,36.5,51.0,9.1,20.8,147.8,32.0,142.29,1.4961,6.5,Standby,16.7,13.7,19.8,18.3,No,0.0,NONE
2025-06-25 10:00:00,19.36,22.45,25.99,19.59,5.4,3.8,96.38,18.6,20.6,22.9,18.8,31.2,35.2,34.5,32.0,41.7,7.4,15.9,125.5,21.6,147.32,1.5285,6.7,Standby,19.2,16.3,19.7,15.7,No,0.0,NONE
2025-06-25 11:00:00,17.7,19.87,24.01,20.32,5.31,3.64,90.9,19.8,20.6,23.4,19.3,31.1,35.7,40.8,32.6,57.9,7.9,17.2,132.5,24.2,135.0,1.4852,6.1,Standby,15.6,13.2,17.9,16.3,No,0.0,NONE
2025-06-25 12:00:00,19.72,21.9,24.99,18.46,5.17,3.89,94.06,20.7,21.7,22.4,20.9,32.5,38.0,39.5,33.8,56.7,8.1,18.7,141.2,28.8,143.95,1.5304,6.5,Standby,16.9,16.3,19.4,16.8,No,0.0,NONE
2025-06-25 13:00:00,18.48,22.31,25.01,19.25,4.9,3.78,94.04,18.8,20.3,23.1,20.3,31.2,36.0,38.1,33.0,44.5,7.3,15.9,143.7,21.9,143.3,1.5238,6.5,Standby,17.6,15.6,18.8,18.3,No,0.0,NONE
2025-06-25 14:00:00,18.85,23.17,24.2,20.19,4.97,3.9,95.41,20.0,20.5,20.9,19.3,30.8,36.7,37.8,35.4,55.4,7.3,15.9,130.4,22.2,144.2,1.5113,6.6,Standby,18.2,15.6,18.1,16.4,No,0.0,NONE
2025-06-25 15:00:00,18.42,20.83,22.92,20.05,5.19,3.91,91.22,18.2,19.8,21.0,19.5,31.7,33.4,39.0,34.7,54.6,6.9,15.0,135.7,20.5,137.56,1.508,6.3,Standby,17.3,15.5,17.2,18.2,No,0.0,NONE
2025-06-25 16:00:00,18.74,19.76,23.06,19.84,5.45,3.8,90.41,20.0,19.7,22.2,19.9,31.2,34.0,37.9,33.7,59.0,7.5,16.4,135.6,23.1,136.59,1.5109,6.2,Standby,15.0,14.2,16.7,17.5,No,0.0,NONE
2025-06-25 17:00:00,18.69,21.83,23.86,19.09,5.32,3.89,92.48,18.7,21.4,21.1,19.7,32.5,36.0,36.1,32.6,45.5,6.6,14.6,123.7,18.4,143.28,1.5494,6.5,Standby,15.4,16.7,19.7,18.5,No,0.0,NONE
2025-06-25 18:00:00,19.78,23.96,25.55,19.98,4.91,3.89,98.28,19.6,20.2,20.5,20.7,31.0,35.0,36.3,31.9,48.9,7.3,15.9,127.1,22.1,145.77,1.4832,6.6,Standby,16.3,15.5,19.4,17.0,No,0.0,NONE
2025-06-25 19:00:00,17.24,22.11,25.67,21.0,5.27,3.65,95.02,20.0,20.4,22.1,19.2,31.8,35.7,39.2,34.8,59.7,6.8,14.8,137.9,19.6,145.9,1.5354,6.6,Standby,17.9,14.4,19.3,16.3,No,0.0,NONE
2025-06-25 20:00:00,19.47,24.1,24.85,20.27,5.36,3.93,97.69,19.3,20.8,22.0,18.8,32.7,34.4,39.9,33.8,44.4,7.1,15.1,125.1,16.6,145.73,1.4918,6.6,Standby,19.1,15.0,18.8,15.7,No,0.0,NONE
2025-06-25 21:00:00,19.24,24.05,22.75,20.02,5.0,3.96,95.05,19.9,19.7,23.4,19.8,33.6,35.5,39.6,34.3,38.2,7.4,16.4,126.9,23.2,144.44,1.5196,6.6,Standby,19.0,17.0,17.7,16.2,No,0.0,NONE
2025-06-25 22:00:00,19.34,21.17,24.61,20.27,5.19,3.8,94.39,19.8,20.1,22.8,20.8,31.8,35.4,41.3,33.4,59.8,7.9,17.7,147.3,25.9,146.13,1.548,6.6,Standby,18.1,17.4,17.6,18.7,No,0.0,NONE
2025-06-25 23:00:00,18.43,21.63,25.89,19.05,5.23,3.9,94.0,20.1,20.1,23.1,20.8,31.4,34.3,39.0,32.5,47.2,7.8,17.6,149.0,26.1,144.87,1.5412,6.6,Standby,18.7,14.3,17.4,15.9,No,0.0,NONE
2025-06-26 00:00:00,18.84,22.33,26.01,19.14,5.31,3.78,95.33,18.1,19.9,22.7,20.1,33.3,32.9,34.5,34.3,51.6,6.9,14.9,128.8,19.4,144.83,1.5193,6.6,Standby,17.4,16.7,20.6,15.9,No,0.0,NONE
2025-06-26 01:00:00,18.76,20.81,26.99,20.95,4.91,3.85,96.52,19.9,22.3,23.4,20.5,35.5,37.7,38.4,34.8,56.6,8.6,19.4,150.3,29.5,144.81,1.5003,6.6,Standby,18.7,15.1,19.7,18.1,No,0.0,NONE
2025-06-26 02:00:00,18.39,19.37,25.18,19.61,5.32,3.94,91.55,20.4,21.2,21.9,20.4,33.9,35.2,40.1,33.1,45.9,7.7,17.8,144.7,27.1,136.1,1.4866,6.2,Standby,18.1,15.0,16.3,17.0,No,0.0,NONE
2025-06-26 03:00:00,18.35,23.04,25.11,20.28,5.05,3.84,95.79,19.0,20.3,22.3,18.8,30.9,36.9,39.6,35.1,41.2,6.9,15.5,130.2,21.9,146.16,1.5259,6.6,Standby,16.9,14.5,19.6,18.7,No,0.0,NONE
2025-06-26 04:00:00,19.85,22.48,27.4,20.95,5.41,3.71,99.69,19.6,20.8,22.3,20.8,35.1,38.5,41.4,34.5,63.4,9.3,21.4,154.9,33.5,152.67,1.5315,6.9,Standby,17.2,18.1,20.7,17.7,No,0.0,NONE
2025-06-26 05:00:00,19.53,21.68,26.34,20.15,5.45,3.75,96.69,20.1,21.4,22.9,20.0,35.0,36.5,40.0,35.0,50.0,8.9,20.8,146.5,33.1,143.73,1.4865,6.5,Standby,18.8,15.7,18.7,18.4,No,0.0,NONE
2025-06-26 06:00:00,17.87,22.57,25.91,20.3,5.31,3.68,95.66,21.2,21.2,22.9,21.3,33.4,39.9,41.8,36.6,44.6,8.5,20.5,158.4,33.2,145.16,1.5175,6.6,Standby,18.7,16.2,19.9,15.7,No,0.0,NONE
2025-06-26 07:00:00,19.76,22.9,26.73,19.99,5.36,3.79,98.38,18.9,20.1,21.8,19.2,33.4,35.7,36.5,33.4,57.2,7.8,18.0,136.0,27.4,153.0,1.5552,7.0,Standby,19.6,14.8,18.3,20.4,No,0.0,NONE
2025-06-26 08:00:00,19.37,22.09,24.15,18.48,4.9,3.95,93.08,21.2,21.0,22.7,19.9,33.6,38.5,39.3,37.1,64.5,9.1,21.1,165.6,33.4,142.89,1.5352,6.5,Standby,15.3,15.7,16.6,17.6,No,0.0,NONE
2025-06-26 09:00:00,19.27,21.57,25.66,20.59,5.11,3.74,96.1,19.5,22.1,22.2,20.1,32.1,36.8,37.4,36.3,59.4,8.7,19.4,139.7,28.9,149.55,1.5562,6.8,Standby,17.2,14.5,17.7,16.8,No,0.0,NONE
2025-06-26 10:00:00,18.49,22.29,26.15,21.52,5.32,3.91,97.46,20.6,20.6,24.9,21.1,34.5,37.5,39.2,35.5,59.7,9.4,21.2,160.3,32.8,151.47,1.5542,6.9,Standby,17.2,18.0,18.5,19.6,No,0.0,NONE
2025-06-26 11:00:00,19.43,22.29,23.55,19.43,5.34,3.77,93.71,19.2,21.5,23.1,21.3,34.7,35.5,38.2,35.1,42.4,8.2,18.8,156.7,28.8,143.92,1.5358,6.5,Standby,18.1,14.1,19.0,19.2,No,0.0,NONE
2025-06-26 12:00:00,18.57,21.23,22.9,20.04,5.3,3.64,91.73,20.2,21.4,21.0,19.9,34.3,38.0,39.4,34.8,59.6,7.3,17.0,136.7,25.4,137.38,1.4976,6.2,Standby,16.3,15.9,18.2,17.3,No,0.0,NONE
2025-06-26 13:00:00,18.7,22.32,25.63,19.5,5.35,3.68,95.14,20.0,20.2,22.4,20.3,34.1,34.6,38.4,32.7,42.8,6.9,15.3,124.3,21.4,140.92,1.4812,6.4,Standby,17.7,15.1,18.6,15.7,No,0.0,NONE
2025-06-26 14:00:00,20.72,21.89,25.21,19.18,5.4,3.86,96.0,20.2,21.4,22.7,19.3,31.5,38.0,37.8,33.8,49.7,8.2,18.2,152.1,26.9,146.27,1.5237,6.6,Standby,15.7,17.9,17.4,19.4,No,0.0,NONE
2025-06-26 15:00:00,18.71,22.12,24.41,19.55,5.3,3.67,93.8,19.5,19.7,20.9,19.7,30.1,32.4,34.2,34.1,35.8,7.2,15.3,131.6,20.3,145.97,1.5562,6.6,Standby,15.9,16.5,18.9,17.0,No,0.0,NONE
2025-06-26 16:00:00,18.2,21.93,22.59,20.09,5.09,3.84,91.8,19.5,21.0,20.9,20.1,31.6,34.5,38.3,32.5,59.0,8.0,17.0,143.3,23.5,137.71,1.5001,6.3,Standby,16.2,13.8,16.1,17.7,No,0.0,NONE
2025-06-26 17:00:00,20.15,22.57,23.51,19.77,5.31,3.99,95.0,18.5,21.2,22.7,19.8,33.4,34.1,34.6,31.9,39.9,7.1,15.5,134.7,21.4,143.86,1.5143,6.5,Standby,18.8,17.7,18.3,17.9,No,0.0,NONE
2025-06-26 18:00:00,17.04,23.01,24.91,21.22,5.42,3.65,95.18,19.5,20.6,22.0,20.3,32.1,32.4,39.6,32.3,35.7,6.8,14.8,121.4,18.5,142.76,1.4999,6.5,Standby,17.3,15.1,20.2,17.2,No,0.0,NONE
2025-06-26 19:00:00,19.07,21.25,24.27,19.67,5.24,3.67,93.26,19.3,21.4,20.1,19.2,31.2,32.7,35.6,31.1,51.1,7.1,15.1,129.5,18.3,143.03,1.5337,6.5,Standby,17.6,15.7,17.8,19.1,No,0.0,NONE
2025-06-26 20:00:00,18.72,23.06,23.53,19.41,5.01,3.66,93.71,18.7,20.7,22.1,19.9,34.1,32.8,36.6,35.2,39.1,7.5,16.5,134.0,23.3,146.18,1.5598,6.6,Standby,16.3,15.4,20.3,17.9,No,0.0,NONE
2025-06-26 21:00:00,19.12,22.1,25.3,19.99,4.99,3.67,95.51,19.2,21.8,21.2,20.8,33.5,35.4,35.4,33.9,47.5,7.5,16.8,144.9,24.2,142.38,1.4907,6.5,Standby,18.2,15.9,20.4,15.5,No,0.0,NONE
2025-06-26 22:00:00,19.09,23.18,24.53,20.24,5.05,3.71,96.04,18.7,21.2,22.1,20.2,33.6,36.9,35.4,34.9,52.1,7.4,16.0,134.9,21.9,149.7,1.5588,6.8,Standby,19.6,18.2,19.2,18.8,No,0.0,NONE
2025-06-26 23:00:00,18.06,22.73,22.45,19.93,5.14,3.69,92.18,18.8,20.2,23.6,20.8,34.2,33.4,40.2,34.8,60.5,7.8,17.1,139.7,24.1,137.08,1.4871,6.2,Standby,16.3,15.1,18.1,16.6,No,0.0,NONE
2025-06-27 00:00:00,18.11,22.49,24.8,20.69,5.5,3.84,95.09,19.0,20.2,22.4,19.2,34.4,36.1,35.7,32.9,41.8,7.4,16.1,144.4,22.3,144.69,1.5217,6.6,Standby,15.7,16.5,17.2,16.9,No,0.0,NONE
2025-06-27 01:00:00,17.75,22.47,25.21,20.09,4.96,3.65,94.52,19.5,21.6,22.8,19.9,34.0,36.2,38.5,34.1,47.9,8.6,18.9,137.5,27.8,144.51,1.5289,6.6,Standby,17.4,15.4,18.1,16.6,No,0.0,NONE
2025-06-27 02:00:00,17.99,21.74,22.97,20.69,5.39,3.63,92.39,18.7,20.0,23.8,20.8,33.4,36.0,37.2,32.9,43.6,8.1,17.8,143.9,25.5,137.97,1.4934,6.3,Standby,17.5,15.7,17.9,17.9,No,0.0,NONE
2025-06-27 03:00:00,18.24,23.24,24.63,21.19,4.92,3.74,96.3,19.2,20.7,24.1,21.4,32.0,38.9,41.9,34.9,51.8,7.9,18.7,149.4,29.4,145.91,1.5151,6.6,Standby,17.1,16.7,17.7,15.8,No,0.0,NONE
2025-06-27 04:00:00,18.36,22.66,25.81,19.23,5.03,3.63,95.06,20.5,21.7,22.5,21.1,32.3,38.6,36.7,35.7,46.9,8.0,18.2,136.6,27.5,140.81,1.4812,6.4,Standby,15.4,16.1,18.8,18.6,No,0.0,NONE
2025-06-27 05:00:00,19.24,21.22,27.96,20.57,5.26,3.97,97.98,20.6,23.2,23.9,20.5,35.8,40.6,39.3,35.5,67.1,9.4,22.5,173.4,36.9,148.29,1.5134,6.7,Standby,16.9,15.9,18.6,16.8,No,0.0,NONE
2025-06-27 06:00:00,18.24,23.22,25.73,19.51,5.28,3.81,95.69,20.2,21.9,22.4,20.3,32.7,38.8,42.7,36.4,59.3,8.6,20.6,161.8,33.2,147.81,1.5446,6.7,Standby,19.2,17.1,18.6,16.7,No,0.0,NONE
2025-06-27 07:00:00,17.72,19.63,24.32,19.28,5.05,3.76,89.94,19.4,22.0,22.4,21.3,34.0,34.1,41.3,35.4,45.5,7.9,18.4,151.6,28.1,138.22,1.5368,6.3,Standby,15.7,15.2,18.6,18.2,No,0.0,NONE
2025-06-27 08:00:00,18.22,20.93,26.88,20.51,5.13,3.65,95.54,19.5,21.1,21.7,20.3,33.0,38.6,36.9,35.3,57.2,8.3,18.8,149.4,28.3,141.86,1.4848,6.4,Standby,17.5,15.7,16.9,17.5,No,0.0,NONE
2025-06-27 09:00:00,19.17,22.13,24.66,20.21,5.18,3.65,95.17,18.6,20.2,20.9,20.2,32.3,38.1,39.4,35.1,48.5,7.5,17.1,144.6,25.4,147.82,1.5533,6.7,Standby,16.8,17.3,19.1,19.7,No,0.0,NONE
2025-06-27 10:00:00,18.74,21.42,24.23,20.54,5.12,3.95,93.92,20.9,22.0,22.7,21.3,36.1,37.6,41.2,36.6,57.2,8.7,20.0,156.3,30.9,144.69,1.5406,6.6,Standby,16.2,15.6,19.3,17.2,No,0.0,NONE
2025-06-27 11:00:00,17.57,22.96,24.37,19.75,5.35,3.84,93.64,19.5,20.1,20.7,19.2,34.8,37.7,37.1,33.1,59.3,7.4,16.6,138.5,24.1,138.76,1.4817,6.3,Standby,15.0,13.9,16.5,18.1,No,0.0,NONE
2025-06-27 12:00:00,19.4,22.78,25.08,17.98,5.3,3.88,94.25,19.1,21.3,23.2,21.1,35.1,34.6,39.4,34.2,47.0,8.1,18.1,139.4,26.5,142.66,1.5137,6.5,Standby,16.5,17.6,16.7,18.5,No,0.0,NONE
2025-06-27 13:00:00,20.27,20.46,24.13,21.17,5.3,3.79,95.03,18.7,19.9,20.5,19.4,32.4,36.0,35.7,34.1,48.8,7.4,15.4,123.0,19.4,148.15,1.559,6.7,Standby,16.8,17.4,19.7,19.6,No,0.0,NONE
2025-06-27 14:00:00,20.23,20.94,24.37,19.67,5.29,3.93,94.21,18.7,19.6,20.5,19.6,31.1,36.4,34.2,31.3,40.4,6.5,14.5,133.1,17.2,146.82,1.5584,6.7,Standby,15.9,17.5,17.1,18.2,No,0.0,NONE
2025-06-27 15:00:00,19.72,21.75,26.62,19.24,5.16,3.95,96.32,19.8,20.1,22.9,19.6,31.1,36.8,37.5,33.1,41.8,7.1,15.7,125.9,21.8,147.48,1.5311,6.7,Standby,18.8,16.4,18.0,16.7,No,0.0,NONE
2025-06-27 16:00:00,16.68,21.43,25.21,20.25,5.39,3.64,92.57,19.0,19.4,22.0,20.7,31.2,33.9,39.0,34.3,51.3,7.3,16.1,134.9,22.7,139.93,1.5117,6.4,Standby,15.8,13.7,17.1,17.3,No,0.0,NONE
2025-06-27 17:00:00,19.16,21.51,23.87,20.09,5.46,3.64,93.63,19.7,20.5,21.2,19.9,33.3,34.0,39.8,33.4,39.3,6.9,15.1,133.0,20.8,139.24,1.4871,6.3,Standby,16.9,16.4,18.4,17.0,No,0.0,NONE
2025-06-27 18:00:00,18.13,21.57,24.35,19.32,5.32,3.94,92.37,18.3,19.7,20.6,19.5,30.3,35.7,34.8,34.8,56.0,7.1,15.1,128.6,19.9,139.29,1.508,6.3,Standby,18.6,13.5,16.9,18.6,No,0.0,NONE
2025-06-27 19:00:00,17.45,22.44,23.15,20.71,5.21,3.87,92.75,18.8,21.1,21.5,18.7,33.8,33.9,39.7,34.3,46.1,7.3,15.9,132.2,21.8,140.04,1.5099,6.4,Standby,17.4,17.4,17.4,16.6,No,0.0,NONE
2025-06-27 20:00:00,18.6,21.21,27.37,19.55,5.01,3.96,95.73,18.7,21.5,22.4,19.7,33.3,36.5,40.0,31.7,49.6,6.8,14.8,135.3,17.9,147.16,1.5372,6.7,Standby,17.2,15.7,19.7,17.7,No,0.0,NONE
2025-06-27 21:00:00,18.05,23.02,25.13,20.02,4.94,3.61,95.23,18.7,21.1,20.7,19.1,33.4,32.8,35.4,33.8,53.5,6.8,14.8,121.2,19.6,141.62,1.4872,6.4,Standby,16.4,13.6,17.9,17.9,No,0.0,NONE
2025-06-27 22:00:00,19.82,23.32,23.31,19.37,5.22,3.66,94.83,18.3,19.9,20.2,19.4,33.2,34.5,39.2,33.8,40.2,7.3,15.5,138.7,20.6,142.91,1.5069,6.5,Standby,16.0,15.1,18.7,17.9,No,0.0,NONE
2025-06-27 23:00:00,18.24,21.7,26.34,21.12,4.95,3.95,96.4,19.1,20.3,22.1,20.4,32.1,37.0,36.8,32.4,54.7,7.8,17.2,142.9,24.5,150.33,1.5594,6.8,Standby,19.7,18.2,17.8,17.6,No,0.0,NONE
2025-06-28 00:00:00,17.07,21.89,23.81,20.05,4.94,3.74,91.82,20.0,20.0,21.6,19.4,34.4,34.4,36.6,35.5,61.9,7.9,17.0,135.7,23.9,137.48,1.4974,6.2,Standby,16.9,16.9,18.9,15.2,No,0.0,NONE
2025-06-28 01:00:00,19.33,22.66,25.61,21.17,5.38,3.68,97.77,20.7,21.8,22.4,20.5,34.1,38.0,40.6,36.0,48.8,8.5,18.9,149.5,27.9,148.73,1.5212,6.8,Standby,17.5,15.1,19.4,17.5,No,0.0,NONE
2025-06-28 02:00:00,19.82,21.78,26.45,19.99,5.35,3.68,97.05,19.7,22.4,24.1,20.9,33.3,35.7,37.5,36.9,56.2,8.6,19.8,154.2,30.6,149.09,1.5362,6.8,Standby,17.5,17.2,19.2,17.3,No,0.0,NONE
2025-06-28 03:00:00,19.88,22.01,26.96,19.64,5.11,3.79,97.49,20.5,23.0,24.9,21.2,32.8,36.4,39.4,36.2,59.7,9.1,21.3,164.4,34.0,144.59,1.4831,6.6,Standby,15.7,15.1,18.8,18.4,No,0.0,NONE
2025-06-28 04:00:00,16.77,22.8,25.76,20.07,5.23,3.85,94.4,19.8,21.0,22.1,20.4,35.2,38.1,39.8,34.2,39.9,8.8,19.5,146.3,29.2,140.97,1.4933,6.4,Standby,15.7,14.3,18.7,18.6,No,0.0,NONE
2025-06-28 05:00:00,19.32,21.36,26.28,19.95,5.04,3.64,95.91,19.2,21.8,23.9,19.7,32.9,36.1,42.7,35.4,42.8,8.4,19.5,143.3,30.1,143.44,1.4956,6.5,Standby,16.7,16.6,20.6,18.2,No,0.0,NONE
2025-06-28 06:00:00,18.14,21.99,26.22,20.31,5.15,3.97,95.67,20.4,20.7,24.2,20.9,32.3,39.4,37.7,35.7,55.7,8.5,19.9,147.9,31.4,141.94,1.4837,6.5,Standby,17.5,17.0,16.9,17.2,No,0.0,NONE
2025-06-28 07:00:00,16.98,23.37,25.95,22.37,5.46,3.73,97.67,20.5,20.9,21.4,19.9,32.3,38.5,37.8,36.8,55.0,8.1,18.9,139.3,29.4,150.48,1.5407,6.8,Standby,17.3,16.6,21.4,18.6,No,0.0,NONE
2025-06-28 08:00:00,19.82,22.35,25.79,20.64,5.33,3.66,97.59,19.2,21.7,21.9,20.3,35.1,35.9,41.2,34.2,40.6,8.3,19.1,147.9,29.2,151.26,1.5499,6.9,Standby,16.5,16.4,18.9,18.0,No,0.0,NONE
2025-06-28 09:00:00,19.05,22.04,28.98,19.94,5.07,3.91,99.01,20.2,23.1,22.6,21.4,35.0,38.9,39.3,38.0,60.5,9.7,22.3,161.4,35.3,153.27,1.5481,7.0,Standby,17.5,18.4,19.7,17.1,No,0.0,NONE
2025-06-28 10:00:00,17.94,21.82,25.7,20.2,5.03,4.0,94.66,18.6,20.0,22.2,19.3,31.9,36.2,38.2,34.6,55.4,7.7,16.3,127.4,22.0,147.58,1.5591,6.7,Standby,18.9,14.9,18.2,16.4,No,0.0,NONE
2025-06-28 11:00:00,18.47,22.04,26.68,20.61,5.21,3.8,96.79,19.7,20.1,22.6,19.1,33.4,36.1,37.7,32.4,51.3,8.2,17.8,145.0,25.1,144.7,1.4949,6.6,Standby,17.1,15.2,18.5,15.6,No,0.0,NONE
2025-06-28 12:00:00,18.84,22.64,22.94,18.81,5.43,3.88,92.24,19.5,21.1,22.4,20.2,30.9,35.1,38.1,32.2,59.9,6.9,14.9,123.3,19.8,143.43,1.555,6.5,Standby,18.4,17.4,17.3,15.4,No,0.0,NONE
2025-06-28 13:00:00,17.0,22.45,25.67,20.79,5.0,3.97,94.91,20.4,20.4,22.0,20.8,35.2,37.6,36.3,34.0,57.8,8.3,18.3,142.9,26.7,145.17,1.5295,6.6,Standby,17.3,16.7,17.0,16.3,No,0.0,NONE
2025-06-28 14:00:00,18.98,21.92,24.83,19.62,5.43,3.97,94.36,19.2,20.6,21.6,19.2,32.2,32.9,36.0,31.9,56.2,6.9,15.0,132.3,20.4,140.97,1.494,6.4,Standby,15.6,16.5,16.6,17.6,No,0.0,NONE
2025-06-28 15:00:00,18.23,22.23,25.04,21.0,5.38,3.91,95.5,19.3,20.3,22.5,20.3,31.3,34.7,36.7,32.7,55.7,7.2,15.2,123.0,19.8,146.58,1.5349,6.7,Standby,18.2,16.0,20.2,19.4,No,0.0,NONE
2025-06-28 16:00:00,18.29,23.75,23.21,20.11,5.02,3.93,94.37,18.4,19.5,21.9,20.2,33.5,34.2,38.1,34.3,40.4,7.2,15.2,126.2,17.6,143.13,1.5167,6.5,Standby,16.8,16.3,20.0,16.5,No,0.0,NONE
2025-06-28 17:00:00,18.04,22.16,24.0,20.35,4.99,3.94,93.55,19.5,20.9,21.2,18.6,31.3,34.3,36.1,33.0,50.3,6.7,14.7,119.3,19.5,142.8,1.5265,6.5,Standby,15.6,17.3,18.8,18.6,No,0.0,NONE
2025-06-28 18:00:00,18.35,22.22,25.61,21.07,5.17,3.82,96.26,19.3,20.8,21.3,19.2,32.8,38.0,36.6,33.2,59.6,8.0,17.5,131.2,25.2,143.75,1.4934,6.5,Standby,16.3,15.4,17.1,15.4,No,0.0,NONE
2025-06-28 19:00:00,17.76,22.42,22.1,21.17,5.42,3.71,92.46,19.4,20.7,20.6,19.6,33.4,32.5,37.7,31.7,41.0,6.9,14.9,115.0,14.6,137.54,1.4875,6.3,Standby,17.1,15.7,18.5,16.7,No,0.0,NONE
2025-06-28 20:00:00,19.45,21.78,24.31,19.89,4.98,3.92,94.43,18.6,19.9,21.1,19.4,32.5,36.0,39.4,31.6,39.9,7.3,16.0,140.6,22.5,139.8,1.4805,6.4,Standby,17.8,16.5,20.0,15.9,No,0.0,NONE
2025-06-28 21:00:00,18.81,20.55,24.74,19.74,5.18,3.74,92.84,18.9,20.4,22.1,20.2,30.9,34.1,34.7,32.3,44.5,7.2,15.2,120.5,18.7,140.95,1.5183,6.4,Standby,16.7,17.2,20.0,15.2,No,0.0,NONE
2025-06-28 22:00:00,17.84,23.31,23.63,20.44,4.94,3.64,94.21,19.4,19.3,21.2,20.2,32.1,33.7,35.4,33.2,43.5,7.2,15.2,122.9,17.3,146.34,1.5534,6.7,Standby,19.4,14.2,20.8,16.4,No,0.0,NONE
2025-06-28 23:00:00,17.22,22.5,25.18,20.64,5.03,3.93,94.54,19.7,20.1,20.3,19.0,32.2,34.7,35.1,32.4,45.2,7.3,15.7,141.2,21.5,141.7,1.4987,6.4,Standby,18.3,17.2,18.8,16.1,No,0.0,NONE
2025-06-29 00:00:00,18.62,21.67,24.12,18.59,5.4,3.67,92.0,18.8,21.4,22.1,19.6,34.9,34.0,40.8,34.5,41.1,7.7,17.5,149.8,26.1,142.52,1.5492,6.5,Standby,16.6,15.8,17.2,15.6,No,0.0,NONE
2025-06-29 01:00:00,18.86,20.32,26.38,20.52,5.38,3.73,95.08,20.3,22.1,21.2,20.4,33.0,38.2,39.3,34.1,42.7,8.5,18.9,141.1,28.1,141.36,1.4868,6.4,Standby,16.1,17.5,19.8,16.2,No,0.0,NONE
2025-06-29 02:00:00,19.52,21.26,23.97,20.03,4.96,3.98,93.78,18.4,21.4,23.6,20.7,33.7,35.7,41.3,34.4,57.9,8.0,17.3,142.2,24.2,144.53,1.5411,6.6,Standby,16.1,16.5,16.8,18.6,No,0.0,NONE
2025-06-29 03:00:00,17.27,21.45,25.04,20.29,5.23,3.95,93.05,20.5,22.0,23.1,19.9,34.1,37.3,36.7,35.4,60.6,7.7,17.4,142.8,25.5,141.48,1.5204,6.4,Standby,18.0,16.3,17.3,17.5,No,0.0,NONE
2025-06-29 04:00:00,19.67,21.83,23.38,19.21,5.43,3.72,93.09,19.5,20.3,23.1,19.9,32.7,37.4,39.9,33.9,47.0,8.0,17.6,144.0,25.2,141.21,1.5168,6.4,Standby,17.7,17.3,18.1,15.1,No,0.0,NONE
2025-06-29 05:00:00,19.26,22.44,26.24,19.69,5.37,3.94,96.63,20.6,20.4,23.9,20.3,35.6,36.4,38.0,32.9,55.7,7.9,18.4,141.5,28.2,147.35,1.5249,6.7,Standby,15.7,17.6,18.4,18.3,No,0.0,NONE
2025-06-29 06:00:00,18.5,21.81,29.03,18.95,4.94,3.94,97.29,21.5,22.9,23.3,20.4,35.3,39.4,43.9,36.3,56.9,9.2,22.1,169.7,36.5,151.08,1.5529,6.9,Standby,19.9,14.8,18.9,17.9,No,0.0,NONE
2025-06-29 07:00:00,17.9,22.26,27.55,20.53,5.1,3.94,97.24,21.2,21.7,23.8,21.2,35.6,37.7,42.2,37.4,60.5,9.6,22.6,156.1,36.7,145.36,1.4948,6.6,Standby,19.2,14.9,19.6,19.2,No,0.0,NONE
2025-06-29 08:00:00,17.79,21.3,25.65,20.77,5.11,3.93,94.51,19.2,22.5,23.9,19.5,33.1,39.0,42.1,34.9,53.6,8.2,19.1,150.1,29.7,141.7,1.4994,6.4,Standby,15.3,16.8,16.7,17.6,No,0.0,NONE
2025-06-29 09:00:00,18.37,21.03,24.48,18.74,4.96,3.86,91.61,19.0,21.8,24.3,21.2,33.2,35.4,42.6,34.6,48.5,8.0,18.8,143.1,29.3,139.82,1.5262,6.4,Standby,15.3,14.0,19.1,15.6,No,0.0,NONE
2025-06-29 10:00:00,17.72,22.17,25.72,20.52,5.02,3.88,95.14,19.0,21.8,23.5,19.9,32.7,34.1,41.4,34.1,55.6,8.1,17.8,134.3,25.9,148.03,1.556,6.7,Standby,16.4,16.4,20.4,18.2,No,0.0,NONE
2025-06-29 11:00:00,19.66,20.48,27.13,20.01,5.09,3.63,96.28,19.7,21.9,22.8,21.1,32.5,35.4,40.6,36.1,56.9,8.3,19.0,149.3,29.1,146.12,1.5177,6.6,Standby,17.3,17.6,19.7,18.9,No,0.0,NONE
2025-06-29 12:00:00,19.23,23.74,25.67,19.95,5.47,3.72,97.59,20.0,20.4,22.7,20.9,32.5,38.1,37.9,33.6,56.7,7.3,16.9,143.0,25.2,151.22,1.5495,6.9,Standby,17.6,15.9,18.4,16.5,No,0.0,NONE
2025-06-29 13:00:00,18.43,23.25,24.12,21.51,5.3,3.8,96.31,18.4,20.8,21.0,19.0,34.4,33.0,39.1,34.2,49.2,7.2,15.9,126.1,22.2,145.42,1.5099,6.6,Standby,15.8,15.2,17.5,19.4,No,0.0,NONE
2025-06-29 14:00:00,17.97,22.48,25.49,20.98,5.01,3.63,95.92,19.7,21.9,23.0,20.4,33.0,34.0,37.0,33.0,53.9,8.2,17.5,137.8,24.5,147.15,1.5342,6.7,Standby,19.1,14.7,17.3,17.7,No,0.0,NONE
2025-06-29 15:00:00,17.18,21.86,23.75,20.35,5.01,3.64,92.14,19.3,21.5,21.4,19.1,33.4,35.7,34.6,32.1,44.6,7.4,15.6,127.2,20.5,142.43,1.5459,6.5,Standby,16.0,17.2,17.3,18.3,No,0.0,NONE
2025-06-29 16:00:00,17.06,22.61,23.86,19.9,5.22,3.86,92.42,18.6,21.5,21.1,18.8,32.0,32.9,40.1,33.2,50.5,6.7,14.9,141.7,20.9,141.14,1.5271,6.4,Standby,16.9,14.5,17.0,18.8,No,0.0,NONE
2025-06-29 17:00:00,18.19,21.84,22.54,20.02,5.16,3.87,91.58,19.7,21.2,21.7,20.1,31.0,35.0,34.2,32.3,43.6,6.9,14.9,138.1,19.7,140.72,1.5365,6.4,Standby,18.4,15.4,19.3,16.8,No,0.0,NONE
2025-06-29 18:00:00,18.37,23.48,26.07,19.05,5.46,3.74,95.96,18.2,19.8,21.3,20.3,33.4,34.5,38.6,32.2,57.9,7.4,15.8,130.0,21.2,148.44,1.5468,6.7,Standby,16.1,15.9,20.5,17.9,No,0.0,NONE
2025-06-29 19:00:00,18.16,22.41,23.78,18.98,5.46,3.88,92.32,19.0,19.6,20.9,19.8,31.7,32.2,39.8,33.7,54.8,7.5,15.5,121.2,20.1,142.98,1.5487,6.5,Standby,17.7,16.6,16.7,16.7,No,0.0,NONE
2025-06-29 20:00:00,18.59,21.08,25.13,19.78,5.01,3.95,93.58,20.0,19.7,20.9,19.3,34.4,36.6,40.5,35.1,50.2,8.0,17.2,141.2,23.8,140.12,1.4974,6.4,Standby,15.0,16.3,18.7,15.7,No,0.0,NONE
2025-06-29 21:00:00,18.68,22.5,25.22,20.46,5.25,3.65,95.86,19.3,20.2,23.0,19.3,33.4,33.3,39.6,32.3,40.6,7.5,16.9,144.8,24.8,142.85,1.4902,6.5,Standby,17.1,13.8,20.5,16.2,No,0.0,NONE
2025-06-29 22:00:00,18.69,22.32,23.89,19.61,5.15,3.73,93.51,19.2,20.0,20.9,19.7,32.4,36.5,38.4,32.7,53.0,6.9,15.4,135.4,21.6,144.95,1.5501,6.6,Standby,15.9,14.7,19.2,17.6,No,0.0,NONE
2025-06-29 23:00:00,20.27,22.5,25.71,19.69,5.39,3.86,97.17,19.6,21.6,23.9,19.8,34.7,38.9,40.8,33.7,41.8,8.1,18.4,148.7,27.5,150.62,1.55,6.8,Standby,18.3,15.0,19.4,17.4,No,0.0,NONE
2025-06-30 00:00:00,18.29,21.79,25.91,20.2,5.17,3.68,95.19,19.2,20.8,20.7,19.9,33.4,36.6,35.0,31.7,56.7,6.9,14.9,130.3,19.1,146.8,1.5423,6.7,Standby,18.4,14.7,19.1,18.7,No,0.0,NONE
2025-06-30 01:00:00,18.71,23.03,23.87,20.29,5.01,3.72,94.9,19.6,19.6,21.0,19.3,34.3,37.4,36.5,34.2,46.0,7.9,17.1,136.8,24.0,142.33,1.4999,6.5,Standby,15.3,14.3,16.5,19.0,No,0.0,NONE
2025-06-30 02:00:00,18.79,22.7,26.25,19.98,4.96,3.65,96.72,20.2,20.2,21.1,19.8,31.6,35.7,39.9,35.0,45.0,7.6,17.0,148.8,24.8,147.87,1.5289,6.7,Standby,18.5,18.1,17.3,18.3,No,0.0,NONE
2025-06-30 03:00:00,16.51,21.99,24.07,19.81,5.02,3.66,91.38,19.1,20.3,22.0,19.9,32.8,33.7,36.3,33.1,39.1,7.2,16.4,137.7,24.1,141.97,1.5537,6.5,Standby,18.4,14.0,17.4,17.6,No,0.0,NONE
2025-06-30 04:00:00,18.07,19.28,23.45,19.62,5.39,3.65,89.42,19.8,20.0,21.2,19.0,32.3,37.5,39.4,34.1,57.5,7.1,16.3,139.5,24.0,138.28,1.5463,6.3,Standby,17.9,15.6,17.2,18.1,No,0.0,NONE
2025-06-30 05:00:00,17.67,21.52,25.04,20.08,5.19,3.82,93.31,20.0,20.8,24.3,20.9,34.6,38.7,41.1,33.5,48.5,8.9,19.9,148.6,30.1,139.67,1.4969,6.3,Standby,16.3,16.1,19.0,17.0,No,0.0,NONE
2025-06-30 06:00:00,18.29,23.28,27.13,19.91,5.11,3.8,97.61,19.7,21.0,22.9,20.0,34.6,38.4,41.4,34.7,63.0,8.8,20.7,147.5,32.9,146.73,1.5033,6.7,Standby,16.0,14.1,17.6,18.5,No,0.0,NONE
2025-06-30 07:00:00,19.03,22.72,27.56,19.74,5.4,3.86,98.06,21.1,22.0,22.3,20.1,34.1,38.6,38.5,34.2,43.0,9.1,20.7,158.8,32.1,152.1,1.5512,6.9,Standby,16.9,15.6,20.0,17.8,No,0.0,NONE
2025-06-30 08:00:00,18.55,21.53,25.13,20.17,4.95,3.63,94.38,20.5,21.3,21.9,19.9,34.0,36.6,37.9,35.0,46.6,8.4,18.2,135.1,26.0,143.71,1.5227,6.5,Standby,17.1,17.2,17.2,17.0,No,0.0,NONE
2025-06-30 09:00:00,18.55,22.49,25.81,20.43,5.47,3.79,96.28,20.5,21.2,22.9,20.9,34.9,38.1,41.3,34.3,52.2,8.6,19.0,155.4,27.9,148.16,1.5388,6.7,Standby,16.8,16.2,21.1,19.0,No,0.0,NONE
2025-06-30 10:00:00,17.37,21.21,25.68,19.15,5.32,3.89,92.41,20.9,22.2,22.4,21.0,36.2,39.2,40.1,36.1,41.2,8.7,20.1,145.9,31.6,140.87,1.5244,6.4,Standby,15.8,15.1,18.0,18.4,No,0.0,NONE
2025-06-30 11:00:00,18.48,22.27,23.44,19.8,5.35,3.61,92.98,20.3,21.5,21.9,20.1,31.5,37.2,40.3,33.6,44.2,7.4,17.1,137.7,25.4,139.35,1.4987,6.3,Standby,17.1,14.6,18.9,17.6,No,0.0,NONE
2025-06-30 12:00:00,18.31,21.44,22.67,20.36,4.95,3.94,91.79,19.4,21.1,21.6,20.9,32.8,34.2,36.4,33.1,56.8,7.6,17.1,143.1,24.9,139.97,1.5249,6.4,Standby,16.0,13.7,18.0,15.7,No,0.0,NONE
2025-06-30 13:00:00,18.33,22.69,23.87,18.68,5.11,3.97,92.57,18.3,20.6,20.6,20.3,33.1,36.6,38.4,33.8,48.6,7.2,15.4,141.3,20.8,137.22,1.4823,6.2,Standby,16.6,16.2,18.1,16.2,No,0.0,NONE
2025-06-30 14:00:00,19.0,22.47,24.36,19.66,4.92,3.68,94.5,19.8,20.1,23.0,19.8,30.4,37.3,36.4,32.8,58.6,7.2,15.7,134.4,21.7,143.46,1.5181,6.5,Standby,18.7,16.5,16.7,15.2,No,0.0,NONE
2025-06-30 15:00:00,18.94,21.33,23.92,20.41,5.21,3.89,93.6,19.5,21.2,23.0,20.5,32.2,33.8,38.9,33.9,54.8,7.0,15.1,139.4,20.4,139.12,1.4863,6.3,Standby,15.9,15.6,16.8,15.6,No,0.0,NONE
2025-06-30 16:00:00,17.79,20.93,23.04,19.74,5.14,3.77,90.51,19.6,21.3,21.0,20.3,33.0,33.4,35.8,32.8,46.4,7.9,17.4,144.1,24.9,137.26,1.5166,6.2,Standby,17.5,14.4,18.9,16.5,No,0.0,NONE
2025-06-30 17:00:00,19.02,21.32,25.54,20.84,5.25,3.67,95.72,18.4,19.7,20.6,18.9,33.8,36.8,38.8,34.4,44.7,7.3,15.8,125.8,21.4,144.53,1.51,6.6,Standby,17.5,17.2,18.7,18.3,No,0.0,NONE
2025-06-30 18:00:00,17.76,21.56,25.6,19.31,5.29,3.78,93.24,18.9,20.1,22.6,20.0,31.8,35.2,38.9,32.8,56.1,7.1,15.1,117.8,14.4,141.79,1.5208,6.4,Standby,15.7,16.0,17.9,15.4,No,0.0,NONE
2025-06-30 19:00:00,18.48,22.99,25.99,22.0,5.47,3.85,98.45,18.8,20.3,22.1,19.6,31.0,35.0,39.3,31.4,36.8,7.1,15.1,137.4,20.0,149.99,1.5234,6.8,Standby,19.9,17.7,19.1,16.1,No,0.0,NONE
2025-06-30 20:00:00,18.88,23.47,25.81,19.86,5.26,3.74,97.02,18.6,19.9,21.0,20.1,31.4,35.8,39.8,34.4,56.0,8.0,17.3,134.5,24.5,147.7,1.5223,6.7,Standby,17.7,17.2,20.4,16.7,No,0.0,NONE
2025-06-30 21:00:00,17.25,22.6,21.85,19.39,5.14,3.91,90.08,19.7,21.1,22.1,19.3,32.6,35.3,36.4,34.2,49.8,7.7,16.9,132.0,24.0,134.68,1.4951,6.1,Standby,15.5,13.6,16.1,17.7,No,0.0,NONE
2025-06-30 22:00:00,18.58,21.4,24.45,19.21,5.46,4.0,92.63,19.5,20.2,21.9,20.6,31.7,33.3,40.1,33.9,59.4,7.4,16.6,137.3,23.9,142.22,1.5353,6.5,Standby,17.8,13.8,19.6,15.8,No,0.0,NONE
2025-06-30 23:00:00,18.64,20.96,22.34,19.62,5.37,3.77,90.56,19.2,20.6,21.3,19.5,32.5,37.0,38.0,31.9,54.5,7.6,16.3,134.6,22.4,138.3,1.5271,6.3,Standby,16.7,14.8,18.7,15.3,No,0.0,NONE
2025-07-01 00:00:00,19.24,22.38,26.21,20.41,5.05,3.79,97.24,20.6,22.0,24.7,20.8,33.6,37.2,38.1,33.9,54.0,9.1,20.7,145.3,32.1,146.78,1.5094,6.7,Standby,19.5,15.1,20.2,17.1,No,0.0,NONE
2025-07-01 01:00:00,17.45,22.59,25.02,20.7,5.47,3.7,94.76,20.5,21.3,23.5,19.6,32.5,35.1,37.3,33.7,60.1,8.5,19.0,139.7,28.3,141.95,1.498,6.5,Standby,18.0,14.8,17.9,18.0,No,0.0,NONE
2025-07-01 02:00:00,19.49,22.46,28.41,20.49,4.99,3.74,99.85,20.5,21.0,23.2,19.9,32.8,36.7,41.8,35.4,56.5,8.6,20.1,153.1,31.6,148.91,1.4914,6.8,Standby,17.5,16.7,19.3,17.5,No,0.0,NONE
2025-07-01 03:00:00,18.53,22.63,29.35,19.78,4.95,3.62,99.29,21.4,21.3,24.0,21.1,34.1,39.0,40.4,35.8,52.0,8.9,21.4,155.5,35.0,147.05,1.481,6.7,Standby,19.3,17.9,18.6,16.6,No,0.0,NONE
2025-07-01 04:00:00,19.4,24.81,25.04,19.51,5.05,3.98,97.76,19.3,22.7,23.4,21.5,34.3,35.1,38.7,34.7,64.3,8.4,20.0,155.7,31.7,149.87,1.533,6.8,Standby,19.0,16.9,19.2,17.8,No,0.0,NONE
2025-07-01 05:00:00,19.54,22.9,29.03,19.92,5.38,3.84,100.4,21.3,22.9,24.5,20.9,35.3,38.1,38.4,36.5,65.1,9.2,21.5,161.8,34.4,152.8,1.522,6.9,Standby,18.4,15.5,19.7,16.3,No,0.0,NONE
2025-07-01 06:00:00,19.46,21.16,30.57,18.95,5.17,3.86,99.14,21.7,22.6,23.9,21.5,33.6,40.9,40.3,36.7,53.3,9.5,22.8,166.1,37.5,153.99,1.5533,7.0,Standby,19.9,18.8,18.3,17.3,No,0.0,NONE
2025-07-01 07:00:00,18.38,23.17,25.14,21.0,5.16,3.87,96.69,20.5,20.9,22.5,19.8,34.0,36.5,38.3,36.3,59.2,8.7,20.5,157.2,32.7,147.23,1.5227,6.7,Standby,18.3,15.1,19.7,17.2,No,0.0,NONE
2025-07-01 08:00:00,19.14,22.64,26.07,19.73,5.23,3.88,96.58,21.0,22.4,22.4,20.9,35.0,39.0,42.9,33.5,43.1,8.9,20.4,153.8,31.5,149.44,1.5473,6.8,Standby,16.3,17.2,21.1,18.3,No,0.0,NONE
2025-07-01 09:00:00,19.45,22.24,28.0,20.74,5.32,3.68,99.43,20.9,22.7,24.5,20.9,33.9,39.4,42.3,33.7,54.0,8.7,20.6,157.4,32.8,147.93,1.4878,6.7,Standby,19.0,16.5,18.3,15.8,No,0.0,NONE
2025-07-01 10:00:00,17.43,21.82,26.47,21.12,5.11,3.81,95.83,19.4,23.1,24.9,21.2,33.7,36.2,43.6,35.0,51.5,9.4,21.6,151.3,34.1,145.98,1.5233,6.6,Standby,17.1,14.9,19.9,17.8,No,0.0,NONE
2025-07-01 11:00:00,18.31,22.33,26.11,18.51,5.15,3.71,94.26,20.2,21.6,23.1,21.5,34.1,35.8,38.1,36.8,65.3,9.1,20.3,153.2,30.6,143.06,1.5178,6.5,Standby,17.5,16.6,18.3,18.6,No,0.0,NONE
2025-07-01 12:00:00,18.44,22.61,26.27,21.24,5.31,3.69,97.57,19.9,21.9,22.6,20.2,33.8,37.9,39.4,35.0,41.2,8.8,20.2,149.2,31.4,146.69,1.5035,6.7,Standby,18.4,17.4,20.4,17.8,No,0.0,NONE
2025-07-01 13:00:00,17.47,21.69,26.49,21.29,4.98,3.99,95.94,19.9,22.0,24.2,21.2,33.2,36.3,40.0,35.2,44.7,8.3,18.7,155.1,28.0,145.29,1.5144,6.6,Standby,19.2,17.3,17.4,19.4,No,0.0,NONE
2025-07-01 14:00:00,19.04,22.19,24.61,19.52,5.22,3.79,94.36,20.2,20.9,22.9,19.8,31.7,33.7,37.8,34.9,38.3,7.8,17.6,135.6,26.1,145.94,1.5466,6.6,Standby,16.5,14.7,18.8,18.5,No,0.0,NONE
2025-07-01 15:00:00,20.22,23.04,24.95,20.46,5.36,3.93,97.67,19.1,20.4,22.1,19.7,33.5,37.7,36.9,34.0,56.5,7.9,17.9,145.9,26.8,150.92,1.5451,6.9,Standby,18.9,15.6,20.3,20.0,No,0.0,NONE
2025-07-01 16:00:00,19.37,19.89,24.73,20.86,5.18,3.91,93.85,18.4,21.3,23.1,19.3,30.7,37.2,36.5,33.2,41.7,7.1,15.5,135.1,21.2,139.91,1.4907,6.4,Standby,15.0,13.9,17.1,18.7,No,0.0,NONE
2025-07-01 17:00:00,18.21,23.35,23.64,19.7,5.44,3.63,93.9,18.9,20.0,21.3,19.3,31.5,35.1,36.6,32.7,50.9,8.2,17.9,150.9,25.5,142.62,1.5188,6.5,Standby,15.9,13.7,19.3,16.4,No,0.0,NONE
2025-07-01 18:00:00,18.74,21.46,25.22,18.32,5.05,3.7,92.73,19.0,21.5,21.1,19.3,32.0,36.4,37.5,36.2,48.1,8.3,18.2,151.3,26.5,138.75,1.4963,6.3,Standby,16.5,13.5,18.9,17.8,No,0.0,NONE
2025-07-01 19:00:00,19.48,21.1,25.32,19.56,5.27,3.81,94.46,18.6,21.3,21.5,19.5,31.1,37.0,37.8,33.2,60.2,7.1,15.6,137.5,21.5,143.9,1.5234,6.5,Standby,16.7,14.0,17.6,18.3,No,0.0,NONE
2025-07-01 20:00:00,18.31,19.91,22.15,18.96,5.09,3.68,88.34,20.3,19.9,22.5,20.2,34.4,33.5,37.3,35.9,51.7,8.0,17.5,142.0,25.0,131.93,1.4935,6.0,Standby,15.5,13.8,15.7,14.6,No,0.0,NONE
2025-07-01 21:00:00,17.93,22.78,23.92,19.25,5.21,3.71,92.88,19.5,21.9,21.5,19.8,34.9,37.3,37.4,32.6,61.3,7.8,17.5,132.2,25.8,143.08,1.5405,6.5,Standby,15.8,15.2,17.9,15.6,No,0.0,NONE
2025-07-01 22:00:00,18.07,22.31,24.88,20.62,5.13,3.97,94.88,19.2,21.3,23.7,20.2,33.4,36.4,37.7,34.0,59.5,7.7,17.7,136.5,26.6,141.39,1.4903,6.4,Standby,16.6,15.2,16.8,16.8,No,0.0,NONE
2025-07-01 23:00:00,18.33,21.62,27.44,20.59,5.44,3.93,96.99,20.1,22.5,22.1,20.9,32.9,39.1,38.3,34.3,51.4,8.0,18.7,148.9,28.9,145.38,1.499,6.6,Standby,16.7,15.1,18.8,18.7,No,0.0,NONE
2025-07-02 00:00:00,19.7,21.22,25.25,20.02,5.16,3.72,95.19,20.0,22.3,23.4,20.3,35.3,34.3,38.4,34.6,54.4,8.6,19.3,145.0,29.1,147.61,1.5507,6.7,Standby,19.7,16.8,18.7,18.6,No,0.0,NONE
2025-07-02 01:00:00,18.53,22.16,27.96,19.23,5.16,3.73,96.88,20.4,21.8,22.9,20.2,34.3,35.6,38.9,36.6,63.3,8.7,20.0,161.4,31.1,146.97,1.5171,6.7,Standby,17.2,17.5,17.5,16.5,No,0.0,NONE
2025-07-02 02:00:00,19.23,22.69,28.5,20.13,5.36,3.67,99.55,21.5,22.3,23.1,21.9,35.5,36.7,39.5,35.5,61.6,10.0,23.2,155.3,37.5,150.05,1.5073,6.8,Standby,17.7,16.6,18.1,18.9,No,0.0,NONE
2025-07-02 03:00:00,17.38,20.82,28.0,20.32,5.41,3.94,95.51,20.4,20.4,23.9,21.3,35.8,38.7,39.9,35.0,52.8,8.2,19.4,143.5,30.8,141.54,1.4819,6.4,Standby,16.9,15.6,16.7,18.2,No,0.0,NONE
2025-07-02 04:00:00,19.1,19.65,26.88,19.89,5.1,3.98,94.52,21.1,21.7,23.0,21.0,35.8,36.4,43.5,34.5,57.0,9.1,21.2,151.3,33.5,141.53,1.4973,6.4,Standby,17.2,14.9,18.6,18.5,No,0.0,NONE
2025-07-02 05:00:00,19.11,21.67,28.34,19.49,4.91,3.92,97.61,21.2,21.5,25.5,22.0,34.5,39.8,41.8,36.8,63.6,10.1,23.3,156.1,37.6,146.75,1.5034,6.7,Standby,18.1,14.5,19.5,16.4,No,0.0,NONE
2025-07-02 06:00:00,17.64,22.37,27.25,20.26,5.07,3.8,96.52,20.2,20.8,22.9,20.6,34.2,38.8,40.5,34.1,41.7,8.0,18.5,146.2,28.6,145.36,1.5061,6.6,Standby,17.4,16.3,19.1,17.6,No,0.0,NONE
2025-07-02 07:00:00,18.85,21.88,25.57,20.38,4.97,3.79,95.68,21.3,21.9,24.6,20.2,34.6,37.2,38.3,35.9,51.9,9.2,21.3,162.7,33.9,141.66,1.4805,6.4,Standby,17.4,15.8,18.2,15.4,No,0.0,NONE
2025-07-02 08:00:00,18.46,21.25,25.94,20.05,5.31,3.9,94.7,19.6,21.3,24.1,20.4,36.2,37.1,40.6,34.3,53.5,9.4,22.1,168.8,35.7,140.17,1.4802,6.4,Standby,15.8,13.6,16.8,16.4,No,0.0,NONE
2025-07-02 09:00:00,19.22,21.61,27.3,18.82,5.3,3.94,95.94,20.1,23.2,24.7,20.8,37.0,39.6,42.0,37.3,43.8,9.7,22.9,172.5,37.2,145.12,1.5127,6.6,Standby,16.7,17.1,20.3,18.6,No,0.0,NONE
2025-07-02 10:00:00,19.91,21.9,26.63,20.58,5.19,3.93,98.01,21.0,22.1,23.9,19.8,33.3,38.8,40.9,35.8,61.5,8.8,20.5,146.4,32.4,150.98,1.5405,6.9,Standby,18.8,16.3,21.5,17.1,No,0.0,NONE
2025-07-02 11:00:00,19.51,20.79,24.82,19.07,5.24,3.91,93.19,20.3,21.6,23.6,19.7,34.6,34.4,41.0,32.9,58.5,8.1,18.6,138.1,28.5,143.08,1.5353,6.5,Standby,18.7,17.1,18.0,19.1,No,0.0,NONE
2025-07-02 12:00:00,18.79,20.29,25.36,19.73,5.14,3.6,93.17,18.9,21.8,22.7,19.8,31.1,35.0,38.7,35.3,48.8,7.2,16.1,143.6,23.0,139.16,1.4936,6.3,Standby,16.9,15.6,19.9,16.1,No,0.0,NONE
2025-07-02 13:00:00,18.33,23.09,25.14,21.19,5.22,3.84,96.75,19.5,22.0,23.3,20.2,34.5,33.9,39.8,34.6,51.7,8.0,18.2,143.5,27.6,147.49,1.5243,6.7,Standby,18.1,17.4,17.4,16.3,No,0.0,NONE
2025-07-02 14:00:00,18.67,22.18,25.23,19.23,5.35,4.0,94.3,20.5,20.3,23.3,20.2,32.0,36.7,36.8,35.5,47.7,8.2,18.4,154.6,27.3,145.64,1.5444,6.6,Standby,18.7,16.8,20.4,16.2,No,0.0,NONE
2025-07-02 15:00:00,19.23,22.37,26.17,19.52,5.3,3.75,96.3,20.4,20.2,21.7,19.5,35.3,36.3,39.2,33.8,50.6,8.5,18.8,145.8,27.7,144.71,1.5028,6.6,Standby,16.3,17.7,17.9,19.1,No,0.0,NONE
2025-07-02 16:00:00,18.07,21.98,26.19,19.68,4.97,3.98,94.92,19.3,19.5,22.4,19.0,32.4,36.6,38.6,31.5,48.6,6.8,14.8,122.8,17.2,143.82,1.5152,6.5,Standby,18.1,14.6,17.1,15.9,No,0.0,NONE
2025-07-02 17:00:00,18.17,22.59,23.77,22.0,5.25,3.75,95.52,18.1,20.3,21.5,18.6,32.0,34.6,34.9,31.6,58.5,7.0,15.0,131.2,20.2,147.75,1.5467,6.7,Standby,16.5,15.5,18.4,18.4,No,0.0,NONE
2025-07-02 18:00:00,18.69,23.37,24.56,19.06,5.44,3.98,94.67,19.6,19.9,21.2,20.4,34.8,38.1,41.5,35.6,60.4,8.0,18.2,142.0,27.1,146.87,1.5513,6.7,Standby,19.0,17.5,18.4,17.2,No,0.0,NONE
2025-07-02 19:00:00,17.8,21.54,25.29,19.81,5.48,3.68,93.43,20.0,20.1,21.7,20.7,30.9,35.1,38.0,35.3,51.0,7.1,16.1,139.8,23.3,145.54,1.5577,6.6,Standby,19.2,15.3,18.9,15.6,No,0.0,NONE
2025-07-02 20:00:00,19.06,21.72,23.13,20.23,5.3,3.83,93.13,20.4,19.9,20.9,20.2,34.0,37.3,36.8,32.8,58.6,7.5,17.0,141.2,25.2,143.58,1.5417,6.5,Standby,16.6,16.4,17.3,18.4,No,0.0,NONE
2025-07-02 21:00:00,17.21,22.12,24.33,19.59,5.18,3.92,92.25,20.3,19.8,23.7,19.9,32.2,38.5,36.6,33.5,60.7,7.8,17.7,141.7,26.1,141.12,1.5297,6.4,Standby,16.8,17.2,17.3,16.6,No,0.0,NONE
2025-07-02 22:00:00,17.99,23.0,26.34,19.83,5.03,3.81,96.15,19.0,22.0,21.3,20.8,33.2,36.9,39.1,34.2,55.7,7.8,18.0,134.9,27.3,143.31,1.4905,6.5,Standby,16.1,15.7,19.9,15.8,No,0.0,NONE
2025-07-02 23:00:00,18.66,21.19,25.49,20.35,5.19,3.78,94.69,19.4,20.9,22.5,21.1,32.9,38.8,36.7,33.2,40.0,8.3,18.8,141.9,28.6,146.32,1.5452,6.7,Standby,18.6,14.6,19.3,18.7,No,0.0,NONE
2025-07-03 00:00:00,18.48,21.56,25.76,20.13,5.16,3.92,94.94,18.8,21.7,23.2,21.0,33.7,34.6,36.4,34.2,56.6,8.2,18.4,142.8,27.2,140.72,1.4822,6.4,Standby,15.1,14.5,19.4,15.8,No,0.0,NONE
2025-07-03 01:00:00,19.62,21.33,27.9,19.74,5.35,3.63,97.58,20.7,20.6,23.3,20.2,34.5,34.9,42.4,35.9,48.9,9.0,20.2,142.8,30.4,146.53,1.5016,6.7,Standby,17.5,16.6,19.5,18.1,No,0.0,NONE
2025-07-03 02:00:00,18.12,23.4,26.89,20.33,5.31,3.8,97.74,19.4,21.4,23.3,20.6,32.8,36.9,38.6,33.8,50.7,8.8,20.9,148.4,33.7,145.7,1.4908,6.6,Standby,17.0,17.7,17.5,18.3,No,0.0,NONE
2025-07-03 03:00:00,18.49,20.27,24.36,18.09,5.1,3.64,90.21,18.7,21.6,23.7,19.8,34.0,38.7,37.1,33.5,59.0,7.6,17.7,140.7,27.1,139.02,1.541,6.3,Standby,14.7,15.7,18.0,17.6,No,0.0,NONE
2025-07-03 04:00:00,20.8,22.42,30.88,19.77,5.46,3.75,102.87,20.6,22.7,25.4,21.1,37.1,37.6,40.8,36.6,51.2,9.8,23.6,165.2,39.1,160.14,1.5566,7.3,Standby,19.2,15.7,19.9,21.0,No,0.0,NONE
2025-07-03 05:00:00,18.3,23.36,27.93,20.59,5.43,3.95,99.18,20.2,21.9,23.2,21.0,35.8,41.3,42.0,38.7,54.4,10.3,23.9,164.1,38.8,151.15,1.524,6.9,Standby,18.5,18.5,20.1,17.7,No,0.0,NONE
2025-07-03 06:00:00,19.72,21.79,28.79,21.06,5.33,3.91,100.36,22.0,24.1,26.1,22.1,37.5,41.2,44.0,38.6,57.7,10.7,25.6,171.1,42.8,148.57,1.4805,6.8,Standby,19.1,17.3,19.3,17.9,No,0.0,NONE
2025-07-03 07:00:00,17.39,23.17,28.68,20.09,4.98,3.95,98.33,21.3,22.3,24.1,20.8,35.4,40.2,39.5,36.1,64.5,9.5,22.1,151.3,35.3,147.97,1.5049,6.7,Standby,16.0,15.1,19.3,18.2,No,0.0,NONE
2025-07-03 08:00:00,18.97,20.31,27.77,19.7,5.35,3.93,95.75,20.8,22.9,22.5,19.8,34.4,39.7,38.7,35.5,51.1,9.0,20.5,152.5,31.7,142.65,1.4899,6.5,Standby,17.6,15.4,20.5,18.2,No,0.0,NONE
2025-07-03 09:00:00,18.0,23.27,27.06,21.11,5.04,3.83,98.44,21.1,22.1,24.4,20.9,36.0,38.2,43.0,35.5,58.2,9.2,21.1,159.4,33.0,152.44,1.5486,6.9,Standby,16.5,16.5,18.4,17.2,No,0.0,NONE
2025-07-03 10:00:00,20.17,21.88,30.31,19.89,5.0,3.81,101.25,20.0,21.6,23.1,20.6,34.3,41.1,43.7,37.4,66.7,10.1,23.7,170.5,38.7,153.57,1.5167,7.0,Standby,19.2,17.3,20.9,19.2,No,0.0,NONE
2025-07-03 11:00:00,17.79,22.23,27.28,21.63,5.35,3.62,97.93,19.7,21.9,22.5,20.0,32.6,40.1,39.2,35.2,57.0,8.8,20.6,161.6,32.6,149.22,1.5237,6.8,Standby,16.9,17.7,19.8,18.6,No,0.0,NONE
2025-07-03 12:00:00,17.91,21.86,26.0,19.39,5.07,3.83,94.15,19.6,21.5,23.8,20.9,35.3,38.3,40.3,35.4,47.3,8.6,20.0,145.6,31.4,143.55,1.5247,6.5,Standby,19.0,17.4,19.9,15.8,No,0.0,NONE
2025-07-03 13:00:00,17.57,22.81,23.52,20.45,5.06,3.84,93.36,20.0,21.4,21.7,20.3,35.4,38.8,39.4,33.7,63.9,7.9,18.4,140.8,28.3,144.15,1.5441,6.6,Standby,16.2,17.2,17.9,18.9,No,0.0,NONE
2025-07-03 14:00:00,17.91,21.27,25.24,18.93,5.15,3.7,92.35,19.1,21.7,21.8,20.5,31.3,38.5,36.4,33.9,54.9,7.5,17.4,145.9,26.4,140.45,1.5209,6.4,Standby,17.4,17.0,20.1,17.7,No,0.0,NONE
2025-07-03 15:00:00,17.89,22.26,22.92,19.82,5.21,3.64,91.9,19.2,20.0,21.8,19.2,33.4,32.5,35.4,33.6,52.1,6.9,15.4,139.3,21.8,138.8,1.5104,6.3,Standby,14.8,15.9,16.8,15.2,No,0.0,NONE
2025-07-03 16:00:00,18.18,22.56,26.46,20.07,5.42,3.68,96.26,20.5,22.1,23.4,20.2,31.9,34.4,38.8,35.7,47.4,8.2,17.9,149.7,25.6,142.54,1.4807,6.5,Standby,17.1,15.4,19.5,15.5,No,0.0,NONE
2025-07-03 17:00:00,19.22,22.7,26.71,20.83,5.32,3.68,98.46,20.0,21.9,21.8,19.9,33.5,37.4,38.5,33.4,43.1,8.3,18.8,141.2,28.5,148.8,1.5112,6.8,Standby,16.9,16.0,17.7,19.7,No,0.0,NONE
2025-07-03 18:00:00,19.49,21.22,22.23,20.54,5.06,3.77,92.49,20.4,21.6,22.1,20.6,33.8,35.1,38.2,33.7,37.5,7.8,17.1,138.1,24.2,143.74,1.5542,6.5,Standby,16.5,14.0,20.2,17.6,No,0.0,NONE
2025-07-03 19:00:00,17.81,21.79,26.47,18.87,4.93,3.81,93.95,19.1,21.6,21.8,19.4,34.2,37.2,38.4,32.8,49.5,7.8,17.4,144.4,25.4,141.68,1.5082,6.4,Standby,16.8,14.2,17.9,18.3,No,0.0,NONE
2025-07-03 20:00:00,18.51,22.33,25.12,18.81,5.39,3.88,93.76,18.5,20.4,21.3,20.5,31.6,35.1,38.0,34.0,52.1,7.6,16.3,137.3,22.4,139.5,1.4877,6.3,Standby,17.3,14.8,18.2,15.0,No,0.0,NONE
2025-07-03 21:00:00,20.34,22.52,24.45,20.31,5.18,3.65,96.62,19.2,20.0,24.0,19.6,34.0,34.4,40.4,36.0,50.6,7.9,18.2,142.9,27.4,147.79,1.5296,6.7,Standby,18.5,16.9,19.8,16.2,No,0.0,NONE
2025-07-03 22:00:00,19.5,21.67,23.77,20.59,5.29,3.91,94.54,19.5,21.0,23.1,20.9,34.2,34.2,42.5,32.8,61.0,8.4,18.9,147.2,28.5,141.07,1.4922,6.4,Standby,18.6,14.4,19.4,16.8,No,0.0,NONE
2025-07-03 23:00:00,17.62,21.74,29.4,19.57,5.42,3.93,97.32,19.7,21.8,23.7,20.8,35.2,38.6,40.2,34.5,52.4,8.6,20.5,155.2,32.7,147.92,1.5198,6.7,Standby,16.2,17.3,20.3,19.5,No,0.0,NONE
2025-07-04 00:00:00,18.82,21.47,28.68,20.0,5.23,3.65,97.97,21.2,21.0,24.9,21.7,34.3,36.0,43.9,37.3,58.6,9.2,21.9,154.5,35.4,148.62,1.517,6.8,Standby,16.1,16.4,21.1,16.3,No,0.0,NONE
2025-07-04 01:00:00,19.63,22.05,25.4,21.14,5.27,3.73,97.22,21.0,22.7,22.8,20.2,36.4,37.4,43.7,34.5,43.7,8.9,20.5,161.9,32.3,150.82,1.5514,6.9,Standby,16.1,15.8,19.9,17.1,No,0.0,NONE
2025-07-04 02:00:00,18.59,21.94,26.41,20.02,5.21,3.73,95.96,19.4,20.6,23.3,20.2,35.3,35.1,37.2,36.9,40.7,8.2,19.4,142.9,30.6,145.6,1.5173,6.6,Standby,18.9,17.5,20.7,17.5,No,0.0,NONE
2025-07-04 03:00:00,17.32,23.36,26.41,20.93,5.15,3.81,97.03,21.0,22.2,23.4,20.0,35.8,39.6,43.6,34.8,55.1,9.3,21.8,151.4,34.9,145.94,1.5041,6.6,Standby,17.4,17.1,19.0,18.7,No,0.0,NONE
2025-07-04 04:00:00,17.12,21.29,28.71,20.5,5.08,4.0,96.63,19.7,22.9,24.8,21.2,32.9,38.0,38.5,35.1,42.3,9.5,21.6,150.6,33.8,146.89,1.5202,6.7,Standby,15.8,16.9,21.0,18.8,No,0.0,NONE
2025-07-04 05:00:00,17.18,20.95,27.73,18.5,5.43,3.83,93.37,20.0,21.9,24.5,21.2,35.6,37.6,40.7,36.1,44.0,9.6,22.5,165.4,36.4,143.39,1.5358,6.5,Standby,16.9,15.7,16.9,15.3,No,0.0,NONE
2025-07-04 06:00:00,18.49,22.19,27.41,19.53,5.4,3.82,96.63,20.3,21.9,22.6,21.6,36.1,37.9,39.6,36.6,44.9,8.7,20.0,157.4,31.1,143.63,1.4864,6.5,Standby,17.7,17.0,16.7,17.0,No,0.0,NONE
2025-07-04 07:00:00,19.15,21.35,26.47,20.02,5.47,3.83,95.99,21.0,21.5,22.5,21.6,33.7,39.4,39.0,36.4,61.5,9.8,22.3,159.2,35.3,142.64,1.4861,6.5,Standby,15.2,15.2,18.9,18.3,No,0.0,NONE
2025-07-04 08:00:00,18.04,20.67,29.52,20.75,4.91,3.83,97.97,20.9,21.6,23.1,21.9,34.0,37.2,42.7,35.6,54.3,9.6,22.6,162.1,36.6,150.68,1.5379,6.8,Standby,18.2,18.3,18.6,16.3,No,0.0,NONE
2025-07-04 09:00:00,18.32,21.57,25.92,20.29,5.18,3.83,95.1,20.4,21.8,21.9,20.8,32.8,37.3,40.6,34.8,50.6,8.3,19.4,149.4,30.4,143.33,1.5071,6.5,Standby,16.9,14.7,19.8,17.1,No,0.0,NONE
2025-07-04 10:00:00,18.52,19.36,24.29,19.06,5.22,3.73,90.23,20.3,21.7,23.4,21.1,34.8,35.8,38.9,36.2,59.8,8.6,19.1,140.8,28.4,135.32,1.4997,6.2,Standby,17.9,16.2,16.1,15.6,No,0.0,NONE
2025-07-04 11:00:00,17.81,20.52,25.65,19.51,5.03,3.73,92.49,19.9,20.5,22.0,19.1,32.9,35.4,39.6,32.8,55.5,7.4,16.9,133.3,24.9,142.07,1.5361,6.5,Standby,17.9,16.1,17.9,15.3,No,0.0,NONE
2025-07-04 12:00:00,18.72,22.99,25.06,20.73,5.35,3.85,96.5,19.5,22.6,23.4,19.5,33.9,35.2,41.1,33.1,48.2,8.1,18.9,149.8,29.4,150.24,1.5569,6.8,Standby,17.3,18.1,21.0,19.3,No,0.0,NONE
2025-07-04 13:00:00,18.89,21.52,27.24,20.73,5.22,3.99,97.38,20.3,21.8,22.1,21.1,35.6,34.9,39.5,35.5,61.7,8.5,19.3,143.4,29.3,147.45,1.5141,6.7,Standby,17.8,15.9,17.3,17.9,No,0.0,NONE
2025-07-04 14:00:00,18.87,21.52,24.32,20.04,4.94,3.63,93.75,20.2,20.5,21.4,20.7,34.7,35.9,38.4,35.4,41.2,7.6,16.6,142.2,23.5,144.53,1.5417,6.6,Standby,17.9,17.1,19.7,18.3,No,0.0,NONE
2025-07-04 15:00:00,18.04,22.61,24.25,20.1,5.01,3.83,94.0,18.9,20.9,21.6,20.0,33.9,38.0,39.5,36.3,41.5,8.5,18.9,152.3,28.0,139.8,1.4873,6.4,Standby,16.9,17.0,17.1,17.9,No,0.0,NONE
2025-07-04 16:00:00,19.48,22.24,26.57,19.29,5.23,3.8,96.58,19.7,20.3,21.5,20.6,33.4,36.7,41.9,35.7,48.4,8.2,18.6,153.9,27.9,147.48,1.5271,6.7,Standby,18.8,18.1,17.8,19.3,No,0.0,NONE
2025-07-04 17:00:00,19.55,21.19,25.91,20.71,5.3,3.74,96.36,20.1,20.0,21.0,18.7,33.8,37.0,34.9,33.0,46.3,7.4,15.9,127.2,21.7,149.48,1.5514,6.8,Standby,19.1,15.8,18.8,17.3,No,0.0,NONE
2025-07-04 18:00:00,17.74,22.03,26.83,19.86,5.02,3.67,95.46,20.3,21.3,23.4,21.5,32.4,35.4,40.7,33.8,57.0,9.1,20.3,146.7,30.7,142.5,1.4928,6.5,Standby,18.4,16.6,17.8,18.5,No,0.0,NONE
2025-07-04 19:00:00,19.71,22.05,24.46,20.39,5.34,3.9,95.61,19.5,21.5,21.5,19.0,31.1,36.1,35.8,35.3,55.4,7.5,17.0,132.5,25.0,145.05,1.5172,6.6,Standby,18.9,16.7,17.1,16.7,No,0.0,NONE
2025-07-04 20:00:00,17.03,21.6,25.33,20.13,5.43,3.9,93.08,19.9,21.5,22.9,19.5,35.5,39.1,38.5,36.0,64.3,8.7,19.3,150.2,28.8,138.85,1.4916,6.3,Standby,14.7,14.6,18.3,16.2,No,0.0,NONE
2025-07-04 21:00:00,19.69,21.32,25.61,20.06,5.22,3.89,95.68,20.7,20.4,23.0,20.4,35.4,36.9,38.1,36.5,62.9,8.0,18.8,148.3,29.2,143.29,1.4977,6.5,Standby,15.7,17.2,20.0,17.6,No,0.0,NONE
2025-07-04 22:00:00,18.41,21.32,23.5,20.16,5.31,3.65,92.38,18.7,21.8,21.4,20.2,34.4,33.1,37.8,33.8,55.7,7.1,16.2,130.2,23.5,137.1,1.484,6.2,Standby,18.3,13.2,17.3,16.2,No,0.0,NONE
2025-07-04 23:00:00,19.46,20.71,25.43,19.16,5.45,3.65,93.77,19.7,21.3,21.1,19.3,33.9,37.1,42.1,33.7,47.3,8.3,18.5,143.8,27.4,145.83,1.5553,6.6,Standby,17.9,17.0,19.0,18.0,No,0.0,NONE
2025-07-05 00:00:00,17.78,23.47,24.38,20.45,4.96,3.94,95.08,21.0,21.6,24.2,20.3,34.4,37.7,39.4,35.7,62.1,8.4,20.0,148.0,32.0,141.47,1.4879,6.4,Standby,18.8,14.8,20.1,17.5,No,0.0,NONE
2025-07-05 01:00:00,17.73,22.26,25.27,20.77,5.27,3.85,95.03,20.1,22.0,24.3,19.7,33.1,36.4,41.0,36.0,54.6,8.4,19.9,147.9,31.6,143.89,1.5141,6.5,Standby,18.1,15.6,19.9,15.6,No,0.0,NONE
2025-07-05 02:00:00,18.6,20.66,26.86,20.1,5.37,3.84,95.22,19.3,22.3,22.7,19.9,36.2,35.2,41.6,34.6,61.6,8.7,20.0,160.6,31.1,140.93,1.48,6.4,Standby,17.1,17.1,18.5,16.2,No,0.0,NONE
2025-07-05 03:00:00,18.46,22.55,27.12,20.16,5.24,3.83,97.29,19.8,22.6,22.9,21.3,36.5,40.2,43.0,37.0,61.6,8.9,20.8,151.6,32.9,148.36,1.525,6.7,Standby,18.6,15.1,17.7,18.1,No,0.0,NONE
2025-07-05 04:00:00,19.82,22.57,26.0,19.62,5.19,3.92,97.01,20.1,21.5,22.3,19.9,34.0,35.9,39.9,35.6,43.6,8.8,20.3,149.6,31.5,145.1,1.4957,6.6,Standby,16.2,17.4,19.4,18.4,No,0.0,NONE
2025-07-05 05:00:00,20.07,21.88,26.2,19.87,5.32,3.65,97.02,19.9,22.6,22.9,21.2,35.8,36.8,41.5,37.7,57.2,9.4,21.8,154.8,34.9,146.99,1.515,6.7,Standby,15.8,15.0,20.4,17.5,No,0.0,NONE
2025-07-05 06:00:00,18.02,22.99,28.36,21.05,5.08,3.86,99.42,20.8,22.9,23.1,21.2,34.3,40.1,40.3,37.0,63.0,9.1,21.5,157.4,34.4,150.51,1.5139,6.8,Standby,17.5,15.4,17.9,19.7,No,0.0,NONE
2025-07-05 07:00:00,19.34,22.51,26.62,20.26,4.93,3.87,97.74,20.2,22.2,22.6,21.5,35.5,40.6,40.1,38.1,65.8,9.3,22.2,161.4,36.4,147.02,1.5043,6.7,Standby,16.8,17.8,18.3,17.0,No,0.0,NONE
2025-07-05 08:00:00,18.38,23.21,26.26,19.61,5.49,3.93,96.46,20.9,20.9,24.3,21.5,34.8,37.3,42.3,35.7,61.4,8.9,20.3,160.4,31.4,145.91,1.5127,6.6,Standby,17.3,14.8,20.6,19.4,No,0.0,NONE
2025-07-05 09:00:00,20.36,21.89,26.79,19.78,5.13,3.95,97.81,19.9,22.5,25.0,21.2,33.0,36.0,43.2,35.2,52.0,9.0,21.2,157.0,33.9,146.48,1.4976,6.7,Standby,19.1,16.9,19.9,18.3,No,0.0,NONE
2025-07-05 10:00:00,19.05,21.43,28.28,19.77,5.33,3.8,97.53,21.5,23.4,24.4,21.4,35.6,36.5,43.5,37.8,57.2,9.6,22.5,172.2,36.5,150.65,1.5446,6.8,Standby,16.9,17.8,21.2,19.3,No,0.0,NONE
2025-07-05 11:00:00,17.98,21.34,24.73,19.9,5.13,3.89,92.95,20.1,20.7,24.3,19.7,32.3,36.0,43.2,33.2,50.9,8.8,20.0,160.9,30.6,142.68,1.535,6.5,Standby,17.2,15.0,19.4,16.6,No,0.0,NONE
2025-07-05 12:00:00,19.53,22.2,23.5,18.84,5.29,3.65,93.07,18.9,20.7,22.2,19.8,33.8,38.4,39.5,32.9,46.3,7.9,17.8,143.8,26.3,140.44,1.5089,6.4,Standby,17.0,14.7,18.1,17.2,No,0.0,NONE
2025-07-05 13:00:00,17.7,22.78,23.02,19.45,5.41,3.63,91.94,20.1,22.6,23.7,20.7,32.1,34.8,37.3,36.1,53.5,8.6,19.5,155.2,29.8,136.78,1.4877,6.2,Standby,15.6,16.5,19.0,17.5,No,0.0,NONE
2025-07-05 14:00:00,18.97,21.76,25.01,20.71,5.24,3.74,95.45,20.3,20.0,22.0,19.6,34.8,34.1,38.5,32.3,57.2,7.6,17.3,142.5,25.5,143.25,1.5009,6.5,Standby,17.8,17.1,17.8,17.4,No,0.0,NONE
2025-07-05 15:00:00,17.29,20.9,26.79,19.66,5.01,3.8,93.64,19.2,21.8,23.4,20.2,32.3,37.1,42.4,36.1,54.1,8.1,19.0,156.2,29.5,143.7,1.5347,6.5,Standby,15.5,16.4,18.1,18.2,No,0.0,NONE
2025-07-05 16:00:00,18.04,20.81,24.56,20.04,4.98,3.72,92.44,20.1,20.1,22.6,20.0,33.5,38.2,40.3,36.1,40.9,8.0,17.7,148.8,25.6,144.12,1.5589,6.6,Standby,17.1,14.8,19.4,15.4,No,0.0,NONE
2025-07-05 17:00:00,18.68,22.88,25.79,20.44,5.04,3.64,96.79,19.7,19.7,22.3,20.3,33.6,34.8,39.4,33.2,57.4,7.8,17.2,147.8,24.4,149.02,1.5397,6.8,Standby,19.4,17.1,19.9,17.0,No,0.0,NONE
2025-07-05 18:00:00,18.34,22.98,26.09,20.57,5.22,3.61,96.98,18.9,21.1,21.2,18.8,30.2,36.0,37.2,32.4,55.8,6.6,14.7,139.0,20.4,146.59,1.5116,6.7,Standby,16.0,14.8,18.6,15.7,No,0.0,NONE
2025-07-05 19:00:00,18.39,23.16,23.85,20.08,5.31,3.92,94.48,20.0,20.0,21.0,19.3,34.2,34.6,36.0,35.7,40.9,8.0,17.0,144.7,23.5,146.37,1.5493,6.7,Standby,16.0,17.4,20.4,17.8,No,0.0,NONE
2025-07-05 20:00:00,17.62,22.76,24.01,19.41,5.17,3.84,92.8,18.5,21.4,22.5,20.1,31.3,35.4,36.4,35.3,48.1,7.1,16.0,137.9,22.8,137.57,1.4824,6.3,Standby,15.7,16.9,16.7,16.5,No,0.0,NONE
2025-07-05 21:00:00,17.85,23.52,25.17,20.48,5.17,3.93,96.02,19.6,21.1,22.0,20.3,33.3,35.9,39.2,34.0,57.9,7.7,17.7,137.1,26.4,148.3,1.5445,6.7,Standby,16.1,15.7,20.3,17.3,No,0.0,NONE
2025-07-05 22:00:00,17.97,22.68,22.05,19.84,5.49,3.76,91.54,19.1,19.4,22.2,19.4,33.2,32.7,34.6,32.2,39.6,6.6,14.7,132.9,20.4,141.0,1.5404,6.4,Standby,18.2,16.5,20.2,15.2,No,0.0,NONE
2025-07-05 23:00:00,18.48,21.02,23.1,20.47,5.32,3.81,92.08,19.9,20.7,20.9,19.7,32.2,37.9,38.2,35.6,37.7,8.1,17.6,138.1,25.1,141.99,1.5421,6.5,Standby,17.6,15.4,16.6,16.9,No,0.0,NONE
2025-07-06 00:00:00,18.08,23.44,26.91,20.43,5.32,3.9,97.87,18.9,21.3,22.0,20.2,33.9,34.0,37.6,35.6,42.3,7.9,17.7,133.7,26.1,148.37,1.516,6.7,Standby,18.4,17.7,19.8,18.9,No,0.0,NONE
2025-07-06 01:00:00,19.33,21.97,25.06,20.9,5.0,4.0,96.26,19.4,21.7,21.8,20.5,32.3,35.2,40.7,35.1,42.3,8.9,20.3,158.7,31.5,146.46,1.5216,6.7,Standby,19.3,15.5,20.0,19.4,No,0.0,NONE
2025-07-06 02:00:00,18.98,21.86,26.03,19.27,5.38,3.81,95.14,20.0,21.0,22.8,21.7,33.5,37.0,40.9,35.5,49.3,8.7,20.7,154.7,33.3,142.04,1.4929,6.5,Standby,15.1,16.9,16.8,18.2,No,0.0,NONE
2025-07-06 03:00:00,18.95,21.74,27.58,20.0,5.17,3.88,97.27,19.8,21.6,22.6,21.3,36.6,37.9,39.6,36.4,64.9,9.9,22.8,153.8,36.5,147.99,1.5214,6.7,Standby,18.1,15.2,18.1,17.1,No,0.0,NONE
2025-07-06 04:00:00,17.83,22.81,27.48,20.94,5.04,3.82,98.06,19.9,22.3,23.6,21.6,36.0,36.8,41.4,37.8,55.4,8.9,21.3,166.5,34.6,146.58,1.4948,6.7,Standby,17.3,14.3,19.4,19.4,No,0.0,NONE
2025-07-06 05:00:00,18.72,22.53,29.24,19.42,5.04,3.83,98.9,20.8,23.2,22.5,21.0,34.2,40.2,40.6,35.3,59.8,9.4,22.2,168.1,35.9,150.76,1.5243,6.9,Standby,17.2,16.2,17.7,17.5,No,0.0,NONE
2025-07-06 06:00:00,19.94,22.27,27.56,20.56,4.95,3.77,99.33,20.0,21.3,22.8,20.1,36.4,37.4,39.0,35.2,44.6,9.1,22.0,171.0,36.4,153.71,1.5474,7.0,Standby,16.6,18.1,18.0,19.9,No,0.0,NONE
2025-07-06 07:00:00,17.86,22.81,25.9,19.34,5.29,3.68,94.91,21.1,22.6,23.5,20.2,34.4,37.4,43.5,37.2,42.8,8.8,20.9,159.6,33.8,142.13,1.4976,6.5,Standby,15.1,16.7,16.9,15.9,No,0.0,NONE
2025-07-06 08:00:00,18.9,21.7,27.53,20.73,4.95,3.87,97.85,20.7,20.7,23.9,20.2,32.9,38.1,39.5,35.9,59.9,8.9,21.0,150.5,33.9,150.58,1.5388,6.8,Standby,19.8,15.9,19.3,16.7,No,0.0,NONE
2025-07-06 09:00:00,19.15,22.56,27.79,21.25,5.3,3.97,99.75,20.9,23.0,24.2,22.0,36.0,38.8,40.3,37.8,64.2,9.4,22.8,170.6,38.0,152.1,1.5248,6.9,Standby,17.5,16.5,19.4,17.6,No,0.0,NONE
2025-07-06 10:00:00,16.07,21.83,28.91,20.03,5.16,3.66,95.84,21.4,23.4,24.1,21.6,34.9,37.5,41.8,38.5,64.7,9.9,24.2,173.3,40.9,147.35,1.5375,6.7,Standby,16.6,14.5,20.5,18.2,No,0.0,NONE
2025-07-06 11:00:00,18.71,21.5,24.96,20.04,5.23,3.66,94.2,20.5,20.5,24.2,20.7,32.6,37.5,39.8,34.3,57.4,9.0,20.3,147.8,31.0,139.58,1.4817,6.3,Standby,18.0,13.8,17.2,15.4,No,0.0,NONE
2025-07-06 12:00:00,18.49,21.87,25.96,20.26,5.23,3.76,95.58,19.4,22.4,24.1,21.3,35.6,38.2,42.3,36.4,46.5,8.6,19.5,153.6,29.6,147.71,1.5454,6.7,Standby,19.1,16.5,19.3,16.2,No,0.0,NONE
2025-07-06 13:00:00,18.14,22.86,25.96,19.66,5.43,3.77,95.63,19.1,21.1,23.0,21.0,34.8,37.8,39.3,36.2,60.8,7.9,18.2,145.2,27.7,141.73,1.4821,6.4,Standby,18.1,16.8,20.0,16.4,No,0.0,NONE
2025-07-06 14:00:00,18.84,24.06,26.85,19.92,5.13,3.78,98.67,18.8,21.9,22.0,20.4,33.8,36.8,37.4,32.7,40.0,7.6,17.6,144.0,26.6,149.36,1.5137,6.8,Standby,18.2,14.8,19.0,19.4,No,0.0,NONE
2025-07-06 15:00:00,18.68,21.38,26.45,19.85,5.28,3.67,95.36,20.3,20.5,23.6,19.7,32.3,38.5,40.0,34.6,39.8,7.7,17.8,140.1,27.1,146.8,1.5394,6.7,Standby,16.7,14.6,17.7,16.7,No,0.0,NONE
2025-07-06 16:00:00,18.44,23.13,24.6,19.79,5.04,3.72,94.97,19.1,21.5,22.8,19.5,32.3,36.9,35.1,34.5,40.2,6.9,15.5,134.0,22.0,145.64,1.5336,6.6,Standby,16.6,14.9,19.1,16.4,No,0.0,NONE
2025-07-06 17:00:00,18.15,21.96,26.66,19.3,5.43,3.76,95.06,19.5,20.6,22.5,20.9,34.4,34.8,41.8,34.3,44.4,8.5,18.7,144.4,27.6,144.0,1.5148,6.5,Standby,19.0,15.6,17.4,18.6,No,0.0,NONE
2025-07-06 18:00:00,18.5,21.87,23.52,21.48,5.3,3.7,94.37,18.2,21.1,22.2,20.3,30.4,34.6,35.2,33.9,41.6,6.8,15.0,136.4,20.8,141.39,1.4983,6.4,Standby,16.0,16.4,19.7,18.6,No,0.0,NONE
2025-07-06 19:00:00,18.02,21.04,24.98,19.93,5.29,3.69,92.96,19.5,20.7,22.1,19.7,34.9,36.7,40.3,33.4,37.9,7.9,17.6,143.0,25.7,137.71,1.4813,6.3,Standby,18.3,16.7,17.7,16.1,No,0.0,NONE
2025-07-06 20:00:00,18.18,22.31,24.59,19.99,5.32,3.94,94.07,18.1,20.9,20.2,20.2,33.3,33.1,35.4,31.4,41.3,7.2,15.4,133.4,20.6,143.05,1.5207,6.5,Standby,17.2,15.3,17.5,17.6,No,0.0,NONE
2025-07-06 21:00:00,17.64,22.07,24.99,19.88,4.91,3.92,93.59,18.5,21.7,21.4,20.1,34.0,35.0,37.5,32.3,54.7,7.9,16.8,135.0,22.9,143.55,1.5339,6.5,Standby,16.6,16.3,17.6,18.2,No,0.0,NONE
2025-07-06 22:00:00,17.91,21.03,26.36,18.97,5.47,3.6,93.27,19.5,20.5,22.6,20.8,33.2,35.7,39.6,33.2,64.8,8.8,20.0,159.3,30.9,143.34,1.5368,6.5,Standby,19.1,14.3,17.4,17.5,No,0.0,NONE
2025-07-06 23:00:00,18.62,21.61,24.99,18.98,5.31,3.74,93.2,20.5,19.8,21.4,20.1,32.3,37.1,36.0,33.3,59.3,7.9,17.7,151.7,25.9,140.0,1.5021,6.4,Standby,16.4,14.2,18.3,16.3,No,0.0,NONE
2025-07-07 00:00:00,18.12,21.74,28.01,21.08,5.45,3.62,97.96,19.4,22.6,23.6,19.8,35.5,35.6,42.7,35.4,48.4,8.7,20.3,157.7,32.3,150.49,1.5363,6.8,Standby,18.5,15.2,19.7,18.0,No,0.0,NONE
2025-07-07 01:00:00,19.1,20.84,28.2,19.71,5.09,3.98,96.85,19.7,21.7,23.4,20.4,33.1,39.9,43.4,36.2,49.9,9.3,21.3,155.7,33.5,143.98,1.4867,6.5,Standby,17.8,17.7,20.3,15.9,No,0.0,NONE
2025-07-07 02:00:00,18.94,22.27,29.07,18.53,5.48,3.79,97.8,21.0,21.0,24.3,21.2,34.9,36.2,38.9,36.5,63.4,9.0,21.2,155.2,34.0,150.9,1.5429,6.9,Standby,18.4,16.4,19.7,16.7,No,0.0,NONE
2025-07-07 03:00:00,18.87,22.63,26.69,20.47,5.14,3.61,97.66,21.4,21.4,22.3,20.8,33.9,37.6,44.2,36.5,58.7,8.9,21.5,163.0,35.1,145.39,1.4887,6.6,Standby,19.0,14.4,17.3,18.9,No,0.0,NONE
2025-07-07 04:00:00,17.92,21.87,25.99,19.41,5.11,3.61,94.2,20.1,21.5,24.8,21.6,36.5,36.4,39.5,35.4,61.5,9.7,22.5,153.6,35.8,144.48,1.5337,6.6,Standby,15.4,14.5,18.8,15.4,No,0.0,NONE
2025-07-07 05:00:00,18.25,21.33,26.41,19.1,5.43,3.72,94.1,19.5,22.3,24.3,20.9,34.5,39.3,40.7,33.8,64.3,8.8,21.1,160.7,34.1,144.95,1.5405,6.6,Standby,16.4,16.4,19.1,17.4,No,0.0,NONE
2025-07-07 06:00:00,17.8,23.5,28.64,19.53,5.03,3.97,98.48,20.7,23.4,22.8,20.9,34.9,36.6,43.1,35.1,52.4,9.5,22.7,162.1,37.5,146.44,1.487,6.7,Standby,19.5,17.8,18.1,16.8,No,0.0,NONE
2025-07-07 07:00:00,17.07,22.34,28.09,21.16,5.42,3.89,97.65,19.9,21.3,24.0,20.2,34.9,37.4,43.6,36.4,58.5,9.7,22.2,154.3,35.0,148.22,1.5178,6.7,Standby,17.1,15.2,19.4,19.6,No,0.0,NONE
2025-07-07 08:00:00,18.54,21.88,28.26,19.8,5.08,3.65,97.48,20.8,23.1,22.5,20.1,34.4,39.0,41.6,37.5,62.0,9.1,21.2,166.0,33.5,150.52,1.5441,6.8,Standby,18.4,16.0,20.9,18.0,No,0.0,NONE
2025-07-07 09:00:00,18.71,22.97,27.36,20.03,5.22,3.84,98.07,19.6,21.7,22.5,20.3,34.3,39.1,44.1,37.9,61.2,9.5,22.0,161.5,34.9,152.91,1.5592,7.0,Standby,17.4,16.1,19.1,19.7,No,0.0,NONE
2025-07-07 10:00:00,18.43,22.04,28.5,19.01,5.29,3.87,96.99,20.3,22.2,24.8,20.5,35.8,41.0,43.0,38.3,63.3,10.2,24.0,171.2,39.2,150.95,1.5565,6.9,Standby,18.3,16.1,20.2,18.1,No,0.0,NONE
2025-07-07 11:00:00,18.98,21.67,27.38,19.95,5.04,3.66,96.98,19.6,21.1,21.8,20.4,32.5,36.4,40.2,32.7,60.0,8.1,18.2,138.1,27.1,145.1,1.4961,6.6,Standby,16.8,16.0,18.6,19.2,No,0.0,NONE
2025-07-07 12:00:00,17.56,21.73,27.91,19.47,5.37,3.64,95.67,20.0,21.1,22.5,21.5,35.4,38.7,40.4,35.8,60.4,9.0,20.4,149.1,31.4,147.11,1.5377,6.7,Standby,16.7,15.3,20.7,16.6,No,0.0,NONE
2025-07-07 13:00:00,18.95,22.24,25.21,20.15,5.14,3.9,95.54,19.0,20.5,22.6,19.4,33.0,37.0,41.0,34.6,50.1,7.8,18.1,140.3,27.7,148.67,1.556,6.8,Standby,17.2,15.8,19.5,17.4,No,0.0,NONE
2025-07-07 14:00:00,17.3,23.12,28.69,19.86,4.93,3.8,97.96,20.7,21.8,21.9,21.3,32.8,38.2,37.6,35.3,47.8,8.6,19.7,156.7,30.5,151.67,1.5483,6.9,Standby,20.1,18.3,19.5,19.6,No,0.0,NONE
2025-07-07 15:00:00,18.6,20.39,25.12,20.65,5.24,3.65,93.77,19.9,21.9,20.7,20.5,34.1,33.1,38.6,35.3,51.1,7.6,16.7,133.3,23.8,142.14,1.5159,6.5,Standby,17.4,17.6,20.1,17.6,No,0.0,NONE
2025-07-07 16:00:00,18.55,21.52,25.43,20.37,5.42,3.92,94.87,19.8,19.6,21.8,19.9,33.0,35.8,34.5,35.1,50.2,7.4,15.9,126.3,21.5,147.81,1.558,6.7,Standby,16.5,17.3,17.4,16.4,No,0.0,NONE
2025-07-07 17:00:00,19.49,19.97,22.45,19.5,5.47,3.66,90.42,20.1,19.9,21.8,20.8,33.9,34.7,37.2,33.0,45.9,7.1,16.1,140.8,23.6,139.15,1.539,6.3,Standby,18.6,14.7,17.9,15.5,No,0.0,NONE
2025-07-07 18:00:00,18.85,21.07,24.62,21.33,5.07,3.93,94.88,19.8,21.4,21.8,20.6,35.0,35.0,36.8,35.3,59.5,7.9,18.3,139.9,28.2,143.5,1.5125,6.5,Standby,18.0,15.5,19.3,19.2,No,0.0,NONE
2025-07-07 19:00:00,18.92,24.28,22.27,21.67,5.04,3.75,96.14,19.5,21.9,20.8,19.2,33.8,33.9,39.1,35.7,52.9,7.9,17.0,141.8,23.7,147.58,1.535,6.7,Standby,17.6,17.6,20.3,18.6,No,0.0,NONE
2025-07-07 20:00:00,17.8,22.63,24.86,20.13,4.91,3.88,94.43,18.9,19.9,22.4,20.1,33.9,37.2,39.0,35.1,44.5,7.8,17.7,139.5,26.6,143.58,1.5206,6.5,Standby,15.8,17.5,18.2,15.6,No,0.0,NONE
2025-07-07 21:00:00,18.82,23.15,23.38,20.18,5.0,3.88,94.53,20.1,20.3,21.8,19.4,32.9,34.4,41.5,35.1,52.6,7.5,17.1,131.6,25.4,145.63,1.5406,6.6,Standby,18.4,14.7,19.9,16.9,No,0.0,NONE
2025-07-07 22:00:00,18.44,22.77,27.17,19.17,5.4,3.82,96.53,19.1,20.9,23.6,21.4,35.5,36.9,38.9,34.3,58.6,8.1,19.3,141.7,30.5,147.41,1.5271,6.7,Standby,18.9,15.7,19.7,18.7,No,0.0,NONE
2025-07-07 23:00:00,18.83,23.0,25.56,20.48,5.03,3.91,96.87,20.9,21.9,23.9,21.3,33.3,35.2,42.7,33.2,52.2,8.4,19.5,159.0,30.2,148.78,1.5359,6.8,Standby,17.1,16.6,21.3,16.0,No,0.0,NONE
2025-07-08 00:00:00,17.68,22.73,25.01,19.71,5.07,3.77,94.13,20.6,21.8,23.3,20.0,34.3,40.1,39.8,36.3,54.0,9.2,21.0,159.9,32.7,141.36,1.5017,6.4,Standby,18.1,16.5,20.2,17.6,No,0.0,NONE
2025-07-08 01:00:00,19.86,21.1,27.71,19.98,5.35,3.92,97.64,20.2,21.4,23.4,20.2,35.1,39.1,38.2,35.9,55.7,8.9,20.7,162.4,32.7,145.6,1.4912,6.6,Standby,16.5,18.0,18.9,19.0,No,0.0,NONE
2025-07-08 02:00:00,17.9,22.61,26.34,21.32,5.22,3.82,97.17,19.6,21.0,23.6,20.6,34.6,37.5,42.6,34.6,65.7,8.9,21.2,160.9,34.3,147.5,1.518,6.7,Standby,17.6,15.6,17.3,17.1,No,0.0,NONE
2025-07-08 03:00:00,19.47,22.52,26.79,21.13,5.48,3.92,98.91,19.4,22.6,23.5,20.5,34.4,37.0,40.0,34.8,62.7,8.6,19.8,160.4,30.6,149.84,1.5149,6.8,Standby,17.8,15.4,18.4,16.5,No,0.0,NONE
2025-07-08 04:00:00,18.97,22.72,25.73,19.95,5.2,3.84,96.37,19.1,20.6,21.4,20.9,32.8,37.0,39.3,34.6,55.9,7.8,18.4,142.6,28.6,144.33,1.4976,6.6,Standby,17.0,14.9,18.4,18.6,No,0.0,NONE
2025-07-08 05:00:00,18.82,22.05,28.3,20.35,5.28,3.69,98.51,19.7,22.1,24.1,20.7,35.6,36.6,43.4,35.7,60.8,9.2,21.9,166.8,35.4,151.97,1.5426,6.9,Standby,19.6,15.7,19.9,16.7,No,0.0,NONE
2025-07-08 06:00:00,18.61,21.91,29.16,20.32,5.13,3.79,99.01,19.4,22.0,23.5,21.3,34.6,39.5,40.0,36.6,47.6,8.6,20.6,161.2,33.2,149.18,1.5067,6.8,Standby,19.4,15.8,20.3,19.1,No,0.0,NONE
2025-07-08 07:00:00,18.84,21.52,27.14,18.88,5.4,3.7,95.39,19.5,20.5,23.8,20.5,32.8,37.1,43.2,35.4,62.3,8.7,20.0,157.6,30.9,145.15,1.5217,6.6,Standby,15.8,17.6,19.1,17.6,No,0.0,NONE
2025-07-08 08:00:00,17.61,20.86,27.12,20.56,5.48,3.86,95.15,19.5,22.5,24.3,21.0,34.3,37.7,43.9,37.3,49.1,9.1,21.3,163.5,33.9,141.07,1.4827,6.4,Standby,15.2,16.5,18.5,17.5,No,0.0,NONE
2025-07-08 09:00:00,18.07,22.75,27.27,20.27,5.41,3.64,97.36,20.5,21.8,24.6,20.7,32.8,39.6,41.4,36.2,59.2,8.8,20.5,151.2,32.5,144.1,1.4801,6.6,Standby,18.6,16.8,17.8,19.1,No,0.0,NONE
2025-07-08 10:00:00,17.63,21.33,26.57,19.86,5.34,3.78,94.39,19.5,21.8,22.9,21.0,36.3,38.6,40.6,35.8,60.2,8.9,20.4,145.4,31.7,146.27,1.5496,6.6,Standby,16.5,14.6,19.3,18.5,No,0.0,NONE
2025-07-08 11:00:00,17.45,21.67,27.86,20.77,5.03,3.62,96.75,19.9,22.2,23.8,21.4,32.2,35.5,41.1,35.3,58.2,8.7,19.8,148.4,30.6,149.29,1.5431,6.8,Standby,17.5,15.8,20.2,17.5,No,0.0,NONE
2025-07-08 12:00:00,17.65,23.09,26.29,19.61,5.06,3.62,95.64,19.8,21.2,23.8,20.6,34.8,38.1,39.1,36.1,56.8,7.9,18.2,152.7,27.4,148.55,1.5531,6.8,Standby,16.3,15.3,17.7,18.2,No,0.0,NONE
2025-07-08 13:00:00,18.62,22.21,24.84,20.9,5.0,3.95,95.57,19.7,22.5,22.1,19.8,34.5,39.1,40.0,33.4,61.9,8.7,19.7,157.6,30.2,146.23,1.5301,6.6,Standby,17.5,16.1,17.9,16.3,No,0.0,NONE
2025-07-08 14:00:00,20.07,21.97,24.31,20.44,5.38,3.85,95.79,19.9,20.6,21.8,19.8,33.7,35.2,36.9,35.0,47.3,7.9,17.0,138.2,23.8,143.71,1.5003,6.5,Standby,17.0,14.1,18.1,18.5,No,0.0,NONE
2025-07-08 15:00:00,17.83,22.38,25.45,19.96,5.11,3.99,94.63,19.9,20.4,21.3,20.7,33.3,33.4,38.0,33.7,56.7,8.0,17.4,140.7,24.7,141.79,1.4985,6.4,Standby,16.0,15.4,16.8,15.5,No,0.0,NONE
2025-07-08 16:00:00,19.66,20.55,23.96,19.97,5.13,3.82,93.13,19.4,21.1,22.8,21.1,34.1,37.0,36.4,33.5,45.0,8.4,18.2,147.1,26.0,142.04,1.5251,6.5,Standby,15.4,17.1,19.7,18.2,No,0.0,NONE
2025-07-08 17:00:00,18.79,20.81,27.86,20.4,5.07,3.79,96.86,19.9,20.6,21.3,20.2,31.6,35.5,36.3,33.2,41.1,7.6,17.6,137.4,26.8,149.45,1.543,6.8,Standby,17.7,15.4,17.6,17.1,No,0.0,NONE
2025-07-08 18:00:00,19.24,21.49,25.71,21.41,5.36,3.7,96.85,19.4,20.4,23.2,19.9,34.3,37.9,37.0,32.0,42.5,8.0,17.3,147.6,24.2,149.2,1.5406,6.8,Standby,18.5,17.6,20.4,19.1,No,0.0,NONE
2025-07-08 19:00:00,18.39,21.64,25.04,20.49,5.2,3.86,94.56,18.5,20.8,23.0,20.6,32.4,35.7,39.3,33.2,43.9,7.1,16.1,145.0,23.2,140.19,1.4826,6.4,Standby,15.2,14.2,20.2,18.3,No,0.0,NONE
2025-07-08 20:00:00,18.12,22.09,25.0,20.61,5.39,3.81,94.82,19.9,21.2,21.9,21.0,33.8,34.9,42.1,36.1,49.9,8.1,18.7,151.5,28.7,146.42,1.5442,6.7,Standby,18.7,14.8,20.9,15.9,No,0.0,NONE
2025-07-08 21:00:00,19.21,21.4,26.37,21.02,4.91,3.71,97.0,20.3,20.7,21.3,20.8,34.8,34.1,41.4,35.8,54.6,8.2,18.6,144.0,28.1,144.37,1.4884,6.6,Standby,15.5,17.7,17.2,18.2,No,0.0,NONE
2025-07-08 22:00:00,18.56,21.52,23.5,20.09,4.91,3.63,92.67,20.4,22.1,23.9,20.1,33.3,34.8,38.9,33.1,54.1,7.8,18.0,136.2,27.4,143.91,1.553,6.5,Standby,15.3,15.5,20.6,19.2,No,0.0,NONE
2025-07-08 23:00:00,17.91,23.0,24.48,18.35,5.13,3.94,92.75,19.8,22.3,22.9,20.7,32.3,35.7,40.8,34.5,43.1,8.8,19.6,152.0,29.5,137.86,1.4864,6.3,Standby,15.2,16.0,18.7,17.4,No,0.0,NONE
2025-07-09 00:00:00,18.86,22.73,26.97,20.35,5.05,3.97,97.9,19.1,21.8,23.4,19.7,35.0,35.8,41.1,34.0,49.7,8.0,19.0,150.1,29.8,151.51,1.5475,6.9,Standby,17.5,17.1,20.2,18.3,No,0.0,NONE
2025-07-09 01:00:00,18.82,21.03,25.36,18.94,5.03,3.83,93.16,19.1,21.3,22.8,21.4,32.0,38.8,42.5,35.5,53.3,8.8,19.6,144.6,29.5,145.21,1.5588,6.6,Standby,16.0,16.7,19.9,18.2,No,0.0,NONE
2025-07-09 02:00:00,17.81,23.61,24.78,21.23,5.31,3.92,96.43,19.1,22.6,21.7,21.0,34.6,36.2,39.9,36.7,61.5,8.7,19.8,146.4,30.2,147.8,1.5327,6.7,Standby,17.2,15.8,18.1,17.4,No,0.0,NONE
2025-07-09 03:00:00,18.0,24.02,28.58,20.43,4.96,3.72,100.03,19.8,22.8,24.4,21.6,35.6,38.4,41.4,35.4,64.5,9.4,22.0,161.3,35.2,150.61,1.5056,6.8,Standby,17.9,15.4,20.6,17.4,No,0.0,NONE
2025-07-09 04:00:00,17.98,20.6,27.61,20.7,5.42,3.78,95.9,21.4,22.7,23.9,21.5,34.5,37.1,39.8,37.9,61.8,9.2,22.1,153.2,36.4,145.0,1.512,6.6,Standby,19.1,17.0,18.4,19.2,No,0.0,NONE
2025-07-09 05:00:00,19.04,22.14,27.28,19.13,5.44,3.97,96.59,21.2,21.6,23.6,20.8,35.1,38.4,44.3,34.7,62.2,9.0,21.9,166.8,36.5,145.85,1.51,6.6,Standby,17.8,16.8,20.5,19.3,No,0.0,NONE
2025-07-09 06:00:00,18.23,21.38,26.99,20.27,5.17,3.78,95.86,20.1,22.5,23.9,21.4,34.9,35.7,43.4,35.6,60.1,9.6,21.7,163.5,33.9,143.48,1.4968,6.5,Standby,16.2,14.8,18.1,16.6,No,0.0,NONE
2025-07-09 07:00:00,17.74,20.83,28.99,19.69,5.03,3.66,96.26,21.3,21.6,23.8,20.8,36.6,36.7,44.7,34.3,47.9,9.7,22.4,160.2,35.9,142.49,1.4803,6.5,Standby,17.0,14.4,17.5,19.0,No,0.0,NONE
2025-07-09 08:00:00,18.6,24.56,25.96,20.52,5.22,3.93,98.63,20.3,20.8,22.9,21.0,36.4,39.6,42.9,35.8,46.1,8.8,20.7,160.8,32.8,152.36,1.5448,6.9,Standby,16.4,16.2,20.9,17.3,No,0.0,NONE
2025-07-09 09:00:00,17.97,21.64,25.54,20.7,5.47,3.76,94.84,20.9,21.5,22.7,19.8,35.4,36.5,40.7,34.2,42.9,8.9,20.7,165.0,32.6,145.14,1.5303,6.6,Standby,18.4,15.1,17.9,16.5,No,0.0,NONE
2025-07-09 10:00:00,18.07,22.01,27.69,19.57,5.32,3.64,96.33,20.1,20.8,22.6,20.5,36.6,35.7,40.9,36.9,54.7,9.5,21.7,160.5,34.1,147.84,1.5347,6.7,Standby,18.1,18.0,19.8,18.8,No,0.0,NONE
2025-07-09 11:00:00,18.24,21.95,28.16,20.17,4.92,3.85,97.52,20.5,20.7,22.7,20.4,33.5,38.7,41.3,35.2,52.6,9.1,21.2,156.2,33.6,145.84,1.4956,6.6,Standby,19.4,14.5,17.7,17.7,No,0.0,NONE
2025-07-09 12:00:00,19.12,21.78,25.97,19.5,4.96,3.91,95.38,20.3,21.3,22.2,21.0,35.7,39.2,38.3,37.3,48.9,8.5,20.0,156.4,31.7,144.2,1.5119,6.6,Standby,16.3,15.3,18.5,17.6,No,0.0,NONE
2025-07-09 13:00:00,17.5,22.19,26.82,19.39,5.35,3.9,94.9,19.4,21.1,22.7,21.3,33.1,38.9,41.9,35.8,56.6,8.5,19.2,152.9,28.9,142.08,1.4971,6.5,Standby,17.0,14.1,18.4,15.1,No,0.0,NONE
2025-07-09 14:00:00,18.35,21.02,27.01,20.59,5.3,3.73,95.97,20.6,21.6,24.0,20.9,33.8,37.0,42.7,34.6,49.5,9.2,21.6,157.3,34.4,146.96,1.5313,6.7,Standby,18.5,14.3,17.1,17.2,No,0.0,NONE
2025-07-09 15:00:00,18.62,22.92,25.4,19.57,5.06,3.94,95.5,19.5,21.3,22.5,19.7,33.2,34.2,37.3,35.9,62.1,8.4,18.7,140.6,27.9,146.07,1.5295,6.6,Standby,15.6,15.4,20.7,18.4,No,0.0,NONE
2025-07-09 16:00:00,19.42,22.35,26.09,20.05,4.97,3.84,96.9,19.6,22.0,22.2,20.0,34.1,38.8,40.0,33.6,48.9,7.9,18.4,136.7,28.3,145.45,1.5011,6.6,Standby,19.1,17.2,17.0,16.5,No,0.0,NONE
2025-07-09 17:00:00,19.69,22.65,25.2,19.27,4.9,3.88,95.8,18.9,20.2,23.5,20.0,34.2,37.1,37.1,33.1,55.1,7.7,17.8,143.1,27.2,146.1,1.525,6.6,Standby,16.5,15.8,20.3,16.6,No,0.0,NONE
2025-07-09 18:00:00,17.63,21.17,25.87,20.7,5.11,3.78,94.37,18.9,21.1,21.8,20.6,32.2,36.7,37.8,34.8,52.2,6.9,15.3,134.4,21.1,143.52,1.5209,6.5,Standby,15.7,14.2,19.7,18.0,No,0.0,NONE
2025-07-09 19:00:00,16.76,20.48,25.31,21.37,5.29,3.79,92.93,19.9,19.0,22.1,20.5,32.4,35.0,38.8,31.1,37.9,7.4,15.4,131.8,18.9,139.04,1.4962,6.3,Standby,18.1,15.9,20.0,16.3,No,0.0,NONE
2025-07-09 20:00:00,17.99,21.43,25.44,20.22,5.0,3.77,94.08,20.2,21.5,23.0,20.4,34.6,36.7,41.0,35.4,49.6,8.6,20.1,155.9,31.6,143.54,1.5257,6.5,Standby,18.4,14.0,17.7,17.2,No,0.0,NONE
2025-07-09 21:00:00,17.54,22.31,24.83,20.43,5.03,3.86,94.11,19.2,21.4,21.7,19.7,34.2,38.2,40.8,32.8,61.9,8.0,18.3,136.1,27.6,145.76,1.5489,6.6,Standby,16.1,16.9,19.9,17.3,No,0.0,NONE
2025-07-09 22:00:00,18.61,21.79,24.91,20.98,5.11,3.84,95.29,20.5,20.6,21.6,19.5,34.4,34.1,39.3,35.4,58.8,7.9,17.4,132.1,24.8,147.74,1.5503,6.7,Standby,16.2,17.4,20.9,18.9,No,0.0,NONE
2025-07-09 23:00:00,18.63,23.9,25.58,21.03,5.24,3.87,98.14,20.7,20.5,24.0,19.3,33.8,38.4,36.7,36.3,61.4,8.0,18.1,147.0,26.9,148.44,1.5126,6.7,Standby,19.2,16.4,18.2,16.2,No,0.0,NONE
2025-07-10 00:00:00,17.96,21.01,26.98,22.19,5.36,3.87,97.15,19.5,20.4,23.9,20.7,34.6,38.9,37.9,33.9,50.7,8.2,19.3,156.8,30.4,150.74,1.5517,6.9,Standby,17.5,18.4,18.9,19.7,No,0.0,NONE
2025-07-10 01:00:00,17.77,22.07,26.73,20.57,5.01,3.88,96.14,19.8,20.0,24.0,20.7,31.8,37.5,41.4,34.2,57.8,8.1,18.4,138.5,27.8,143.55,1.4931,6.5,Standby,16.4,14.3,20.5,15.2,No,0.0,NONE
2025-07-10 02:00:00,18.54,22.16,25.51,20.38,5.01,3.73,95.6,19.5,22.5,24.1,20.4,35.1,38.2,39.7,33.3,59.2,8.0,18.9,154.4,29.7,142.81,1.4939,6.5,Standby,17.8,14.3,18.5,18.3,No,0.0,NONE
2025-07-10 03:00:00,19.53,21.85,26.67,19.66,5.4,3.82,96.72,20.4,22.4,25.3,20.3,34.1,40.5,44.5,36.3,43.1,9.2,21.7,162.8,35.3,148.86,1.5391,6.8,Standby,19.2,16.9,19.5,19.7,No,0.0,NONE
2025-07-10 04:00:00,17.8,22.38,27.6,19.47,5.07,3.9,96.24,20.5,21.5,23.7,21.7,34.4,35.3,42.4,37.6,42.9,9.3,21.3,152.9,33.2,144.79,1.5044,6.6,Standby,17.8,15.5,19.1,16.6,No,0.0,NONE
2025-07-10 05:00:00,18.22,22.22,26.6,19.39,5.37,3.99,95.43,19.8,22.7,22.7,20.8,32.3,36.2,37.8,33.5,65.7,9.2,20.7,147.2,31.7,143.68,1.5057,6.5,Standby,18.3,15.2,19.4,17.3,No,0.0,NONE
2025-07-10 06:00:00,18.72,21.77,27.36,20.39,4.99,3.67,97.24,20.9,23.2,23.5,20.3,33.2,38.0,42.6,36.3,49.5,9.4,21.8,156.6,34.5,148.77,1.5299,6.8,Standby,18.2,16.5,18.2,17.5,No,0.0,NONE
2025-07-10 07:00:00,18.78,22.52,29.6,19.72,5.11,3.76,99.62,20.0,22.6,25.8,22.1,34.7,38.3,45.8,35.2,56.2,10.4,24.3,163.3,39.7,152.34,1.5292,6.9,Standby,19.8,17.5,21.7,20.2,No,0.0,NONE
2025-07-10 08:00:00,19.82,23.24,27.84,19.74,4.99,3.77,99.64,19.6,22.8,23.0,21.8,36.0,37.1,41.8,35.6,62.2,8.9,21.1,161.3,34.1,152.79,1.5334,6.9,Standby,19.1,17.4,20.8,18.0,No,0.0,NONE
2025-07-10 09:00:00,17.07,20.96,24.92,19.28,5.47,3.83,91.23,18.9,21.9,23.2,20.1,34.4,38.6,37.7,34.7,58.3,8.0,18.4,140.0,28.1,139.63,1.5305,6.3,Standby,15.1,16.4,19.2,17.0,No,0.0,NONE
2025-07-10 10:00:00,19.38,21.13,26.82,20.06,4.99,3.69,96.39,21.2,20.9,23.5,20.3,35.2,37.9,42.8,35.1,52.8,9.2,21.6,163.8,34.5,148.15,1.537,6.7,Standby,16.7,14.7,18.2,19.4,No,0.0,NONE
2025-07-10 11:00:00,20.82,20.73,27.58,20.28,5.02,3.79,98.41,20.5,21.8,24.0,19.8,34.7,38.8,43.8,34.0,41.7,8.5,20.4,154.2,32.8,145.83,1.4819,6.6,Standby,16.7,15.4,20.2,16.5,No,0.0,NONE
2025-07-10 12:00:00,18.2,23.88,25.48,20.32,4.98,3.64,96.88,21.0,21.9,21.8,21.3,33.6,38.3,42.6,36.3,61.4,9.0,20.5,146.0,31.6,150.31,1.5516,6.8,Standby,19.3,15.1,19.1,19.7,No,0.0,NONE
2025-07-10 13:00:00,18.96,20.68,23.08,20.06,5.17,3.97,91.77,18.6,22.0,22.1,19.7,31.1,34.3,37.3,34.9,54.8,7.6,17.1,146.6,24.8,142.04,1.5477,6.5,Standby,18.6,17.4,19.4,17.8,No,0.0,NONE
2025-07-10 14:00:00,18.15,21.3,23.34,20.37,5.38,3.67,92.16,20.4,21.2,22.0,20.2,34.8,37.3,37.3,35.4,59.9,8.5,18.9,144.9,28.1,142.84,1.5499,6.5,Standby,15.7,14.0,16.8,15.2,No,0.0,NONE
2025-07-10 15:00:00,19.58,21.06,26.72,18.56,5.25,3.7,94.93,19.0,21.7,23.0,19.8,33.9,33.8,42.0,33.1,62.0,7.9,18.0,138.6,26.8,143.83,1.5151,6.5,Standby,15.5,16.7,17.6,19.1,No,0.0,NONE
2025-07-10 16:00:00,18.45,21.54,23.68,19.69,5.32,3.74,92.35,19.8,20.1,22.5,20.1,33.8,34.5,36.3,35.9,41.4,8.2,17.7,144.6,25.2,140.2,1.5181,6.4,Standby,16.2,16.9,18.6,15.7,No,0.0,NONE
2025-07-10 17:00:00,19.49,21.93,25.4,19.59,5.12,3.69,95.4,18.7,20.3,20.6,20.5,34.0,37.5,35.4,33.9,36.7,7.9,16.8,128.9,23.1,147.36,1.5447,6.7,Standby,18.0,14.6,18.7,17.0,No,0.0,NONE
2025-07-10 18:00:00,18.04,22.29,24.71,20.19,5.21,3.94,94.23,18.6,21.6,21.4,19.1,32.4,36.8,36.2,32.1,51.9,7.3,15.9,125.7,21.9,140.38,1.4897,6.4,Standby,17.6,13.7,17.3,15.3,No,0.0,NONE
2025-07-10 19:00:00,18.7,23.83,25.65,20.49,4.96,3.97,97.67,20.2,21.7,23.1,20.1,33.0,36.6,40.7,33.9,51.1,8.0,18.3,143.6,27.6,146.68,1.5018,6.7,Standby,18.2,15.2,20.4,16.5,No,0.0,NONE
2025-07-10 20:00:00,20.25,21.96,22.71,20.41,5.42,3.9,94.32,18.5,21.0,21.0,19.1,34.7,36.6,36.0,33.2,54.2,7.2,16.6,137.3,24.5,144.41,1.531,6.6,Standby,19.0,14.2,17.1,15.8,No,0.0,NONE
2025-07-10 21:00:00,17.02,24.29,25.17,19.13,4.96,3.75,94.61,19.7,20.4,23.3,20.3,34.4,35.7,41.4,35.5,52.2,7.7,17.7,134.0,26.7,142.61,1.5074,6.5,Standby,17.8,14.3,19.6,17.5,No,0.0,NONE
2025-07-10 22:00:00,17.82,23.19,24.4,19.37,5.29,3.8,93.78,19.4,21.2,21.9,19.5,32.2,33.9,41.0,35.9,43.9,7.5,17.2,150.8,25.6,142.51,1.5195,6.5,Standby,19.0,15.9,17.5,17.1,No,0.0,NONE
2025-07-10 23:00:00,18.59,21.92,25.03,20.41,5.23,3.67,94.95,19.9,20.8,23.0,20.4,33.3,34.4,37.1,33.8,57.1,7.9,18.1,141.1,27.2,142.36,1.4994,6.5,Standby,16.4,14.8,19.7,18.6,No,0.0,NONE
2025-07-11 00:00:00,19.87,21.21,23.37,21.87,4.97,3.94,95.33,19.2,20.7,22.9,21.3,33.7,36.1,39.8,33.7,62.7,8.7,19.4,155.2,28.8,141.24,1.4816,6.4,Standby,18.7,16.2,17.0,16.9,No,0.0,NONE
2025-07-11 01:00:00,19.55,21.97,26.95,19.89,5.37,3.82,97.36,20.0,22.0,24.9,20.4,34.6,36.9,41.7,37.4,58.3,9.0,21.2,154.7,34.0,148.69,1.5272,6.8,Standby,16.6,14.9,17.5,19.2,No,0.0,NONE
2025-07-11 02:00:00,17.76,21.52,22.56,20.9,5.25,3.86,91.74,20.0,19.8,23.2,19.6,32.5,34.6,40.4,35.5,41.0,7.7,17.2,142.9,24.9,140.96,1.5366,6.4,Standby,17.0,15.0,17.1,17.1,No,0.0,NONE
2025-07-11 03:00:00,19.62,21.13,29.03,20.92,5.36,3.81,99.7,19.1,21.4,23.8,19.9,35.3,37.9,39.4,36.6,56.7,9.0,20.3,160.6,31.2,150.1,1.5054,6.8,Standby,17.2,15.3,18.1,20.0,No,0.0,NONE
2025-07-11 04:00:00,19.12,23.19,27.53,20.35,4.98,3.96,99.2,20.0,21.8,24.6,20.3,37.0,39.6,40.2,37.7,43.8,8.9,21.6,168.5,35.5,153.0,1.5424,7.0,Standby,16.4,16.1,18.3,19.6,No,0.0,NONE
2025-07-11 05:00:00,19.71,20.54,28.65,20.22,5.22,3.95,98.12,21.8,23.3,25.9,21.5,35.7,38.2,42.8,38.5,46.5,10.2,24.2,161.7,40.2,152.86,1.5579,6.9,Standby,17.2,18.7,21.0,17.5,No,0.0,NONE
2025-07-11 06:00:00,18.65,20.93,28.04,21.56,5.08,3.94,98.17,19.6,22.6,23.6,20.8,35.7,35.9,43.6,34.9,62.6,9.6,21.9,164.7,34.4,151.06,1.5387,6.9,Standby,17.4,17.6,21.3,18.9,No,0.0,NONE
2025-07-11 07:00:00,19.12,20.98,28.47,20.15,5.09,3.8,97.71,21.2,21.1,23.5,21.9,33.7,38.7,42.4,35.4,53.3,9.9,22.8,166.5,36.4,146.62,1.5005,6.7,Standby,19.2,14.4,17.7,19.2,No,0.0,NONE
2025-07-11 08:00:00,18.16,22.26,26.97,20.8,5.27,3.77,97.19,20.0,23.0,24.4,21.4,33.4,37.6,38.1,35.7,43.4,9.2,21.1,166.0,33.0,150.26,1.5461,6.8,Standby,16.8,15.7,20.8,16.4,No,0.0,NONE
2025-07-11 09:00:00,18.61,22.86,24.94,19.84,5.48,3.94,95.26,19.5,20.0,21.5,19.5,33.9,35.2,35.6,33.6,52.0,8.1,17.8,131.7,25.4,143.63,1.5078,6.5,Standby,15.5,16.0,19.8,17.5,No,0.0,NONE
2025-07-11 10:00:00,17.38,23.15,25.43,19.94,5.11,3.61,94.9,20.4,20.3,22.5,21.2,32.4,35.9,41.6,35.3,58.5,8.7,19.4,140.8,29.0,147.74,1.5568,6.7,Standby,19.6,17.9,18.4,16.9,No,0.0,NONE
2025-07-11 11:00:00,18.32,21.27,25.26,20.59,5.15,3.91,94.44,19.7,22.1,22.8,21.2,32.9,36.2,40.1,36.1,44.2,8.6,19.8,148.2,30.5,146.03,1.5462,6.6,Standby,19.1,14.1,17.1,17.3,No,0.0,NONE
2025-07-11 12:00:00,18.62,19.28,25.18,19.43,5.43,3.68,91.51,19.1,20.9,23.0,20.2,32.4,36.8,36.9,32.9,60.5,8.8,19.7,140.1,29.5,139.78,1.5275,6.4,Standby,17.0,14.8,17.8,16.6,No,0.0,NONE
2025-07-11 13:00:00,19.13,21.09,27.07,18.78,5.11,3.66,95.06,20.4,20.7,24.1,21.2,33.3,37.0,41.3,34.9,42.3,8.1,19.4,144.5,30.8,141.71,1.4908,6.4,Standby,16.1,15.6,19.7,15.3,No,0.0,NONE
2025-07-11 14:00:00,17.3,20.85,26.24,18.4,5.39,3.75,91.78,18.8,21.7,23.5,19.0,34.8,35.0,40.2,33.7,50.3,7.3,16.6,147.0,24.5,141.43,1.5409,6.4,Standby,17.1,17.4,18.9,16.2,No,0.0,NONE
2025-07-11 15:00:00,17.9,22.23,24.09,19.64,5.1,3.99,92.87,19.4,20.0,21.9,20.5,34.6,35.1,41.0,33.9,42.9,8.2,18.4,149.7,27.6,141.94,1.5285,6.5,Standby,15.6,16.9,17.4,15.9,No,0.0,NONE
2025-07-11 16:00:00,19.19,20.92,25.18,20.37,5.25,3.65,94.66,19.2,20.3,21.5,20.9,31.5,35.5,41.0,32.2,56.0,8.1,17.5,146.2,24.8,147.1,1.5541,6.7,Standby,18.1,15.6,20.9,17.0,No,0.0,NONE
2025-07-11 17:00:00,18.98,21.17,23.02,19.32,5.29,3.79,91.49,19.0,20.8,21.7,18.9,32.0,35.8,35.2,34.3,37.6,7.3,16.4,138.7,23.6,142.23,1.5545,6.5,Standby,17.3,13.9,19.9,18.7,No,0.0,NONE
2025-07-11 18:00:00,18.73,22.27,25.07,19.93,5.0,3.93,95.01,18.6,21.1,23.0,19.8,31.4,32.6,38.6,33.6,53.4,7.4,16.1,133.4,22.1,143.82,1.5137,6.5,Standby,19.1,15.6,19.4,15.8,No,0.0,NONE
2025-07-11 19:00:00,18.48,20.86,25.78,20.03,5.44,3.94,94.15,19.9,20.0,22.6,19.8,34.5,35.1,39.3,32.8,41.4,8.7,19.1,152.3,28.3,143.63,1.5255,6.5,Standby,16.8,16.7,19.4,16.9,No,0.0,NONE
2025-07-11 20:00:00,17.74,22.66,24.49,19.37,5.27,3.72,93.26,20.1,20.9,22.7,19.8,34.0,36.1,40.5,33.2,58.1,7.8,17.0,145.5,23.9,144.03,1.5443,6.5,Standby,18.4,15.3,20.2,17.7,No,0.0,NONE
2025-07-11 21:00:00,17.37,21.19,24.61,20.91,5.47,3.81,93.09,19.0,20.8,21.5,20.7,33.4,34.2,36.3,32.7,55.5,8.5,18.7,148.0,27.5,141.67,1.5219,6.4,Standby,15.8,16.7,18.5,17.3,No,0.0,NONE
2025-07-11 22:00:00,17.86,23.8,24.68,19.67,5.34,3.77,95.0,18.4,19.4,23.0,19.7,32.9,32.8,38.5,32.0,54.1,6.8,14.9,140.0,20.1,143.57,1.5112,6.5,Standby,18.9,15.3,20.3,17.1,No,0.0,NONE
2025-07-11 23:00:00,18.34,23.36,26.48,19.38,5.25,3.97,96.56,19.2,21.3,22.2,20.5,35.4,39.2,39.3,35.5,45.9,8.1,19.0,152.9,29.9,145.42,1.5061,6.6,Standby,18.5,17.6,18.8,18.9,No,0.0,NONE
2025-07-12 00:00:00,18.64,19.95,27.29,20.42,5.37,3.67,95.31,19.2,22.2,23.2,19.8,35.4,36.6,39.3,35.6,41.0,8.3,19.3,140.9,30.1,141.13,1.4808,6.4,Standby,16.3,13.8,19.3,16.0,No,0.0,NONE
2025-07-12 01:00:00,18.27,23.18,26.56,20.25,4.99,3.82,97.26,20.2,21.8,23.4,20.3,34.6,36.0,41.4,35.3,65.8,9.4,21.3,153.7,32.9,149.03,1.5322,6.8,Standby,16.3,17.4,18.8,18.7,No,0.0,NONE
2025-07-12 02:00:00,18.36,21.9,24.78,18.6,5.23,3.65,92.65,20.8,21.6,24.1,21.1,33.4,38.1,43.1,36.1,46.8,8.1,19.3,155.6,30.5,137.33,1.4823,6.2,Standby,16.8,14.8,17.1,15.6,No,0.0,NONE
2025-07-12 03:00:00,16.97,21.6,27.9,19.58,5.3,3.97,95.06,20.7,21.6,22.9,21.6,34.7,38.9,42.8,34.9,66.7,9.1,21.4,167.3,34.6,142.92,1.5034,6.5,Standby,16.1,16.8,17.2,19.0,No,0.0,NONE
2025-07-12 04:00:00,17.17,22.77,27.09,21.43,4.96,3.69,97.46,19.9,21.0,23.7,20.6,34.9,36.1,41.9,36.5,48.7,9.6,22.0,156.4,34.6,145.95,1.4976,6.6,Standby,17.8,15.3,17.6,18.2,No,0.0,NONE
2025-07-12 05:00:00,18.28,22.27,27.96,20.64,4.94,3.99,98.15,21.3,21.0,23.1,21.1,36.5,37.5,39.0,37.2,53.7,9.5,22.2,168.9,35.6,151.33,1.5419,6.9,Standby,19.2,15.9,20.9,17.6,No,0.0,NONE
2025-07-12 06:00:00,18.47,22.26,26.82,20.4,5.29,3.73,96.95,19.8,21.6,24.0,22.0,34.0,37.9,41.1,37.5,57.2,9.9,23.0,163.9,37.2,146.8,1.5141,6.7,Standby,17.3,14.4,21.0,18.8,No,0.0,NONE
2025-07-12 07:00:00,17.85,22.66,28.62,20.65,4.97,3.68,98.78,20.0,21.9,25.1,20.6,34.7,38.7,43.0,35.5,59.2,9.3,22.6,158.0,37.7,150.04,1.5188,6.8,Standby,16.7,17.0,20.7,16.1,No,0.0,NONE
2025-07-12 08:00:00,18.75,21.93,28.28,20.33,5.28,3.98,98.28,21.2,22.8,24.9,21.7,34.5,35.8,44.4,37.1,48.0,9.6,22.1,155.7,34.8,150.92,1.5356,6.9,Standby,19.1,16.1,18.6,18.4,No,0.0,NONE
2025-07-12 09:00:00,19.41,22.56,26.56,19.55,5.46,3.76,97.08,19.7,20.5,21.8,20.2,34.8,37.9,38.8,36.3,52.3,8.4,19.8,146.5,31.5,149.11,1.5359,6.8,Standby,19.1,18.1,18.3,17.7,No,0.0,NONE
2025-07-12 10:00:00,17.44,20.99,27.37,20.11,5.08,3.68,94.91,19.7,22.1,22.7,21.0,36.4,36.7,39.5,35.2,45.0,9.4,22.2,166.3,35.9,143.72,1.5143,6.5,Standby,16.7,16.2,18.6,18.1,No,0.0,NONE
2025-07-12 11:00:00,18.23,21.19,25.37,18.36,4.98,3.6,92.15,19.8,21.5,23.5,19.8,34.3,39.8,42.2,34.8,54.4,8.4,20.2,146.6,32.4,136.88,1.4855,6.2,Standby,17.2,13.7,16.1,16.9,No,0.0,NONE
2025-07-12 12:00:00,19.88,23.09,27.26,20.38,5.28,3.74,99.61,20.0,22.2,23.7,19.9,33.0,37.4,39.4,36.1,42.7,8.1,19.2,151.9,30.3,151.7,1.5229,6.9,Standby,17.5,16.2,19.4,19.3,No,0.0,NONE
2025-07-12 13:00:00,17.9,24.9,26.96,19.49,5.26,3.98,98.25,20.9,20.4,22.5,20.9,34.1,37.2,39.4,36.2,41.2,8.9,19.7,144.3,29.3,152.97,1.5569,7.0,Standby,17.3,17.6,21.2,20.2,No,0.0,NONE
2025-07-12 14:00:00,17.93,21.13,23.5,18.73,5.39,3.94,90.29,19.6,20.5,21.5,19.0,34.9,35.0,37.6,33.5,56.7,7.2,16.6,134.2,24.6,134.63,1.4911,6.1,Standby,16.8,16.6,15.8,18.0,No,0.0,NONE
2025-07-12 15:00:00,19.07,22.15,24.89,18.96,5.45,3.75,94.07,19.5,21.8,22.6,20.0,32.3,36.2,38.0,34.1,59.2,7.5,17.3,147.4,25.9,146.28,1.5551,6.6,Standby,18.9,14.2,19.2,19.4,No,0.0,NONE
2025-07-12 16:00:00,18.39,21.97,24.33,20.26,5.4,3.64,93.95,19.5,21.0,21.1,18.8,30.6,34.5,35.6,33.8,42.6,7.3,16.1,141.4,22.8,139.59,1.4858,6.3,Standby,16.1,14.7,19.9,18.2,No,0.0,NONE
2025-07-12 17:00:00,17.71,22.43,24.41,19.56,5.02,3.78,93.11,19.3,20.8,21.8,20.2,34.6,33.8,37.4,33.2,51.4,8.1,17.7,131.6,25.6,142.05,1.5257,6.5,Standby,18.6,16.9,20.1,15.9,No,0.0,NONE
2025-07-12 18:00:00,17.79,23.97,25.13,18.81,4.93,3.89,94.7,19.5,21.3,22.7,18.9,32.8,35.3,38.5,35.2,38.3,7.2,15.5,138.9,21.2,144.94,1.5306,6.6,Standby,17.9,16.3,16.9,18.0,No,0.0,NONE
2025-07-12 19:00:00,19.74,21.98,24.83,20.14,5.44,3.97,95.69,18.9,20.2,22.6,19.5,34.5,34.2,35.0,34.9,37.5,7.8,16.7,130.0,22.9,146.46,1.5306,6.7,Standby,19.5,16.5,18.8,18.5,No,0.0,NONE
2025-07-12 20:00:00,19.71,22.51,23.99,20.74,5.46,3.67,95.95,19.8,21.2,21.7,20.8,34.1,37.8,38.3,32.6,43.6,7.4,16.4,142.5,23.3,149.54,1.5585,6.8,Standby,19.1,15.9,18.3,19.6,No,0.0,NONE
2025-07-12 21:00:00,18.0,21.76,26.44,21.5,5.08,3.79,96.7,20.0,21.6,20.4,20.4,31.9,34.5,36.4,34.7,46.8,7.1,15.3,126.1,20.8,146.38,1.5138,6.7,Standby,15.6,17.8,20.9,17.3,No,0.0,NONE
2025-07-12 22:00:00,18.47,21.71,24.68,20.05,5.46,3.7,93.91,20.4,21.9,23.7,20.8,34.5,37.9,41.3,34.0,43.7,8.4,18.4,146.0,26.5,141.16,1.5031,6.4,Standby,15.2,14.6,19.8,18.9,No,0.0,NONE
2025-07-12 23:00:00,17.68,19.53,28.15,18.48,5.14,3.76,92.84,19.9,22.6,23.6,20.9,33.6,37.4,40.0,37.2,42.5,9.1,21.1,151.6,33.0,140.95,1.5182,6.4,Standby,15.6,16.1,18.7,17.8,No,0.0,NONE
2025-07-13 00:00:00,18.05,21.13,25.9,20.17,5.03,3.82,94.26,20.1,20.9,21.7,20.3,33.9,37.2,39.9,34.8,64.8,8.9,20.4,148.1,31.5,139.75,1.4827,6.4,Standby,18.5,14.9,19.9,15.1,No,0.0,NONE
2025-07-13 01:00:00,18.97,21.1,26.93,20.05,4.93,3.71,96.04,19.6,22.5,22.8,21.1,35.0,35.3,37.7,35.2,64.2,8.7,20.3,149.5,32.0,147.94,1.5403,6.7,Standby,18.3,17.7,17.4,17.3,No,0.0,NONE
2025-07-13 02:00:00,18.12,22.42,26.34,20.34,5.42,3.78,96.22,19.4,22.9,22.7,20.1,34.7,37.4,39.2,36.3,48.2,8.8,20.4,145.9,32.0,142.59,1.482,6.5,Standby,16.5,16.5,18.8,16.3,No,0.0,NONE
2025-07-13 03:00:00,18.66,22.39,28.44,19.71,5.14,3.87,98.2,20.6,22.8,24.8,21.3,35.2,37.5,43.9,36.4,44.2,9.7,22.3,168.3,35.1,147.8,1.505,6.7,Standby,18.4,15.1,17.8,19.7,No,0.0,NONE
2025-07-13 04:00:00,18.91,20.22,29.18,19.22,5.45,3.9,96.54,20.8,21.9,24.7,20.3,33.6,40.6,44.2,36.7,54.3,9.1,21.7,154.9,35.2,146.37,1.5162,6.7,Standby,19.1,17.1,20.1,18.2,No,0.0,NONE
2025-07-13 05:00:00,18.32,22.51,27.02,18.91,5.44,3.6,95.76,20.8,21.6,23.2,19.9,33.0,36.2,40.7,35.1,47.4,8.2,19.5,161.3,31.1,144.41,1.508,6.6,Standby,18.6,15.3,17.6,17.0,No,0.0,NONE
2025-07-13 06:00:00,19.45,21.27,26.17,19.79,5.33,3.86,95.68,19.5,22.7,21.9,21.6,35.6,36.2,43.5,35.2,61.1,8.8,20.4,160.4,31.9,147.11,1.5376,6.7,Standby,19.4,16.2,19.6,18.3,No,0.0,NONE
2025-07-13 07:00:00,17.49,22.34,26.2,19.78,4.97,3.77,94.79,19.5,22.4,24.7,20.4,36.0,38.2,40.4,36.9,61.2,8.6,20.6,149.7,33.1,143.6,1.5149,6.5,Standby,19.0,17.6,19.5,18.9,No,0.0,NONE
2025-07-13 08:00:00,17.97,22.79,28.62,20.09,5.03,3.68,98.47,21.5,21.9,25.1,21.6,34.2,38.9,43.2,37.4,55.7,9.2,22.3,173.6,37.3,146.53,1.488,6.7,Standby,17.0,17.9,18.7,18.4,No,0.0,NONE
2025-07-13 09:00:00,18.23,22.34,30.01,19.35,5.3,3.85,98.93,20.6,21.0,22.8,20.8,32.6,36.0,42.9,34.0,45.1,8.5,20.1,144.6,32.1,150.94,1.5256,6.9,Standby,19.0,18.1,21.5,19.5,No,0.0,NONE
2025-07-13 10:00:00,18.77,20.13,27.32,19.53,5.44,3.98,94.76,20.7,20.8,23.4,20.2,35.1,37.6,42.7,36.3,46.8,9.1,21.4,161.2,34.4,143.09,1.5101,6.5,Standby,15.8,14.1,19.6,16.5,No,0.0,NONE
2025-07-13 11:00:00,16.9,20.35,27.37,20.09,4.95,3.77,93.71,21.0,22.1,23.1,21.4,34.0,37.9,44.5,37.5,65.9,9.0,21.8,153.0,36.0,141.35,1.5084,6.4,Standby,15.6,16.0,17.6,18.2,No,0.0,NONE
2025-07-13 12:00:00,18.24,21.55,27.28,20.41,5.45,3.86,96.48,20.6,21.8,22.5,21.9,33.8,37.5,39.6,35.1,52.3,8.9,21.4,169.5,35.0,149.47,1.5493,6.8,Standby,18.7,17.7,17.7,19.2,No,0.0,NONE
2025-07-13 13:00:00,18.18,22.32,26.42,19.84,5.42,3.65,95.76,21.1,20.6,24.2,20.4,34.6,38.9,41.8,34.9,62.0,9.4,21.3,163.6,33.0,145.44,1.5187,6.6,Standby,18.1,17.4,18.4,15.9,No,0.0,NONE
2025-07-13 14:00:00,16.64,22.19,23.81,19.26,5.24,3.89,90.9,19.4,22.2,23.2,21.2,33.9,36.1,40.7,34.0,38.6,8.0,18.1,136.3,27.2,135.57,1.4914,6.2,Standby,15.1,13.7,17.6,17.1,No,0.0,NONE
2025-07-13 15:00:00,17.76,22.13,24.33,19.71,5.35,3.76,92.94,19.1,20.9,22.0,19.3,35.1,33.8,36.3,33.6,57.9,7.7,17.8,144.3,26.9,138.14,1.4864,6.3,Standby,16.5,15.2,18.4,14.7,No,0.0,NONE
2025-07-13 16:00:00,18.95,21.73,26.26,19.14,5.1,3.76,95.07,18.9,22.2,22.6,20.2,31.8,36.9,39.8,35.8,45.0,7.6,17.3,150.0,25.9,143.45,1.5088,6.5,Standby,18.7,15.6,17.5,17.9,No,0.0,NONE
2025-07-13 17:00:00,18.38,21.34,24.39,19.19,5.02,3.98,92.3,19.0,21.1,21.5,20.4,33.4,37.9,37.3,33.1,56.7,7.3,16.6,131.1,24.5,143.67,1.5566,6.5,Standby,15.9,16.7,19.8,18.7,No,0.0,NONE
2025-07-13 18:00:00,18.91,21.56,24.31,20.57,5.43,3.67,94.35,20.1,20.0,22.8,19.0,32.1,37.4,36.6,34.6,48.3,7.8,16.5,131.0,22.3,143.52,1.5212,6.5,Standby,17.6,16.2,18.9,17.2,No,0.0,NONE
2025-07-13 19:00:00,19.45,23.02,25.82,18.91,5.11,3.99,96.19,19.8,20.1,23.3,19.7,31.9,38.1,39.2,36.6,57.1,7.9,18.4,137.8,28.4,144.36,1.5007,6.6,Standby,16.5,17.8,20.3,16.6,No,0.0,NONE
2025-07-13 20:00:00,17.01,24.32,26.2,21.58,5.08,3.62,98.11,18.6,20.9,22.8,21.0,33.7,34.3,41.2,35.7,48.1,7.9,17.6,134.6,25.7,152.72,1.5566,6.9,Standby,18.4,16.8,19.6,17.6,No,0.0,NONE
2025-07-13 21:00:00,19.36,20.43,25.97,19.77,5.25,3.62,94.53,20.5,21.6,24.0,20.2,32.8,39.0,42.1,33.1,61.1,8.3,19.1,139.7,29.1,146.28,1.5475,6.6,Standby,19.3,15.9,20.6,17.3,No,0.0,NONE
2025-07-13 22:00:00,17.96,22.06,26.19,19.87,5.3,3.62,95.08,20.5,22.2,22.0,20.8,33.5,36.6,37.8,36.1,62.8,8.2,18.6,147.9,27.7,141.52,1.4885,6.4,Standby,17.6,14.2,18.5,16.2,No,0.0,NONE
2025-07-13 23:00:00,20.05,21.45,22.81,20.46,4.96,4.0,93.78,18.8,21.8,21.9,21.0,31.1,36.8,41.6,34.9,55.4,8.1,17.8,149.2,25.4,145.56,1.5522,6.6,Standby,18.1,17.9,19.8,17.5,No,0.0,NONE
2025-07-14 00:00:00,17.92,21.35,28.28,20.47,4.91,3.93,97.02,19.3,21.5,24.6,20.9,35.7,35.8,38.4,34.9,58.0,8.5,20.2,153.1,32.4,150.32,1.5494,6.8,Standby,16.7,14.8,21.4,17.2,No,0.0,NONE
2025-07-14 01:00:00,19.7,23.17,25.83,19.63,5.38,3.99,97.33,19.9,22.3,24.2,20.3,32.4,35.8,39.1,34.6,55.7,8.0,18.7,146.2,29.1,145.61,1.496,6.6,Standby,18.1,16.2,17.8,16.9,No,0.0,NONE
2025-07-14 02:00:00,17.75,21.59,27.65,20.11,5.35,3.7,96.1,21.5,21.3,24.3,20.5,36.0,36.7,43.2,34.7,48.0,10.0,23.3,170.4,37.8,148.06,1.5406,6.7,Standby,18.8,15.5,20.8,16.2,No,0.0,NONE
2025-07-14 03:00:00,19.13,22.06,23.33,19.38,5.45,3.6,92.91,19.9,21.8,22.5,20.7,34.8,35.6,38.4,33.0,62.9,8.1,18.6,150.1,28.1,144.68,1.5573,6.6,Standby,15.5,15.8,18.9,15.9,No,0.0,NONE
2025-07-14 04:00:00,18.43,22.51,26.18,18.74,5.17,3.78,94.85,19.1,20.4,22.6,20.1,32.3,37.4,37.3,32.8,54.7,8.2,18.8,145.5,28.7,140.95,1.4861,6.4,Standby,15.2,13.7,16.7,18.7,No,0.0,NONE
2025-07-14 05:00:00,18.95,22.45,24.47,20.23,5.27,3.66,95.1,19.5,22.6,24.0,20.1,35.8,34.7,38.9,35.1,55.2,8.5,19.2,149.9,29.3,146.62,1.5417,6.7,Standby,18.8,17.1,19.8,19.5,No,0.0,NONE
2025-07-14 06:00:00,18.99,21.81,29.62,20.51,5.48,3.79,99.94,21.5,22.6,25.4,21.7,35.1,39.3,44.5,35.9,64.2,10.0,23.7,159.2,39.1,151.7,1.5179,6.9,Standby,19.0,14.7,21.2,18.3,No,0.0,NONE
2025-07-14 07:00:00,18.81,22.51,27.68,21.18,5.18,3.83,99.17,19.5,21.4,22.2,19.7,35.2,36.4,42.7,35.3,60.8,9.1,20.5,162.8,31.5,151.53,1.5279,6.9,Standby,17.9,18.0,21.1,18.1,No,0.0,NONE
2025-07-14 08:00:00,18.8,21.58,24.39,19.58,5.28,3.67,93.34,21.2,22.5,24.4,20.8,35.8,38.5,42.5,35.1,55.3,8.6,20.7,165.1,33.8,138.77,1.4867,6.3,Standby,14.8,13.9,19.5,17.3,No,0.0,NONE
2025-07-14 09:00:00,18.69,23.25,29.93,19.8,4.92,3.73,100.67,20.8,21.2,23.6,20.3,34.7,41.4,42.1,38.4,64.1,9.9,23.3,168.0,37.9,149.38,1.4838,6.8,Standby,17.0,18.2,18.6,17.3,No,0.0,NONE
2025-07-14 10:00:00,17.05,21.96,25.26,20.14,5.12,3.97,93.41,20.3,22.4,22.1,19.8,32.9,39.4,37.9,35.1,42.4,8.1,19.4,150.4,30.9,141.61,1.516,6.4,Standby,18.0,15.1,18.9,15.3,No,0.0,NONE
2025-07-14 11:00:00,17.65,21.8,24.67,19.6,5.44,3.91,92.72,20.5,22.1,23.6,19.9,35.3,36.3,38.5,36.3,55.2,8.8,19.7,147.2,29.6,140.8,1.5185,6.4,Standby,15.9,17.0,18.5,15.0,No,0.0,NONE
2025-07-14 12:00:00,18.53,21.5,25.53,19.5,5.04,3.88,94.05,20.3,20.9,23.5,20.7,33.3,35.0,40.0,34.7,48.0,8.7,20.3,160.0,31.8,139.78,1.4862,6.4,Standby,17.6,16.2,19.9,14.9,No,0.0,NONE
2025-07-14 13:00:00,18.71,22.62,23.61,20.22,5.25,3.79,94.17,19.0,21.6,21.9,20.1,32.5,35.9,37.5,34.2,42.3,7.9,17.8,138.3,26.6,145.17,1.5417,6.6,Standby,16.6,14.8,18.3,18.7,No,0.0,NONE
2025-07-14 14:00:00,18.37,23.41,24.93,20.65,5.25,3.74,96.36,18.8,21.0,20.2,20.1,30.5,36.1,39.4,33.1,53.8,7.3,15.3,135.2,19.3,144.54,1.5,6.6,Standby,16.2,17.0,19.6,15.8,No,0.0,NONE
2025-07-14 15:00:00,19.77,22.02,24.82,19.52,5.06,3.67,95.14,20.4,21.3,20.9,20.8,31.4,37.8,38.1,33.9,50.8,7.5,16.9,136.9,24.6,146.9,1.5441,6.7,Standby,16.0,16.8,19.7,17.9,No,0.0,NONE
2025-07-14 16:00:00,19.3,21.03,26.17,21.21,5.42,3.89,96.71,20.5,21.6,21.4,20.0,33.3,37.5,39.0,34.0,55.6,8.0,17.6,132.7,25.5,144.94,1.4987,6.6,Standby,18.0,16.9,18.7,18.3,No,0.0,NONE
2025-07-14 17:00:00,18.58,21.38,24.15,19.79,5.24,3.7,92.9,19.3,19.7,20.9,19.4,33.8,37.1,37.5,32.5,60.8,7.6,17.1,130.2,24.8,142.48,1.5338,6.5,Standby,18.2,14.3,17.4,15.2,No,0.0,NONE
2025-07-14 18:00:00,18.09,21.37,24.28,19.03,5.01,3.81,91.77,19.5,21.2,21.1,19.6,31.8,37.0,37.2,32.7,52.1,8.0,17.0,127.5,23.3,137.62,1.4996,6.3,Standby,14.9,16.5,17.0,17.8,No,0.0,NONE
2025-07-14 19:00:00,18.99,21.24,25.11,19.42,4.99,3.71,93.76,19.1,20.8,21.6,20.9,33.6,35.4,38.0,33.5,51.4,8.1,18.3,135.2,27.5,139.89,1.492,6.4,Standby,16.9,17.4,18.7,16.9,No,0.0,NONE
2025-07-14 20:00:00,18.07,22.96,24.74,19.89,5.11,3.88,94.65,19.2,20.4,22.2,20.4,34.9,34.2,37.3,36.1,53.4,8.1,17.8,137.4,25.8,141.82,1.4982,6.4,Standby,15.1,17.2,17.6,17.2,No,0.0,NONE
2025-07-14 21:00:00,17.62,21.55,24.95,20.33,5.45,3.78,93.45,20.2,20.6,22.9,19.8,33.8,37.0,38.6,36.8,49.3,9.1,20.6,156.5,31.8,140.02,1.4982,6.4,Standby,15.0,15.0,18.4,16.7,No,0.0,NONE
2025-07-14 22:00:00,18.63,20.58,24.32,21.17,5.08,3.79,93.71,20.4,22.2,23.7,20.6,32.8,38.0,43.0,36.4,51.0,8.7,19.9,144.5,30.5,139.48,1.4885,6.3,Standby,16.6,17.2,16.4,17.1,No,0.0,NONE
2025-07-14 23:00:00,17.74,21.24,27.66,20.64,5.25,3.96,96.28,20.8,20.7,22.7,20.7,35.2,38.7,41.7,34.0,60.7,8.6,20.7,152.5,33.5,148.42,1.5415,6.7,Standby,18.5,15.2,19.3,16.8,No,0.0,NONE
2025-07-15 00:00:00,19.05,21.95,24.65,20.43,4.93,3.92,95.07,19.6,21.0,23.4,19.4,33.2,36.4,39.7,35.2,54.2,8.0,18.1,147.3,26.9,147.87,1.5554,6.7,Standby,19.1,18.2,17.3,17.4,No,0.0,NONE
2025-07-15 01:00:00,19.69,21.46,25.4,20.22,5.05,3.65,95.77,19.2,20.5,23.7,20.0,34.5,38.0,39.2,33.6,51.2,8.7,19.3,151.3,28.7,148.91,1.5549,6.8,Standby,16.4,17.6,20.6,19.6,No,0.0,NONE
2025-07-15 02:00:00,19.38,21.93,24.37,20.39,5.48,3.88,95.08,20.9,21.5,22.2,21.6,35.6,40.3,38.2,36.7,48.7,9.3,21.5,167.3,34.1,147.06,1.5468,6.7,Standby,17.4,16.0,17.3,19.1,No,0.0,NONE
2025-07-15 03:00:00,17.18,22.52,26.9,20.14,4.97,3.89,95.74,19.5,22.1,22.0,21.1,34.2,38.8,40.3,34.1,57.3,8.2,19.4,147.2,30.5,147.67,1.5425,6.7,Standby,16.9,14.6,20.5,18.6,No,0.0,NONE
2025-07-15 04:00:00,17.86,21.98,27.39,20.26,5.44,3.92,96.49,19.7,23.4,25.2,21.4,34.8,40.5,44.0,35.9,60.8,9.4,22.3,152.8,36.3,144.89,1.5016,6.6,Standby,18.6,17.2,20.7,18.6,No,0.0,NONE
2025-07-15 05:00:00,19.59,22.25,24.73,19.43,5.09,3.79,94.99,20.1,20.9,21.7,19.7,34.4,39.1,39.7,35.0,41.0,8.5,19.5,151.7,29.9,142.84,1.5037,6.5,Standby,18.9,17.1,18.5,18.7,No,0.0,NONE
2025-07-15 06:00:00,16.68,20.86,27.54,19.82,5.3,3.8,93.89,20.2,20.7,23.8,20.6,32.5,38.6,42.5,33.1,60.4,9.0,20.1,147.7,30.4,146.18,1.5569,6.6,Standby,17.8,14.3,18.8,17.2,No,0.0,NONE
2025-07-15 07:00:00,18.09,20.86,31.41,20.13,5.0,3.73,99.48,20.9,23.3,24.9,21.8,34.0,38.3,41.4,36.0,47.9,9.5,22.2,156.9,35.9,148.4,1.4917,6.7,Standby,19.2,15.7,19.2,17.3,No,0.0,NONE
2025-07-15 08:00:00,17.24,21.88,29.26,20.99,5.49,3.72,98.37,20.4,22.4,24.2,21.3,37.0,40.0,40.4,36.9,48.3,10.2,23.5,170.0,37.9,149.93,1.5242,6.8,Standby,17.7,18.1,17.8,19.8,No,0.0,NONE
2025-07-15 09:00:00,18.02,21.48,27.1,19.97,5.24,3.9,95.57,19.1,21.5,22.0,20.3,35.8,39.3,42.8,34.4,57.5,8.0,18.9,147.9,29.8,142.87,1.495,6.5,Standby,18.6,15.7,18.5,18.0,No,0.0,NONE
2025-07-15 10:00:00,18.57,23.7,28.75,19.89,5.18,3.99,99.92,20.2,23.0,23.2,21.5,35.4,39.3,45.6,37.1,59.9,10.5,24.7,172.4,40.6,151.8,1.5193,6.9,Standby,17.5,18.6,21.6,19.7,No,0.0,NONE
2025-07-15 11:00:00,18.03,23.71,30.39,20.94,5.06,3.67,102.07,20.7,22.9,23.8,21.7,33.7,38.5,41.1,35.3,44.9,9.5,22.0,160.7,34.8,151.9,1.4882,6.9,Standby,17.1,18.3,19.2,19.7,No,0.0,NONE
2025-07-15 12:00:00,19.25,19.27,23.95,20.17,5.08,3.77,91.63,19.1,21.4,24.1,20.0,35.4,38.1,41.2,35.6,58.1,8.3,18.7,153.4,28.3,138.82,1.515,6.3,Standby,16.0,16.6,19.9,15.1,No,0.0,NONE
2025-07-15 13:00:00,18.16,22.2,28.72,20.16,5.08,3.85,98.24,20.4,21.0,22.6,21.1,33.5,36.0,43.3,33.6,48.4,8.8,20.2,161.7,31.2,150.06,1.5276,6.8,Standby,19.4,15.3,18.5,16.7,No,0.0,NONE
2025-07-15 14:00:00,19.23,20.34,24.99,19.75,5.24,3.97,93.31,20.0,21.3,21.2,20.2,33.5,36.8,36.9,36.2,52.6,7.9,17.9,144.2,26.6,138.84,1.4879,6.3,Standby,16.3,15.9,16.6,16.4,No,0.0,NONE
2025-07-15 15:00:00,18.67,22.11,27.99,19.4,5.32,3.86,97.17,18.8,20.2,23.5,19.7,34.7,38.1,42.1,35.9,52.5,8.3,18.8,146.6,28.3,147.16,1.5145,6.7,Standby,16.5,14.7,20.6,17.2,No,0.0,NONE
2025-07-15 16:00:00,18.14,22.18,25.84,19.09,5.5,3.95,94.25,18.8,22.1,23.2,20.7,34.3,37.9,40.1,34.1,37.6,8.2,17.8,131.9,25.2,139.64,1.4816,6.3,Standby,15.9,15.8,17.4,16.4,No,0.0,NONE
2025-07-15 17:00:00,19.95,23.26,22.62,20.25,5.47,3.95,95.08,19.7,20.5,21.5,20.8,34.4,34.4,40.7,36.1,40.1,8.0,18.2,141.0,27.4,147.75,1.5539,6.7,Standby,17.4,15.9,20.4,16.2,No,0.0,NONE
2025-07-15 18:00:00,17.66,20.79,24.7,20.95,5.47,3.82,93.1,20.2,19.7,22.3,20.3,31.4,37.2,40.5,34.5,50.0,7.6,16.8,136.0,23.9,138.23,1.4848,6.3,Standby,17.4,14.3,16.4,16.8,No,0.0,NONE
2025-07-15 19:00:00,16.36,21.36,23.89,19.64,4.94,3.73,90.26,20.0,19.9,23.4,19.2,32.8,37.7,35.7,32.4,51.2,7.9,16.7,130.9,22.9,140.69,1.5588,6.4,Standby,18.0,16.3,18.6,16.6,No,0.0,NONE
2025-07-15 20:00:00,18.79,22.76,23.69,19.51,5.29,3.87,93.76,19.9,20.3,23.2,19.4,32.5,35.6,40.1,33.6,49.9,7.9,17.2,141.4,24.3,145.08,1.5474,6.6,Standby,18.8,18.0,20.0,16.6,No,0.0,NONE
2025-07-15 21:00:00,18.76,21.34,24.42,21.39,5.19,3.83,94.91,19.6,21.0,23.1,19.2,34.7,35.0,39.3,32.3,49.8,7.3,16.9,150.3,25.2,145.96,1.538,6.6,Standby,18.8,15.3,18.4,18.1,No,0.0,NONE
2025-07-15 22:00:00,17.98,22.67,26.43,21.59,5.0,3.63,97.66,19.0,20.6,23.2,20.3,31.6,36.3,39.7,32.9,40.6,8.5,18.6,153.9,27.0,146.53,1.5004,6.7,Standby,17.3,17.2,17.7,16.1,No,0.0,NONE
2025-07-15 23:00:00,18.11,22.69,25.14,18.72,5.08,3.84,93.65,20.2,23.0,23.3,21.1,33.3,35.8,38.3,35.7,63.0,9.0,20.7,162.8,32.3,145.86,1.5575,6.6,Standby,19.0,14.3,20.1,19.0,No,0.0,NONE
2025-07-16 00:00:00,19.65,21.69,27.26,19.16,5.47,3.92,96.76,19.2,21.6,22.8,19.8,34.9,37.7,37.0,34.7,57.9,8.5,18.7,149.0,27.3,144.33,1.4917,6.6,Standby,16.0,17.8,19.2,18.8,No,0.0,NONE
2025-07-16 01:00:00,17.0,22.45,26.97,20.86,5.1,3.73,96.29,19.5,20.9,23.8,20.5,34.8,37.9,42.1,37.2,47.7,9.2,21.4,149.2,34.0,146.99,1.5266,6.7,Standby,17.1,16.4,20.1,17.2,No,0.0,NONE
2025-07-16 02:00:00,17.56,23.19,28.45,19.43,5.25,3.78,97.63,21.0,23.3,23.7,20.7,35.0,39.2,42.6,37.0,58.1,9.1,21.6,170.2,35.1,149.09,1.5271,6.8,Standby,19.7,15.9,17.4,16.5,No,0.0,NONE
2025-07-16 03:00:00,17.94,21.12,25.49,20.24,5.22,3.81,93.8,19.9,21.9,24.2,21.0,34.9,37.2,41.8,37.1,46.5,8.7,20.8,164.4,33.5,139.43,1.4865,6.3,Standby,18.0,15.3,20.0,15.8,No,0.0,NONE
2025-07-16 04:00:00,18.44,23.08,25.59,20.34,5.38,3.67,96.46,19.5,20.9,24.6,21.0,34.1,38.8,40.5,37.1,60.8,9.5,21.8,152.2,34.3,145.25,1.5058,6.6,Standby,17.3,14.0,19.0,17.0,No,0.0,NONE
2025-07-16 05:00:00,17.59,22.32,25.57,20.43,5.23,3.78,94.9,20.9,22.4,22.8,20.5,32.8,38.1,42.4,35.3,65.1,9.3,21.1,149.5,32.9,147.89,1.5584,6.7,Standby,16.3,17.8,17.3,19.4,No,0.0,NONE
2025-07-16 06:00:00,18.24,19.64,27.71,20.41,5.29,3.97,95.0,21.2,22.6,22.8,20.3,34.9,40.1,41.2,34.0,63.1,9.0,20.9,155.3,33.0,144.01,1.5159,6.5,Standby,18.3,14.8,19.2,16.2,No,0.0,NONE
2025-07-16 07:00:00,17.3,21.58,24.16,20.56,5.26,3.68,92.6,19.0,20.6,22.5,20.6,35.6,35.6,38.4,36.5,52.9,8.1,19.2,153.4,30.4,138.29,1.4934,6.3,Standby,17.4,14.6,19.3,16.4,No,0.0,NONE
2025-07-16 08:00:00,19.17,21.17,27.62,20.46,5.39,3.61,97.42,20.9,20.7,24.9,20.0,35.9,38.9,43.3,34.3,50.7,9.2,21.3,154.5,33.7,147.29,1.512,6.7,Standby,16.0,15.4,19.6,19.6,No,0.0,NONE
2025-07-16 09:00:00,17.86,20.77,24.89,19.94,5.15,3.95,92.47,20.3,21.9,22.3,20.9,33.8,34.8,41.7,34.2,61.4,7.8,18.2,153.5,28.0,141.95,1.5351,6.5,Standby,17.3,13.8,19.6,15.1,No,0.0,NONE
2025-07-16 10:00:00,17.94,20.94,28.8,19.05,5.16,3.99,95.73,21.0,22.3,24.4,21.0,35.6,36.2,40.2,34.5,41.8,8.9,20.4,147.3,31.6,142.66,1.4902,6.5,Standby,16.1,14.7,19.3,16.5,No,0.0,NONE
2025-07-16 11:00:00,19.61,21.49,25.63,20.18,5.15,3.94,95.91,19.9,20.3,22.9,20.7,31.3,37.0,40.4,33.5,61.5,7.4,17.0,139.8,25.5,146.35,1.5259,6.7,Standby,18.9,15.2,18.6,19.2,No,0.0,NONE
2025-07-16 12:00:00,18.87,21.9,25.55,20.05,5.09,3.87,95.37,20.0,21.1,24.3,20.4,33.2,35.6,38.4,35.3,42.0,8.3,19.7,157.3,31.3,148.27,1.5547,6.7,Standby,16.1,16.1,20.1,18.5,No,0.0,NONE
2025-07-16 13:00:00,18.51,22.95,27.16,19.58,5.02,3.62,97.2,19.5,22.3,24.2,20.2,34.3,35.1,38.6,35.5,46.5,8.9,20.3,156.6,31.3,145.0,1.4918,6.6,Standby,15.6,17.5,17.8,18.5,No,0.0,NONE
2025-07-16 14:00:00,17.99,23.19,24.78,19.42,5.23,3.67,94.37,20.0,20.7,22.7,20.2,33.6,39.2,38.3,36.0,50.1,8.7,20.5,160.9,32.6,146.35,1.5507,6.7,Standby,17.5,14.9,20.8,18.2,No,0.0,NONE
2025-07-16 15:00:00,18.46,20.56,24.3,19.96,5.33,3.77,92.29,19.9,21.4,24.0,21.1,33.0,38.4,42.2,36.0,40.0,8.1,18.4,138.9,27.5,137.7,1.4921,6.3,Standby,15.8,13.6,18.6,15.9,No,0.0,NONE
2025-07-16 16:00:00,18.04,23.31,22.45,21.16,5.1,3.77,93.95,18.7,20.2,23.5,19.8,33.7,34.6,39.5,33.7,56.7,7.9,17.1,139.2,24.0,144.05,1.5332,6.5,Standby,16.9,17.7,17.5,17.3,No,0.0,NONE
2025-07-16 17:00:00,18.09,21.28,22.93,20.05,5.33,3.79,91.35,20.0,20.2,21.0,20.0,33.5,38.0,40.1,35.5,55.7,8.1,17.5,137.0,24.9,135.99,1.4887,6.2,Standby,18.3,15.9,18.3,15.6,No,0.0,NONE
2025-07-16 18:00:00,17.74,21.53,24.21,20.0,4.99,3.62,92.48,19.9,20.0,21.9,20.4,32.5,37.1,38.7,34.0,55.2,7.1,15.9,144.6,22.5,138.22,1.4945,6.3,Standby,15.5,13.9,19.3,18.2,No,0.0,NONE
2025-07-16 19:00:00,18.59,20.77,27.53,20.0,5.45,3.83,95.89,19.5,20.6,21.3,19.5,33.1,36.8,36.1,33.9,37.9,7.9,17.2,133.1,24.3,145.52,1.5175,6.6,Standby,16.2,17.2,18.0,16.6,No,0.0,NONE
2025-07-16 20:00:00,18.93,21.84,25.95,20.45,5.23,3.67,96.17,19.8,19.7,22.7,19.1,30.6,35.7,34.3,34.1,58.4,6.6,14.6,123.4,18.9,143.26,1.4896,6.5,Standby,16.1,17.0,20.3,16.5,No,0.0,NONE
2025-07-16 21:00:00,18.3,22.18,24.88,20.77,5.38,3.73,95.13,18.8,19.9,21.8,20.2,33.9,36.2,40.2,35.1,52.7,8.0,18.0,138.5,26.7,142.68,1.4998,6.5,Standby,17.8,17.1,16.7,18.5,No,0.0,NONE
2025-07-16 22:00:00,17.69,22.3,25.71,19.91,5.48,3.65,94.61,18.8,20.6,21.2,20.8,32.3,35.1,36.3,34.9,48.3,7.2,16.2,137.9,23.4,142.08,1.5018,6.5,Standby,17.6,14.3,17.0,17.3,No,0.0,NONE
2025-07-16 23:00:00,18.55,20.68,26.29,19.85,5.46,3.61,94.37,21.0,21.0,24.0,20.5,33.6,39.5,42.9,35.6,63.8,9.1,20.3,146.1,30.7,141.62,1.5007,6.4,Standby,18.1,15.0,20.0,16.4,No,0.0,NONE
2025-07-17 00:00:00,19.04,22.77,27.63,19.45,5.03,3.83,97.89,19.9,20.3,24.3,21.0,35.6,37.5,39.0,34.8,60.8,8.8,19.9,152.8,30.1,151.84,1.5511,6.9,Standby,17.0,15.3,18.1,16.6,No,0.0,NONE
2025-07-17 01:00:00,19.88,21.9,27.1,20.67,4.92,3.89,98.55,19.4,22.5,24.1,21.8,32.7,36.5,38.4,37.3,54.4,8.8,20.7,152.0,33.0,149.77,1.5197,6.8,Standby,19.8,15.1,18.8,18.5,No,0.0,NONE
2025-07-17 02:00:00,18.34,24.05,25.77,19.19,5.1,3.94,96.34,20.0,21.5,22.9,20.7,32.8,36.7,39.6,37.1,59.2,9.3,21.4,163.6,33.6,148.74,1.5439,6.8,Standby,16.9,15.8,21.2,18.2,No,0.0,NONE
2025-07-17 03:00:00,17.66,23.67,25.47,19.81,5.29,3.78,95.62,20.6,20.7,22.7,21.5,32.5,38.2,40.9,33.6,44.2,8.6,20.2,151.9,31.8,142.29,1.4881,6.5,Standby,16.2,14.1,18.0,17.8,No,0.0,NONE
2025-07-17 04:00:00,19.6,22.42,25.56,20.44,4.99,3.8,97.01,19.5,20.9,24.0,21.5,34.2,38.8,41.1,36.9,64.3,8.9,20.5,156.5,32.0,146.49,1.5101,6.7,Standby,18.9,17.8,18.0,16.7,No,0.0,NONE
2025-07-17 05:00:00,19.55,22.38,25.76,19.59,5.29,3.67,96.28,20.1,20.2,22.2,21.1,34.7,37.3,42.1,34.8,47.1,8.9,20.0,155.3,30.2,145.0,1.506,6.6,Standby,18.8,15.2,20.3,18.1,No,0.0,NONE
2025-07-17 06:00:00,18.67,19.71,26.4,18.96,5.0,3.68,92.73,20.7,22.6,23.0,20.5,33.3,38.5,38.6,36.4,56.4,9.3,21.2,155.2,33.0,143.22,1.5444,6.5,Standby,18.4,16.1,17.4,17.5,No,0.0,NONE
2025-07-17 07:00:00,18.53,22.06,30.29,19.93,4.92,3.67,99.81,21.5,22.6,24.8,21.7,34.9,41.6,40.9,35.0,51.6,9.8,23.9,166.9,40.0,148.77,1.4905,6.8,Standby,17.9,15.0,20.4,16.7,No,0.0,NONE
2025-07-17 08:00:00,19.41,22.42,27.5,20.14,4.95,3.71,98.48,21.3,21.0,23.0,21.0,36.9,36.7,43.2,35.3,42.6,9.7,22.1,162.2,34.8,146.28,1.4854,6.6,Standby,18.7,16.1,18.9,18.2,No,0.0,NONE
2025-07-17 09:00:00,19.55,23.27,27.17,18.76,5.04,3.63,97.75,20.8,20.7,22.5,21.2,35.3,36.8,41.4,34.1,63.6,9.0,20.2,149.4,30.6,151.53,1.5502,6.9,Standby,20.0,18.4,20.2,16.5,No,0.0,NONE
2025-07-17 10:00:00,20.0,21.64,25.5,20.1,5.25,3.93,96.23,19.3,20.1,21.9,21.3,34.0,38.4,40.7,33.3,42.2,8.3,18.9,156.5,28.6,147.21,1.5297,6.7,Standby,17.6,18.0,17.7,17.7,No,0.0,NONE
2025-07-17 11:00:00,18.36,22.11,27.36,18.34,5.28,3.63,95.17,19.1,22.3,23.1,20.7,35.8,37.5,38.8,35.0,52.5,8.8,20.0,156.5,30.9,141.68,1.4888,6.4,Standby,17.7,15.0,19.8,17.1,No,0.0,NONE
2025-07-17 12:00:00,18.72,21.42,26.15,19.96,4.98,3.63,95.25,19.9,20.8,22.5,21.9,34.6,40.3,40.8,37.1,59.8,8.9,21.3,153.0,34.7,143.55,1.5071,6.5,Standby,15.9,15.7,17.1,16.8,No,0.0,NONE
2025-07-17 13:00:00,19.14,20.52,25.22,20.14,5.42,3.86,94.02,20.4,20.0,22.4,20.1,34.2,38.4,35.9,34.8,39.0,8.1,18.0,134.6,26.0,139.51,1.4838,6.3,Standby,16.4,16.7,18.4,18.1,No,0.0,NONE
2025-07-17 14:00:00,18.71,22.67,26.96,20.3,5.35,3.9,97.65,19.2,20.8,22.2,20.7,34.2,35.0,39.5,33.0,43.8,8.4,19.3,140.7,29.7,151.15,1.5479,6.9,Standby,16.4,16.6,17.9,19.9,No,0.0,NONE
2025-07-17 15:00:00,19.54,22.6,27.07,19.92,5.18,3.82,98.13,20.2,22.7,23.8,20.6,35.1,36.6,42.2,36.8,64.3,8.5,19.9,144.9,31.3,151.32,1.542,6.9,Standby,16.3,15.8,18.3,18.8,No,0.0,NONE
2025-07-17 16:00:00,17.17,22.49,24.98,19.29,5.04,3.89,92.93,19.0,21.3,21.2,20.8,32.6,36.2,36.7,35.4,61.7,8.0,17.4,144.0,24.9,138.01,1.4851,6.3,Standby,15.8,14.0,18.1,18.4,No,0.0,NONE
2025-07-17 17:00:00,18.8,22.75,26.73,19.9,5.48,3.6,97.18,20.7,22.3,22.0,21.6,34.3,38.5,40.1,34.6,55.1,8.7,20.2,153.5,31.8,148.54,1.5285,6.8,Standby,19.4,16.9,19.9,17.1,No,0.0,NONE
2025-07-17 18:00:00,17.45,21.83,23.7,20.59,5.26,3.72,92.56,19.4,22.0,21.4,21.1,32.2,34.9,38.4,36.2,60.8,7.6,17.7,145.0,26.9,140.95,1.5228,6.4,Standby,17.9,16.7,18.4,18.5,No,0.0,NONE
2025-07-17 19:00:00,18.6,20.93,24.83,20.88,5.24,3.88,94.25,19.3,20.2,22.5,20.6,32.7,33.4,37.8,34.4,41.0,7.0,15.6,125.0,22.1,145.62,1.5452,6.6,Standby,17.2,16.7,17.2,16.3,No,0.0,NONE
2025-07-17 20:00:00,19.4,22.23,24.03,19.86,5.03,3.83,94.54,19.6,21.7,23.3,19.5,33.5,37.0,38.7,35.0,49.5,7.8,16.7,135.2,22.8,144.63,1.5299,6.6,Standby,17.8,14.3,18.3,15.4,No,0.0,NONE
2025-07-17 21:00:00,18.03,23.48,24.75,19.85,5.05,3.79,95.1,20.6,21.7,22.9,21.0,34.0,35.0,39.2,33.3,52.2,8.4,18.2,145.7,26.0,148.16,1.5579,6.7,Standby,19.6,16.3,19.3,16.9,No,0.0,NONE
2025-07-17 22:00:00,18.3,22.78,27.21,20.51,5.19,3.73,97.8,19.3,21.5,21.8,19.2,32.7,38.3,39.9,34.4,49.3,7.8,17.8,138.0,26.4,149.77,1.5313,6.8,Standby,19.4,15.0,18.7,18.2,No,0.0,NONE
2025-07-17 23:00:00,17.5,23.14,24.92,20.71,5.1,3.73,95.27,19.9,20.5,23.1,20.2,33.4,37.7,37.8,36.8,53.1,8.3,19.0,157.5,28.8,141.24,1.4826,6.4,Standby,15.7,13.9,19.4,15.9,No,0.0,NONE
2025-07-18 00:00:00,19.27,23.84,27.36,20.41,5.12,3.91,99.88,21.2,22.2,22.6,20.0,32.9,38.0,43.1,35.2,45.1,8.8,20.6,152.6,32.7,151.96,1.5214,6.9,Standby,18.0,17.9,20.9,17.8,No,0.0,NONE
2025-07-18 01:00:00,20.32,21.67,23.85,20.05,5.07,3.95,94.9,19.5,21.9,22.3,19.9,33.5,39.1,41.8,34.0,48.7,8.3,19.2,145.6,29.4,146.34,1.5419,6.7,Standby,18.0,15.8,20.5,17.8,No,0.0,NONE
2025-07-18 02:00:00,18.99,21.19,28.43,19.82,5.14,3.64,97.44,19.5,21.6,23.2,19.7,33.0,38.1,39.5,34.6,41.8,8.5,19.9,155.1,31.3,146.86,1.5072,6.7,Standby,17.2,14.4,18.2,16.1,No,0.0,NONE
2025-07-18 03:00:00,18.16,22.47,26.9,20.1,5.35,3.83,96.63,19.4,20.7,23.6,20.1,34.4,35.7,39.8,36.6,57.8,8.8,20.1,149.2,31.0,147.86,1.5302,6.7,Standby,17.7,16.2,18.8,18.4,No,0.0,NONE
2025-07-18 04:00:00,17.66,23.16,27.93,19.76,5.3,3.91,97.52,19.3,21.8,24.8,21.7,35.5,39.3,39.6,35.4,66.2,9.2,21.0,145.6,32.7,150.98,1.5482,6.9,Standby,19.3,14.8,17.8,18.4,No,0.0,NONE
2025-07-18 05:00:00,17.44,21.37,28.33,19.94,5.0,3.76,96.08,21.0,21.7,24.4,20.7,36.5,40.9,41.7,38.2,60.0,9.4,22.5,162.8,36.9,144.67,1.5057,6.6,Standby,18.2,16.0,17.7,19.1,No,0.0,NONE
2025-07-18 06:00:00,18.39,22.01,25.28,20.56,5.17,3.9,95.24,21.1,21.7,22.6,20.4,34.7,39.7,40.2,36.1,45.1,9.1,20.4,156.8,31.2,145.1,1.5235,6.6,Standby,17.9,16.9,18.6,18.0,No,0.0,NONE
2025-07-18 07:00:00,18.32,20.47,26.49,20.36,5.19,3.96,94.64,19.7,22.6,23.5,19.9,33.4,37.9,39.4,35.1,59.1,9.2,21.3,153.3,33.5,140.74,1.4871,6.4,Standby,18.3,15.2,18.3,17.3,No,0.0,NONE
2025-07-18 08:00:00,17.56,22.36,27.23,20.24,5.33,3.7,96.4,19.6,21.3,24.5,21.8,33.4,39.1,40.8,36.4,63.9,9.2,21.9,170.2,35.4,148.98,1.5455,6.8,Standby,17.6,15.1,17.8,19.9,No,0.0,NONE
2025-07-18 09:00:00,18.92,21.07,29.76,19.16,5.22,3.78,97.9,20.5,23.3,25.2,20.7,35.9,36.9,44.4,35.7,57.1,8.9,21.4,158.8,35.0,149.32,1.5252,6.8,Standby,17.4,15.1,18.0,19.7,No,0.0,NONE
2025-07-18 10:00:00,18.54,21.35,24.22,19.8,5.17,3.97,92.91,21.2,22.7,24.5,21.2,36.3,39.7,39.4,36.6,62.8,9.0,21.1,163.5,33.9,143.33,1.5426,6.5,Standby,18.2,13.8,19.1,16.3,No,0.0,NONE
2025-07-18 11:00:00,19.09,22.85,25.83,19.48,5.02,3.67,96.25,19.2,20.5,22.1,19.6,36.1,36.8,39.7,35.5,61.7,8.6,19.8,151.5,30.7,149.38,1.552,6.8,Standby,18.6,15.3,20.4,16.5,No,0.0,NONE
2025-07-18 12:00:00,19.04,22.9,26.16,19.84,4.93,3.76,96.93,20.4,21.9,22.8,19.8,34.8,35.3,38.8,36.5,51.6,8.4,19.8,153.3,31.3,148.85,1.5356,6.8,Standby,19.9,17.5,19.0,16.3,No,0.0,NONE
2025-07-18 13:00:00,17.64,21.79,26.04,20.22,5.4,3.74,94.69,20.6,22.7,22.1,19.8,33.1,36.4,41.0,37.4,55.0,8.8,20.6,146.1,32.7,147.28,1.5555,6.7,Standby,19.1,15.0,20.7,18.5,No,0.0,NONE
2025-07-18 14:00:00,19.37,21.68,22.52,19.36,5.08,3.76,91.92,19.2,21.5,22.1,19.0,33.2,34.5,37.2,32.6,39.7,7.8,17.0,131.2,23.9,136.42,1.4841,6.2,Standby,15.4,16.5,19.2,18.2,No,0.0,NONE
2025-07-18 15:00:00,19.61,20.71,23.15,20.29,5.12,3.78,92.75,19.0,20.8,20.9,20.6,33.9,32.9,37.6,34.8,45.2,7.1,15.9,130.8,22.7,138.55,1.4938,6.3,Standby,16.3,17.2,19.0,15.7,No,0.0,NONE
2025-07-18 16:00:00,18.73,21.62,25.68,20.54,5.04,3.91,95.57,20.4,20.4,23.9,20.5,32.9,35.2,37.9,34.6,61.8,8.6,19.5,140.3,29.7,145.02,1.5174,6.6,Standby,16.9,16.6,17.4,15.7,No,0.0,NONE
2025-07-18 17:00:00,17.57,21.69,23.75,19.42,5.14,3.73,91.43,18.4,21.7,22.9,20.4,31.5,33.3,35.6,34.0,53.0,7.9,17.2,139.1,24.1,135.77,1.4849,6.2,Standby,18.3,15.0,17.0,17.0,No,0.0,NONE
2025-07-18 18:00:00,18.53,22.37,23.62,18.61,5.44,3.75,92.13,18.9,19.6,23.7,20.5,32.8,37.5,38.1,34.7,61.3,7.8,17.2,129.6,24.7,140.19,1.5217,6.4,Standby,17.6,14.4,20.0,14.9,No,0.0,NONE
2025-07-18 19:00:00,18.07,23.13,24.64,19.93,4.92,3.76,94.76,19.8,21.5,22.4,19.2,34.1,35.3,36.7,33.1,54.4,7.5,17.1,141.6,25.3,142.37,1.5024,6.5,Standby,15.9,14.0,19.0,17.7,No,0.0,NONE
2025-07-18 20:00:00,16.13,21.52,26.13,19.74,5.3,3.64,92.53,20.1,21.3,23.0,19.5,32.4,35.1,36.8,34.6,40.2,7.6,17.6,143.5,26.5,143.77,1.5538,6.5,Standby,16.3,16.9,17.6,16.0,No,0.0,NONE
2025-07-18 21:00:00,18.76,20.99,23.17,19.83,5.35,3.97,91.75,19.5,21.0,23.5,19.2,32.1,37.2,39.0,36.2,43.5,8.5,18.4,134.3,26.5,137.28,1.4963,6.2,Standby,18.0,17.1,15.9,15.6,No,0.0,NONE
2025-07-18 22:00:00,18.16,20.65,25.84,18.99,5.37,3.82,92.65,19.2,21.4,23.5,20.5,34.5,35.9,41.6,34.8,56.2,7.9,17.9,144.0,26.7,139.33,1.5039,6.3,Standby,15.2,15.8,16.2,15.4,No,0.0,NONE
2025-07-18 23:00:00,19.34,23.19,27.62,19.96,5.43,3.83,99.12,19.4,19.8,23.8,19.6,34.7,35.0,38.0,33.2,57.8,8.4,18.4,151.4,26.8,153.19,1.5456,7.0,Standby,18.1,18.7,21.2,18.6,No,0.0,NONE
2025-07-19 00:00:00,18.85,21.47,27.09,19.98,5.36,3.94,96.39,20.1,22.0,22.1,20.9,32.4,36.4,37.6,34.4,41.4,8.3,19.8,144.4,31.6,149.26,1.5486,6.8,Standby,19.7,18.0,18.2,19.6,No,0.0,NONE
2025-07-19 01:00:00,18.34,22.28,24.0,20.39,5.4,3.67,94.01,19.6,20.5,21.5,19.3,32.7,38.5,41.5,34.2,45.9,7.7,17.9,152.0,27.4,144.27,1.5345,6.6,Standby,16.5,16.7,17.8,18.6,No,0.0,NONE
2025-07-19 02:00:00,18.35,22.31,25.7,19.63,5.22,3.82,94.99,19.9,21.7,24.3,20.5,36.1,39.4,41.5,36.0,58.5,8.3,19.6,145.4,30.7,148.15,1.5596,6.7,Standby,19.2,17.6,20.1,19.0,No,0.0,NONE
2025-07-19 03:00:00,18.43,19.2,29.14,20.78,5.33,3.88,96.54,20.1,23.1,23.0,22.2,34.2,39.4,44.0,34.6,61.8,9.6,22.9,169.9,37.7,144.03,1.4919,6.5,Standby,16.2,14.6,17.0,16.0,No,0.0,NONE
2025-07-19 04:00:00,19.52,21.56,28.96,19.76,5.37,3.96,98.8,21.1,22.5,24.7,22.1,36.5,39.9,42.5,35.2,48.8,10.4,24.5,165.0,40.3,151.91,1.5375,6.9,Standby,18.3,17.3,18.5,18.9,No,0.0,NONE
2025-07-19 05:00:00,20.14,22.28,24.55,20.68,5.41,3.82,96.65,21.5,23.0,22.7,21.8,36.2,40.8,44.0,35.5,58.7,9.0,21.6,152.5,35.4,145.47,1.5051,6.6,Standby,18.0,17.8,17.6,17.2,No,0.0,NONE
2025-07-19 06:00:00,17.74,20.31,27.62,20.41,5.36,3.75,95.09,20.4,22.2,22.6,21.6,33.6,40.5,42.1,38.0,53.2,9.2,22.1,159.2,36.2,144.51,1.5198,6.6,Standby,19.3,16.3,17.3,17.6,No,0.0,NONE
2025-07-19 07:00:00,18.43,21.37,25.8,20.28,5.41,3.85,94.88,20.4,21.5,24.8,21.0,32.8,37.2,38.5,36.5,47.6,9.2,21.0,150.8,32.7,141.66,1.4931,6.4,Standby,15.1,17.6,18.3,15.1,No,0.0,NONE
2025-07-19 08:00:00,18.23,21.63,24.65,19.79,5.46,3.81,93.3,19.8,20.2,21.8,20.9,35.7,36.2,42.5,34.1,63.4,8.3,19.0,148.0,29.2,140.72,1.5083,6.4,Standby,17.3,13.6,16.6,18.8,No,0.0,NONE
2025-07-19 09:00:00,18.55,21.18,25.71,19.44,5.33,3.79,93.89,19.1,21.6,21.1,19.3,31.7,35.1,37.6,33.5,40.5,7.8,17.6,146.1,26.1,145.59,1.5507,6.6,Standby,17.2,15.9,20.5,19.2,No,0.0,NONE
2025-07-19 10:00:00,18.43,23.23,26.87,18.68,5.34,3.65,96.21,20.4,21.2,24.6,21.6,35.5,36.2,43.7,36.6,44.2,8.8,20.7,158.0,33.3,145.95,1.517,6.6,Standby,17.8,16.5,19.3,17.7,No,0.0,NONE
2025-07-19 11:00:00,20.07,23.52,23.91,19.17,5.06,3.89,95.67,20.4,21.6,21.9,19.7,31.9,35.8,41.7,33.2,50.6,8.5,18.7,147.5,27.2,142.58,1.4904,6.5,Standby,15.1,17.1,19.0,16.4,No,0.0,NONE
2025-07-19 12:00:00,17.76,22.35,26.32,19.14,5.4,3.7,94.58,20.2,21.8,24.3,19.9,32.3,37.7,41.1,37.1,43.0,9.0,20.3,144.0,31.0,146.39,1.5478,6.7,Standby,17.2,16.9,19.3,19.4,No,0.0,NONE
2025-07-19 13:00:00,19.74,23.37,27.53,19.83,5.26,3.92,99.47,18.9,20.4,23.8,19.4,31.9,36.7,38.7,35.8,55.5,8.0,18.5,140.5,28.4,149.88,1.5068,6.8,Standby,16.7,15.8,17.8,16.4,No,0.0,NONE
2025-07-19 14:00:00,17.54,22.55,25.03,19.16,5.0,3.89,93.28,19.7,21.5,22.0,20.8,33.0,36.9,38.2,34.5,52.3,8.2,18.1,137.9,26.3,141.7,1.5191,6.4,Standby,18.2,14.0,17.3,16.2,No,0.0,NONE
2025-07-19 15:00:00,19.22,22.02,25.13,20.3,5.42,3.98,95.67,19.2,21.2,22.9,20.8,34.0,35.4,40.2,33.8,62.4,7.6,17.2,144.3,25.2,144.22,1.5075,6.6,Standby,16.8,14.2,19.6,16.5,No,0.0,NONE
2025-07-19 16:00:00,18.67,23.05,26.16,20.04,5.14,3.96,96.91,19.7,19.6,23.3,20.7,33.9,37.7,37.7,35.2,60.5,8.0,17.3,141.7,24.4,148.97,1.5371,6.8,Standby,19.0,17.3,18.8,17.2,No,0.0,NONE
2025-07-19 17:00:00,18.6,21.6,25.98,19.39,5.26,3.87,94.57,20.5,20.8,21.4,20.8,33.8,36.3,40.7,32.3,48.8,7.4,16.9,136.2,24.9,147.51,1.5598,6.7,Standby,19.3,14.6,19.5,16.9,No,0.0,NONE
2025-07-19 18:00:00,18.62,22.87,28.11,19.95,4.9,3.95,98.54,18.5,21.4,22.0,19.2,33.6,35.8,38.6,32.7,46.2,7.4,16.1,136.0,22.4,148.08,1.5027,6.7,Standby,17.9,15.8,18.7,19.1,No,0.0,NONE
2025-07-19 19:00:00,18.48,22.55,24.87,20.26,5.29,3.7,95.16,20.1,20.9,22.1,20.5,33.4,34.6,39.3,35.1,59.5,7.4,16.0,125.0,21.8,144.55,1.519,6.6,Standby,16.3,16.1,20.0,19.3,No,0.0,NONE
2025-07-19 20:00:00,18.34,23.2,24.62,19.78,5.35,3.71,94.94,20.2,21.7,23.1,19.9,33.1,36.3,36.6,33.7,42.1,7.8,17.6,140.0,26.1,147.54,1.5541,6.7,Standby,16.8,17.8,17.4,17.9,No,0.0,NONE
2025-07-19 21:00:00,20.01,21.28,26.33,20.38,5.13,3.62,96.99,20.2,22.5,23.5,20.8,32.3,39.7,39.8,33.8,44.1,8.3,19.7,160.8,31.3,147.47,1.5204,6.7,Standby,18.4,15.9,17.4,16.0,No,0.0,NONE
2025-07-19 22:00:00,18.23,24.12,23.56,20.61,4.91,3.76,95.51,20.9,22.2,23.5,21.1,33.0,36.4,42.2,33.4,48.4,8.6,20.1,143.9,31.6,148.16,1.5512,6.7,Standby,19.6,16.7,20.2,17.4,No,0.0,NONE
2025-07-19 23:00:00,18.75,21.33,27.61,19.84,5.03,3.76,96.53,21.2,21.9,24.0,20.5,34.6,41.5,43.7,37.0,57.8,9.7,23.7,166.5,39.8,149.78,1.5517,6.8,Standby,18.5,15.3,17.6,17.6,No,0.0,NONE
2025-07-20 00:00:00,19.22,22.84,24.4,20.03,5.3,3.75,95.48,20.8,21.6,21.7,19.5,33.8,36.5,39.9,34.7,55.1,8.0,19.0,141.3,30.1,148.05,1.5505,6.7,Standby,19.4,17.3,19.4,17.9,No,0.0,NONE
2025-07-20 01:00:00,18.83,20.98,24.3,19.56,5.18,3.81,92.67,19.0,22.4,21.5,20.8,33.1,35.4,37.8,33.4,52.4,7.8,18.3,137.2,28.3,144.13,1.5554,6.6,Standby,15.5,16.9,17.7,17.0,No,0.0,NONE
2025-07-20 02:00:00,17.84,21.51,26.86,19.72,5.11,3.72,94.93,20.7,21.3,23.2,21.7,34.4,37.4,42.5,33.6,50.5,8.5,20.2,162.3,32.3,143.07,1.5072,6.5,Standby,18.0,17.4,19.2,17.3,No,0.0,NONE
2025-07-20 03:00:00,17.31,19.26,28.58,19.97,5.31,3.89,94.12,21.1,21.5,24.3,21.4,33.6,39.8,42.3,36.1,43.9,9.2,21.9,152.7,35.7,145.39,1.5448,6.6,Standby,17.3,17.4,18.4,19.4,No,0.0,NONE
2025-07-20 04:00:00,18.9,20.39,28.59,21.17,5.05,3.85,98.06,19.8,21.9,23.2,21.8,35.8,36.6,41.9,37.4,45.8,9.6,22.4,159.3,36.0,152.07,1.5508,6.9,Standby,18.5,17.8,18.6,20.0,No,0.0,NONE
2025-07-20 05:00:00,20.17,22.83,27.66,19.54,5.26,3.83,99.2,20.2,22.1,21.9,20.8,33.8,36.9,39.8,33.6,40.7,9.0,20.2,151.0,30.7,151.57,1.5279,6.9,Standby,16.6,16.4,19.2,16.8,No,0.0,NONE
2025-07-20 06:00:00,19.3,22.46,28.96,20.03,4.96,3.93,99.74,20.1,21.2,24.8,21.6,37.1,39.8,40.9,38.3,66.5,9.7,23.1,172.7,37.9,148.25,1.4863,6.7,Standby,19.6,17.3,20.8,16.8,No,0.0,NONE
2025-07-20 07:00:00,17.24,22.58,29.55,19.64,5.07,3.95,98.01,19.9,21.4,23.5,21.9,37.3,39.7,45.0,37.0,67.3,10.1,23.5,171.5,37.9,150.62,1.5368,6.8,Standby,17.8,18.5,18.4,17.0,No,0.0,NONE
2025-07-20 08:00:00,18.09,25.08,27.36,19.5,5.49,3.61,99.02,21.2,21.1,22.0,20.6,35.2,36.6,40.4,34.4,41.2,9.2,20.9,159.7,32.3,153.77,1.5529,7.0,Standby,20.0,16.4,18.6,18.0,No,0.0,NONE
2025-07-20 09:00:00,17.31,22.31,27.23,21.42,5.23,3.7,97.27,19.7,22.0,24.5,20.3,37.0,37.9,41.1,35.7,65.8,9.5,22.5,165.8,36.6,144.51,1.4857,6.6,Standby,19.1,17.5,19.9,16.4,No,0.0,NONE
2025-07-20 10:00:00,19.31,21.0,25.54,20.97,5.28,3.82,95.82,19.5,20.3,21.6,21.4,35.4,35.7,38.1,34.2,54.2,8.4,19.3,153.1,29.9,147.02,1.5343,6.7,Standby,15.7,17.7,20.2,17.8,No,0.0,NONE
2025-07-20 11:00:00,18.62,23.09,26.64,19.4,5.12,3.98,96.76,21.0,22.7,23.0,21.2,36.1,39.8,39.0,34.2,53.3,8.9,20.4,150.3,31.7,146.92,1.5185,6.7,Standby,19.1,16.3,20.3,17.5,No,0.0,NONE
2025-07-20 12:00:00,19.22,22.48,25.88,20.31,5.4,3.7,96.9,18.9,20.0,21.2,20.3,32.3,38.2,37.2,35.2,61.7,8.4,18.6,152.0,27.5,144.32,1.4894,6.6,Standby,19.2,17.3,17.6,17.4,No,0.0,NONE
2025-07-20 13:00:00,18.81,20.77,24.41,19.19,5.1,3.83,92.18,19.9,20.9,23.8,20.6,34.8,36.8,38.6,34.1,44.0,7.8,18.1,142.5,27.7,140.5,1.5242,6.4,Standby,18.2,16.8,16.7,18.2,No,0.0,NONE
2025-07-20 14:00:00,19.46,22.27,25.78,21.07,5.29,3.8,97.59,19.4,21.6,23.6,19.4,32.5,39.1,41.7,36.7,55.3,8.2,18.8,146.2,28.6,151.91,1.5567,6.9,Standby,18.3,14.8,19.1,17.9,No,0.0,NONE
2025-07-20 15:00:00,18.27,21.0,24.49,18.96,4.92,3.97,91.73,20.3,21.3,23.5,20.9,32.2,34.9,36.3,34.5,56.0,8.1,18.0,143.3,26.2,140.1,1.5273,6.4,Standby,15.3,15.3,19.5,17.5,No,0.0,NONE
2025-07-20 16:00:00,20.55,21.02,23.34,20.7,5.49,3.64,94.61,20.3,21.4,21.6,19.5,35.0,37.4,37.0,34.0,46.0,8.1,18.8,143.6,29.1,144.89,1.5315,6.6,Standby,17.6,14.9,20.0,16.3,No,0.0,NONE
2025-07-20 17:00:00,16.74,20.61,24.29,19.53,5.12,3.94,90.17,19.3,19.2,22.3,19.5,33.2,35.8,38.9,34.1,36.3,6.9,15.4,140.8,21.6,136.39,1.5126,6.2,Standby,18.2,14.9,19.3,15.0,No,0.0,NONE
2025-07-20 18:00:00,18.45,22.26,25.07,20.71,5.11,3.8,95.49,19.4,19.9,23.7,19.8,35.0,37.0,37.0,34.5,40.1,8.0,17.7,150.5,25.6,143.17,1.4993,6.5,Standby,16.0,14.2,16.9,17.7,No,0.0,NONE
2025-07-20 19:00:00,19.23,21.19,25.51,19.74,5.34,3.99,94.66,18.7,20.9,22.3,19.6,31.8,32.8,40.3,33.4,43.7,7.2,15.8,124.9,22.0,143.44,1.5153,6.5,Standby,18.7,14.3,19.4,15.7,No,0.0,NONE
2025-07-20 20:00:00,19.71,23.72,27.62,20.65,5.1,3.84,100.7,19.2,21.0,23.0,20.0,32.8,36.9,40.1,33.8,55.1,8.5,18.8,143.9,27.7,149.34,1.483,6.8,Standby,19.3,14.9,21.2,16.2,No,0.0,NONE
2025-07-20 21:00:00,19.24,22.06,25.84,19.26,5.22,3.67,95.39,18.6,20.8,21.4,19.8,34.6,36.3,36.3,35.1,49.3,7.9,17.7,144.6,26.0,141.49,1.4834,6.4,Standby,15.1,16.5,19.9,18.0,No,0.0,NONE
2025-07-20 22:00:00,18.61,21.93,25.32,20.47,5.17,3.77,95.33,18.8,21.3,21.2,19.4,33.0,35.5,39.4,34.1,45.3,7.8,17.3,143.3,24.9,147.88,1.5512,6.7,Standby,16.0,16.6,19.2,16.1,No,0.0,NONE
2025-07-20 23:00:00,17.66,22.85,26.03,20.05,5.09,3.94,95.59,20.3,22.3,22.6,19.2,35.0,33.9,41.1,34.5,62.7,7.7,17.8,140.4,27.0,147.96,1.5478,6.7,Standby,16.7,16.3,17.3,18.2,No,0.0,NONE
2025-07-21 00:00:00,18.97,21.94,25.62,18.61,5.03,3.62,94.14,19.3,22.0,22.6,20.8,34.8,38.0,39.8,33.2,54.6,8.5,18.8,153.0,27.6,141.43,1.5023,6.4,Standby,16.2,16.6,17.2,17.6,No,0.0,NONE
2025-07-21 01:00:00,17.17,21.73,28.23,19.3,5.14,3.79,95.42,20.5,21.0,22.1,20.7,32.6,38.1,40.8,34.1,47.1,8.3,19.6,153.0,30.8,143.68,1.5057,6.5,Standby,16.0,17.4,18.0,18.9,No,0.0,NONE
2025-07-21 02:00:00,18.27,22.28,27.31,19.99,5.43,3.75,96.85,20.6,21.0,23.1,20.0,33.0,38.3,37.8,36.3,62.8,8.5,20.2,153.5,32.3,144.33,1.4902,6.6,Standby,16.3,17.4,19.7,18.6,No,0.0,NONE
2025-07-21 03:00:00,18.07,23.92,26.45,20.14,5.36,3.62,97.57,20.1,21.9,22.3,20.6,34.1,36.3,41.1,36.0,42.9,9.2,20.6,148.1,31.4,149.12,1.5283,6.8,Standby,16.5,18.2,17.5,16.3,No,0.0,NONE
2025-07-21 04:00:00,18.91,22.68,26.48,20.36,4.91,3.89,97.42,19.9,21.2,23.3,21.1,35.2,39.2,39.1,35.5,49.0,9.3,22.1,161.7,35.8,148.25,1.5218,6.7,Standby,17.4,16.3,20.7,19.2,No,0.0,NONE
2025-07-21 05:00:00,19.68,22.18,27.19,19.98,4.96,3.6,98.03,20.0,20.7,23.8,21.5,33.4,38.4,39.5,35.8,55.1,8.7,20.7,152.7,33.4,146.08,1.4901,6.6,Standby,15.7,17.8,17.7,17.8,No,0.0,NONE
2025-07-21 06:00:00,18.35,23.42,27.83,19.59,5.49,3.88,98.19,21.0,22.1,23.7,21.4,36.0,39.5,44.6,38.2,53.4,9.8,23.6,177.4,39.1,150.6,1.5338,6.8,Standby,18.1,17.6,21.1,16.7,No,0.0,NONE
2025-07-21 07:00:00,18.73,22.17,27.79,18.83,5.45,3.89,96.52,20.3,21.4,23.5,20.6,33.7,38.4,40.1,34.5,57.0,9.8,22.6,169.4,36.3,142.87,1.4802,6.5,Standby,17.4,15.7,17.3,16.8,No,0.0,NONE
2025-07-21 08:00:00,19.28,23.15,28.67,19.59,4.92,3.73,99.69,21.0,23.2,23.6,21.3,34.1,38.6,41.0,35.1,56.0,9.5,22.8,159.4,37.5,153.67,1.5416,7.0,Standby,20.2,17.3,20.8,17.3,No,0.0,NONE
2025-07-21 09:00:00,19.32,21.8,25.06,19.55,5.01,3.68,94.74,19.5,20.9,23.4,19.9,34.7,40.3,40.9,37.0,42.1,9.2,21.4,149.4,34.0,141.41,1.4927,6.4,Standby,17.9,15.4,17.6,15.0,No,0.0,NONE
2025-07-21 10:00:00,18.86,22.48,27.35,20.26,5.42,3.81,97.95,21.3,23.0,23.1,20.7,36.9,38.2,45.0,37.0,44.5,9.7,22.7,169.3,36.7,151.31,1.5448,6.9,Standby,17.7,17.8,19.1,17.7,No,0.0,NONE
2025-07-21 11:00:00,17.46,20.82,26.24,19.64,5.37,3.84,93.16,20.2,22.1,22.8,21.3,33.5,38.0,42.9,35.7,54.1,9.1,20.9,151.3,32.9,143.79,1.5435,6.5,Standby,17.8,15.1,20.6,18.1,No,0.0,NONE
2025-07-21 12:00:00,17.35,22.37,26.87,20.46,5.29,3.83,96.05,20.8,21.1,25.0,20.9,36.0,35.5,39.0,35.0,59.5,9.3,21.3,157.3,33.5,144.12,1.5004,6.6,Standby,16.5,17.0,17.3,17.1,No,0.0,NONE
2025-07-21 13:00:00,17.98,21.71,26.56,20.26,5.38,3.7,95.51,20.7,20.6,21.9,21.2,35.6,36.6,40.7,34.2,58.8,8.2,19.0,158.2,29.4,148.04,1.55,6.7,Standby,19.1,15.1,20.0,19.3,No,0.0,NONE
2025-07-21 14:00:00,19.02,22.63,25.26,19.78,5.46,3.63,95.69,19.3,22.5,23.7,20.3,32.5,38.6,38.8,36.3,53.7,8.7,19.6,154.9,29.6,146.74,1.5334,6.7,Standby,17.8,16.6,18.8,16.0,No,0.0,NONE
2025-07-21 15:00:00,17.2,23.78,27.69,19.35,5.13,3.64,97.02,19.0,20.4,23.1,20.5,31.3,34.0,38.9,34.0,45.6,7.7,17.7,138.7,26.5,144.69,1.4914,6.6,Standby,17.4,14.7,17.4,15.6,No,0.0,NONE
2025-07-21 16:00:00,18.96,22.25,26.02,19.34,5.09,3.98,95.58,19.5,20.3,22.2,19.3,34.0,37.5,38.7,34.7,60.6,8.1,18.3,139.9,27.5,143.14,1.4975,6.5,Standby,16.0,14.4,17.6,16.1,No,0.0,NONE
2025-07-21 17:00:00,18.42,19.52,26.19,20.28,5.35,3.95,93.4,18.9,19.7,21.0,20.0,31.9,33.3,40.3,35.3,46.3,7.5,16.8,144.5,24.2,143.56,1.537,6.5,Standby,15.8,14.8,19.4,18.0,No,0.0,NONE
2025-07-21 18:00:00,18.86,22.69,24.91,19.39,5.05,3.89,94.85,19.4,21.5,23.8,20.4,35.3,35.6,41.5,36.3,51.6,8.0,18.2,136.2,27.3,144.87,1.5275,6.6,Standby,16.8,15.3,18.5,18.0,No,0.0,NONE
2025-07-21 19:00:00,19.72,21.64,23.53,20.84,5.01,3.8,94.73,19.5,19.8,23.9,20.5,32.7,36.4,41.2,32.4,44.5,8.2,18.0,144.7,26.1,146.31,1.5445,6.7,Standby,19.3,14.2,19.3,17.7,No,0.0,NONE
2025-07-21 20:00:00,18.78,20.75,23.62,19.36,5.26,3.65,91.51,20.2,21.8,22.5,19.9,32.7,36.7,41.1,35.7,57.4,8.0,17.7,148.4,25.5,136.34,1.4899,6.2,Standby,15.8,14.6,18.6,17.1,No,0.0,NONE
2025-07-21 21:00:00,17.95,19.88,24.82,19.53,5.46,3.85,91.19,20.2,21.8,21.2,20.8,32.0,34.8,39.0,34.2,62.2,8.2,18.2,144.5,26.6,136.76,1.4998,6.2,Standby,16.2,14.7,19.1,15.6,No,0.0,NONE
2025-07-21 22:00:00,19.1,22.79,24.46,20.54,5.05,3.9,95.88,19.7,22.1,22.1,20.8,34.0,34.1,40.0,34.7,62.2,7.4,17.1,146.4,25.6,144.81,1.5102,6.6,Standby,17.2,16.2,19.7,17.8,No,0.0,NONE
2025-07-21 23:00:00,17.77,24.17,25.8,19.87,5.25,3.71,96.61,20.0,20.5,21.7,19.7,35.3,34.4,36.8,33.5,53.5,8.5,19.1,140.3,28.6,150.18,1.5545,6.8,Standby,16.4,16.6,20.4,18.2,No,0.0,NONE
2025-07-22 00:00:00,19.76,22.27,25.33,20.17,5.24,3.97,96.53,20.9,22.0,22.5,21.4,35.4,39.4,42.9,34.8,42.6,8.3,19.4,157.1,30.4,150.54,1.5596,6.8,Standby,18.1,15.0,19.5,18.3,No,0.0,NONE
2025-07-22 01:00:00,18.38,22.02,24.39,20.8,5.16,3.9,94.59,20.4,21.4,22.6,20.4,34.0,35.8,40.6,34.3,53.4,7.4,16.9,145.2,25.2,145.35,1.5366,6.6,Standby,17.1,17.8,19.0,16.3,No,0.0,NONE
2025-07-22 02:00:00,18.15,22.13,27.61,19.92,5.28,3.81,96.81,19.6,22.0,24.5,21.4,36.0,36.9,37.2,35.9,56.6,8.3,19.3,149.1,29.9,146.11,1.5093,6.6,Standby,19.4,15.6,21.0,15.8,No,0.0,NONE
2025-07-22 03:00:00,19.56,21.23,24.67,20.35,5.21,3.95,94.8,19.8,20.9,23.1,21.1,35.8,35.6,38.0,33.8,47.9,8.3,19.4,161.1,30.6,143.01,1.5086,6.5,Standby,17.6,16.7,18.1,18.8,No,0.0,NONE
2025-07-22 04:00:00,16.08,23.14,28.97,19.05,5.16,3.76,96.25,20.2,21.5,24.3,21.4,32.6,35.2,39.2,33.7,54.3,8.8,20.3,156.4,31.7,147.75,1.5351,6.7,Standby,15.8,17.4,19.8,16.6,No,0.0,NONE
2025-07-22 05:00:00,17.52,20.93,23.3,20.66,4.94,3.79,91.41,20.7,21.1,23.4,21.4,34.0,36.6,38.3,33.7,53.4,8.4,19.1,147.7,28.9,138.66,1.5169,6.3,Standby,17.3,15.0,16.0,16.9,No,0.0,NONE
2025-07-22 06:00:00,18.6,21.7,26.08,19.16,5.34,3.75,94.54,20.9,22.8,22.8,21.0,33.6,38.0,38.5,36.0,45.7,8.6,20.4,152.2,32.8,142.52,1.5075,6.5,Standby,16.7,14.6,19.7,15.8,No,0.0,NONE
2025-07-22 07:00:00,19.65,21.54,27.36,19.49,5.41,3.72,97.04,19.6,22.7,22.9,20.9,36.4,39.0,44.0,36.8,52.5,9.7,22.4,167.6,35.9,147.13,1.5162,6.7,Standby,15.8,14.2,18.1,18.2,No,0.0,NONE
2025-07-22 08:00:00,19.53,21.02,24.85,18.9,5.01,3.68,93.29,20.6,22.2,23.2,21.2,34.3,36.4,38.3,35.4,61.7,9.1,20.6,151.6,31.5,142.9,1.5317,6.5,Standby,18.9,14.0,20.3,15.9,No,0.0,NONE
2025-07-22 09:00:00,17.52,24.03,26.79,21.31,5.04,3.9,98.66,20.4,21.4,23.3,20.8,32.6,36.5,42.7,36.2,42.9,8.3,19.8,143.6,31.5,149.09,1.5112,6.8,Standby,17.0,15.2,18.9,19.8,No,0.0,NONE
2025-07-22 10:00:00,18.71,22.42,27.36,19.97,5.39,3.65,97.45,19.1,20.5,24.1,20.4,33.1,34.5,37.4,33.6,44.2,8.7,19.4,139.3,29.0,151.17,1.5512,6.9,Standby,16.5,15.0,18.8,18.3,No,0.0,NONE
2025-07-22 11:00:00,17.15,22.59,27.64,19.49,4.92,3.68,95.87,20.6,20.8,22.4,20.8,35.2,39.1,39.9,36.4,51.6,9.4,21.8,168.0,34.7,146.91,1.5325,6.7,Standby,17.9,16.8,18.1,17.1,No,0.0,NONE
2025-07-22 12:00:00,18.74,22.1,24.87,20.98,5.48,3.86,95.7,18.9,21.8,22.6,20.3,33.1,37.0,41.4,33.6,52.2,7.3,17.0,143.8,25.4,143.42,1.4987,6.5,Standby,18.6,17.3,19.9,17.5,No,0.0,NONE
2025-07-22 13:00:00,18.01,21.36,28.34,19.31,5.39,3.91,96.01,19.8,21.5,23.9,21.3,34.9,39.4,41.0,34.8,56.1,9.1,20.4,146.9,31.1,145.33,1.5137,6.6,Standby,17.9,16.2,18.1,18.1,No,0.0,NONE
2025-07-22 14:00:00,18.49,22.6,27.99,21.02,5.04,3.86,99.1,19.3,22.6,22.5,19.9,33.2,37.5,38.0,33.6,54.0,9.0,20.7,159.7,32.5,154.42,1.5582,7.0,Standby,18.8,16.3,18.1,18.4,No,0.0,NONE
2025-07-22 15:00:00,18.47,22.84,27.09,18.8,4.93,3.62,96.2,20.0,20.4,22.5,19.1,33.9,34.7,36.5,34.7,38.6,7.9,17.1,128.7,24.0,143.64,1.4932,6.5,Standby,17.2,15.3,19.6,17.8,No,0.0,NONE
2025-07-22 16:00:00,18.94,20.74,24.58,19.13,5.24,3.86,92.38,20.4,22.1,22.0,20.4,33.2,37.4,40.3,33.1,42.7,7.5,17.5,144.1,26.6,137.56,1.4891,6.3,Standby,15.0,13.6,16.9,15.9,No,0.0,NONE
2025-07-22 17:00:00,19.61,22.68,24.0,19.58,5.13,3.78,94.88,19.8,20.2,20.9,19.8,34.9,35.0,37.2,35.2,60.3,7.9,17.3,145.6,24.6,144.91,1.5273,6.6,Standby,18.5,16.0,20.4,17.7,No,0.0,NONE
2025-07-22 18:00:00,18.37,21.12,25.26,20.86,5.38,3.65,94.62,20.0,20.0,22.6,20.1,34.8,36.2,40.1,35.7,41.5,8.4,18.2,136.1,26.0,146.37,1.547,6.7,Standby,16.0,14.6,18.3,17.1,No,0.0,NONE
2025-07-22 19:00:00,19.64,21.4,23.32,20.94,5.22,4.0,94.3,18.8,19.7,22.3,20.4,33.6,36.7,34.6,31.6,55.5,7.0,15.4,128.9,21.4,145.97,1.548,6.6,Standby,17.2,15.9,18.6,16.2,No,0.0,NONE
2025-07-22 20:00:00,18.62,22.88,22.73,18.54,5.06,3.75,91.78,19.7,22.0,23.8,20.7,34.5,34.1,41.2,36.0,43.7,7.8,17.6,144.1,25.9,142.9,1.557,6.5,Standby,17.2,15.3,19.6,15.8,No,0.0,NONE
2025-07-22 21:00:00,19.06,22.47,26.81,19.7,5.44,3.81,97.03,19.8,21.0,22.5,20.4,33.1,39.5,39.8,33.8,61.9,9.4,21.6,148.3,33.9,144.56,1.4899,6.6,Standby,17.7,14.0,17.7,16.6,No,0.0,NONE
2025-07-22 22:00:00,19.04,23.04,26.01,19.34,5.36,3.95,96.42,20.2,21.0,24.0,19.4,32.0,35.2,36.9,34.2,53.5,8.0,18.2,137.7,27.2,149.91,1.5548,6.8,Standby,17.2,14.6,19.7,18.2,No,0.0,NONE
2025-07-22 23:00:00,17.46,21.38,25.29,19.57,5.32,3.64,92.7,19.3,20.2,21.7,20.8,32.4,35.7,40.8,35.3,61.9,8.1,18.7,156.0,28.9,143.16,1.5444,6.5,Standby,16.5,15.2,17.0,16.3,No,0.0,NONE
2025-07-23 00:00:00,18.19,21.46,26.41,19.84,5.3,3.68,94.89,20.5,21.4,23.8,21.1,35.5,39.8,38.6,34.7,45.8,9.4,21.4,152.4,33.1,146.41,1.543,6.7,Standby,17.3,15.8,18.4,19.5,No,0.0,NONE
2025-07-23 01:00:00,18.26,22.19,27.89,19.8,4.95,3.93,97.14,19.4,21.6,24.7,20.7,36.0,39.6,40.2,37.2,43.3,8.8,20.4,159.7,32.1,145.07,1.4933,6.6,Standby,16.8,17.5,19.0,18.3,No,0.0,NONE
2025-07-23 02:00:00,18.25,22.45,27.9,20.07,4.96,3.75,97.66,20.2,22.0,22.6,21.6,36.3,38.2,41.9,34.8,47.8,8.7,20.5,158.3,32.8,147.0,1.5053,6.7,Standby,16.7,15.8,20.8,16.9,No,0.0,NONE
2025-07-23 03:00:00,17.71,20.8,28.19,19.37,5.29,3.76,95.07,19.5,22.9,22.5,21.6,35.8,39.7,43.6,34.0,53.0,9.1,21.4,162.7,34.2,143.77,1.5123,6.5,Standby,15.5,15.1,17.3,17.6,No,0.0,NONE
2025-07-23 04:00:00,20.08,21.28,27.41,19.4,4.91,3.62,97.16,21.0,22.3,23.7,21.8,35.5,39.4,41.4,35.8,67.6,9.9,23.2,171.7,37.8,147.17,1.5146,6.7,Standby,18.5,15.5,21.1,15.9,No,0.0,NONE
2025-07-23 05:00:00,18.76,21.95,26.89,20.65,5.29,3.75,97.26,20.9,21.5,22.6,20.3,36.3,39.1,43.4,37.4,42.0,8.9,20.9,156.4,33.4,149.5,1.5371,6.8,Standby,16.7,16.0,18.3,16.2,No,0.0,NONE
2025-07-23 06:00:00,17.39,22.06,27.86,18.36,5.05,3.71,94.68,19.8,21.8,24.1,21.1,33.1,38.1,41.0,35.0,58.7,8.8,21.3,167.3,34.9,141.08,1.4902,6.4,Standby,18.7,16.3,17.1,17.5,No,0.0,NONE
2025-07-23 07:00:00,18.63,20.82,28.22,20.61,5.17,3.83,97.28,20.6,22.3,23.9,21.3,37.2,40.9,41.6,35.2,55.5,9.5,23.0,175.8,38.6,149.46,1.5364,6.8,Standby,16.0,17.4,17.4,16.8,No,0.0,NONE
2025-07-23 08:00:00,18.71,20.72,27.5,19.3,5.44,3.94,95.22,21.3,23.0,24.8,22.0,33.8,40.4,44.6,37.2,65.3,9.3,22.7,174.5,38.1,142.88,1.5005,6.5,Standby,16.3,15.2,19.0,15.7,No,0.0,NONE
2025-07-23 09:00:00,18.26,22.23,25.69,19.36,5.17,3.84,94.52,20.3,20.9,22.0,21.1,33.4,34.7,42.1,35.9,58.0,9.0,20.0,149.4,30.0,147.44,1.5598,6.7,Standby,18.3,15.9,20.7,17.2,No,0.0,NONE
2025-07-23 10:00:00,17.13,21.48,26.96,19.42,5.34,3.93,94.0,21.1,21.1,24.4,20.2,34.9,36.9,41.0,34.5,65.7,8.9,20.9,165.5,33.4,145.08,1.5433,6.6,Standby,18.1,15.0,17.8,16.0,No,0.0,NONE
2025-07-23 11:00:00,18.41,23.53,20.63,19.34,5.25,3.88,90.91,20.5,20.0,21.2,19.6,33.1,35.5,36.4,34.8,59.5,8.3,18.3,144.5,26.9,141.69,1.5586,6.4,Standby,15.2,15.7,20.3,15.2,No,0.0,NONE
2025-07-23 12:00:00,17.08,22.2,24.02,19.73,5.38,3.86,92.04,20.4,20.8,22.7,20.1,31.9,35.4,39.5,35.3,39.7,8.4,18.9,154.6,28.5,136.28,1.4807,6.2,Standby,18.1,15.4,19.1,15.1,No,0.0,NONE
2025-07-23 13:00:00,17.94,22.21,28.72,19.69,5.11,3.84,97.57,19.3,22.5,23.3,21.4,34.9,39.8,40.5,36.2,53.1,8.5,20.0,145.6,31.7,149.56,1.5329,6.8,Standby,16.6,14.8,18.4,18.3,No,0.0,NONE
2025-07-23 14:00:00,18.66,21.96,26.02,19.64,5.28,3.86,95.29,19.5,22.0,22.0,19.5,31.5,34.4,41.8,33.6,54.8,7.6,17.6,139.5,26.9,148.42,1.5576,6.7,Standby,19.7,17.9,19.3,16.1,No,0.0,NONE
2025-07-23 15:00:00,17.96,22.4,25.58,20.14,5.29,3.65,95.08,19.9,20.1,23.5,21.0,32.9,37.1,40.1,32.5,42.3,7.9,17.9,146.3,26.5,148.01,1.5567,6.7,Standby,19.3,15.1,20.3,18.1,No,0.0,NONE
2025-07-23 16:00:00,18.87,21.49,25.9,19.98,5.43,3.65,95.23,20.1,20.8,22.5,20.5,32.8,35.3,39.7,33.3,38.7,7.2,16.2,128.2,23.4,143.36,1.5054,6.5,Standby,17.7,13.9,19.0,17.2,No,0.0,NONE
2025-07-23 17:00:00,17.67,20.69,24.06,17.88,5.29,3.76,89.3,19.2,22.0,21.4,19.4,34.3,34.0,37.4,33.6,45.1,7.8,17.5,138.3,25.9,135.19,1.514,6.1,Standby,17.2,13.7,18.3,15.4,No,0.0,NONE
2025-07-23 18:00:00,17.25,22.39,25.18,20.95,5.36,3.97,94.77,19.2,21.3,22.2,20.7,32.0,34.7,36.9,33.5,43.2,8.3,18.4,153.1,27.1,146.29,1.5437,6.6,Standby,18.7,16.4,18.5,16.4,No,0.0,NONE
2025-07-23 19:00:00,18.71,22.21,25.1,20.81,5.4,3.77,95.83,20.0,20.1,21.4,18.8,32.5,35.1,38.7,34.5,45.0,7.2,16.0,125.6,22.7,145.13,1.5144,6.6,Standby,19.1,15.8,19.2,17.8,No,0.0,NONE
2025-07-23 20:00:00,19.08,23.35,23.89,19.09,5.07,3.72,94.4,19.9,21.9,21.2,20.2,33.5,38.5,40.9,33.9,53.6,8.0,18.0,137.8,26.8,144.11,1.5265,6.6,Standby,17.9,16.5,20.4,17.6,No,0.0,NONE
2025-07-23 21:00:00,18.99,20.79,26.23,19.79,5.39,3.66,94.8,19.4,20.7,24.8,19.9,36.2,40.0,38.2,35.6,58.7,8.7,20.4,157.6,32.5,144.92,1.5287,6.6,Standby,15.5,16.0,18.5,17.4,No,0.0,NONE
2025-07-23 22:00:00,18.81,23.13,28.21,20.52,5.22,3.64,99.68,19.8,20.6,23.1,21.6,35.8,35.5,42.1,36.5,60.9,8.9,20.7,145.9,32.8,151.55,1.5204,6.9,Standby,18.8,14.9,20.3,17.0,No,0.0,NONE
2025-07-23 23:00:00,19.85,22.88,24.59,19.32,5.21,3.82,95.65,18.7,20.7,21.3,20.5,35.0,37.4,38.0,34.8,62.8,8.2,17.8,149.9,25.6,143.35,1.4986,6.5,Standby,15.4,14.9,17.0,17.8,No,0.0,NONE
2025-07-24 00:00:00,19.32,20.44,24.67,19.27,5.41,3.67,92.7,19.8,21.8,21.9,20.3,32.6,38.8,36.9,35.1,61.4,7.9,18.5,140.4,28.8,138.6,1.4951,6.3,Standby,17.8,14.2,18.2,14.9,No,0.0,NONE
2025-07-24 01:00:00,17.88,20.52,26.41,20.85,5.36,3.91,94.66,20.7,20.8,23.1,21.5,34.6,36.8,37.6,35.8,63.3,8.4,20.0,157.1,31.8,147.24,1.5554,6.7,Standby,16.5,18.2,18.0,17.9,No,0.0,NONE
2025-07-24 02:00:00,18.41,19.89,27.99,20.06,4.92,3.87,95.35,20.7,21.3,23.6,21.2,36.9,38.6,44.6,37.5,59.7,9.5,22.7,164.4,37.2,141.45,1.4835,6.4,Standby,17.5,16.5,18.2,16.7,No,0.0,NONE
2025-07-24 03:00:00,18.74,20.54,26.24,20.63,5.45,3.96,95.15,19.8,22.9,23.5,21.2,35.2,39.3,42.2,35.1,52.1,9.0,21.5,151.5,35.1,142.59,1.4985,6.5,Standby,16.6,17.4,16.7,18.2,No,0.0,NONE
2025-07-24 04:00:00,18.19,21.39,28.45,19.97,5.06,3.87,97.0,21.7,21.8,25.4,21.6,34.7,41.0,41.1,38.4,53.6,9.9,23.7,172.3,39.3,149.87,1.5451,6.8,Standby,18.8,17.4,19.5,19.3,No,0.0,NONE
2025-07-24 05:00:00,19.3,21.63,26.82,20.06,5.33,3.78,96.81,20.1,23.0,23.7,21.5,34.8,37.3,44.0,34.5,57.0,9.6,22.0,155.1,34.9,146.78,1.5161,6.7,Standby,16.4,14.6,17.5,18.7,No,0.0,NONE
2025-07-24 06:00:00,17.21,23.1,27.89,20.53,5.41,3.92,97.75,20.4,23.0,24.0,20.8,34.1,39.6,40.7,35.3,58.0,9.5,22.5,169.0,36.4,151.72,1.5521,6.9,Standby,17.2,16.0,20.5,18.9,No,0.0,NONE
2025-07-24 07:00:00,18.13,19.93,26.01,20.92,5.27,3.97,93.98,21.6,23.5,25.7,20.9,35.5,37.4,44.3,36.9,61.2,9.2,22.6,168.8,38.0,146.5,1.5588,6.7,Standby,15.8,14.4,17.3,18.4,No,0.0,NONE
2025-07-24 08:00:00,17.93,20.61,28.6,20.76,5.43,3.97,96.91,20.8,22.3,23.4,20.4,36.5,39.1,45.2,34.8,52.6,9.6,23.1,158.8,38.4,148.17,1.529,6.7,Standby,19.7,16.8,18.7,16.6,No,0.0,NONE
2025-07-24 09:00:00,18.98,21.87,29.13,19.88,5.47,3.9,98.86,21.5,22.8,23.0,22.1,36.8,39.5,43.7,35.6,67.4,9.6,23.1,165.4,38.5,152.71,1.5448,6.9,Standby,17.2,17.5,19.8,18.5,No,0.0,NONE
2025-07-24 10:00:00,18.09,21.69,25.2,18.87,4.93,3.74,92.84,20.0,22.5,22.4,20.8,33.3,35.3,41.1,36.2,54.0,8.9,20.2,144.8,30.8,137.95,1.4859,6.3,Standby,15.9,17.1,16.1,16.8,No,0.0,NONE
2025-07-24 11:00:00,17.84,23.81,27.2,19.83,4.94,3.67,97.69,21.2,21.0,22.7,21.4,36.2,38.4,39.6,37.2,51.7,9.6,22.1,153.2,34.8,151.97,1.5557,6.9,Standby,18.9,15.7,20.0,17.6,No,0.0,NONE
2025-07-24 12:00:00,17.78,22.87,26.55,18.47,5.38,3.8,94.66,19.5,22.9,21.9,20.2,35.7,39.3,41.8,35.9,62.0,8.6,20.3,152.8,32.3,145.85,1.5407,6.6,Standby,18.5,18.0,18.8,16.6,No,0.0,NONE
2025-07-24 13:00:00,18.33,22.09,22.79,19.44,5.27,3.72,91.65,19.5,20.9,21.8,19.7,34.3,34.9,38.0,33.6,43.3,8.3,19.1,149.9,29.6,142.51,1.5549,6.5,Standby,15.7,16.9,17.5,16.0,No,0.0,NONE
2025-07-24 14:00:00,17.92,22.7,26.04,19.24,4.92,3.97,94.9,19.0,21.3,23.5,20.4,35.7,37.2,40.1,35.3,63.7,8.4,19.0,143.5,28.7,140.88,1.4845,6.4,Standby,16.2,16.8,16.7,17.5,No,0.0,NONE
2025-07-24 15:00:00,20.01,23.09,28.19,19.66,5.02,3.9,99.95,20.1,21.0,22.1,20.0,33.7,37.0,39.0,34.5,62.9,8.9,19.9,158.6,30.2,153.24,1.5331,7.0,Standby,17.2,15.0,20.9,17.7,No,0.0,NONE
2025-07-24 16:00:00,17.02,20.48,26.38,19.86,5.22,3.72,92.73,18.9,19.8,22.2,18.8,33.2,37.1,38.6,34.8,38.3,7.4,16.1,143.1,22.3,140.1,1.5108,6.4,Standby,17.8,16.4,17.6,17.6,No,0.0,NONE
2025-07-24 17:00:00,19.85,21.49,24.4,20.75,5.25,3.85,95.49,20.7,20.2,22.9,20.7,34.2,38.0,37.1,33.7,55.5,8.6,19.3,143.8,29.0,141.54,1.4822,6.4,Standby,16.3,14.6,17.9,18.4,No,0.0,NONE
2025-07-24 18:00:00,18.02,23.4,23.67,19.84,5.43,3.85,93.94,20.0,21.1,21.2,19.3,33.3,36.2,37.4,34.7,60.9,8.4,18.4,147.7,26.9,140.03,1.4905,6.4,Standby,17.9,15.7,17.3,15.8,No,0.0,NONE
2025-07-24 19:00:00,18.16,23.08,25.57,20.19,4.99,3.63,96.0,20.1,21.8,21.9,19.9,33.8,34.1,35.4,35.3,53.6,7.9,17.2,145.0,24.5,144.9,1.5095,6.6,Standby,18.1,16.3,19.1,19.3,No,0.0,NONE
2025-07-24 20:00:00,18.78,21.08,23.35,20.29,4.92,3.78,92.5,18.7,20.4,20.9,19.1,31.6,33.3,40.5,32.1,48.0,7.4,16.2,145.3,22.8,140.76,1.5217,6.4,Standby,18.0,16.9,20.1,17.1,No,0.0,NONE
2025-07-24 21:00:00,19.33,20.59,26.57,21.17,5.26,3.77,96.66,19.0,20.2,22.7,19.1,34.8,35.5,40.8,33.8,40.7,8.2,17.8,142.0,25.5,145.81,1.5085,6.6,Standby,15.9,14.0,18.1,17.2,No,0.0,NONE
2025-07-24 22:00:00,18.17,22.12,23.92,20.11,5.49,3.99,93.31,19.4,21.7,22.4,19.5,34.4,35.6,40.8,34.0,43.1,7.8,18.0,146.7,27.4,141.97,1.5214,6.5,Standby,18.4,13.8,17.9,17.7,No,0.0,NONE
2025-07-24 23:00:00,18.27,21.42,28.81,19.25,5.38,3.84,96.75,21.4,22.6,23.1,22.0,33.9,36.9,43.2,36.3,47.0,9.5,22.3,165.0,35.9,145.03,1.499,6.6,Standby,15.9,14.6,20.6,17.7,No,0.0,NONE
2025-07-25 00:00:00,18.81,22.98,22.94,18.37,5.15,3.97,92.1,20.3,20.9,21.4,20.9,33.4,36.4,40.0,35.3,54.3,8.4,18.8,148.2,28.1,137.02,1.4877,6.2,Standby,15.6,13.8,15.9,14.5,No,0.0,NONE
2025-07-25 01:00:00,17.54,21.41,25.51,19.85,5.41,3.83,93.3,19.5,20.7,23.7,20.0,33.2,38.0,43.0,35.5,52.6,8.5,20.0,150.0,31.8,142.79,1.5304,6.5,Standby,18.6,14.9,16.7,17.4,No,0.0,NONE
2025-07-25 02:00:00,19.94,20.88,26.67,21.08,5.25,3.71,97.58,20.4,22.8,23.8,21.5,34.7,38.6,43.6,36.1,56.8,8.8,21.4,166.6,35.4,150.16,1.5389,6.8,Standby,17.7,15.3,21.4,16.1,No,0.0,NONE
2025-07-25 03:00:00,18.8,21.33,28.1,20.34,4.9,3.62,97.57,20.9,22.2,23.2,20.9,37.7,38.8,41.3,35.6,59.6,10.3,24.3,175.5,39.7,149.35,1.5307,6.8,Standby,17.8,15.8,18.9,16.7,No,0.0,NONE
2025-07-25 04:00:00,19.17,21.94,28.76,21.38,5.4,3.88,100.25,20.1,21.5,23.6,22.0,34.4,37.3,42.5,35.3,57.9,10.0,23.0,173.0,36.9,156.05,1.5566,7.1,Standby,19.3,16.6,20.1,18.6,No,0.0,NONE
2025-07-25 05:00:00,18.85,21.4,26.75,21.04,5.04,3.67,97.04,19.6,22.4,24.3,21.8,36.2,35.6,43.1,37.7,55.2,8.6,20.8,167.3,34.1,143.83,1.4822,6.5,Standby,15.9,14.8,20.0,19.1,No,0.0,NONE
2025-07-25 06:00:00,18.99,23.55,28.78,20.47,5.24,3.81,100.79,19.5,21.9,25.1,20.9,35.7,39.3,38.7,35.1,65.9,8.9,21.4,152.6,35.0,155.77,1.5455,7.1,Standby,18.7,19.1,21.8,17.8,No,0.0,NONE
2025-07-25 07:00:00,17.85,20.69,28.5,20.02,5.04,3.77,96.04,20.3,23.2,23.8,20.1,35.2,38.5,41.2,35.2,48.4,9.5,21.8,160.5,34.5,146.0,1.5201,6.6,Standby,16.3,14.4,18.5,18.4,No,0.0,NONE
2025-07-25 08:00:00,18.53,21.66,28.44,20.71,5.38,3.87,98.34,19.7,21.2,23.3,20.6,34.0,37.7,41.2,37.4,49.3,9.3,21.4,159.3,33.6,149.3,1.5181,6.8,Standby,16.1,15.7,20.3,17.4,No,0.0,NONE
2025-07-25 09:00:00,18.14,20.77,27.17,20.19,5.17,3.76,95.27,20.8,21.3,23.4,21.2,33.5,37.3,41.7,36.9,50.7,9.0,21.8,171.3,35.9,146.3,1.5357,6.6,Standby,18.1,15.1,18.8,17.2,No,0.0,NONE
2025-07-25 10:00:00,19.69,22.96,26.58,19.47,5.15,3.7,97.72,21.2,23.0,24.6,20.1,35.8,35.9,38.8,34.5,59.2,8.9,21.1,162.6,34.0,149.03,1.5251,6.8,Standby,17.4,17.8,20.4,19.0,No,0.0,NONE
2025-07-25 11:00:00,18.62,22.69,26.24,20.45,5.1,3.72,97.0,20.2,22.2,23.4,20.8,32.8,39.6,38.8,36.4,48.9,9.3,21.1,153.0,32.6,150.69,1.5534,6.8,Standby,18.0,14.6,20.9,19.9,No,0.0,NONE
2025-07-25 12:00:00,18.29,20.77,26.03,19.82,4.97,3.68,93.91,19.8,20.8,23.9,19.8,34.7,35.0,38.4,35.8,41.9,8.2,19.0,158.4,29.4,142.59,1.5185,6.5,Standby,18.7,15.0,17.9,16.0,No,0.0,NONE
2025-07-25 13:00:00,18.77,22.9,24.6,20.52,5.43,3.68,95.8,18.7,20.3,21.5,20.4,32.4,34.1,36.1,33.8,60.8,7.3,16.6,133.7,24.2,144.19,1.5052,6.6,Standby,17.0,14.0,17.8,16.6,No,0.0,NONE
2025-07-25 14:00:00,18.75,20.06,27.08,19.85,4.92,3.92,94.74,20.1,20.5,22.3,20.4,35.0,35.8,41.0,34.2,60.8,8.8,19.9,160.6,30.4,142.26,1.5015,6.5,Standby,16.3,16.9,17.8,17.3,No,0.0,NONE
2025-07-25 15:00:00,18.41,22.08,23.52,20.02,5.36,3.65,93.03,18.8,21.1,23.4,20.3,31.3,35.6,40.0,33.2,55.3,7.9,17.6,134.4,25.7,141.24,1.5182,6.4,Standby,16.5,17.4,18.3,18.3,No,0.0,NONE
2025-07-25 16:00:00,17.86,20.8,24.69,20.33,5.3,3.87,92.67,19.6,21.8,24.1,20.1,34.8,38.6,39.5,33.5,40.7,8.3,19.1,140.1,29.5,140.71,1.5183,6.4,Standby,17.8,15.6,17.0,14.9,No,0.0,NONE
2025-07-25 17:00:00,17.1,20.18,23.9,20.41,5.4,3.93,90.59,19.2,19.4,21.9,18.7,31.7,33.1,37.1,31.8,46.0,7.7,16.3,136.6,21.9,136.7,1.5089,6.2,Standby,14.5,14.3,17.4,15.3,No,0.0,NONE
2025-07-25 18:00:00,19.1,22.64,25.72,19.63,5.31,3.99,96.08,19.9,21.4,21.8,18.8,33.8,36.5,36.6,33.3,37.7,6.8,14.9,135.1,20.5,144.9,1.5081,6.6,Standby,16.9,17.2,20.7,17.3,No,0.0,NONE
2025-07-25 19:00:00,19.25,21.26,25.41,20.69,4.9,3.99,95.61,20.1,21.0,21.0,19.2,35.2,37.6,36.5,35.3,42.6,8.4,18.3,146.6,26.5,145.19,1.5186,6.6,Standby,17.0,16.0,20.5,15.6,No,0.0,NONE
2025-07-25 20:00:00,18.11,22.16,26.85,19.36,5.26,3.95,95.48,19.2,20.8,23.2,19.3,32.5,36.5,40.2,34.1,60.0,8.0,18.0,152.8,26.8,142.71,1.4946,6.5,Standby,17.5,16.3,17.6,16.4,No,0.0,NONE
2025-07-25 21:00:00,18.55,22.52,24.14,19.49,5.17,3.63,93.7,19.5,21.4,23.1,19.6,32.1,38.3,36.3,34.6,56.1,8.2,17.7,131.9,25.3,143.43,1.5307,6.5,Standby,18.3,16.4,18.3,15.7,No,0.0,NONE
2025-07-25 22:00:00,19.72,22.59,27.21,20.39,4.95,3.79,98.9,20.6,21.6,23.6,20.6,32.8,36.2,39.6,36.2,63.2,8.7,20.7,148.9,33.2,148.07,1.4972,6.7,Standby,16.5,15.2,20.1,19.6,No,0.0,NONE
2025-07-25 23:00:00,17.42,20.89,24.27,19.69,5.03,3.68,91.26,20.1,21.8,22.2,20.9,35.3,36.7,42.0,35.2,44.1,8.3,18.9,140.1,28.5,138.66,1.5194,6.3,Standby,15.7,15.6,16.9,14.7,No,0.0,NONE
2025-07-26 00:00:00,19.02,22.7,27.28,20.29,5.11,3.89,98.28,19.8,22.7,24.5,20.1,35.5,35.2,38.8,34.2,56.0,8.5,19.8,153.2,30.9,150.81,1.5344,6.9,Standby,19.8,15.8,19.3,17.7,No,0.0,NONE
2025-07-26 01:00:00,19.47,20.11,26.12,21.15,5.12,3.99,95.85,20.6,22.0,22.9,21.0,33.2,37.6,43.5,35.6,63.2,9.2,21.5,154.0,34.3,148.04,1.5445,6.7,Standby,15.9,14.8,20.2,18.7,No,0.0,NONE
2025-07-26 02:00:00,18.68,23.76,27.59,20.51,5.14,3.71,99.53,20.0,22.7,24.7,20.4,34.4,40.2,38.4,35.3,57.6,9.4,21.7,165.0,34.4,153.47,1.5419,7.0,Standby,17.0,17.6,19.1,20.2,No,0.0,NONE
2025-07-26 03:00:00,19.82,23.39,25.53,20.82,5.19,3.63,98.56,19.1,22.1,22.5,21.4,32.2,39.0,40.6,34.1,46.2,8.2,18.9,144.9,29.1,149.7,1.5188,6.8,Standby,19.8,15.8,19.6,19.8,No,0.0,NONE
2025-07-26 04:00:00,18.09,21.32,25.91,19.4,5.23,3.75,93.71,19.3,21.9,22.9,21.1,36.4,35.3,41.9,36.2,56.2,9.1,20.9,164.6,32.6,138.99,1.4832,6.3,Standby,17.6,14.8,16.6,14.7,No,0.0,NONE
2025-07-26 05:00:00,19.51,21.59,26.62,20.2,5.42,3.85,96.92,20.1,23.1,25.2,22.0,35.6,40.5,43.7,36.8,67.8,9.6,22.6,171.4,36.4,145.91,1.5055,6.6,Standby,16.5,16.5,17.1,17.3,No,0.0,NONE
2025-07-26 06:00:00,19.0,22.82,27.99,20.57,5.47,3.85,99.38,21.1,22.8,22.0,20.0,34.9,39.7,40.4,37.3,50.6,8.7,20.8,160.0,33.5,150.66,1.5159,6.8,Standby,17.7,15.9,19.4,17.9,No,0.0,NONE
2025-07-26 07:00:00,17.04,21.84,29.44,18.88,5.26,3.75,96.19,20.5,22.9,24.4,21.9,34.1,37.9,40.0,34.9,59.5,9.4,22.1,151.7,35.7,142.43,1.4807,6.5,Standby,17.7,15.6,17.1,17.4,No,0.0,NONE
2025-07-26 08:00:00,18.8,21.18,29.69,18.81,5.48,3.85,97.47,20.9,23.1,25.3,21.6,37.1,41.8,44.6,36.2,54.4,10.6,25.4,178.8,42.7,146.36,1.5016,6.7,Standby,19.4,15.5,20.3,16.1,No,0.0,NONE
2025-07-26 09:00:00,17.5,22.3,27.23,20.19,5.25,3.84,96.22,20.3,22.6,21.9,20.5,33.4,36.0,39.3,37.0,46.8,8.6,19.9,143.1,31.1,144.7,1.5039,6.6,Standby,15.7,15.6,17.9,16.5,No,0.0,NONE
2025-07-26 10:00:00,18.34,21.94,29.46,19.78,5.35,3.91,98.52,21.0,21.0,23.1,21.9,35.2,39.8,40.2,34.6,63.9,9.1,22.1,171.4,36.5,147.9,1.5013,6.7,Standby,16.7,15.2,18.8,17.9,No,0.0,NONE
2025-07-26 11:00:00,19.03,22.2,26.88,21.13,5.49,3.92,98.24,19.4,21.2,22.8,20.4,32.5,37.2,42.8,33.9,42.7,8.5,20.2,147.1,32.3,146.53,1.4915,6.7,Standby,18.2,17.2,18.0,19.2,No,0.0,NONE
2025-07-26 12:00:00,20.09,21.39,27.02,19.35,5.42,3.95,96.85,19.2,20.2,24.3,19.8,33.4,35.0,42.5,33.2,59.8,8.8,19.5,146.3,29.2,144.77,1.4947,6.6,Standby,18.8,17.6,18.7,17.6,No,0.0,NONE
2025-07-26 13:00:00,20.99,22.67,25.35,18.95,4.9,3.95,96.96,19.5,21.2,21.7,21.1,33.7,38.4,40.4,35.7,44.5,8.0,17.8,148.5,26.0,145.52,1.5008,6.6,Standby,18.0,15.4,20.2,19.4,No,0.0,NONE
2025-07-26 14:00:00,17.83,21.22,27.4,19.7,5.36,3.9,95.15,19.8,22.4,23.9,21.3,33.9,35.8,40.8,35.6,57.4,8.8,19.7,155.7,29.6,142.1,1.4934,6.5,Standby,16.6,15.7,16.9,17.5,No,0.0,NONE
2025-07-26 15:00:00,17.41,21.84,21.88,19.93,5.4,3.67,90.06,19.7,20.5,21.7,19.4,31.8,35.3,40.2,34.0,51.3,7.9,17.1,136.1,23.9,138.01,1.5324,6.3,Standby,17.4,14.3,17.5,18.0,No,0.0,NONE
2025-07-26 16:00:00,17.97,24.38,26.66,19.8,5.48,3.73,97.81,19.0,21.1,23.7,20.6,32.9,36.0,41.7,35.0,40.4,7.7,17.4,138.2,25.7,151.36,1.5475,6.9,Standby,18.6,18.4,18.4,19.3,No,0.0,NONE
2025-07-26 17:00:00,17.63,21.74,26.47,20.72,5.27,3.83,95.57,19.8,20.5,23.6,20.9,35.4,37.5,37.2,34.6,42.5,8.8,19.8,150.4,29.9,141.54,1.481,6.4,Standby,17.4,14.4,20.2,15.6,No,0.0,NONE
2025-07-26 18:00:00,19.41,23.0,24.04,20.27,4.95,3.64,95.72,19.2,20.4,22.3,20.2,32.4,37.0,35.9,33.1,46.9,7.7,17.5,147.6,26.1,147.49,1.5408,6.7,Standby,17.3,15.7,17.2,19.5,No,0.0,NONE
2025-07-26 19:00:00,17.88,20.01,25.72,20.29,4.94,3.77,92.9,20.2,21.6,23.3,19.7,31.7,35.9,38.8,34.8,40.6,7.8,17.8,142.4,26.4,142.98,1.539,6.5,Standby,15.3,16.7,19.2,16.0,No,0.0,NONE
2025-07-26 20:00:00,19.29,20.93,24.43,19.15,5.16,3.88,92.8,20.4,21.1,21.5,19.6,31.8,37.8,40.7,34.4,39.1,7.6,16.9,148.1,24.3,138.58,1.4932,6.3,Standby,17.8,16.5,19.0,15.3,No,0.0,NONE
2025-07-26 21:00:00,19.18,21.4,22.63,19.76,5.11,3.91,91.98,19.2,21.3,22.6,20.5,33.1,32.9,36.4,34.2,38.7,7.2,15.4,131.9,20.7,140.85,1.5314,6.4,Standby,17.6,14.8,17.3,17.1,No,0.0,NONE
2025-07-26 22:00:00,18.05,23.66,23.59,19.91,5.02,3.84,94.21,20.2,21.4,23.5,20.1,33.2,38.8,42.0,33.4,45.3,8.5,18.9,147.4,28.3,145.35,1.5428,6.6,Standby,17.7,16.2,17.2,19.1,No,0.0,NONE
2025-07-26 23:00:00,19.04,22.63,23.79,20.36,4.97,3.82,94.82,20.2,20.8,22.5,19.5,32.1,37.0,40.2,34.5,60.7,7.8,17.6,152.1,26.2,143.09,1.5091,6.5,Standby,16.7,16.6,19.5,17.0,No,0.0,NONE
2025-07-27 00:00:00,19.53,21.55,26.24,20.74,5.19,3.74,97.06,19.3,20.6,23.7,21.0,35.6,36.1,39.8,33.6,43.2,8.2,19.3,144.4,30.3,150.69,1.5525,6.8,Standby,16.1,15.3,18.7,18.3,No,0.0,NONE
2025-07-27 01:00:00,19.18,24.16,27.61,19.64,5.3,3.88,99.59,20.3,22.3,23.9,22.0,36.0,37.2,43.9,36.2,46.6,9.6,22.2,168.7,35.3,150.99,1.5161,6.9,Standby,19.5,16.7,17.9,17.7,No,0.0,NONE
2025-07-27 02:00:00,18.42,21.29,24.66,19.86,5.37,3.72,93.23,20.5,22.0,22.3,20.9,32.6,35.1,41.4,35.1,44.7,7.8,17.9,143.2,27.1,140.08,1.5026,6.4,Standby,14.9,16.4,17.5,15.2,No,0.0,NONE
2025-07-27 03:00:00,18.07,20.28,27.17,18.53,5.18,3.95,93.05,19.5,21.9,23.6,21.5,34.8,36.0,42.3,36.0,53.6,9.4,21.5,150.9,33.8,143.63,1.5436,6.5,Standby,16.4,14.1,20.3,18.6,No,0.0,NONE
2025-07-27 04:00:00,17.74,19.5,26.11,19.93,5.2,3.72,92.28,20.2,22.8,24.5,21.1,35.2,38.2,39.2,36.0,56.4,8.8,20.7,161.3,32.8,140.34,1.5207,6.4,Standby,17.1,16.7,16.4,16.7,No,0.0,NONE
2025-07-27 05:00:00,17.98,20.72,27.07,19.87,5.03,3.64,94.65,20.8,22.1,24.1,20.7,34.2,36.7,42.4,33.3,53.7,8.3,19.8,144.2,31.7,142.64,1.5071,6.5,Standby,16.6,14.3,19.4,16.2,No,0.0,NONE
2025-07-27 06:00:00,17.98,21.01,28.13,20.56,4.92,3.95,96.68,19.2,20.7,21.9,19.8,35.6,38.7,38.6,35.8,59.7,8.9,19.9,142.7,30.0,147.06,1.5211,6.7,Standby,16.3,15.1,19.0,18.2,No,0.0,NONE
2025-07-27 07:00:00,19.62,21.61,27.46,20.3,5.36,3.84,97.99,21.6,22.5,23.9,20.4,36.6,37.1,43.0,35.2,60.6,9.9,22.8,164.0,36.3,152.12,1.5524,6.9,Standby,16.4,15.4,20.7,18.6,No,0.0,NONE
2025-07-27 08:00:00,18.6,22.35,27.65,20.36,5.1,3.86,97.96,20.4,20.6,21.9,20.1,34.5,38.8,39.8,34.3,55.6,9.1,20.6,147.7,31.7,149.31,1.5241,6.8,Standby,16.3,15.1,19.2,19.8,No,0.0,NONE
2025-07-27 09:00:00,19.21,21.56,28.73,19.83,5.17,3.89,98.33,21.2,21.3,23.3,21.2,35.2,36.6,38.2,34.4,42.9,9.4,21.6,157.4,33.8,145.88,1.4836,6.6,Standby,15.7,15.0,19.9,16.5,No,0.0,NONE
2025-07-27 10:00:00,17.5,22.37,30.73,19.07,5.36,3.64,98.67,21.0,22.5,23.2,21.2,35.0,36.7,43.7,34.6,45.6,9.1,21.4,156.1,34.4,146.15,1.4812,6.6,Standby,17.2,17.0,17.9,19.0,No,0.0,NONE
2025-07-27 11:00:00,17.46,22.33,25.75,20.17,4.91,3.98,94.71,19.6,23.2,23.3,21.2,35.1,37.4,40.5,34.6,51.1,9.0,21.6,162.5,35.3,141.7,1.4962,6.4,Standby,17.5,16.0,19.8,15.9,No,0.0,NONE
2025-07-27 12:00:00,18.14,22.62,27.36,18.83,5.22,3.75,95.95,19.4,22.0,22.7,21.0,35.4,37.9,37.4,34.4,41.3,8.4,19.7,144.4,31.2,143.14,1.4918,6.5,Standby,16.6,17.1,19.8,15.8,No,0.0,NONE
2025-07-27 13:00:00,19.12,22.36,24.9,20.25,5.32,3.97,95.63,19.2,20.7,22.1,19.2,32.2,36.8,35.8,33.9,55.7,8.2,17.8,144.7,25.2,143.38,1.4993,6.5,Standby,18.1,17.4,18.9,16.0,No,0.0,NONE
2025-07-27 14:00:00,19.75,21.45,26.03,20.41,5.03,3.97,96.63,19.2,21.4,23.6,19.8,34.7,35.5,39.7,33.6,53.2,8.0,18.3,136.7,27.6,146.89,1.5202,6.7,Standby,16.5,17.4,19.0,19.3,No,0.0,NONE
2025-07-27 15:00:00,19.38,22.44,24.61,20.83,5.33,4.0,96.25,20.1,19.6,23.4,19.3,31.0,33.0,37.7,33.0,41.4,7.6,16.8,128.3,23.9,147.97,1.5373,6.7,Standby,16.1,15.7,18.2,18.3,No,0.0,NONE
2025-07-27 16:00:00,16.79,21.31,25.96,19.64,5.34,3.86,92.7,19.0,21.0,23.0,19.4,31.7,37.6,40.3,32.7,40.8,7.1,16.0,139.2,23.1,142.24,1.5344,6.5,Standby,16.8,15.7,17.2,15.2,No,0.0,NONE
2025-07-27 17:00:00,17.47,21.77,25.68,19.79,5.08,3.94,93.71,19.4,19.9,21.3,19.6,31.1,36.2,37.3,35.1,59.2,7.0,15.8,144.6,22.7,139.61,1.4898,6.3,Standby,18.4,16.0,18.1,15.1,No,0.0,NONE
2025-07-27 18:00:00,18.65,22.38,24.08,19.85,5.29,3.94,93.96,19.2,19.6,23.6,20.4,31.5,36.2,40.9,35.4,60.5,7.3,16.6,146.1,24.1,144.48,1.5376,6.6,Standby,15.8,17.3,20.3,16.1,No,0.0,NONE
2025-07-27 19:00:00,19.32,23.1,26.39,21.24,5.45,3.69,99.06,19.7,21.1,24.1,19.6,33.6,38.2,36.9,35.7,41.6,7.9,18.5,142.0,28.6,148.49,1.499,6.7,Standby,17.6,15.0,18.9,16.0,No,0.0,NONE
2025-07-27 20:00:00,17.42,22.85,21.58,20.15,5.38,3.68,91.0,19.5,20.4,22.6,20.7,32.6,36.2,35.6,33.4,53.1,8.1,17.6,148.6,25.1,135.26,1.4864,6.1,Standby,18.2,14.0,16.3,17.8,No,0.0,NONE
2025-07-27 21:00:00,18.54,22.01,24.95,19.56,5.13,3.63,94.06,20.3,21.0,24.3,19.7,35.5,34.5,40.8,36.7,57.5,8.5,19.4,140.7,29.6,141.89,1.5085,6.4,Standby,15.1,16.2,17.6,17.9,No,0.0,NONE
2025-07-27 22:00:00,17.8,21.52,25.01,19.79,5.18,3.7,93.11,19.5,21.2,22.3,20.0,35.8,39.0,39.1,34.0,42.6,9.0,21.2,152.0,34.0,143.05,1.5363,6.5,Standby,18.1,15.4,18.3,15.4,No,0.0,NONE
2025-07-27 23:00:00,17.99,22.92,24.61,18.56,4.94,3.82,93.08,19.7,21.1,24.3,21.1,33.8,38.1,38.6,35.9,42.2,9.0,20.4,149.3,31.3,144.33,1.5506,6.6,Standby,17.9,17.4,19.1,16.7,No,0.0,NONE
2025-07-28 00:00:00,19.03,22.45,24.16,20.32,5.16,3.92,94.96,18.4,19.9,21.8,19.9,33.0,37.0,40.7,33.1,59.3,7.4,16.6,143.9,24.2,145.21,1.5291,6.6,Standby,16.5,14.3,19.2,18.1,No,0.0,NONE
2025-07-28 01:00:00,17.82,21.47,25.23,19.37,4.92,3.88,92.89,19.6,20.5,22.7,21.1,32.5,37.1,41.9,34.1,62.7,8.0,18.4,140.3,28.0,140.52,1.5127,6.4,Standby,14.9,13.9,18.4,16.9,No,0.0,NONE
2025-07-28 02:00:00,17.49,21.56,26.08,18.9,5.19,3.72,93.04,20.5,20.9,24.4,21.1,32.6,35.4,39.4,33.2,41.6,8.6,19.8,142.9,30.7,140.55,1.5107,6.4,Standby,17.7,14.8,17.1,16.3,No,0.0,NONE
2025-07-28 03:00:00,18.3,21.85,28.2,19.1,5.33,3.81,96.46,21.0,21.0,22.7,21.8,36.8,39.9,42.8,34.2,67.5,8.9,21.4,158.7,35.0,143.45,1.4872,6.5,Standby,16.1,15.4,19.2,17.4,No,0.0,NONE
2025-07-28 04:00:00,18.55,22.33,25.56,20.82,5.37,3.93,96.26,21.3,21.7,23.9,21.1,36.5,39.8,40.9,36.3,65.1,8.9,21.2,159.7,34.4,142.77,1.4831,6.5,Standby,19.1,16.7,16.8,18.7,No,0.0,NONE
2025-07-28 05:00:00,16.77,21.68,27.42,19.56,5.49,3.82,94.43,20.8,22.1,22.7,21.4,33.4,39.7,43.2,33.4,43.8,8.9,20.2,143.4,31.1,146.54,1.5519,6.7,Standby,16.5,15.6,19.7,17.0,No,0.0,NONE
2025-07-28 06:00:00,19.08,24.06,28.59,21.33,5.02,3.62,102.06,21.0,21.1,22.7,20.3,36.9,37.0,39.6,37.9,58.1,9.2,21.7,156.4,34.9,151.78,1.4872,6.9,Standby,18.9,18.0,19.9,18.4,No,0.0,NONE
2025-07-28 07:00:00,18.11,22.25,26.53,19.29,5.33,3.65,95.17,20.8,22.3,22.9,20.5,34.5,39.9,42.0,36.7,46.0,9.0,20.5,159.0,31.7,146.4,1.5383,6.7,Standby,17.6,16.4,17.2,16.0,No,0.0,NONE
2025-07-28 08:00:00,18.3,21.92,29.46,20.08,4.93,3.78,98.75,20.1,23.3,24.9,20.9,33.1,36.3,39.9,35.6,62.7,9.1,21.7,153.1,35.3,153.44,1.5538,7.0,Standby,19.8,18.9,20.1,20.2,No,0.0,NONE
2025-07-28 09:00:00,18.25,24.14,29.16,19.92,5.18,3.78,100.47,20.8,23.2,23.4,20.7,37.0,40.7,43.4,34.9,62.0,10.0,23.4,158.2,38.0,155.0,1.5427,7.0,Standby,17.0,16.6,21.5,16.7,No,0.0,NONE
2025-07-28 10:00:00,20.16,20.74,26.83,20.22,5.33,3.82,96.95,20.2,23.1,22.3,21.5,35.9,39.9,43.8,35.8,59.3,9.7,22.2,153.8,34.9,144.34,1.4889,6.6,Standby,17.6,16.2,16.9,19.2,No,0.0,NONE
2025-07-28 11:00:00,18.26,20.84,24.94,20.48,4.98,3.95,93.52,19.4,21.9,24.1,20.8,32.1,37.8,40.5,35.2,47.8,9.0,20.1,152.4,30.4,139.27,1.4893,6.3,Standby,17.2,13.4,18.2,16.0,No,0.0,NONE
2025-07-28 12:00:00,19.06,24.57,24.22,20.26,5.24,3.91,97.11,20.0,20.8,23.0,20.2,34.1,36.9,40.6,35.6,52.9,8.0,18.5,154.8,28.5,151.15,1.5564,6.9,Standby,19.4,17.4,18.7,19.9,No,0.0,NONE
2025-07-28 13:00:00,18.66,21.37,23.25,21.48,5.15,3.69,93.75,18.5,21.2,22.6,19.4,34.5,36.1,39.0,33.9,52.8,7.8,16.8,141.1,23.3,142.33,1.5182,6.5,Standby,19.1,16.9,18.2,15.9,No,0.0,NONE
2025-07-28 14:00:00,18.77,22.81,25.76,18.99,5.31,3.94,95.32,19.3,22.0,21.8,20.1,34.8,36.3,36.8,36.1,45.1,8.3,19.0,141.5,29.0,144.33,1.5141,6.6,Standby,18.7,14.9,17.8,18.9,No,0.0,NONE
2025-07-28 15:00:00,19.56,20.8,25.94,18.52,5.13,3.76,93.82,19.0,21.3,23.6,19.5,32.5,33.9,39.4,32.7,53.2,8.5,18.7,147.8,27.4,144.64,1.5417,6.6,Standby,16.5,17.1,18.9,17.3,No,0.0,NONE
2025-07-28 16:00:00,17.96,21.12,26.43,19.55,5.22,3.6,94.05,19.1,22.0,21.6,21.3,35.6,35.6,36.8,35.7,44.1,8.7,19.3,153.1,28.7,144.64,1.5379,6.6,Standby,18.3,15.3,18.3,17.8,No,0.0,NONE
2025-07-28 17:00:00,19.32,20.76,24.97,19.98,5.32,3.8,94.03,18.8,20.5,23.3,19.4,34.0,34.9,40.0,35.8,61.0,7.9,18.4,151.7,28.3,140.78,1.4972,6.4,Standby,16.6,15.9,18.4,17.1,No,0.0,NONE
2025-07-28 18:00:00,18.1,22.98,23.58,18.57,5.33,3.83,92.24,19.9,20.5,22.7,20.4,34.6,36.4,39.8,34.4,63.9,8.3,18.9,145.9,28.8,139.21,1.5092,6.3,Standby,18.1,13.5,19.5,16.2,No,0.0,NONE
2025-07-28 19:00:00,17.96,21.72,24.63,20.61,4.99,3.86,93.91,18.9,20.2,22.3,20.4,32.3,33.1,38.9,34.4,45.1,7.1,16.1,129.8,23.4,140.78,1.499,6.4,Standby,14.9,15.8,19.4,15.8,No,0.0,NONE
2025-07-28 20:00:00,18.6,23.42,26.99,20.71,4.91,3.98,98.72,19.3,22.3,22.1,20.2,34.7,35.6,38.0,37.0,58.7,8.4,19.8,158.6,31.4,148.62,1.5055,6.8,Standby,16.3,16.4,20.7,16.2,No,0.0,NONE
2025-07-28 21:00:00,18.83,22.37,25.71,19.85,5.31,3.64,95.76,18.6,20.1,22.4,20.0,32.7,36.1,37.3,33.4,43.1,8.1,17.8,131.4,25.7,148.6,1.5518,6.8,Standby,17.6,17.2,19.4,19.2,No,0.0,NONE
2025-07-28 22:00:00,18.47,19.68,24.76,19.35,5.24,3.87,91.26,18.5,20.3,21.9,19.8,30.8,36.0,35.5,33.0,49.3,7.3,16.3,126.7,23.2,140.73,1.5421,6.4,Standby,17.9,14.9,19.6,18.0,No,0.0,NONE
2025-07-28 23:00:00,19.28,21.75,24.92,20.59,5.03,3.97,95.55,19.7,20.0,23.6,21.2,35.6,36.0,36.7,34.1,61.4,8.5,19.1,153.1,28.6,146.65,1.5349,6.7,Standby,19.0,15.6,17.7,18.2,No,0.0,NONE
2025-07-29 00:00:00,19.67,22.3,26.66,21.13,5.19,3.75,98.75,21.1,20.6,23.5,21.2,32.7,39.0,39.0,37.1,60.9,8.6,20.7,162.1,33.5,149.19,1.5108,6.8,Standby,16.5,16.7,20.4,16.0,No,0.0,NONE
2025-07-29 01:00:00,17.99,22.06,28.86,20.2,5.17,3.71,98.11,21.6,22.6,24.1,21.4,36.3,36.2,40.0,34.3,50.5,9.3,22.1,171.4,35.9,148.3,1.5116,6.7,Standby,18.8,15.9,20.1,17.0,No,0.0,NONE
2025-07-29 02:00:00,19.62,21.61,26.47,19.48,5.1,3.8,96.18,19.9,23.3,23.6,20.9,35.4,37.9,42.9,38.1,55.1,9.4,22.8,167.8,38.2,148.62,1.5453,6.8,Standby,16.3,17.9,19.4,19.7,No,0.0,NONE
2025-07-29 03:00:00,18.55,20.95,27.59,20.35,5.15,3.69,96.44,20.1,21.3,24.0,21.3,33.3,36.9,43.7,36.3,59.3,9.5,21.6,165.7,33.7,146.77,1.5219,6.7,Standby,15.8,15.8,20.9,18.8,No,0.0,NONE
2025-07-29 04:00:00,18.65,23.19,27.3,20.72,5.31,3.6,98.86,20.5,21.6,23.0,21.4,34.8,37.4,41.2,35.3,53.1,9.7,22.3,152.6,35.1,146.8,1.485,6.7,Standby,16.3,17.8,18.8,17.5,No,0.0,NONE
2025-07-29 05:00:00,18.0,22.37,25.75,19.75,5.47,3.63,94.88,20.4,22.2,23.6,21.3,34.2,38.8,37.7,35.7,63.9,8.7,20.0,156.0,30.8,144.06,1.5184,6.5,Standby,17.1,14.3,18.2,18.7,No,0.0,NONE
2025-07-29 06:00:00,17.64,22.37,28.13,21.64,5.12,3.76,98.78,21.1,22.0,24.9,20.6,33.8,37.0,39.6,35.4,48.7,9.7,22.3,151.1,35.2,148.4,1.5024,6.7,Standby,18.3,14.4,19.3,17.4,No,0.0,NONE
2025-07-29 07:00:00,18.05,21.78,26.67,20.95,5.11,3.76,96.45,20.1,22.6,23.9,20.9,35.2,36.5,42.6,36.2,58.1,9.8,22.4,162.5,35.5,150.0,1.5552,6.8,Standby,17.1,17.5,19.4,16.4,No,0.0,NONE
2025-07-29 08:00:00,18.76,21.55,26.59,20.68,5.05,3.64,96.58,20.1,22.6,22.8,21.4,32.9,37.1,40.6,35.0,63.2,8.7,20.3,160.8,32.1,143.68,1.4876,6.5,Standby,16.5,17.3,20.0,18.4,No,0.0,NONE
2025-07-29 09:00:00,17.91,20.67,25.71,20.14,5.42,3.6,93.44,20.1,23.0,24.4,20.2,34.0,39.1,41.4,36.9,46.0,8.6,20.6,151.6,33.6,141.54,1.5149,6.4,Standby,16.5,16.6,18.1,17.6,No,0.0,NONE
2025-07-29 10:00:00,17.61,22.53,26.46,18.39,4.97,3.66,93.98,19.8,22.4,23.6,20.9,34.7,37.6,41.3,34.5,49.2,9.3,21.5,152.1,34.2,139.63,1.4856,6.3,Standby,15.2,16.7,20.2,17.6,No,0.0,NONE
2025-07-29 11:00:00,18.47,21.37,27.47,19.45,5.36,3.93,95.76,20.6,20.9,25.1,21.9,35.3,40.4,40.2,36.2,60.0,9.0,21.6,167.5,35.5,145.03,1.5145,6.6,Standby,17.4,17.4,19.0,16.1,No,0.0,NONE
2025-07-29 12:00:00,19.18,21.32,31.0,20.76,5.04,3.78,101.25,19.8,20.8,22.0,21.3,33.2,38.0,40.1,35.3,54.2,9.0,20.5,160.3,31.6,151.97,1.5009,6.9,Standby,18.7,17.9,18.5,17.5,No,0.0,NONE
2025-07-29 13:00:00,18.77,21.33,27.96,19.55,5.26,3.88,96.61,20.0,21.0,22.3,20.2,33.2,36.7,40.7,36.2,62.9,8.4,20.2,147.0,32.5,148.6,1.5382,6.8,Standby,18.7,17.0,20.5,19.4,No,0.0,NONE
2025-07-29 14:00:00,17.45,21.64,26.96,20.6,5.19,3.65,95.66,20.5,20.5,22.5,19.6,33.4,39.1,42.4,35.1,55.6,8.4,19.2,141.2,29.3,148.03,1.5475,6.7,Standby,17.2,15.1,18.4,16.1,No,0.0,NONE
2025-07-29 15:00:00,17.83,21.89,28.14,19.74,5.09,3.63,96.6,20.8,21.2,22.4,20.0,35.3,35.4,41.5,35.0,54.2,8.9,20.8,156.7,33.1,145.98,1.5113,6.6,Standby,19.1,14.1,19.5,19.1,No,0.0,NONE
2025-07-29 16:00:00,18.25,22.53,24.35,20.42,5.21,3.96,94.54,18.6,20.2,21.7,19.0,31.8,33.4,37.0,32.0,38.1,7.9,17.1,134.0,24.2,141.97,1.5016,6.5,Standby,16.0,15.1,18.0,16.4,No,0.0,NONE
2025-07-29 17:00:00,19.2,22.03,23.54,19.93,5.02,3.7,93.7,18.6,21.7,22.0,20.6,33.6,33.9,38.9,35.0,39.0,8.3,17.9,134.9,25.5,143.78,1.5345,6.5,Standby,16.9,17.1,20.6,18.0,No,0.0,NONE
2025-07-29 18:00:00,17.73,22.69,24.67,19.49,5.09,3.77,93.57,18.9,21.0,21.3,19.5,31.8,32.6,37.7,32.9,39.1,7.3,15.8,142.1,21.7,142.32,1.521,6.5,Standby,17.5,16.4,18.5,16.1,No,0.0,NONE
2025-07-29 19:00:00,17.09,22.27,25.6,19.04,5.11,3.68,93.0,20.1,20.9,20.9,20.3,31.0,35.3,35.3,33.5,50.0,7.5,16.4,136.1,23.0,143.32,1.5411,6.5,Standby,17.2,15.5,17.6,15.6,No,0.0,NONE
2025-07-29 20:00:00,18.8,23.42,23.64,20.68,4.92,3.63,95.54,18.7,19.4,21.2,20.5,31.6,36.7,36.7,33.3,57.6,7.8,16.6,129.4,22.5,146.61,1.5345,6.7,Standby,17.6,14.6,18.5,18.8,No,0.0,NONE
2025-07-29 21:00:00,18.6,21.76,24.72,21.16,5.36,3.82,95.25,19.4,21.4,21.4,21.2,31.8,37.9,38.8,36.0,43.6,7.8,18.0,140.1,27.3,141.12,1.4816,6.4,Standby,17.1,15.9,18.2,16.1,No,0.0,NONE
2025-07-29 22:00:00,18.96,21.43,22.9,20.08,5.17,3.61,92.38,19.9,20.0,21.5,19.1,32.1,33.7,36.3,36.0,40.2,7.6,17.4,133.2,25.9,137.42,1.4876,6.2,Standby,17.6,15.7,17.0,17.9,No,0.0,NONE
2025-07-29 23:00:00,17.01,21.77,27.24,20.68,5.05,3.85,95.7,19.8,20.9,22.8,20.4,34.9,37.8,40.1,36.3,62.4,8.6,20.0,156.4,31.6,142.25,1.4864,6.5,Standby,15.4,16.2,19.3,16.8,No,0.0,NONE
2025-07-30 00:00:00,17.97,23.34,25.02,20.33,5.11,3.89,95.66,20.3,20.2,23.1,19.5,33.4,39.4,39.4,36.5,40.3,8.4,19.4,139.6,29.7,144.25,1.508,6.6,Standby,18.2,15.7,18.9,19.3,No,0.0,NONE
2025-07-30 01:00:00,19.12,21.58,27.34,20.35,5.19,3.95,97.39,20.0,22.7,24.4,21.1,34.4,37.1,42.9,36.4,64.3,9.6,22.2,169.5,35.4,144.51,1.4838,6.6,Standby,18.6,14.6,17.6,19.1,No,0.0,NONE
2025-07-30 02:00:00,16.78,23.62,25.15,19.23,5.41,3.95,93.78,19.8,22.8,24.9,20.9,35.0,37.6,39.4,36.1,52.4,9.6,22.1,162.3,35.0,141.28,1.5065,6.4,Standby,18.2,15.5,20.2,17.9,No,0.0,NONE
2025-07-30 03:00:00,18.09,20.59,27.16,20.21,4.95,3.8,95.05,21.6,22.9,24.4,20.6,36.5,39.8,45.1,35.1,52.2,10.0,23.4,159.1,37.8,144.54,1.5207,6.6,Standby,17.3,16.5,18.7,16.9,No,0.0,NONE
2025-07-30 04:00:00,18.3,20.5,25.95,20.18,5.31,3.96,93.93,20.4,22.6,23.5,21.3,32.7,35.8,38.1,37.1,55.2,9.2,20.8,145.3,32.0,142.87,1.521,6.5,Standby,16.5,15.8,16.6,17.9,No,0.0,NONE
2025-07-30 05:00:00,17.79,21.17,25.28,19.25,5.08,3.9,92.5,21.0,21.9,23.2,19.9,32.5,35.8,40.2,34.3,65.0,8.7,20.0,153.5,30.8,141.81,1.5331,6.4,Standby,17.5,14.9,19.4,15.9,No,0.0,NONE
2025-07-30 06:00:00,19.21,20.45,27.56,20.55,4.91,3.92,96.77,19.5,22.1,23.8,20.7,33.0,38.9,42.7,34.0,50.6,9.3,21.8,157.5,34.9,145.78,1.5064,6.6,Standby,17.6,17.9,19.2,18.8,No,0.0,NONE
2025-07-30 07:00:00,18.12,21.94,27.23,18.7,5.13,3.66,94.99,21.1,21.9,23.5,20.3,37.1,39.6,43.5,37.2,47.4,9.3,22.4,162.6,36.9,144.44,1.5205,6.6,Standby,15.8,17.7,16.8,18.9,No,0.0,NONE
2025-07-30 08:00:00,19.16,23.28,25.32,20.29,5.0,3.95,97.05,19.9,22.3,23.3,21.7,36.3,36.4,44.1,34.5,53.7,9.3,21.7,159.8,34.6,146.36,1.5081,6.7,Standby,18.4,15.7,19.2,19.5,No,0.0,NONE
2025-07-30 09:00:00,19.18,21.21,27.61,20.11,5.39,3.89,97.11,19.7,21.5,22.7,21.4,36.3,38.5,39.0,37.2,52.7,8.8,20.9,162.6,33.6,144.51,1.488,6.6,Standby,16.0,16.4,17.1,17.7,No,0.0,NONE
2025-07-30 10:00:00,18.81,22.49,25.67,19.57,4.99,3.72,95.54,19.5,20.7,24.9,20.6,34.6,35.4,38.8,35.9,51.4,8.6,20.4,157.9,32.7,142.82,1.4948,6.5,Standby,17.6,15.0,18.5,18.8,No,0.0,NONE
2025-07-30 11:00:00,19.69,22.82,26.67,20.27,5.26,3.7,98.45,19.2,21.4,24.2,20.7,32.6,37.1,41.1,34.2,42.8,9.1,20.5,156.7,31.4,150.81,1.5318,6.9,Standby,18.3,14.9,17.7,19.1,No,0.0,NONE
2025-07-30 12:00:00,18.46,21.83,25.52,19.33,4.99,3.98,94.14,19.8,20.2,23.9,20.2,32.2,35.4,38.2,35.1,63.4,7.8,18.2,156.0,28.3,142.31,1.5116,6.5,Standby,15.8,14.5,20.4,16.0,No,0.0,NONE
2025-07-30 13:00:00,17.45,23.05,24.99,18.87,5.22,3.71,93.36,20.6,21.6,24.0,20.8,32.7,37.5,38.9,34.5,51.8,7.6,17.7,135.8,27.2,140.57,1.5056,6.4,Standby,17.6,14.9,19.4,15.6,No,0.0,NONE
2025-07-30 14:00:00,17.6,22.12,26.64,19.39,5.46,3.74,94.75,20.5,22.1,23.2,19.7,33.5,38.4,40.0,33.6,63.3,8.9,20.4,150.8,31.6,142.22,1.501,6.5,Standby,17.4,14.0,16.7,15.4,No,0.0,NONE
2025-07-30 15:00:00,17.82,22.52,22.98,19.62,5.33,3.88,91.95,19.1,20.1,21.7,19.7,32.7,35.5,38.2,32.0,47.5,6.9,15.2,129.7,21.0,137.28,1.4931,6.2,Standby,15.8,15.5,17.8,15.3,No,0.0,NONE
2025-07-30 16:00:00,17.96,21.39,28.7,20.65,5.1,3.63,97.7,19.4,21.3,23.3,20.5,34.6,36.5,39.7,34.6,54.4,8.6,19.2,143.8,28.8,149.28,1.528,6.8,Standby,17.3,16.9,19.0,18.3,No,0.0,NONE
2025-07-30 17:00:00,17.71,21.54,24.49,19.77,5.43,3.89,92.51,19.7,20.9,21.4,19.5,35.1,35.2,39.5,34.8,43.7,8.1,18.1,150.6,26.5,138.09,1.4927,6.3,Standby,17.6,13.6,17.0,16.8,No,0.0,NONE
2025-07-30 18:00:00,18.42,21.93,25.84,20.39,5.03,3.74,95.57,19.4,20.4,24.2,20.0,32.4,37.1,38.6,34.7,64.2,8.5,19.6,148.1,30.2,145.37,1.5211,6.6,Standby,16.2,15.2,19.0,17.1,No,0.0,NONE
2025-07-30 19:00:00,18.71,21.58,23.21,19.86,5.35,3.64,92.35,20.6,20.0,21.5,19.7,34.2,37.3,42.2,34.7,59.4,8.0,18.2,141.2,27.4,142.36,1.5416,6.5,Standby,16.9,16.2,16.8,18.4,No,0.0,NONE
2025-07-30 20:00:00,19.67,21.53,24.17,20.53,5.1,3.8,94.9,20.3,21.4,24.4,20.9,32.6,35.8,41.6,36.4,53.0,8.1,18.9,141.3,29.4,148.01,1.5596,6.7,Standby,17.6,14.9,18.2,18.6,No,0.0,NONE
2025-07-30 21:00:00,18.6,21.46,23.65,19.51,4.99,3.74,92.22,18.7,20.7,21.1,20.6,30.9,35.7,39.3,35.3,42.9,7.5,16.5,139.9,23.5,139.59,1.5137,6.3,Standby,17.5,16.2,18.4,18.2,No,0.0,NONE
2025-07-30 22:00:00,18.22,23.45,27.71,19.54,4.99,3.7,97.91,20.3,20.8,23.7,20.3,35.1,35.6,38.8,35.7,58.8,9.4,21.2,163.8,32.8,146.29,1.4942,6.6,Standby,17.9,15.3,19.3,16.7,No,0.0,NONE
2025-07-30 23:00:00,17.84,24.26,24.42,18.49,4.99,3.82,94.01,19.9,21.5,21.0,20.3,33.8,35.6,37.6,31.9,37.0,7.5,16.5,145.0,23.5,140.04,1.4895,6.4,Standby,17.1,14.8,17.3,15.3,No,0.0,NONE
2025-07-31 00:00:00,18.58,23.26,27.3,20.13,5.04,3.9,98.28,20.3,21.9,22.6,20.2,34.2,35.6,37.9,33.5,49.2,8.8,19.6,140.3,29.1,145.65,1.482,6.6,Standby,19.1,17.7,20.5,16.3,No,0.0,NONE
2025-07-31 01:00:00,19.88,23.08,29.99,19.09,5.4,3.62,101.04,20.2,21.1,22.5,21.2,36.3,39.4,39.9,36.2,49.3,9.5,21.6,150.3,33.8,150.55,1.49,6.8,Standby,16.4,15.0,18.3,18.7,No,0.0,NONE
2025-07-31 02:00:00,17.65,22.46,25.03,20.33,5.25,3.78,94.47,20.3,21.6,22.7,20.6,34.3,38.7,39.9,35.1,57.2,9.1,21.0,164.0,33.2,141.28,1.4955,6.4,Standby,18.1,16.9,18.8,16.8,No,0.0,NONE
2025-07-31 03:00:00,18.36,22.06,22.99,20.4,5.05,3.9,92.81,19.5,21.7,23.3,19.3,35.2,34.3,39.0,36.2,42.6,7.9,18.0,138.1,27.2,141.22,1.5215,6.4,Standby,15.7,14.5,19.7,18.3,No,0.0,NONE
2025-07-31 04:00:00,19.25,21.73,27.88,19.12,5.35,3.84,96.98,20.1,22.4,22.8,20.4,36.7,38.3,42.6,35.7,42.2,9.4,21.7,163.4,34.4,145.76,1.503,6.6,Standby,17.5,16.2,17.3,16.3,No,0.0,NONE
2025-07-31 05:00:00,18.82,21.96,27.14,19.74,5.05,3.88,96.66,20.3,21.6,25.1,21.3,38.1,40.0,40.5,35.7,67.8,9.7,23.9,176.4,40.6,150.16,1.5536,6.8,Standby,16.3,16.7,17.6,18.9,No,0.0,NONE
2025-07-31 06:00:00,18.27,22.48,27.3,20.16,5.35,4.0,97.21,21.1,22.2,23.9,21.5,33.6,39.7,42.7,34.1,43.2,8.9,21.1,155.4,34.2,144.88,1.4904,6.6,Standby,16.0,16.6,20.6,15.8,No,0.0,NONE
2025-07-31 07:00:00,19.67,23.68,26.9,19.48,5.16,3.64,98.73,20.7,21.2,24.5,21.1,33.3,36.9,41.1,35.6,63.2,9.1,21.6,153.4,35.1,150.38,1.5231,6.8,Standby,18.6,18.1,19.8,17.3,No,0.0,NONE
2025-07-31 08:00:00,18.32,24.2,27.53,19.9,5.32,3.85,98.94,21.0,22.8,23.7,20.7,36.6,36.3,41.8,36.1,65.5,9.2,21.2,156.3,33.2,146.65,1.4822,6.7,Standby,16.0,17.9,20.1,16.1,No,0.0,NONE
2025-07-31 09:00:00,18.0,21.15,28.05,20.57,4.93,3.71,96.77,20.4,21.4,24.4,21.4,33.3,38.4,42.7,37.1,51.8,9.0,20.7,147.2,32.3,148.93,1.539,6.8,Standby,19.5,17.3,18.5,17.2,No,0.0,NONE
2025-07-31 10:00:00,17.71,23.35,24.68,19.5,5.35,3.67,94.24,21.1,22.9,24.7,19.7,33.2,37.6,41.9,36.6,44.1,9.0,20.4,143.8,31.5,140.47,1.4905,6.4,Standby,18.3,16.2,17.4,14.9,No,0.0,NONE
2025-07-31 11:00:00,19.3,21.61,23.81,20.27,5.28,3.83,93.99,19.8,20.3,23.8,20.1,31.8,37.8,36.7,35.7,52.1,7.7,17.6,144.1,26.1,146.46,1.5583,6.7,Standby,15.8,14.6,20.8,16.1,No,0.0,NONE
2025-07-31 12:00:00,19.14,22.59,25.22,19.58,5.15,3.84,95.53,19.1,20.3,21.0,19.4,33.4,36.6,40.9,33.5,43.3,7.3,16.8,131.3,24.9,146.83,1.5369,6.7,Standby,18.5,16.8,18.2,18.7,No,0.0,NONE
2025-07-31 13:00:00,18.04,20.87,27.04,19.12,5.05,3.79,94.08,19.2,22.1,22.4,20.8,35.7,35.9,41.6,35.6,44.8,8.8,20.0,143.2,30.5,142.94,1.5193,6.5,Standby,18.1,14.0,18.7,15.6,No,0.0,NONE
2025-07-31 14:00:00,19.36,21.95,26.18,20.12,5.49,3.7,96.62,19.8,20.1,20.9,19.0,34.5,33.5,40.2,34.0,47.8,7.4,16.6,133.6,24.1,143.1,1.481,6.5,Standby,19.2,17.3,17.6,17.6,No,0.0,NONE
2025-07-31 15:00:00,18.76,20.88,24.87,19.36,5.38,3.73,92.87,18.6,21.1,23.1,19.9,34.6,36.5,39.0,33.3,44.9,7.7,17.0,130.9,24.2,144.67,1.5578,6.6,Standby,16.5,17.7,19.4,17.7,No,0.0,NONE
2025-07-31 16:00:00,17.41,21.24,23.92,20.11,5.18,3.62,91.68,20.1,20.1,20.8,19.2,34.1,33.6,35.5,33.9,38.5,7.3,16.0,125.8,22.3,141.06,1.5387,6.4,Standby,16.8,16.2,16.9,18.0,No,0.0,NONE
2025-07-31 17:00:00,19.86,21.43,24.76,18.89,5.01,3.87,93.93,20.6,22.0,23.4,19.5,34.5,35.7,36.9,35.3,40.4,7.9,18.2,150.8,27.5,142.6,1.5181,6.5,Standby,16.6,17.1,19.3,17.2,No,0.0,NONE
2025-07-31 18:00:00,18.9,23.66,24.55,20.45,5.22,3.9,96.57,19.2,21.2,23.6,20.9,33.8,33.6,39.0,32.5,62.7,7.6,17.4,145.1,26.0,144.23,1.4936,6.6,Standby,19.3,14.3,18.6,18.8,No,0.0,NONE
2025-07-31 19:00:00,18.61,21.0,24.42,19.0,5.14,3.66,92.03,19.6,19.5,23.2,18.9,32.2,34.1,38.1,31.6,47.3,7.4,16.2,133.4,22.6,137.69,1.4962,6.3,Standby,17.5,16.4,19.6,15.0,No,0.0,NONE
2025-07-31 20:00:00,19.44,23.03,25.05,19.03,5.26,3.66,95.55,18.7,19.8,20.1,20.4,31.3,32.5,37.0,32.8,56.3,7.4,15.4,131.9,19.2,143.87,1.5057,6.5,Standby,18.5,17.0,20.4,16.8,No,0.0,NONE
2025-07-31 21:00:00,19.89,22.91,23.46,19.88,5.11,3.6,95.13,19.8,21.3,22.7,19.5,34.8,36.7,37.7,36.4,46.6,8.6,19.0,151.3,28.0,147.64,1.5519,6.7,Standby,17.2,15.8,18.8,18.3,No,0.0,NONE
2025-07-31 22:00:00,18.28,23.0,25.95,20.06,5.17,3.8,96.29,19.6,22.3,22.5,20.8,35.2,35.1,41.0,33.5,58.6,8.2,18.9,142.7,29.1,144.38,1.4995,6.6,Standby,17.6,15.9,18.9,16.9,No,0.0,NONE
2025-07-31 23:00:00,18.56,21.38,26.64,19.12,5.17,3.9,94.69,19.7,20.8,21.5,20.4,34.6,35.7,41.9,33.3,48.9,8.5,19.2,144.8,29.1,144.39,1.5248,6.6,Standby,18.3,17.8,18.3,18.3,No,0.0,NONE
2025-08-01 00:00:00,18.64,24.62,25.79,19.65,5.32,3.7,97.7,20.3,20.6,22.9,19.6,33.9,38.4,39.7,34.1,43.0,8.4,19.2,147.3,29.2,149.54,1.5306,6.8,Standby,17.4,17.9,19.0,16.7,No,0.0,NONE
2025-08-01 01:00:00,18.52,22.62,22.98,20.4,5.48,3.87,93.51,18.8,20.5,22.0,19.2,35.4,35.2,36.4,35.9,41.3,8.1,18.2,137.4,27.1,140.92,1.5069,6.4,Standby,16.7,15.0,16.6,15.0,No,0.0,NONE
2025-08-01 02:00:00,17.43,22.86,26.55,18.98,5.42,3.93,94.81,28.2,22.1,22.8,21.2,34.7,34.7,38.5,33.9,56.6,8.4,18.8,143.1,28.1,146.71,1.5474,6.7,Standby,17.8,15.2,20.1,18.2,No,0.0,NONE
2025-08-01 03:00:00,19.03,22.79,24.96,20.27,5.2,3.99,96.04,19.7,22.1,23.7,21.1,33.9,36.0,39.7,34.0,43.3,8.9,20.2,159.1,31.0,143.64,1.4956,6.5,Standby,18.0,17.7,19.3,15.8,No,0.0,NONE
2025-08-01 04:00:00,18.9,22.86,29.78,19.58,5.47,3.74,100.12,21.5,22.5,25.9,22.3,35.1,40.9,43.2,36.2,57.7,9.5,23.3,163.3,39.6,152.53,1.5235,6.9,Standby,17.6,15.5,19.7,18.0,No,0.0,NONE
2025-08-01 05:00:00,19.28,20.48,26.51,19.1,5.23,3.74,94.37,20.6,21.8,21.9,21.3,32.9,34.7,39.8,34.7,52.1,8.0,18.9,143.6,29.7,142.7,1.5121,6.5,Standby,15.4,14.9,20.2,18.3,No,0.0,NONE
2025-08-01 06:00:00,17.89,22.61,27.0,20.2,5.26,3.82,96.7,19.9,21.2,23.9,21.5,32.4,37.3,40.9,34.5,43.0,8.7,20.2,159.1,31.6,146.52,1.5151,6.7,Standby,16.3,16.9,17.9,17.2,No,0.0,NONE
2025-08-01 07:00:00,18.59,23.34,25.66,20.48,5.22,3.64,97.07,20.7,20.3,23.6,21.4,35.5,39.0,38.4,34.8,45.6,8.4,19.3,141.8,29.7,149.61,1.5413,6.8,Standby,18.7,17.1,18.6,17.6,No,0.0,NONE
2025-08-01 08:00:00,17.77,21.58,27.07,19.94,5.13,3.74,95.36,20.1,22.8,25.2,21.0,36.2,38.7,39.8,36.4,50.1,9.8,22.9,160.9,36.8,146.76,1.539,6.7,Standby,18.3,15.9,19.8,17.5,No,0.0,NONE
2025-08-01 09:00:00,18.84,22.75,26.43,18.92,5.21,3.78,95.94,19.5,21.5,24.2,21.0,34.2,38.1,41.7,35.8,61.4,8.7,19.6,143.4,29.8,146.86,1.5307,6.7,Standby,18.7,17.5,19.2,17.6,No,0.0,NONE
2025-08-01 10:00:00,16.71,20.92,27.4,20.28,5.3,3.9,94.31,20.2,21.7,23.5,19.5,35.4,38.6,40.0,34.0,48.4,9.0,20.0,157.4,30.2,139.78,1.4822,6.4,Standby,16.5,14.0,18.6,15.4,No,0.0,NONE
2025-08-01 11:00:00,19.01,23.84,25.11,20.8,5.16,3.99,97.76,20.8,21.4,23.3,19.8,33.0,36.1,39.0,35.5,41.1,8.4,18.9,136.9,28.4,151.77,1.5525,6.9,Standby,16.4,16.8,20.0,17.8,No,0.0,NONE
2025-08-01 12:00:00,18.92,20.97,22.83,19.67,5.12,3.63,91.39,20.5,20.1,23.8,20.0,31.8,34.8,38.1,34.9,55.8,7.7,17.4,132.7,25.9,138.59,1.5165,6.3,Standby,15.5,14.0,19.7,16.4,No,0.0,NONE
2025-08-01 13:00:00,19.55,20.53,26.66,20.08,4.96,3.72,95.82,19.0,21.5,23.8,19.9,34.2,34.7,37.9,35.4,62.2,8.2,18.7,140.8,28.4,143.03,1.4927,6.5,Standby,15.2,16.3,19.4,17.6,No,0.0,NONE
2025-08-01 14:00:00,18.47,21.74,22.76,19.12,4.97,3.69,91.1,18.9,21.0,23.1,19.3,33.6,35.3,38.8,33.3,59.7,7.5,17.3,152.1,26.2,134.91,1.4808,6.1,Standby,16.0,13.5,18.7,17.2,No,0.0,NONE
2025-08-01 15:00:00,19.94,21.88,23.13,20.24,5.4,3.97,94.19,19.2,20.5,20.1,19.3,32.0,33.2,36.2,32.5,44.2,7.3,15.3,132.5,19.6,146.93,1.5599,6.7,Standby,19.5,16.5,18.4,16.9,No,0.0,NONE
2025-08-01 16:00:00,19.3,22.4,25.67,19.87,5.12,3.81,96.23,20.0,21.0,22.9,19.1,32.6,38.0,40.0,33.9,55.2,7.4,16.9,143.2,24.9,148.91,1.5474,6.8,Standby,16.0,15.6,21.0,17.9,No,0.0,NONE
2025-08-01 17:00:00,18.81,21.7,25.78,18.89,5.16,3.78,94.18,18.7,21.0,22.6,20.0,34.7,33.9,36.8,33.6,53.0,7.4,17.0,149.3,25.5,144.37,1.5329,6.6,Standby,17.0,17.3,17.6,16.3,No,0.0,NONE
2025-08-01 18:00:00,19.28,20.78,26.3,19.3,4.92,3.69,94.65,18.7,20.7,20.9,19.6,31.3,34.1,36.6,32.5,43.0,7.7,16.6,136.2,22.8,146.8,1.551,6.7,Standby,16.2,17.2,21.0,18.7,No,0.0,NONE
2025-08-01 19:00:00,19.55,21.32,24.28,19.62,5.18,4.0,93.77,18.8,21.7,22.2,19.5,33.8,35.2,39.6,33.4,46.5,6.8,15.5,143.2,22.1,141.76,1.5117,6.4,Standby,17.4,16.6,16.6,16.6,No,0.0,NONE
2025-08-01 20:00:00,18.57,20.83,25.71,19.4,5.0,3.63,93.51,28.8,20.1,23.7,20.0,33.1,37.9,37.2,34.8,48.5,8.4,19.0,140.5,28.6,145.79,1.5591,6.6,Standby,15.9,15.2,19.5,18.1,No,0.0,NONE
2025-08-01 21:00:00,18.93,20.96,25.94,19.28,4.97,3.81,94.11,18.7,19.8,20.5,19.9,31.2,34.5,34.1,33.4,51.9,6.6,14.6,130.8,17.4,145.4,1.5451,6.6,Standby,15.7,16.1,19.8,16.0,No,0.0,NONE
2025-08-01 22:00:00,16.99,21.22,24.98,19.56,4.95,3.87,91.76,19.0,20.1,22.4,20.1,33.1,36.6,38.6,35.3,50.5,7.0,15.8,133.9,22.7,138.56,1.51,6.3,Standby,18.2,17.1,16.7,17.3,No,0.0,NONE
2025-08-01 23:00:00,19.19,22.37,24.67,18.86,5.46,3.87,94.08,19.6,22.2,23.9,19.8,34.1,34.5,39.0,35.7,48.2,8.7,19.7,144.9,29.8,139.6,1.4838,6.3,Standby,15.3,15.7,20.0,16.4,No,0.0,NONE
2025-08-02 00:00:00,18.67,23.03,27.02,18.74,4.99,3.91,96.46,19.0,21.8,22.8,19.8,33.6,37.7,39.0,34.2,43.5,8.3,18.3,146.3,26.4,148.55,1.54,6.8,Standby,17.3,16.4,17.8,18.7,No,0.0,NONE
2025-08-02 01:00:00,18.63,22.23,26.3,20.0,4.98,3.65,96.15,20.2,21.0,22.5,21.6,33.6,39.6,39.0,37.0,46.1,8.4,20.0,158.9,32.0,145.82,1.5165,6.6,Standby,16.2,15.2,18.6,16.3,No,0.0,NONE
2025-08-02 02:00:00,20.34,24.03,26.16,19.37,5.2,3.65,98.89,19.6,22.1,21.4,19.4,33.3,38.7,40.3,35.5,53.2,8.3,18.9,140.8,28.6,149.16,1.5083,6.8,Standby,19.0,16.0,20.4,19.6,No,0.0,NONE
2025-08-02 03:00:00,17.69,20.24,27.02,21.05,5.09,3.85,95.01,20.8,21.9,22.2,20.6,33.3,37.6,37.9,37.2,56.1,8.4,19.7,157.7,31.3,146.05,1.5373,6.6,Standby,17.1,15.4,19.3,18.2,No,0.0,NONE
2025-08-02 04:00:00,17.27,22.31,27.39,19.69,5.33,3.67,95.66,20.7,22.7,24.7,20.3,36.6,37.8,39.5,36.5,59.4,8.8,20.8,161.8,33.2,147.64,1.5433,6.7,Standby,18.2,14.8,17.3,18.7,No,0.0,NONE
2025-08-02 05:00:00,17.92,21.73,24.26,20.49,5.44,3.68,93.39,20.2,20.7,22.7,20.2,33.4,35.9,36.9,33.7,64.5,8.1,18.9,138.8,29.3,145.58,1.5588,6.6,Standby,15.5,14.3,17.1,17.5,No,0.0,NONE
2025-08-02 06:00:00,18.07,22.78,26.51,20.77,5.47,3.86,97.12,20.1,21.8,24.2,21.6,34.2,40.0,40.8,36.7,64.3,9.4,21.4,155.1,33.1,149.22,1.5364,6.8,Standby,16.8,15.2,20.1,18.4,No,0.0,NONE
2025-08-02 07:00:00,18.63,23.27,25.48,20.37,5.48,3.67,96.76,19.4,21.5,23.0,20.5,33.4,35.5,43.0,34.7,50.9,8.2,19.6,156.4,31.4,147.42,1.5236,6.7,Standby,17.4,14.7,18.0,15.7,No,0.0,NONE
2025-08-02 08:00:00,18.38,21.62,27.7,19.23,5.2,3.95,95.95,20.3,22.9,25.3,21.2,35.4,39.8,42.4,36.9,62.9,10.4,24.8,174.5,41.3,144.82,1.5094,6.6,Standby,16.9,14.0,17.2,17.4,No,0.0,NONE
2025-08-02 09:00:00,18.38,22.31,27.8,20.24,5.48,3.94,97.73,20.6,20.8,22.3,20.3,35.5,40.4,41.7,37.2,61.2,8.7,20.9,151.2,34.1,148.28,1.5173,6.7,Standby,16.8,16.6,20.1,17.1,No,0.0,NONE
2025-08-02 10:00:00,18.73,21.38,26.46,20.76,5.45,3.84,96.33,19.5,20.8,21.4,19.6,34.1,35.5,37.8,32.5,59.9,8.4,18.6,141.8,27.6,148.62,1.5428,6.8,Standby,16.9,15.6,21.3,17.7,No,0.0,NONE
2025-08-02 11:00:00,17.94,22.06,21.67,20.21,5.35,3.61,90.87,20.6,20.0,21.1,19.8,33.0,34.7,38.9,36.2,52.2,8.0,18.0,150.4,26.5,140.82,1.5496,6.4,Standby,15.3,17.1,16.7,16.7,No,0.0,NONE
2025-08-02 12:00:00,18.27,23.0,28.81,20.9,5.33,3.83,99.99,21.1,22.1,22.3,21.6,33.0,37.9,39.2,34.1,44.7,9.5,21.4,157.3,33.2,149.36,1.4938,6.8,Standby,19.4,15.8,18.8,18.7,No,0.0,NONE
2025-08-02 13:00:00,18.82,22.41,27.21,20.63,5.04,3.68,98.07,28.2,20.6,21.7,21.3,33.3,38.7,40.8,34.1,42.9,8.6,19.3,144.4,28.7,149.98,1.5293,6.8,Standby,19.4,18.1,18.2,18.5,No,0.0,NONE
2025-08-02 14:00:00,18.59,20.69,26.34,20.16,5.39,3.9,94.78,18.9,20.2,23.0,19.3,34.1,35.4,37.3,32.7,44.2,8.3,18.6,154.8,27.8,142.91,1.5078,6.5,Standby,17.9,15.5,16.7,15.4,No,0.0,NONE
2025-08-02 15:00:00,19.44,22.29,23.95,20.99,4.99,3.75,95.66,19.6,21.7,23.6,20.5,35.9,35.7,37.1,35.9,46.1,8.4,19.4,157.7,29.9,144.92,1.5149,6.6,Standby,19.3,17.2,19.3,18.2,No,0.0,NONE
2025-08-02 16:00:00,19.31,22.07,22.28,20.8,5.47,3.89,93.45,19.6,20.3,20.9,20.6,33.1,33.8,39.1,32.3,48.6,7.7,17.4,134.2,25.5,138.37,1.4807,6.3,Standby,16.4,16.7,19.9,15.2,No,0.0,NONE
2025-08-02 17:00:00,19.07,22.39,22.29,19.48,4.94,3.6,92.24,19.9,21.1,22.9,20.4,32.5,35.0,39.1,34.8,49.8,7.1,15.1,123.7,20.0,136.66,1.4816,6.2,Standby,14.9,13.6,18.4,14.7,No,0.0,NONE
2025-08-02 18:00:00,18.58,21.98,25.32,19.31,5.09,3.82,94.2,20.0,20.4,21.8,19.8,33.2,34.6,38.0,34.0,46.0,7.6,16.8,141.2,24.3,145.92,1.5491,6.6,Standby,15.5,15.1,20.2,16.6,No,0.0,NONE
2025-08-02 19:00:00,18.22,23.22,24.11,20.67,5.02,3.9,95.22,20.0,20.1,21.1,19.8,31.9,32.4,36.3,34.3,37.0,6.8,15.0,127.4,20.7,143.16,1.5034,6.5,Standby,16.2,17.6,17.7,18.6,No,0.0,NONE
2025-08-02 20:00:00,19.03,22.6,24.46,20.07,5.24,3.95,95.16,20.3,22.0,22.9,19.4,33.5,38.1,38.9,33.5,44.1,8.1,17.4,131.3,24.6,146.52,1.5396,6.7,Standby,17.0,17.1,17.9,18.1,No,0.0,NONE
2025-08-02 21:00:00,17.39,22.75,26.0,20.01,4.92,3.64,95.14,19.3,20.6,21.7,20.4,33.5,36.8,37.0,32.1,61.9,7.9,17.6,144.4,25.5,146.86,1.5436,6.7,Standby,18.7,16.0,17.3,16.4,No,0.0,NONE
2025-08-02 22:00:00,17.97,22.2,22.84,20.1,4.96,3.99,92.11,18.9,19.7,22.8,19.8,34.9,33.8,37.7,34.5,51.3,7.6,17.2,143.7,25.4,137.07,1.4881,6.2,Standby,16.4,14.6,19.2,15.0,No,0.0,NONE
2025-08-02 23:00:00,20.72,22.06,24.32,20.43,4.93,3.81,96.53,20.1,20.1,23.2,19.8,35.0,33.9,37.6,33.0,60.3,8.2,17.9,137.1,25.8,144.98,1.5019,6.6,Standby,16.5,15.0,19.7,19.2,No,0.0,NONE
2025-08-03 00:00:00,18.6,20.91,26.65,19.4,5.1,3.99,94.56,19.3,21.8,22.7,20.1,32.5,37.1,40.4,35.7,59.6,8.8,19.8,145.0,29.9,142.28,1.5047,6.5,Standby,16.7,15.8,16.8,16.7,No,0.0,NONE
2025-08-03 01:00:00,17.24,20.54,26.52,19.02,4.9,3.83,92.32,20.7,21.1,23.9,21.0,35.6,36.1,40.6,34.3,63.0,8.7,20.4,145.7,32.4,137.22,1.4864,6.2,Standby,17.0,13.4,17.3,14.6,No,0.0,NONE
2025-08-03 02:00:00,17.25,23.46,23.6,19.19,5.16,3.76,92.5,19.8,20.0,21.1,20.6,33.5,34.3,38.4,34.5,47.2,8.3,18.4,135.7,26.8,138.88,1.5014,6.3,Standby,15.1,13.9,17.0,14.7,No,0.0,NONE
2025-08-03 03:00:00,19.23,23.13,27.68,20.54,4.98,3.99,99.58,19.2,21.9,24.1,21.3,35.6,37.7,37.7,35.0,50.8,8.3,19.2,145.9,29.7,152.21,1.5286,6.9,Standby,19.0,16.6,21.1,17.9,No,0.0,NONE
2025-08-03 04:00:00,19.13,22.8,28.12,20.45,4.97,3.97,99.5,20.7,23.1,23.9,21.8,36.7,39.0,41.5,34.9,65.4,9.1,21.6,155.2,35.1,147.98,1.4872,6.7,Standby,18.9,15.6,19.9,18.2,No,0.0,NONE
2025-08-03 05:00:00,19.55,22.05,26.11,20.13,4.97,3.77,96.83,21.1,22.6,25.2,21.8,33.7,39.7,42.8,34.8,62.0,9.6,22.2,154.7,35.1,146.98,1.5179,6.7,Standby,16.6,16.0,18.2,17.4,No,0.0,NONE
2025-08-03 06:00:00,17.47,20.93,27.48,19.63,5.35,3.97,94.51,21.4,21.2,23.9,21.4,35.1,37.5,44.3,37.8,64.1,9.8,22.6,163.6,36.1,143.13,1.5145,6.5,Standby,18.9,16.7,18.2,17.2,No,0.0,NONE
2025-08-03 07:00:00,19.18,23.78,28.95,20.32,4.98,3.88,101.22,28.0,23.5,25.6,22.1,35.5,41.4,43.4,38.1,51.8,10.2,23.8,163.9,38.7,157.21,1.5531,7.1,Standby,18.9,15.8,19.1,20.1,No,0.0,NONE
2025-08-03 08:00:00,19.05,22.7,26.71,19.72,5.29,3.81,97.17,28.1,22.7,24.9,20.5,34.6,39.5,40.4,34.9,65.5,9.3,21.1,155.7,32.5,144.14,1.4833,6.6,Standby,18.2,15.9,19.9,16.6,No,0.0,NONE
2025-08-03 09:00:00,19.8,22.69,25.78,20.44,5.25,3.74,97.71,20.3,21.6,22.3,21.6,34.6,35.4,40.4,35.2,43.6,9.2,21.0,160.5,32.8,152.39,1.5596,6.9,Standby,17.1,15.1,18.5,16.7,No,0.0,NONE
2025-08-03 10:00:00,18.71,22.68,26.65,18.95,5.33,3.89,95.99,20.3,22.3,23.8,21.2,36.1,37.7,41.9,36.5,63.3,8.3,19.6,149.5,31.0,143.5,1.495,6.5,Standby,17.4,17.5,18.8,18.0,No,0.0,NONE
2025-08-03 11:00:00,17.93,21.17,24.0,18.92,5.27,3.81,91.03,20.3,20.5,21.4,19.5,34.5,34.2,38.6,33.3,42.2,8.3,17.9,143.0,25.3,140.32,1.5414,6.4,Standby,17.1,16.9,17.5,15.3,No,0.0,NONE
2025-08-03 12:00:00,19.07,21.0,26.84,20.1,5.36,3.92,96.02,19.3,22.4,22.3,21.3,33.0,36.3,42.3,36.0,42.0,8.5,20.2,158.4,32.2,144.97,1.5098,6.6,Standby,16.1,14.9,20.2,17.9,No,0.0,NONE
2025-08-03 13:00:00,18.04,21.25,24.7,19.94,5.37,3.85,92.92,19.7,22.3,22.7,20.9,35.0,38.8,38.4,33.6,50.7,8.6,19.3,145.9,29.0,140.59,1.513,6.4,Standby,18.4,14.8,17.4,15.0,No,0.0,NONE
2025-08-03 14:00:00,19.35,21.98,27.13,19.32,5.11,3.75,96.79,19.3,21.9,23.8,21.1,35.7,37.0,37.9,35.1,48.4,8.7,19.3,156.9,28.7,150.19,1.5518,6.8,Standby,17.4,17.3,18.3,18.2,No,0.0,NONE
2025-08-03 15:00:00,18.14,22.25,26.86,20.22,4.94,3.61,96.47,20.5,21.8,23.6,21.7,36.1,36.9,39.6,34.6,64.7,9.1,20.8,152.4,32.4,149.95,1.5544,6.8,Standby,19.6,18.2,18.4,17.9,No,0.0,NONE
2025-08-03 16:00:00,17.6,21.02,22.9,20.49,5.27,3.71,91.01,19.3,19.8,20.2,20.2,32.2,33.4,36.1,33.5,52.0,7.1,15.1,121.0,19.6,139.97,1.5379,6.4,Standby,16.7,15.5,16.6,15.4,No,0.0,NONE
2025-08-03 17:00:00,18.62,20.54,26.47,18.7,4.98,3.75,93.33,20.3,21.9,20.8,20.5,33.3,33.8,40.1,34.3,39.7,8.0,17.1,139.7,23.7,139.42,1.4938,6.3,Standby,18.1,16.4,16.2,15.7,No,0.0,NONE
2025-08-03 18:00:00,17.13,22.63,23.88,20.11,5.3,3.77,92.74,19.0,20.0,20.6,20.5,34.4,37.3,35.6,33.1,43.3,7.0,15.6,141.8,22.1,140.92,1.5195,6.4,Standby,16.3,14.8,20.0,18.7,No,0.0,NONE
2025-08-03 19:00:00,18.54,21.43,23.06,20.54,5.12,3.83,92.56,19.0,21.4,20.8,18.9,32.4,34.9,35.1,35.0,50.1,7.1,16.1,141.5,23.4,137.45,1.4849,6.2,Standby,17.9,14.9,18.3,14.6,No,0.0,NONE
2025-08-03 20:00:00,17.1,21.2,26.38,19.4,5.48,3.76,93.07,19.3,21.8,20.6,19.4,31.4,35.0,35.6,33.4,43.8,7.3,16.2,134.6,23.0,141.27,1.5178,6.4,Standby,18.8,14.2,18.2,17.7,No,0.0,NONE
2025-08-03 21:00:00,17.18,23.0,24.34,18.91,5.49,3.85,92.44,20.6,19.8,23.3,20.1,33.8,35.5,37.8,33.8,53.4,7.9,17.9,145.6,26.8,137.32,1.4856,6.2,Standby,16.9,15.3,17.5,17.6,No,0.0,NONE
2025-08-03 22:00:00,19.2,21.56,23.92,19.95,5.46,3.7,93.64,18.9,21.2,23.2,20.8,34.2,34.3,38.2,32.5,58.6,8.4,18.7,153.7,27.5,142.49,1.5218,6.5,Standby,15.4,16.1,17.9,16.9,No,0.0,NONE
2025-08-03 23:00:00,19.32,21.11,27.27,19.33,5.16,3.84,96.03,20.8,21.0,23.5,21.2,32.2,37.1,37.5,36.0,48.9,8.3,19.1,149.6,29.3,145.07,1.5107,6.6,Standby,17.5,16.1,19.2,19.3,No,0.0,NONE
2025-08-04 00:00:00,18.56,22.57,25.7,19.65,5.29,3.93,95.48,28.3,20.6,23.9,20.2,33.3,37.2,42.5,34.0,53.7,9.3,21.2,149.4,33.0,144.71,1.5156,6.6,Standby,18.9,15.8,18.1,16.5,No,0.0,NONE
2025-08-04 01:00:00,19.7,21.47,27.26,19.67,5.12,3.99,97.09,19.2,20.4,21.9,19.7,33.1,36.7,42.1,34.7,43.6,8.6,19.8,160.1,30.8,148.48,1.5293,6.7,Standby,15.9,16.6,18.2,17.3,No,0.0,NONE
2025-08-04 02:00:00,17.34,21.03,26.61,20.74,5.39,3.87,94.72,19.4,20.4,22.2,19.7,35.6,36.1,42.5,35.1,56.7,8.1,18.8,150.3,28.9,143.36,1.5135,6.5,Standby,18.8,17.7,20.4,17.0,No,0.0,NONE
2025-08-04 03:00:00,17.78,23.56,26.96,21.59,5.17,3.74,98.89,20.1,21.6,23.6,20.4,33.2,36.9,39.4,35.6,59.0,9.1,20.6,150.4,31.7,146.51,1.4815,6.7,Standby,18.4,17.7,17.9,17.6,No,0.0,NONE
2025-08-04 04:00:00,20.37,22.96,27.41,19.83,5.25,3.88,99.57,20.1,22.9,24.0,21.1,33.5,40.2,40.8,33.8,43.5,9.0,21.0,146.7,33.2,151.39,1.5204,6.9,Standby,17.5,14.8,18.4,18.9,No,0.0,NONE
2025-08-04 05:00:00,17.71,20.24,26.33,20.3,5.17,3.77,93.58,28.9,21.1,23.9,21.2,33.1,39.3,39.1,36.0,55.7,8.4,19.6,160.0,30.6,140.68,1.5033,6.4,Standby,15.0,16.9,18.8,17.2,No,0.0,NONE
2025-08-04 06:00:00,19.0,22.15,28.39,19.51,5.12,3.89,98.04,20.6,23.4,24.3,21.0,36.9,39.6,43.1,37.7,69.1,9.5,23.1,173.9,38.9,145.42,1.4833,6.6,Standby,16.9,16.1,18.1,17.0,No,0.0,NONE
2025-08-04 07:00:00,18.38,21.36,25.82,19.13,5.15,3.76,93.7,19.8,20.5,21.6,19.4,35.0,37.8,38.5,33.6,51.8,7.8,18.1,146.0,27.6,139.0,1.4834,6.3,Standby,15.0,17.0,18.4,18.4,No,0.0,NONE
2025-08-04 08:00:00,19.03,20.07,26.73,20.36,5.32,3.63,95.19,19.9,21.8,24.3,20.4,34.5,38.3,39.3,37.2,50.3,8.6,20.3,150.3,32.5,142.27,1.4946,6.5,Standby,18.1,16.3,19.1,16.7,No,0.0,NONE
2025-08-04 09:00:00,18.77,22.44,23.75,20.44,5.32,3.97,94.4,20.4,20.8,21.6,20.0,33.5,34.5,42.6,35.3,63.5,8.1,19.0,150.4,29.8,143.93,1.5247,6.5,Standby,16.7,16.7,19.3,16.2,No,0.0,NONE
2025-08-04 10:00:00,17.26,21.42,24.31,18.93,5.33,3.71,90.91,20.0,21.7,22.2,20.2,35.1,37.7,41.9,33.4,56.1,8.7,19.2,146.5,28.5,136.64,1.503,6.2,Standby,14.5,14.0,16.0,17.4,No,0.0,NONE
2025-08-04 11:00:00,20.56,25.26,25.43,19.91,5.5,3.94,100.16,19.6,20.6,22.9,21.2,32.7,38.5,42.8,33.7,57.4,8.8,20.0,155.5,30.6,154.34,1.541,7.0,Standby,17.4,19.0,21.6,18.0,No,0.0,NONE
2025-08-04 12:00:00,18.49,21.93,27.38,20.83,5.03,3.92,97.63,20.5,20.9,22.0,21.1,35.9,35.1,37.9,35.3,52.0,8.4,19.4,149.1,29.8,148.28,1.5188,6.7,Standby,16.4,16.7,17.4,17.8,No,0.0,NONE
2025-08-04 13:00:00,18.28,21.11,23.61,18.65,5.08,3.94,90.65,18.8,20.7,23.8,19.4,33.1,35.0,39.5,32.4,57.8,7.3,16.9,147.2,25.4,138.16,1.5242,6.3,Standby,17.1,16.7,19.0,15.1,No,0.0,NONE
2025-08-04 14:00:00,19.29,21.28,24.48,19.48,5.47,3.69,93.53,19.4,20.2,21.4,20.7,33.2,33.2,36.3,35.4,38.9,7.7,17.1,136.5,24.6,144.45,1.5444,6.6,Standby,18.9,14.7,20.7,17.8,No,0.0,NONE
2025-08-04 15:00:00,18.51,22.39,23.65,20.62,5.13,3.73,94.17,20.1,19.5,20.8,19.1,33.2,35.7,35.5,31.4,36.8,6.8,15.3,129.7,21.6,140.55,1.4925,6.4,Standby,15.8,16.5,19.9,18.5,No,0.0,NONE
2025-08-04 16:00:00,18.29,21.64,25.46,20.06,5.0,3.77,94.45,19.9,20.0,21.4,21.1,32.9,34.4,37.1,34.1,59.9,8.2,18.4,138.5,27.5,143.28,1.517,6.5,Standby,16.6,16.7,17.8,17.0,No,0.0,NONE
2025-08-04 17:00:00,19.16,21.1,24.44,21.02,5.43,3.62,94.72,19.5,19.8,22.1,20.1,34.1,34.9,40.4,32.4,43.5,7.7,17.3,140.4,25.6,145.62,1.5373,6.6,Standby,17.9,14.0,19.5,18.3,No,0.0,NONE
2025-08-04 18:00:00,18.99,22.05,25.39,20.54,5.04,3.71,95.97,19.2,21.4,22.3,20.8,34.5,35.4,37.7,35.8,49.2,8.1,17.4,138.3,24.4,146.9,1.5308,6.7,Standby,19.6,15.1,20.7,16.7,No,0.0,NONE
2025-08-04 19:00:00,19.48,22.27,24.98,18.9,5.35,3.99,94.64,19.7,19.8,22.7,21.0,34.0,35.4,41.4,35.6,56.9,7.6,17.1,131.2,25.0,143.6,1.5173,6.5,Standby,19.0,16.9,20.6,18.3,No,0.0,NONE
2025-08-04 20:00:00,18.18,23.91,25.42,19.83,5.05,3.63,96.34,19.4,21.0,23.1,20.3,31.5,33.5,36.4,32.4,54.0,6.9,15.4,143.2,22.0,148.14,1.5377,6.7,Standby,18.6,16.5,17.5,19.6,No,0.0,NONE
2025-08-04 21:00:00,19.37,21.48,23.72,20.66,5.45,3.97,94.24,20.0,19.6,23.3,20.3,33.1,35.1,39.1,33.0,51.8,7.8,17.2,136.7,24.8,141.34,1.4999,6.4,Standby,17.6,16.3,18.1,15.2,No,0.0,NONE
2025-08-04 22:00:00,18.36,21.44,25.49,20.98,5.26,3.78,95.27,19.0,21.8,23.5,20.1,31.7,37.2,42.3,34.6,56.3,7.9,18.3,147.8,28.1,143.14,1.5024,6.5,Standby,17.3,14.7,18.0,19.0,No,0.0,NONE
2025-08-04 23:00:00,17.5,22.38,23.33,20.0,5.11,3.81,92.22,20.2,21.5,21.0,20.5,32.8,36.2,37.8,34.1,45.9,7.2,15.8,131.9,22.1,142.62,1.5466,6.5,Standby,16.2,15.7,18.4,16.7,No,0.0,NONE
2025-08-05 00:00:00,19.23,21.1,25.26,20.84,4.97,3.64,95.43,19.6,21.0,22.0,20.4,34.5,39.1,41.2,35.1,53.5,8.2,19.2,153.5,30.1,146.94,1.5398,6.7,Standby,17.9,15.3,20.1,18.2,No,0.0,NONE
2025-08-05 01:00:00,17.31,21.94,24.06,20.3,5.05,3.94,92.61,18.5,21.3,20.8,20.2,32.0,33.5,37.0,32.4,42.8,7.3,16.7,149.0,24.5,138.52,1.4958,6.3,Standby,17.4,16.6,17.8,16.3,No,0.0,NONE
2025-08-05 02:00:00,16.55,23.13,25.34,21.08,4.93,3.83,95.1,19.3,21.6,21.2,19.5,32.7,37.7,36.3,35.1,62.2,8.1,17.5,130.7,24.9,145.95,1.5347,6.6,Standby,18.5,16.3,19.2,16.2,No,0.0,NONE
2025-08-05 03:00:00,19.51,19.47,24.95,20.0,5.0,3.71,92.92,19.7,21.9,22.6,20.9,32.7,36.0,39.7,34.2,44.9,8.3,19.5,151.5,30.5,138.65,1.4921,6.3,Standby,18.5,15.9,16.1,15.4,No,0.0,NONE
2025-08-05 04:00:00,19.58,23.43,25.64,20.22,4.92,3.99,97.87,19.1,21.9,22.6,20.3,34.1,38.7,40.0,35.9,60.4,8.0,18.6,143.7,28.6,148.69,1.5192,6.8,Standby,18.4,16.9,20.8,16.0,No,0.0,NONE
2025-08-05 05:00:00,18.78,24.24,27.12,19.5,5.24,3.92,98.64,19.6,20.6,23.2,20.4,33.8,35.2,42.7,33.5,47.4,8.8,19.9,158.9,30.3,148.33,1.5038,6.7,Standby,17.7,17.3,19.8,16.1,No,0.0,NONE
2025-08-05 06:00:00,18.04,22.03,26.68,19.66,5.03,3.63,95.42,20.2,21.9,23.8,20.0,34.2,37.0,40.0,37.2,50.7,9.3,21.2,156.0,33.3,142.59,1.4943,6.5,Standby,17.7,17.2,16.6,18.1,No,0.0,NONE
2025-08-05 07:00:00,19.05,22.25,27.1,19.96,4.91,3.99,97.37,19.1,22.1,22.0,20.6,32.8,37.7,40.8,33.5,44.3,8.3,19.7,158.0,31.3,147.72,1.5172,6.7,Standby,18.6,16.9,18.4,16.5,No,0.0,NONE
2025-08-05 08:00:00,20.08,23.51,25.89,20.14,4.9,3.96,98.63,21.1,21.8,24.4,21.8,34.0,37.7,38.9,34.9,63.9,9.5,21.5,166.7,33.6,147.62,1.4967,6.7,Standby,16.4,18.0,19.4,18.5,No,0.0,NONE
2025-08-05 09:00:00,17.39,21.44,24.94,19.88,5.06,3.85,92.65,20.7,21.3,25.1,20.9,35.9,35.7,39.6,34.3,50.8,8.7,21.0,166.7,34.2,140.98,1.5216,6.4,Standby,17.9,14.1,18.0,15.7,No,0.0,NONE
2025-08-05 10:00:00,18.52,20.98,23.35,19.91,5.21,3.65,91.76,18.7,20.7,23.0,20.1,34.2,36.9,40.3,35.8,45.1,8.2,18.2,139.2,26.7,136.46,1.4871,6.2,Standby,14.4,13.2,16.6,14.8,No,0.0,NONE
2025-08-05 11:00:00,19.09,20.44,23.79,20.32,4.99,3.86,92.65,19.4,20.2,22.3,19.3,32.2,35.0,37.4,32.3,47.7,8.1,17.5,144.1,24.6,141.39,1.526,6.4,Standby,18.3,16.9,18.1,15.0,No,0.0,NONE
2025-08-05 12:00:00,19.71,22.18,27.26,20.36,5.22,3.96,98.51,21.2,20.8,24.8,20.0,34.3,39.1,38.5,35.3,47.6,9.1,21.1,165.5,33.4,147.75,1.4999,6.7,Standby,18.6,17.7,20.3,17.9,No,0.0,NONE
2025-08-05 13:00:00,18.62,22.15,26.77,19.99,4.93,3.72,96.53,19.9,20.6,23.8,20.9,33.5,38.2,41.3,33.9,40.6,7.7,18.1,153.4,27.9,149.75,1.5514,6.8,Standby,18.3,17.6,21.2,16.1,No,0.0,NONE
2025-08-05 14:00:00,17.8,20.49,25.87,20.68,5.02,3.92,93.84,20.4,22.1,22.7,20.0,35.2,36.8,41.3,36.6,48.9,9.1,20.2,148.7,30.5,145.98,1.5556,6.6,Standby,18.6,15.9,19.4,18.8,No,0.0,NONE
2025-08-05 15:00:00,19.17,21.5,24.13,19.05,5.02,3.86,92.85,19.6,20.4,22.1,20.4,34.6,34.6,40.8,33.7,46.0,7.3,16.9,130.6,25.2,139.46,1.502,6.3,Standby,17.0,14.8,17.3,18.3,No,0.0,NONE
2025-08-05 16:00:00,18.26,20.28,23.84,21.56,5.23,3.65,92.94,18.9,20.3,20.2,18.9,31.5,33.0,36.0,34.6,50.8,7.3,15.5,130.1,20.4,137.66,1.4812,6.3,Standby,16.7,16.5,16.8,18.4,No,0.0,NONE
2025-08-05 17:00:00,18.47,20.48,24.4,20.16,5.35,3.97,92.51,28.5,19.8,23.4,20.3,33.8,35.7,37.4,32.8,48.6,7.5,16.6,132.2,23.8,138.15,1.4934,6.3,Standby,17.8,14.4,19.5,15.2,No,0.0,NONE
2025-08-05 18:00:00,17.98,22.1,24.33,19.16,5.04,3.9,92.57,18.5,21.0,21.7,18.9,30.9,37.5,39.6,34.8,37.3,7.6,16.5,144.6,23.0,143.85,1.554,6.5,Standby,18.3,13.9,17.8,17.3,No,0.0,NONE
2025-08-05 19:00:00,17.68,21.69,25.74,20.46,5.12,3.74,94.57,18.1,19.7,22.8,19.9,30.1,34.6,36.1,34.9,58.7,6.9,14.9,120.6,19.5,142.06,1.5022,6.5,Standby,17.8,13.7,17.1,18.1,No,0.0,NONE
2025-08-05 20:00:00,18.93,21.72,23.51,20.08,5.15,3.9,93.23,19.0,20.2,20.8,19.0,32.7,35.6,39.8,34.6,49.6,6.6,14.6,122.6,19.5,140.16,1.5033,6.4,Standby,17.3,15.0,20.1,18.5,No,0.0,NONE
2025-08-05 21:00:00,18.4,21.57,23.45,19.54,5.45,3.81,91.96,19.3,21.3,21.7,20.0,33.7,38.7,39.1,32.6,41.6,8.1,18.4,150.8,27.6,139.35,1.5153,6.3,Standby,16.3,14.0,17.4,18.2,No,0.0,NONE
2025-08-05 22:00:00,19.64,23.37,24.93,19.25,4.96,3.79,96.18,20.3,20.0,22.5,20.3,33.7,36.2,37.5,35.6,55.2,8.8,19.3,141.2,28.6,143.1,1.4879,6.5,Standby,15.3,16.2,19.6,15.7,No,0.0,NONE
2025-08-05 23:00:00,17.87,22.86,26.95,20.86,5.18,3.61,97.54,19.7,21.8,21.3,20.8,33.4,36.6,37.9,34.4,51.9,8.0,18.6,142.5,28.5,148.77,1.5253,6.8,Standby,19.8,16.8,19.9,19.8,No,0.0,NONE
2025-08-06 00:00:00,16.27,21.95,25.56,20.24,5.46,3.97,93.02,19.5,21.6,23.0,21.0,34.4,39.4,40.2,34.6,65.1,9.0,20.1,155.3,30.5,137.69,1.4802,6.3,Standby,16.9,14.8,17.3,17.4,No,0.0,NONE
2025-08-06 01:00:00,18.02,21.82,26.57,19.85,5.49,3.85,95.26,20.5,22.4,22.6,20.1,32.8,38.1,42.0,34.6,40.2,9.0,20.1,151.8,30.3,145.9,1.5316,6.6,Standby,19.1,16.9,20.5,19.0,No,0.0,NONE
2025-08-06 02:00:00,18.46,22.0,29.28,19.26,5.48,3.66,98.0,20.6,23.1,23.0,20.5,35.3,38.7,39.8,36.2,65.5,9.6,22.2,168.1,35.4,146.8,1.498,6.7,Standby,18.0,17.3,20.2,17.2,No,0.0,NONE
2025-08-06 03:00:00,18.94,22.48,27.72,19.74,5.4,3.65,97.89,20.0,22.5,23.5,21.5,33.6,37.2,39.2,35.6,47.7,8.7,19.7,145.3,30.1,152.65,1.5595,6.9,Standby,17.4,17.7,21.7,17.0,No,0.0,NONE
2025-08-06 04:00:00,19.6,23.34,26.75,19.64,5.34,3.94,98.33,19.4,21.4,24.1,21.5,35.4,39.1,37.3,36.2,43.9,8.9,20.1,157.4,30.7,147.5,1.5001,6.7,Standby,18.7,14.5,18.4,18.4,No,0.0,NONE
2025-08-06 05:00:00,18.96,21.38,24.81,20.03,5.3,3.96,94.18,19.6,19.9,21.9,19.4,34.8,34.6,38.4,33.1,51.6,8.1,18.3,147.5,27.3,141.31,1.5003,6.4,Standby,15.7,16.6,18.3,16.9,No,0.0,NONE
2025-08-06 06:00:00,18.76,23.34,24.7,20.71,5.2,3.91,96.5,20.7,22.2,24.4,20.2,34.4,37.9,43.6,37.4,53.7,8.4,20.2,151.7,32.6,147.05,1.5237,6.7,Standby,16.2,17.7,17.2,17.5,No,0.0,NONE
2025-08-06 07:00:00,17.56,21.99,28.18,19.23,5.08,3.6,95.96,20.3,21.8,23.6,21.5,33.2,38.4,38.6,36.4,41.5,9.0,20.4,154.2,31.4,147.38,1.5359,6.7,Standby,16.8,15.2,20.6,17.9,No,0.0,NONE
2025-08-06 08:00:00,18.1,23.18,24.23,20.02,5.39,3.65,94.53,19.5,20.2,21.3,20.3,34.2,38.6,38.2,33.6,54.5,7.7,18.1,147.3,27.9,146.23,1.547,6.6,Standby,19.3,14.8,17.5,18.9,No,0.0,NONE
2025-08-06 09:00:00,18.35,20.93,25.5,20.89,5.02,3.69,94.67,28.0,22.3,22.5,19.9,33.2,38.8,40.8,35.9,56.7,8.9,20.1,152.0,30.6,145.03,1.532,6.6,Standby,18.8,17.9,19.4,17.8,No,0.0,NONE
2025-08-06 10:00:00,18.14,21.17,27.75,19.88,4.93,3.83,95.94,19.4,21.2,24.3,19.7,32.8,39.3,39.6,34.7,54.4,8.8,20.1,142.8,31.0,143.84,1.4992,6.5,Standby,17.0,16.9,17.8,15.9,No,0.0,NONE
2025-08-06 11:00:00,17.41,24.55,23.4,18.95,5.17,3.9,93.31,19.7,22.1,23.1,19.4,32.9,37.9,38.4,34.4,58.7,8.3,18.2,137.1,26.6,144.89,1.5528,6.6,Standby,15.5,14.2,17.9,18.5,No,0.0,NONE
2025-08-06 12:00:00,17.22,23.11,24.16,19.07,5.38,3.78,92.55,19.2,22.0,22.9,20.2,34.9,38.1,37.9,33.6,45.4,7.4,17.3,140.7,26.2,143.52,1.5507,6.5,Standby,16.4,14.4,19.2,16.4,No,0.0,NONE
2025-08-06 13:00:00,17.53,19.31,26.65,20.36,5.22,3.97,92.85,20.3,21.7,22.5,19.9,34.9,37.0,36.9,34.4,42.7,8.2,18.6,153.5,28.2,144.62,1.5575,6.6,Standby,15.5,17.9,19.0,18.6,No,0.0,NONE
2025-08-06 14:00:00,17.88,22.45,25.9,19.86,5.03,3.88,95.09,19.9,22.6,22.8,21.5,32.9,35.1,42.2,36.4,58.3,8.5,20.1,146.9,31.8,142.43,1.4979,6.5,Standby,16.8,14.5,17.4,18.3,No,0.0,NONE
2025-08-06 15:00:00,19.69,20.77,25.77,19.69,5.05,3.61,94.92,20.6,20.9,21.7,20.7,31.9,36.0,38.3,32.7,54.9,8.3,18.0,146.9,26.0,144.99,1.5274,6.6,Standby,18.9,17.7,19.1,15.5,No,0.0,NONE
2025-08-06 16:00:00,16.77,21.94,25.53,20.44,5.35,3.94,93.68,20.4,20.5,23.9,20.6,31.9,37.4,41.0,33.0,42.5,8.4,18.4,139.4,26.5,141.95,1.5153,6.5,Standby,15.6,15.6,19.3,16.5,No,0.0,NONE
2025-08-06 17:00:00,18.37,21.48,23.8,20.2,5.11,3.97,92.85,20.2,21.4,20.7,19.3,31.3,32.9,40.1,32.3,45.7,7.5,16.2,138.0,22.5,141.55,1.5245,6.4,Standby,16.5,16.7,18.2,16.5,No,0.0,NONE
2025-08-06 18:00:00,17.12,22.27,23.43,20.78,5.5,3.75,92.61,18.8,21.4,21.9,19.1,33.9,35.3,39.8,34.7,51.1,7.6,16.6,132.9,23.6,138.74,1.4981,6.3,Standby,17.5,16.7,17.8,18.5,No,0.0,NONE
2025-08-06 19:00:00,18.53,20.42,23.65,19.97,4.9,3.93,91.56,20.4,20.9,22.5,19.2,34.7,34.2,38.7,35.8,48.5,8.0,17.4,134.6,24.5,136.91,1.4953,6.2,Standby,14.8,13.9,16.1,16.0,No,0.0,NONE
2025-08-06 20:00:00,20.25,21.0,23.94,20.18,4.96,3.85,94.36,19.3,21.5,23.0,19.4,30.9,34.5,39.4,33.7,50.5,6.6,14.6,123.2,19.9,140.9,1.4932,6.4,Standby,17.7,14.1,17.8,15.7,No,0.0,NONE
2025-08-06 21:00:00,18.56,22.15,23.48,20.42,4.97,3.72,93.6,19.5,20.9,21.6,20.1,30.3,32.0,34.6,34.3,47.4,6.8,14.8,134.0,18.3,141.35,1.5101,6.4,Standby,16.5,14.5,16.9,17.3,No,0.0,NONE
2025-08-06 22:00:00,18.62,22.17,24.12,18.72,5.11,3.73,92.63,19.2,20.8,23.0,20.7,31.5,35.0,35.4,34.4,45.8,7.3,16.5,128.7,24.1,140.67,1.5187,6.4,Standby,16.6,13.7,19.7,17.8,No,0.0,NONE
2025-08-06 23:00:00,18.48,20.97,25.22,20.6,5.3,3.93,94.26,19.6,21.1,22.6,20.8,32.8,33.6,40.7,32.2,38.5,8.0,17.4,139.8,24.8,144.32,1.5311,6.6,Standby,16.1,14.2,18.8,18.8,No,0.0,NONE
2025-08-07 00:00:00,17.7,22.38,25.69,19.68,5.42,3.95,94.44,18.7,21.7,22.3,20.0,33.4,35.4,39.9,33.4,56.4,7.4,17.0,144.5,25.5,144.53,1.5304,6.6,Standby,19.0,14.4,18.6,15.4,No,0.0,NONE
2025-08-07 01:00:00,16.96,20.18,24.08,20.93,5.06,3.66,91.14,27.5,20.9,22.9,20.4,33.4,35.3,37.3,33.1,51.9,7.9,18.0,145.0,27.0,141.36,1.5509,6.4,Standby,16.1,15.8,19.6,17.0,No,0.0,NONE
2025-08-07 02:00:00,18.47,21.68,26.62,19.8,5.4,3.77,95.57,20.2,20.6,23.9,21.2,34.6,39.4,38.4,33.8,44.4,9.3,21.0,159.7,32.4,146.01,1.5278,6.6,Standby,19.0,14.8,17.3,18.7,No,0.0,NONE
2025-08-07 03:00:00,17.82,22.49,25.88,20.7,5.39,3.76,95.9,20.0,22.5,23.8,21.5,32.6,36.0,42.9,37.4,48.7,8.4,20.3,147.9,32.7,142.15,1.4823,6.5,Standby,15.2,13.7,16.6,17.7,No,0.0,NONE
2025-08-07 04:00:00,17.42,20.66,25.24,20.06,5.07,3.63,92.38,20.3,21.7,23.8,20.6,34.1,35.8,39.5,35.2,41.9,8.5,19.6,148.8,30.2,137.23,1.4855,6.2,Standby,17.3,16.8,19.7,17.7,No,0.0,NONE
2025-08-07 05:00:00,18.14,22.41,27.02,19.47,5.16,3.87,96.05,19.4,20.3,23.8,20.9,33.6,38.6,38.0,34.2,45.5,7.9,18.6,150.5,28.8,142.44,1.483,6.5,Standby,15.4,16.3,18.9,16.9,No,0.0,NONE
2025-08-07 06:00:00,19.42,23.91,26.25,19.94,4.95,3.88,98.52,20.9,20.6,24.1,20.8,32.6,38.5,39.3,37.4,65.9,9.1,21.0,161.9,32.9,152.26,1.5455,6.9,Standby,16.3,15.3,19.9,18.8,No,0.0,NONE
2025-08-07 07:00:00,19.62,22.84,26.26,19.38,5.37,3.87,97.1,20.0,22.0,22.0,21.0,32.8,36.4,40.0,36.2,47.6,8.6,20.5,162.3,33.1,147.89,1.523,6.7,Standby,16.3,16.3,20.2,17.3,No,0.0,NONE
2025-08-07 08:00:00,18.99,24.11,29.3,20.03,5.13,3.98,101.42,21.2,21.9,23.5,21.6,34.6,38.7,43.7,34.8,61.0,9.3,21.8,154.4,35.0,154.39,1.5222,7.0,Standby,20.5,15.1,18.2,19.3,No,0.0,NONE
2025-08-07 09:00:00,17.45,21.77,27.16,20.03,5.01,3.94,95.41,19.8,21.7,22.7,20.3,32.7,37.6,38.9,34.4,44.8,8.9,19.9,151.2,29.9,145.2,1.5218,6.6,Standby,16.8,17.3,20.7,17.2,No,0.0,NONE
2025-08-07 10:00:00,18.67,21.42,26.0,20.3,5.19,3.75,95.39,21.0,20.7,23.9,20.5,35.5,37.2,42.5,35.0,44.7,8.8,20.2,162.4,31.6,143.51,1.5045,6.5,Standby,16.8,14.3,16.9,16.2,No,0.0,NONE
2025-08-07 11:00:00,17.68,21.77,26.71,21.0,5.3,3.76,96.16,19.6,20.9,22.8,20.2,33.9,39.0,39.4,35.8,55.9,8.0,18.5,144.4,28.4,148.51,1.5443,6.8,Standby,18.0,17.3,19.9,16.1,No,0.0,NONE
2025-08-07 12:00:00,18.69,21.52,27.21,19.73,5.26,3.72,96.15,19.4,21.5,22.1,19.7,34.8,35.9,39.4,36.5,42.8,8.2,18.9,149.4,29.2,148.07,1.54,6.7,Standby,16.0,16.0,19.7,17.6,No,0.0,NONE
2025-08-07 13:00:00,19.03,21.97,25.17,19.65,5.14,3.86,94.83,19.5,21.6,23.3,20.5,32.8,33.8,36.7,34.1,52.8,8.3,18.2,145.9,26.3,143.34,1.5116,6.5,Standby,15.6,15.6,17.8,15.5,No,0.0,NONE
2025-08-07 14:00:00,17.36,22.72,26.73,19.36,5.3,3.65,95.17,20.2,21.8,24.1,19.9,35.2,36.1,39.1,36.7,52.4,8.0,18.8,147.3,29.4,145.38,1.5277,6.6,Standby,18.9,16.8,18.6,15.6,No,0.0,NONE
2025-08-07 15:00:00,16.62,21.86,26.59,20.13,5.37,3.86,94.21,27.8,20.3,23.2,20.2,33.4,34.1,40.4,34.3,41.8,7.9,17.2,143.1,24.5,143.47,1.523,6.5,Standby,15.4,15.7,17.8,16.4,No,0.0,NONE
2025-08-07 16:00:00,18.89,22.52,28.35,20.51,5.17,3.82,99.27,18.5,19.5,22.9,20.4,32.8,37.0,39.8,33.2,49.2,7.6,16.7,141.9,23.9,148.44,1.4953,6.7,Standby,17.7,14.4,17.3,19.2,No,0.0,NONE
2025-08-07 17:00:00,18.64,21.32,23.26,20.54,5.06,3.69,92.76,20.6,21.5,23.7,19.4,32.2,38.3,37.6,35.8,56.7,7.5,17.4,142.4,26.5,140.9,1.519,6.4,Standby,15.1,14.1,18.5,18.6,No,0.0,NONE
2025-08-07 18:00:00,19.03,21.26,25.86,20.37,5.38,3.98,95.52,20.5,21.2,22.2,19.8,34.4,36.1,37.3,32.8,53.6,8.2,18.6,146.0,28.2,143.81,1.5056,6.5,Standby,18.8,15.1,17.5,17.3,No,0.0,NONE
2025-08-07 19:00:00,19.45,21.82,23.54,19.87,5.38,3.64,93.68,19.1,20.6,23.5,20.3,31.3,34.8,36.0,35.0,42.6,7.5,17.1,134.7,25.4,142.41,1.5202,6.5,Standby,16.0,14.1,19.3,17.2,No,0.0,NONE
2025-08-07 20:00:00,17.96,20.75,25.24,19.59,5.08,3.81,92.54,19.3,20.0,21.1,19.5,34.0,36.9,41.2,35.9,57.4,7.5,17.4,133.8,26.2,138.76,1.4995,6.3,Standby,14.7,13.7,19.0,18.0,No,0.0,NONE
2025-08-07 21:00:00,17.24,23.3,25.17,19.3,5.4,3.86,94.0,19.5,20.3,21.5,20.9,32.6,34.1,39.5,34.8,46.4,7.4,16.6,136.9,23.8,142.23,1.513,6.5,Standby,18.2,17.1,19.8,15.4,No,0.0,NONE
2025-08-07 22:00:00,19.55,23.06,24.46,18.83,5.39,3.95,94.91,19.2,19.9,23.6,20.7,33.2,37.8,38.9,34.3,52.8,8.1,17.3,140.8,24.2,144.86,1.5262,6.6,Standby,18.7,15.2,18.1,15.5,No,0.0,NONE
2025-08-07 23:00:00,18.01,22.79,25.7,18.94,4.9,3.68,94.45,20.4,20.9,24.2,21.0,34.7,34.5,41.0,35.0,44.1,8.5,19.4,155.9,29.5,146.27,1.5487,6.6,Standby,17.9,14.5,19.0,16.3,No,0.0,NONE
2025-08-08 00:00:00,16.67,21.73,23.86,20.58,5.04,3.92,91.84,19.1,21.3,22.4,20.7,33.9,35.9,37.3,33.3,56.5,8.2,18.9,143.9,28.9,141.83,1.5443,6.4,Standby,17.0,16.8,20.1,17.7,No,0.0,NONE
2025-08-08 01:00:00,17.13,22.27,23.74,19.39,5.2,3.71,91.54,19.3,20.0,23.5,20.4,30.9,37.9,35.9,34.3,46.2,7.6,16.7,142.5,23.5,141.48,1.5456,6.4,Standby,17.2,16.4,17.6,15.4,No,0.0,NONE
2025-08-08 02:00:00,18.51,22.56,26.52,19.17,5.42,3.84,95.76,19.1,21.8,21.7,20.4,35.8,37.7,40.8,35.8,43.7,8.1,19.2,145.5,30.4,142.47,1.4878,6.5,Standby,15.5,15.2,17.3,15.2,No,0.0,NONE
2025-08-08 03:00:00,18.47,19.86,26.38,20.61,5.19,3.68,94.32,19.6,22.0,22.7,19.7,35.1,37.3,40.0,36.5,62.2,8.3,18.8,145.1,28.2,146.24,1.5504,6.6,Standby,16.1,17.1,20.6,19.0,No,0.0,NONE
2025-08-08 04:00:00,18.63,21.81,28.36,20.59,5.03,3.74,98.38,27.9,20.5,23.4,19.9,35.4,35.5,42.4,33.8,65.7,8.6,20.4,153.0,32.7,145.62,1.4801,6.6,Standby,16.9,15.2,18.2,16.4,No,0.0,NONE
2025-08-08 05:00:00,18.82,21.6,24.7,19.94,4.93,3.79,94.06,20.1,22.2,23.3,20.4,34.9,36.7,38.5,35.2,52.5,8.8,19.6,157.2,29.4,145.37,1.5455,6.6,Standby,17.4,14.8,20.3,15.7,No,0.0,NONE
2025-08-08 06:00:00,19.23,21.38,24.45,18.56,5.24,3.98,92.62,20.5,20.7,23.7,21.5,34.2,39.1,43.2,34.5,50.8,8.2,19.5,161.2,31.0,143.8,1.5524,6.5,Standby,16.4,17.5,19.2,18.3,No,0.0,NONE
2025-08-08 07:00:00,18.25,20.65,28.7,20.55,5.02,3.82,97.14,21.1,20.9,22.8,20.7,33.0,37.3,40.6,37.0,66.4,9.3,21.3,159.5,33.6,148.87,1.5326,6.8,Standby,16.6,15.2,21.0,19.4,No,0.0,NONE
2025-08-08 08:00:00,19.59,21.8,28.68,20.74,4.91,3.66,99.8,20.8,23.3,23.0,21.2,37.2,41.4,40.2,37.5,61.8,9.6,23.3,161.6,39.0,148.57,1.4887,6.8,Standby,19.7,14.5,20.5,18.3,No,0.0,NONE
2025-08-08 09:00:00,18.33,21.44,25.67,20.05,5.31,3.85,94.5,19.3,21.2,24.2,21.2,33.7,37.5,43.0,37.2,60.9,9.1,20.5,153.9,31.5,145.19,1.5365,6.6,Standby,16.5,14.4,20.5,18.1,No,0.0,NONE
2025-08-08 10:00:00,18.64,20.79,28.82,20.83,5.22,3.73,98.08,19.6,22.4,23.8,21.9,36.1,37.4,42.8,34.5,53.6,9.3,21.4,149.9,33.6,150.15,1.5309,6.8,Standby,17.6,17.0,20.7,17.9,No,0.0,NONE
2025-08-08 11:00:00,18.81,22.57,26.96,18.79,5.05,3.91,96.13,20.0,22.9,23.2,21.5,35.1,39.7,41.1,34.4,57.4,9.1,20.8,160.9,32.2,148.81,1.548,6.8,Standby,16.9,17.8,17.7,16.8,No,0.0,NONE
2025-08-08 12:00:00,19.62,20.63,21.76,19.61,5.46,3.66,90.61,20.6,21.0,22.8,19.2,34.8,38.0,40.6,32.9,48.5,7.8,17.8,145.0,26.8,135.86,1.4994,6.2,Standby,18.1,14.6,17.1,14.6,No,0.0,NONE
2025-08-08 13:00:00,18.4,21.21,26.39,20.11,5.23,3.99,95.11,20.5,21.5,21.5,21.0,31.7,37.6,38.8,34.7,59.9,7.8,17.7,149.1,26.1,147.67,1.5526,6.7,Standby,18.9,14.5,18.7,19.6,No,0.0,NONE
2025-08-08 14:00:00,18.07,21.94,26.43,19.48,5.42,3.72,94.92,20.9,21.7,22.4,20.6,33.2,36.8,39.8,35.8,50.6,8.5,19.1,145.1,28.9,142.72,1.5036,6.5,Standby,18.9,14.1,17.8,18.1,No,0.0,NONE
2025-08-08 15:00:00,17.72,22.25,25.15,20.73,5.09,3.82,94.85,19.9,19.3,21.2,19.4,31.4,34.9,39.2,33.2,36.8,7.6,16.0,139.5,21.4,144.81,1.5267,6.6,Standby,18.8,14.7,18.6,15.5,No,0.0,NONE
2025-08-08 16:00:00,17.71,22.31,24.32,20.41,5.17,3.61,93.75,19.3,19.5,22.9,18.6,33.6,32.7,35.5,31.6,43.3,7.0,15.0,134.1,17.6,142.25,1.5173,6.5,Standby,15.5,15.1,17.7,18.0,No,0.0,NONE
2025-08-08 17:00:00,19.76,22.95,25.91,19.98,5.5,3.78,97.61,20.2,21.6,21.4,19.9,33.1,37.2,35.8,35.1,39.8,7.5,16.7,129.8,23.9,147.22,1.5083,6.7,Standby,17.5,17.6,18.1,15.9,No,0.0,NONE
2025-08-08 18:00:00,18.58,22.91,25.51,19.55,5.48,3.91,95.55,20.5,22.2,21.8,20.3,34.2,36.6,39.4,33.7,51.2,7.8,17.5,146.8,25.9,145.43,1.5219,6.6,Standby,16.8,14.9,18.4,17.0,No,0.0,NONE
2025-08-08 19:00:00,18.47,20.83,23.55,20.19,5.15,3.7,92.04,18.8,20.6,21.4,19.7,32.4,35.5,39.6,33.6,39.1,6.6,14.6,135.2,19.0,140.13,1.5225,6.4,Standby,16.6,14.2,16.8,17.8,No,0.0,NONE
2025-08-08 20:00:00,18.08,19.4,25.42,20.44,5.38,3.95,92.33,20.0,20.3,21.0,20.0,32.1,35.0,37.5,32.8,62.1,7.7,17.2,134.7,25.0,141.13,1.5285,6.4,Standby,18.4,13.9,19.7,15.0,No,0.0,NONE
2025-08-08 21:00:00,18.15,22.47,22.13,19.76,5.35,3.79,91.52,18.7,20.8,21.0,19.9,32.3,35.3,38.2,31.7,52.3,7.3,16.1,126.0,22.7,139.69,1.5262,6.3,Standby,16.0,14.7,19.3,15.5,No,0.0,NONE
2025-08-08 22:00:00,18.34,22.26,25.65,21.31,5.43,3.91,96.57,20.3,21.6,21.7,19.5,32.6,33.3,37.5,31.9,41.3,7.7,16.9,134.6,23.9,147.3,1.5254,6.7,Standby,16.9,16.8,21.0,16.3,No,0.0,NONE
2025-08-08 23:00:00,20.45,21.93,22.45,20.02,5.32,3.66,93.86,19.2,19.6,22.9,19.3,32.1,36.8,36.1,33.2,55.5,7.4,15.9,142.8,21.8,144.96,1.5444,6.6,Standby,15.7,15.1,17.3,18.4,No,0.0,NONE
2025-08-09 00:00:00,16.66,22.55,25.37,19.91,5.42,3.96,93.5,20.4,20.2,23.6,21.0,33.4,37.6,38.5,34.2,48.8,8.4,19.3,149.4,29.7,145.6,1.5573,6.6,Standby,18.9,17.7,19.8,16.2,No,0.0,NONE
2025-08-09 01:00:00,17.67,22.86,24.54,19.19,5.35,3.94,93.26,18.5,20.8,23.4,19.5,31.2,35.0,39.6,35.8,51.3,7.5,16.9,141.8,24.5,144.75,1.5522,6.6,Standby,19.1,17.7,20.1,17.2,No,0.0,NONE
2025-08-09 02:00:00,18.66,22.21,27.85,19.73,5.22,3.99,97.45,19.9,20.9,23.8,20.0,32.7,39.3,42.8,36.4,41.2,9.0,20.5,150.9,31.6,150.78,1.5473,6.9,Standby,16.9,17.8,20.8,18.0,No,0.0,NONE
2025-08-09 03:00:00,18.67,22.2,26.55,20.49,5.16,3.62,96.91,20.9,21.5,23.9,20.3,33.2,37.0,37.7,33.6,41.2,8.0,18.9,149.4,29.5,149.81,1.5459,6.8,Standby,19.4,16.7,21.4,19.3,No,0.0,NONE
2025-08-09 04:00:00,20.53,21.31,27.97,19.99,5.27,3.73,98.8,20.4,22.8,23.1,20.5,35.4,39.8,40.8,36.0,57.0,9.6,22.6,163.7,36.5,153.33,1.552,7.0,Standby,20.0,17.4,21.4,17.9,No,0.0,NONE
2025-08-09 05:00:00,19.92,23.03,26.76,19.38,5.3,3.68,98.09,20.6,22.0,22.7,20.3,34.9,36.5,42.9,34.5,47.1,9.1,20.4,149.8,30.8,145.59,1.4842,6.6,Standby,18.5,14.4,19.2,18.0,No,0.0,NONE
2025-08-09 06:00:00,18.41,20.38,26.39,20.8,5.05,3.69,94.98,20.5,23.1,24.1,21.5,35.6,37.3,43.6,37.0,59.2,8.7,20.9,160.2,33.8,143.81,1.5142,6.5,Standby,17.4,15.3,18.5,16.5,No,0.0,NONE
2025-08-09 07:00:00,18.31,22.58,27.6,20.49,5.44,3.88,97.98,21.4,22.4,22.4,20.6,33.5,36.2,41.5,38.0,52.7,9.1,21.8,170.7,35.7,151.57,1.547,6.9,Standby,20.1,18.2,18.4,19.7,No,0.0,NONE
2025-08-09 08:00:00,17.66,21.74,26.82,19.7,5.43,3.98,94.92,19.4,22.6,23.7,21.6,34.0,38.5,38.2,34.7,52.8,8.4,20.2,150.9,32.5,145.42,1.532,6.6,Standby,17.2,17.1,17.3,15.7,No,0.0,NONE
2025-08-09 09:00:00,18.88,21.76,25.38,20.88,5.26,3.95,95.91,20.4,21.4,24.0,20.2,34.9,35.2,40.2,33.8,65.2,9.1,20.7,158.2,32.2,143.53,1.4964,6.5,Standby,15.8,15.0,17.7,16.5,No,0.0,NONE
2025-08-09 10:00:00,18.18,20.59,23.76,19.33,5.49,3.74,90.86,20.4,20.6,22.7,19.2,31.1,34.5,35.9,33.8,48.9,8.3,18.0,142.8,25.5,139.05,1.5304,6.3,Standby,18.5,14.0,17.9,15.9,No,0.0,NONE
2025-08-09 11:00:00,18.29,22.96,24.14,21.08,5.42,3.63,95.47,18.6,21.0,22.9,20.2,33.6,34.5,40.8,35.9,47.2,7.9,17.4,136.7,24.9,148.27,1.553,6.7,Standby,17.4,16.1,18.1,16.4,No,0.0,NONE
2025-08-09 12:00:00,19.58,21.99,24.43,20.01,5.14,3.82,95.0,20.3,20.9,21.5,20.1,34.2,36.1,39.2,36.3,50.2,8.8,19.6,141.3,29.6,147.54,1.553,6.7,Standby,19.6,14.9,17.5,16.6,No,0.0,NONE
2025-08-09 13:00:00,18.34,21.67,23.16,20.21,4.95,3.71,92.39,19.0,20.4,23.1,20.0,31.5,35.1,41.4,33.9,52.7,7.9,18.1,142.5,27.2,142.79,1.5454,6.5,Standby,17.0,17.6,17.7,18.0,No,0.0,NONE
2025-08-09 14:00:00,19.59,21.54,26.68,19.23,5.09,3.87,96.04,20.2,20.8,23.2,19.9,36.1,37.6,40.2,36.8,47.8,8.2,19.4,155.3,30.6,147.08,1.5314,6.7,Standby,16.6,16.7,20.8,18.2,No,0.0,NONE
2025-08-09 15:00:00,19.08,21.6,23.78,19.48,5.09,3.6,92.94,19.9,21.2,22.5,19.6,34.9,33.7,36.6,33.8,47.9,7.5,17.4,145.6,26.3,142.8,1.5364,6.5,Standby,15.6,17.6,20.5,18.2,No,0.0,NONE
2025-08-09 16:00:00,17.47,21.52,23.6,20.77,5.25,3.7,92.36,19.1,19.5,22.3,19.4,30.9,36.1,35.6,33.2,36.2,6.7,14.9,126.7,20.5,137.46,1.4883,6.2,Standby,15.7,13.8,16.9,18.4,No,0.0,NONE
2025-08-09 17:00:00,17.69,21.63,25.13,20.23,5.14,3.96,93.67,28.3,20.2,20.8,20.2,31.4,37.3,38.2,33.5,43.6,7.9,17.3,130.6,24.8,141.28,1.5082,6.4,Standby,17.2,16.8,18.3,15.3,No,0.0,NONE
2025-08-09 18:00:00,19.0,21.13,24.54,20.11,5.02,3.96,93.79,19.7,20.3,21.4,18.7,31.5,34.7,36.1,34.7,36.1,6.9,14.9,133.6,17.3,142.48,1.5191,6.5,Standby,16.3,17.4,16.8,17.0,No,0.0,NONE
2025-08-09 19:00:00,17.87,23.21,24.03,20.24,4.94,3.82,94.35,19.4,20.4,23.2,19.4,32.8,32.9,37.4,34.6,54.8,7.5,16.2,130.5,22.3,147.09,1.5589,6.7,Standby,17.6,17.6,20.9,17.4,No,0.0,NONE
2025-08-09 20:00:00,17.36,21.84,22.5,20.68,5.15,3.91,91.38,19.3,21.7,22.1,19.4,35.1,36.0,40.7,34.9,55.6,8.2,18.5,135.8,27.5,136.77,1.4967,6.2,Standby,16.6,15.2,19.2,16.7,No,0.0,NONE
2025-08-09 21:00:00,18.32,23.35,23.12,19.7,4.91,3.83,93.48,20.1,19.7,22.3,19.3,31.1,36.8,37.5,31.7,49.7,7.0,15.7,134.7,22.4,140.58,1.5038,6.4,Standby,18.8,16.7,18.5,18.7,No,0.0,NONE
2025-08-09 22:00:00,19.6,22.79,24.43,19.92,5.2,3.83,95.74,19.4,20.6,22.8,20.5,31.7,33.5,35.8,34.9,37.8,7.4,16.9,133.1,24.8,145.05,1.5151,6.6,Standby,19.3,16.8,19.2,15.5,No,0.0,NONE
2025-08-09 23:00:00,18.46,21.51,22.93,19.42,5.14,3.72,91.32,20.4,20.5,23.6,19.2,34.5,36.0,38.8,34.5,54.5,7.6,17.4,144.2,25.8,136.1,1.4903,6.2,Standby,17.6,13.2,16.9,16.2,No,0.0,NONE
2025-08-10 00:00:00,18.1,22.02,27.11,20.41,5.45,3.6,96.65,19.8,22.6,23.0,20.1,32.9,35.2,41.5,34.7,41.3,8.4,20.0,145.1,32.0,146.25,1.5131,6.6,Standby,15.9,17.5,17.5,17.5,No,0.0,NONE
2025-08-10 01:00:00,17.6,21.42,26.5,19.38,5.08,3.75,93.9,28.1,21.5,22.7,20.7,32.5,36.0,41.4,36.1,57.1,8.7,19.8,148.2,30.4,145.54,1.55,6.6,Standby,16.8,15.8,17.6,19.3,No,0.0,NONE
2025-08-10 02:00:00,20.46,21.75,26.28,20.01,5.29,3.83,97.5,19.9,22.2,21.2,20.4,32.4,34.3,36.4,35.7,48.4,8.3,18.4,142.6,26.9,145.63,1.4936,6.6,Standby,18.3,17.7,20.4,16.4,No,0.0,NONE
2025-08-10 03:00:00,17.37,22.95,25.89,20.36,5.07,3.64,95.56,20.1,22.2,23.7,19.4,32.1,35.4,37.1,35.0,56.8,7.7,17.6,136.6,26.3,143.52,1.5018,6.5,Standby,18.2,16.1,17.7,15.7,No,0.0,NONE
2025-08-10 04:00:00,18.48,21.08,26.17,19.35,5.36,3.62,94.08,20.6,22.0,23.7,21.3,36.1,38.5,43.1,35.0,58.7,9.7,22.3,168.7,35.3,145.81,1.5498,6.6,Standby,17.9,15.4,19.0,19.5,No,0.0,NONE
2025-08-10 05:00:00,18.1,23.81,26.99,21.05,5.47,3.99,98.94,20.3,21.2,23.1,22.0,33.9,39.3,39.2,36.4,53.5,9.5,22.5,162.3,36.7,148.95,1.5054,6.8,Standby,18.7,16.4,19.3,18.4,No,0.0,NONE
2025-08-10 06:00:00,19.58,22.1,28.09,19.74,5.42,3.94,98.49,20.4,22.0,23.0,20.8,35.7,40.2,39.1,38.0,49.0,9.6,22.4,171.8,36.0,148.21,1.5047,6.7,Standby,16.6,15.9,19.8,18.1,No,0.0,NONE
2025-08-10 07:00:00,19.46,22.37,25.45,20.54,5.13,3.66,96.82,20.5,22.0,23.2,20.2,35.7,36.0,40.4,33.4,43.0,8.5,19.1,144.5,28.9,145.08,1.4985,6.6,Standby,19.2,16.9,17.0,18.0,No,0.0,NONE
2025-08-10 08:00:00,18.08,23.3,24.47,20.47,5.26,3.96,95.33,20.2,21.2,21.8,20.8,36.0,35.6,43.4,35.9,47.1,8.6,20.2,159.2,31.9,145.17,1.5229,6.6,Standby,19.2,17.9,17.0,19.2,No,0.0,NONE
2025-08-10 09:00:00,19.22,21.1,25.12,18.77,5.34,3.98,93.21,19.1,21.5,24.1,20.3,35.3,34.2,42.2,32.9,40.7,8.5,19.1,153.1,28.5,139.96,1.5016,6.4,Standby,16.2,16.7,16.5,18.5,No,0.0,NONE
2025-08-10 10:00:00,18.69,21.97,27.3,20.85,5.02,3.92,97.81,20.0,21.7,24.4,21.6,34.1,36.7,41.6,36.1,44.3,9.2,21.5,165.0,34.2,145.77,1.4903,6.6,Standby,17.8,16.6,17.3,18.8,No,0.0,NONE
2025-08-10 11:00:00,20.52,22.03,22.55,21.74,5.28,3.84,95.85,20.4,21.3,22.1,20.5,34.7,38.4,39.4,34.0,60.2,8.1,18.5,150.2,28.0,144.14,1.5039,6.6,Standby,17.0,17.7,18.5,19.2,No,0.0,NONE
2025-08-10 12:00:00,17.92,22.43,25.92,19.6,5.33,3.78,94.87,28.4,20.0,21.8,19.4,35.4,34.5,41.0,33.9,54.1,7.9,18.0,148.6,27.2,140.77,1.4839,6.4,Standby,17.0,13.7,19.9,18.5,No,0.0,NONE
2025-08-10 13:00:00,17.91,21.59,22.31,20.85,4.91,3.77,91.66,20.1,21.4,23.2,20.2,30.9,35.2,35.2,35.6,53.7,7.6,16.6,132.3,23.4,138.16,1.5073,6.3,Standby,14.6,17.0,17.5,15.2,No,0.0,NONE
2025-08-10 14:00:00,18.88,21.89,24.41,19.32,5.48,3.68,93.49,19.9,19.8,21.2,19.1,34.4,35.2,40.0,31.9,51.3,7.6,16.6,134.5,23.3,144.47,1.5453,6.6,Standby,17.1,17.8,20.0,19.0,No,0.0,NONE
2025-08-10 15:00:00,19.6,21.89,25.75,19.33,5.11,3.84,95.56,18.9,20.8,22.3,20.9,33.6,36.4,38.1,33.8,52.3,8.1,18.0,133.5,26.5,148.85,1.5576,6.8,Standby,16.5,16.2,19.4,18.6,No,0.0,NONE
2025-08-10 16:00:00,19.24,21.61,24.53,19.25,5.09,3.9,93.64,19.4,20.3,20.9,19.5,34.0,34.0,37.1,34.2,35.7,7.2,15.2,120.4,18.6,144.82,1.5466,6.6,Standby,19.0,17.3,19.0,17.5,No,0.0,NONE
2025-08-10 17:00:00,18.7,22.51,23.72,20.52,5.15,3.85,94.45,19.8,21.4,21.2,19.5,33.9,34.3,36.9,34.8,55.9,7.8,17.4,133.0,25.4,139.87,1.4808,6.4,Standby,16.0,16.9,19.5,17.2,No,0.0,NONE
2025-08-10 18:00:00,17.88,19.92,23.83,19.64,5.33,3.99,90.27,18.9,20.5,21.5,20.8,34.9,37.0,37.8,33.0,52.3,8.6,18.8,152.3,27.4,136.79,1.5154,6.2,Standby,15.0,13.7,18.0,14.8,No,0.0,NONE
2025-08-10 19:00:00,18.73,23.23,22.54,20.09,5.27,3.83,93.59,20.1,19.6,20.7,20.6,31.3,33.7,38.4,33.4,53.6,7.2,16.4,139.1,24.0,140.21,1.4982,6.4,Standby,15.6,16.8,17.1,16.6,No,0.0,NONE
2025-08-10 20:00:00,17.04,19.54,23.82,20.3,5.29,3.94,89.69,18.9,21.5,23.1,20.4,34.2,36.0,35.5,34.7,58.8,7.6,17.0,140.0,24.5,136.73,1.5244,6.2,Standby,15.5,16.0,16.2,17.0,No,0.0,NONE
2025-08-10 21:00:00,18.56,21.32,24.15,20.64,5.08,3.83,93.67,19.4,20.1,20.3,20.3,33.5,32.8,37.8,34.1,37.8,7.3,15.6,138.9,21.0,140.03,1.495,6.4,Standby,18.2,14.8,18.6,16.3,No,0.0,NONE
2025-08-10 22:00:00,18.8,21.25,28.45,19.78,5.3,3.93,97.29,20.9,22.2,22.0,20.1,36.2,38.6,42.9,35.5,43.4,8.9,20.4,152.5,31.8,150.48,1.5468,6.8,Standby,16.6,18.4,18.9,17.6,No,0.0,NONE
2025-08-10 23:00:00,18.48,22.45,24.53,19.79,5.21,3.69,94.26,18.6,19.6,22.7,19.7,32.9,33.7,38.6,32.9,57.6,7.7,17.0,141.7,24.4,145.01,1.5384,6.6,Standby,17.8,14.2,17.7,16.3,No,0.0,NONE
2025-08-11 00:00:00,19.63,21.8,28.02,20.85,5.1,3.88,99.3,19.5,22.2,22.8,20.0,31.6,37.3,39.1,33.0,48.5,8.5,18.9,154.8,27.8,153.49,1.5458,7.0,Standby,18.5,16.2,21.0,19.4,No,0.0,NONE
2025-08-11 01:00:00,18.53,20.97,27.41,19.82,5.19,3.67,95.73,19.5,21.0,21.4,20.6,32.5,35.8,37.6,35.6,52.9,8.1,18.5,145.9,28.2,145.41,1.5189,6.6,Standby,16.2,14.8,17.8,19.3,No,0.0,NONE
2025-08-11 02:00:00,18.46,22.01,27.16,19.52,5.25,3.97,96.15,19.6,21.7,21.9,20.7,33.4,36.3,39.2,36.6,54.1,9.1,20.9,154.5,32.8,146.06,1.5191,6.6,Standby,17.0,14.1,20.3,15.5,No,0.0,NONE
2025-08-11 03:00:00,18.99,22.83,26.97,19.36,5.49,3.83,97.15,19.2,20.8,22.4,21.4,35.1,37.4,42.5,35.3,61.4,8.5,20.2,149.0,32.1,143.87,1.4809,6.5,Standby,16.1,17.5,20.5,17.8,No,0.0,NONE
2025-08-11 04:00:00,20.08,20.73,27.25,20.38,5.48,3.88,97.44,19.9,22.7,22.8,21.2,35.3,36.3,42.6,36.3,62.7,9.0,21.6,152.3,35.2,147.86,1.5174,6.7,Standby,19.4,17.1,18.4,17.1,No,0.0,NONE
2025-08-11 05:00:00,19.14,21.59,26.56,19.98,5.25,3.93,96.27,20.0,21.6,22.2,21.2,33.0,39.2,39.2,34.6,52.1,8.5,19.4,157.0,29.5,147.53,1.5324,6.7,Standby,17.2,16.5,19.8,16.4,No,0.0,NONE
2025-08-11 06:00:00,19.3,22.45,28.78,20.56,5.32,3.71,100.09,20.7,22.7,22.5,21.3,36.8,40.0,39.2,35.7,48.2,9.3,21.6,157.6,34.5,148.62,1.4848,6.8,Standby,16.1,17.5,20.6,18.5,No,0.0,NONE
2025-08-11 07:00:00,19.22,22.13,25.92,19.22,5.17,3.66,95.5,19.1,21.6,21.6,20.9,35.0,34.6,42.0,36.5,40.3,7.9,18.3,144.3,27.9,145.15,1.52,6.6,Standby,15.4,17.8,17.2,16.5,No,0.0,NONE
2025-08-11 08:00:00,18.43,22.73,25.42,20.08,5.15,4.0,95.66,19.8,21.7,22.9,21.2,35.2,39.0,40.3,35.0,40.9,8.0,18.6,138.6,28.7,149.0,1.5577,6.8,Standby,17.1,15.8,19.4,16.4,No,0.0,NONE
2025-08-11 09:00:00,17.14,22.26,26.74,19.09,4.96,3.67,94.23,19.5,21.0,24.1,20.6,35.7,36.7,40.5,35.4,52.8,8.4,20.1,162.8,32.2,146.43,1.5541,6.7,Standby,17.2,15.5,20.4,17.2,No,0.0,NONE
2025-08-11 10:00:00,18.24,21.41,26.21,21.67,4.91,3.9,96.55,27.7,22.6,22.6,19.6,35.9,37.6,40.3,34.4,51.2,8.1,19.0,152.7,29.7,147.31,1.5258,6.7,Standby,17.5,15.3,18.5,19.4,No,0.0,NONE
2025-08-11 11:00:00,18.48,20.71,26.47,20.2,5.02,3.97,94.86,21.0,21.7,23.0,20.8,35.8,37.0,41.1,34.1,54.2,8.9,20.1,142.3,30.8,147.95,1.5598,6.7,Standby,16.3,14.3,19.5,18.5,No,0.0,NONE
2025-08-11 12:00:00,18.0,22.97,26.63,19.61,5.2,3.93,96.2,19.2,20.2,22.7,19.8,32.8,36.4,36.3,33.4,52.5,7.6,17.3,136.8,25.9,147.78,1.5362,6.7,Standby,16.3,16.4,20.1,17.7,No,0.0,NONE
2025-08-11 13:00:00,17.53,22.02,22.17,20.38,5.1,3.82,91.1,20.3,22.0,23.3,19.7,34.6,34.3,38.7,34.7,49.8,8.2,19.0,156.8,29.1,140.75,1.545,6.4,Standby,15.9,16.9,20.3,17.5,No,0.0,NONE
2025-08-11 14:00:00,18.32,21.45,25.3,20.39,5.3,3.65,94.46,18.6,20.3,20.8,19.3,31.8,38.2,35.8,35.8,47.1,8.2,17.7,130.9,24.9,143.82,1.5225,6.5,Standby,17.4,14.0,16.7,16.2,No,0.0,NONE
2025-08-11 15:00:00,19.41,23.09,23.27,21.67,5.11,3.66,96.44,19.7,20.0,22.2,19.8,31.6,36.9,38.0,31.9,49.6,8.0,17.2,139.7,24.1,144.58,1.4992,6.6,Standby,16.2,17.9,19.4,15.7,No,0.0,NONE
2025-08-11 16:00:00,18.59,23.73,25.7,21.47,5.41,3.74,98.49,19.9,20.2,22.5,18.8,33.4,36.7,39.7,32.2,53.0,6.5,14.5,113.5,16.2,148.03,1.503,6.7,Standby,16.0,15.4,18.6,18.6,No,0.0,NONE
2025-08-11 17:00:00,18.13,21.81,22.25,19.79,4.93,3.69,90.97,18.4,20.0,20.3,18.7,33.9,36.7,38.6,34.1,37.5,7.2,15.5,128.3,21.1,140.25,1.5417,6.4,Standby,15.4,14.5,18.2,18.2,No,0.0,NONE
2025-08-11 18:00:00,18.71,23.09,23.81,20.26,4.96,3.78,94.87,19.5,19.2,21.5,19.1,32.5,33.9,38.3,31.8,54.7,7.7,16.1,122.7,21.3,144.06,1.5185,6.5,Standby,17.5,16.9,18.7,16.8,No,0.0,NONE
2025-08-11 19:00:00,18.85,21.7,23.28,18.15,4.98,3.93,90.98,19.2,20.0,21.2,19.7,32.0,37.4,40.7,34.8,57.7,7.7,17.2,141.4,24.8,138.49,1.5222,6.3,Standby,14.7,13.6,19.2,16.5,No,0.0,NONE
2025-08-11 20:00:00,17.59,21.83,25.69,21.14,5.17,3.94,95.25,18.8,21.1,21.7,19.7,32.6,33.9,37.6,31.7,42.9,6.9,14.9,128.1,19.9,146.81,1.5413,6.7,Standby,19.0,15.6,18.6,19.2,No,0.0,NONE
2025-08-11 21:00:00,19.5,20.66,27.25,20.54,5.13,3.62,96.95,19.3,19.1,21.9,20.1,32.3,33.7,37.0,32.4,37.8,7.2,15.2,129.0,17.3,146.85,1.5148,6.7,Standby,16.9,16.1,18.5,15.7,No,0.0,NONE
2025-08-11 22:00:00,18.43,21.28,24.46,20.9,5.17,3.73,94.07,18.6,21.9,20.8,19.3,32.9,33.4,39.5,31.9,58.3,8.0,17.2,139.4,24.1,145.96,1.5516,6.6,Standby,19.2,16.8,19.5,17.9,No,0.0,NONE
2025-08-11 23:00:00,18.33,21.44,23.05,20.39,5.04,3.92,92.2,19.9,21.2,23.7,20.3,33.9,34.6,40.1,34.2,51.7,7.8,17.3,137.2,25.1,136.49,1.4804,6.2,Standby,14.9,16.0,18.4,15.0,No,0.0,NONE
2025-08-12 00:00:00,18.31,20.95,26.07,19.89,5.41,3.77,94.22,20.3,20.4,23.6,21.2,35.1,34.4,40.2,35.1,59.8,8.3,19.0,141.2,28.8,146.23,1.5521,6.6,Standby,19.5,17.8,17.4,18.6,No,0.0,NONE
2025-08-12 01:00:00,18.38,22.71,25.37,20.18,5.24,3.87,95.64,19.5,20.8,23.4,21.0,33.8,34.9,40.8,35.3,55.9,7.9,17.3,135.9,24.8,147.21,1.5392,6.7,Standby,17.2,16.6,18.7,16.4,No,0.0,NONE
2025-08-12 02:00:00,19.3,22.1,24.5,20.89,5.21,3.79,95.79,20.8,22.2,24.1,21.7,35.6,38.8,38.6,34.9,56.2,9.3,21.1,153.0,32.7,141.99,1.4823,6.5,Standby,16.2,16.2,17.5,16.3,No,0.0,NONE
2025-08-12 03:00:00,20.32,22.2,24.48,19.5,5.13,3.79,95.5,20.9,22.4,23.3,20.8,35.4,37.7,38.6,35.4,56.4,8.5,20.3,150.9,32.7,145.66,1.5252,6.6,Standby,17.8,14.5,20.8,16.9,No,0.0,NONE
2025-08-12 04:00:00,18.39,21.48,26.43,19.24,5.45,3.77,94.55,21.3,20.9,23.5,21.2,33.8,36.0,41.6,35.9,49.9,8.8,20.7,151.9,33.0,140.3,1.4838,6.4,Standby,15.9,16.8,20.0,17.6,No,0.0,NONE
2025-08-12 05:00:00,17.78,22.0,26.53,19.33,5.06,3.66,94.64,21.0,20.9,22.5,21.2,35.5,38.5,38.5,34.2,62.0,9.1,20.7,158.1,32.1,146.88,1.5521,6.7,Standby,16.9,16.4,20.3,16.7,No,0.0,NONE
2025-08-12 06:00:00,17.65,19.32,27.7,19.51,5.2,3.91,93.19,19.7,20.9,23.4,20.6,34.7,35.4,38.8,33.6,61.7,8.8,20.3,149.4,31.6,143.5,1.54,6.5,Standby,16.8,17.4,20.4,15.5,No,0.0,NONE
2025-08-12 07:00:00,17.01,20.14,24.75,20.14,5.01,3.93,91.04,19.3,20.9,23.2,19.5,34.3,35.4,37.5,33.0,43.0,8.5,19.0,136.9,28.2,141.55,1.5548,6.4,Standby,17.2,17.3,19.1,16.8,No,0.0,NONE
2025-08-12 08:00:00,18.78,21.9,24.53,19.79,4.93,3.7,94.0,20.7,21.8,21.7,20.8,32.8,35.5,43.0,37.1,53.8,8.7,20.0,153.8,31.3,144.16,1.5336,6.6,Standby,17.7,15.5,20.3,17.4,No,0.0,NONE
2025-08-12 09:00:00,20.44,21.86,24.89,19.74,5.4,3.86,95.93,20.3,20.8,23.0,19.6,32.2,38.1,41.7,33.5,63.7,8.1,19.1,149.6,29.8,148.43,1.5473,6.7,Standby,16.3,16.0,18.1,16.2,No,0.0,NONE
2025-08-12 10:00:00,18.9,20.79,24.65,22.18,5.08,3.74,95.51,20.2,22.3,22.3,20.7,35.1,39.5,42.5,35.7,63.8,8.5,19.5,146.2,30.3,146.79,1.5368,6.7,Standby,19.4,14.3,19.7,18.2,No,0.0,NONE
2025-08-12 11:00:00,18.85,22.18,23.6,19.45,5.05,3.87,93.08,28.7,20.0,23.3,19.6,31.7,35.8,39.4,35.1,52.9,7.7,17.4,138.1,25.9,141.32,1.5184,6.4,Standby,18.7,13.6,20.0,17.9,No,0.0,NONE
2025-08-12 12:00:00,18.17,22.18,26.23,19.62,5.35,3.63,95.2,18.5,20.9,23.3,19.7,31.2,36.5,38.4,35.5,39.9,7.6,16.5,128.6,22.9,145.97,1.5332,6.6,Standby,18.6,15.1,20.6,18.7,No,0.0,NONE
2025-08-12 13:00:00,18.02,21.94,24.66,21.36,5.0,3.77,94.99,19.7,21.8,22.3,20.9,32.5,38.7,36.7,34.4,53.3,8.3,18.5,149.3,27.2,146.64,1.5438,6.7,Standby,17.4,16.3,20.2,16.3,No,0.0,NONE
2025-08-12 14:00:00,18.95,21.01,27.0,21.08,5.38,3.83,97.04,20.0,21.8,22.1,19.7,31.5,34.6,38.1,32.5,40.4,7.4,16.9,136.9,25.1,147.56,1.5206,6.7,Standby,17.5,15.7,20.6,15.8,No,0.0,NONE
2025-08-12 15:00:00,17.92,22.66,24.52,20.45,5.04,3.75,94.54,20.4,21.5,22.0,20.9,31.5,37.2,39.7,33.8,48.6,7.7,17.7,141.3,26.5,144.08,1.524,6.5,Standby,16.8,16.4,17.7,19.3,No,0.0,NONE
2025-08-12 16:00:00,18.41,21.34,23.03,19.74,5.2,3.96,91.52,19.8,21.6,21.5,18.9,32.2,36.4,36.7,32.8,39.1,7.4,16.5,133.7,23.6,137.01,1.4971,6.2,Standby,15.3,16.0,17.8,14.7,No,0.0,NONE
2025-08-12 17:00:00,17.22,22.37,24.75,18.83,5.14,3.78,92.17,19.9,21.5,22.0,20.1,33.2,37.9,38.3,34.0,52.4,7.8,17.5,148.1,26.0,139.83,1.5171,6.4,Standby,17.4,13.4,18.8,15.4,No,0.0,NONE
2025-08-12 18:00:00,18.63,21.24,24.46,19.74,5.49,3.8,93.07,20.0,21.6,20.4,19.6,34.1,36.2,39.3,33.8,60.8,7.5,16.4,125.9,22.9,140.02,1.5045,6.4,Standby,15.2,16.9,18.9,17.0,No,0.0,NONE
2025-08-12 19:00:00,19.38,22.66,23.84,19.57,5.45,3.7,94.45,19.6,22.0,22.7,19.8,31.3,34.8,37.4,34.7,41.7,7.6,17.0,140.9,24.8,141.63,1.4996,6.4,Standby,17.0,15.2,17.0,18.5,No,0.0,NONE
2025-08-12 20:00:00,19.35,23.12,25.05,21.36,5.35,3.65,97.89,19.1,22.4,21.3,20.1,33.4,35.4,40.8,36.0,63.0,8.5,19.0,156.1,28.2,151.43,1.547,6.9,Standby,20.0,16.2,21.5,18.1,No,0.0,NONE
2025-08-12 21:00:00,18.87,22.54,24.95,18.98,5.28,3.97,94.34,19.1,19.4,21.0,20.7,31.6,36.4,37.1,31.7,44.6,7.4,16.3,136.0,22.8,146.96,1.5577,6.7,Standby,17.3,15.1,21.0,19.6,No,0.0,NONE
2025-08-12 22:00:00,19.88,21.6,24.49,20.49,5.14,3.76,95.45,28.1,21.7,23.2,20.0,33.4,34.5,36.4,33.4,57.0,7.3,16.9,146.3,25.3,142.14,1.4891,6.5,Standby,18.6,15.3,20.1,16.2,No,0.0,NONE
2025-08-12 23:00:00,17.28,21.0,23.84,18.99,5.29,3.9,90.11,27.8,20.8,21.7,19.4,32.5,34.6,38.6,31.9,48.9,7.3,16.6,139.0,24.2,135.8,1.507,6.2,Standby,17.3,14.1,19.1,15.0,No,0.0,NONE
2025-08-13 00:00:00,19.15,22.11,24.93,19.93,5.06,3.65,95.13,19.9,21.5,23.3,20.4,33.7,37.7,41.4,34.6,60.6,8.2,19.2,156.1,30.0,146.59,1.541,6.7,Standby,17.0,17.7,17.8,17.9,No,0.0,NONE
2025-08-13 01:00:00,18.29,19.44,26.34,19.39,4.91,3.66,92.46,20.3,22.7,21.8,20.3,36.3,37.6,40.5,33.6,49.9,9.2,20.7,146.4,31.6,144.16,1.5592,6.6,Standby,17.1,15.9,20.3,18.9,No,0.0,NONE
2025-08-13 02:00:00,18.45,22.2,27.07,20.28,4.92,3.88,96.99,19.1,22.4,21.8,20.5,35.0,38.6,42.1,35.1,45.6,8.3,19.0,139.8,29.3,148.0,1.526,6.7,Standby,16.6,16.1,19.8,19.2,No,0.0,NONE
2025-08-13 03:00:00,20.03,22.03,24.57,20.25,5.24,3.96,95.88,20.3,20.3,23.6,19.4,33.9,34.6,40.0,33.2,61.4,8.1,18.6,137.3,28.1,148.15,1.5452,6.7,Standby,18.4,16.1,20.9,16.5,No,0.0,NONE
2025-08-13 04:00:00,18.82,20.38,25.82,20.62,5.31,3.88,94.63,20.9,20.3,22.0,20.8,33.3,36.9,42.8,33.5,56.6,8.4,19.6,147.1,30.8,143.2,1.5132,6.5,Standby,18.4,14.2,19.2,18.5,No,0.0,NONE
2025-08-13 05:00:00,18.18,21.68,27.35,19.84,4.97,3.87,96.04,20.2,22.8,24.5,21.5,36.2,39.7,41.5,34.9,56.1,9.1,21.3,150.0,34.0,145.33,1.5131,6.6,Standby,16.4,14.8,18.9,17.9,No,0.0,NONE
2025-08-13 06:00:00,18.33,22.34,28.2,19.64,5.29,3.7,97.5,21.2,21.2,23.6,22.1,33.7,40.7,41.1,34.6,66.1,9.6,22.7,155.2,37.1,144.85,1.4857,6.6,Standby,17.1,15.7,19.6,17.3,No,0.0,NONE
2025-08-13 07:00:00,18.78,23.46,27.31,19.02,5.14,3.87,97.57,19.3,20.3,24.1,21.2,35.7,38.1,42.3,34.3,43.8,8.5,19.5,147.0,30.1,145.09,1.487,6.6,Standby,18.2,15.4,18.0,17.8,No,0.0,NONE
2025-08-13 08:00:00,17.64,22.38,27.86,17.95,5.18,3.95,94.83,19.4,21.1,22.1,20.9,34.0,39.5,42.0,36.1,44.7,9.2,21.2,165.0,33.2,142.76,1.5055,6.5,Standby,16.2,16.6,17.4,17.9,No,0.0,NONE
2025-08-13 09:00:00,18.07,20.26,25.54,20.59,5.04,3.97,93.46,21.2,21.5,24.9,20.4,36.1,41.2,42.9,35.9,68.8,10.1,23.5,170.4,38.2,143.02,1.5303,6.5,Standby,18.4,14.7,16.9,19.0,No,0.0,NONE
2025-08-13 10:00:00,18.39,21.86,27.09,19.88,5.26,3.85,96.22,20.1,20.8,23.4,21.3,32.2,39.6,43.0,34.2,50.9,8.8,20.0,154.2,30.7,147.03,1.5281,6.7,Standby,17.9,17.6,17.4,16.6,No,0.0,NONE
2025-08-13 11:00:00,18.11,22.18,25.47,19.39,4.9,3.65,94.14,20.6,22.0,21.4,19.4,35.2,36.0,39.1,36.6,61.9,8.5,19.2,148.8,29.0,143.18,1.5208,6.5,Standby,16.7,16.9,18.4,16.9,No,0.0,NONE
2025-08-13 12:00:00,19.06,21.54,27.29,19.02,5.27,3.79,95.91,19.5,20.9,23.6,20.3,34.2,39.4,38.8,34.6,47.9,8.2,19.2,157.5,29.8,146.33,1.5257,6.7,Standby,15.9,17.9,20.0,18.0,No,0.0,NONE
2025-08-13 13:00:00,17.96,22.22,27.96,20.43,5.35,3.99,97.57,19.8,21.9,24.6,19.7,33.4,35.7,41.1,34.0,48.6,8.9,20.3,150.1,31.5,147.97,1.5167,6.7,Standby,17.5,14.5,18.4,16.7,No,0.0,NONE
2025-08-13 14:00:00,18.76,23.7,25.35,21.23,5.08,3.95,98.04,20.5,22.0,22.0,21.0,32.1,38.1,37.8,35.1,57.4,7.9,18.1,137.4,27.3,148.72,1.5169,6.8,Standby,16.2,15.5,19.8,18.2,No,0.0,NONE
2025-08-13 15:00:00,18.75,22.81,25.24,19.54,5.39,3.78,95.34,18.3,19.2,21.2,19.9,32.8,34.7,36.6,33.6,59.0,7.2,15.2,129.2,19.9,148.42,1.5567,6.7,Standby,17.0,16.6,20.7,16.8,No,0.0,NONE
2025-08-13 16:00:00,18.23,22.05,24.75,20.28,5.08,3.99,94.31,19.5,20.1,23.4,19.2,33.1,37.1,40.9,32.4,54.6,8.3,17.8,138.2,25.3,145.48,1.5425,6.6,Standby,18.7,16.5,17.9,18.2,No,0.0,NONE
2025-08-13 17:00:00,17.73,22.75,25.19,19.13,4.96,3.81,93.79,19.5,22.7,22.7,20.7,35.7,38.4,41.8,36.7,61.0,8.2,19.1,143.8,29.7,140.23,1.4951,6.4,Standby,18.4,17.1,18.2,15.5,No,0.0,NONE
2025-08-13 18:00:00,18.74,23.41,24.99,20.05,5.39,3.93,96.2,19.0,22.0,23.1,20.4,32.3,33.8,37.2,32.1,58.6,8.0,17.2,138.8,23.9,146.44,1.5223,6.7,Standby,18.6,15.1,17.8,16.6,No,0.0,NONE
2025-08-13 19:00:00,18.21,19.35,26.23,18.99,5.47,3.9,91.78,19.5,20.9,22.5,19.8,34.7,36.0,39.6,33.0,44.5,8.0,17.8,142.0,25.8,140.85,1.5347,6.4,Standby,18.6,13.7,17.7,16.9,No,0.0,NONE
2025-08-13 20:00:00,17.34,19.36,25.27,20.51,5.19,3.92,91.49,18.2,21.3,22.6,18.9,31.7,32.4,34.3,32.7,43.3,6.7,14.8,122.8,20.2,140.12,1.5315,6.4,Standby,18.0,14.5,19.3,16.0,No,0.0,NONE
2025-08-13 21:00:00,19.41,22.17,24.62,19.29,5.49,3.74,94.5,20.5,20.4,22.7,21.0,31.7,37.6,37.0,33.4,47.5,7.8,17.9,135.8,27.2,145.33,1.538,6.6,Standby,16.6,15.5,19.7,16.4,No,0.0,NONE
2025-08-13 22:00:00,19.85,21.8,25.78,20.53,5.48,3.76,96.96,20.5,20.4,24.2,20.2,35.0,37.7,39.3,33.3,55.3,8.2,19.1,158.3,29.8,145.48,1.5004,6.6,Standby,15.7,17.8,18.6,16.6,No,0.0,NONE
2025-08-13 23:00:00,19.97,21.63,21.46,19.71,5.42,3.64,91.77,19.0,19.9,21.0,20.6,34.1,35.6,36.4,35.5,39.2,7.8,16.7,141.0,22.9,138.49,1.509,6.3,Standby,17.7,14.5,17.6,17.8,No,0.0,NONE
2025-08-14 00:00:00,18.07,20.46,24.67,20.0,5.06,3.72,92.2,18.9,22.4,21.2,20.2,33.4,38.0,36.8,33.8,57.0,8.4,18.7,150.7,27.9,139.66,1.5148,6.3,Standby,18.7,17.3,16.9,15.0,No,0.0,NONE
2025-08-14 01:00:00,18.07,21.99,27.1,19.97,5.15,3.64,96.12,19.8,22.1,22.6,20.3,32.5,39.3,42.2,34.7,54.4,8.2,19.5,142.3,30.9,148.73,1.5474,6.8,Standby,17.8,15.2,18.3,17.8,No,0.0,NONE
2025-08-14 02:00:00,17.3,22.29,25.43,20.13,5.08,3.62,94.14,19.5,19.9,23.2,19.1,31.2,37.2,36.2,34.2,53.1,7.4,16.9,149.5,25.0,142.69,1.5157,6.5,Standby,19.1,14.7,17.7,15.4,No,0.0,NONE
2025-08-14 03:00:00,18.41,21.42,26.35,20.87,5.01,3.85,96.05,20.2,21.2,23.1,19.4,33.0,37.8,37.7,35.8,62.7,8.0,17.8,148.0,26.1,148.12,1.5421,6.7,Standby,16.3,14.9,18.8,18.0,No,0.0,NONE
2025-08-14 04:00:00,18.87,22.19,25.28,21.06,5.29,3.91,96.4,20.9,20.3,22.3,20.6,33.1,37.3,41.3,36.2,61.2,9.1,20.3,150.9,30.7,149.76,1.5535,6.8,Standby,19.9,18.0,18.9,17.1,No,0.0,NONE
2025-08-14 05:00:00,18.05,21.73,28.84,19.46,5.14,3.79,97.08,20.5,22.1,22.6,21.1,34.7,40.4,38.7,36.2,67.1,9.2,21.9,166.8,35.5,147.32,1.5175,6.7,Standby,15.7,17.0,17.3,19.1,No,0.0,NONE
2025-08-14 06:00:00,18.13,21.34,26.6,19.77,4.96,3.79,94.83,20.4,23.0,25.0,21.7,36.6,35.9,43.3,34.2,56.5,8.9,21.3,158.8,34.5,146.16,1.5413,6.6,Standby,15.9,17.2,17.0,17.1,No,0.0,NONE
2025-08-14 07:00:00,17.11,22.22,29.94,20.01,5.13,3.95,98.28,21.2,23.2,23.8,21.6,37.2,39.8,43.7,36.8,47.6,9.9,23.5,177.4,38.9,150.25,1.5288,6.8,Standby,19.0,17.3,19.5,17.6,No,0.0,NONE
2025-08-14 08:00:00,19.33,20.48,26.71,20.29,5.03,3.93,95.8,21.1,23.0,24.0,21.2,33.4,37.1,41.6,37.4,59.2,8.9,21.7,154.3,36.1,146.26,1.5268,6.6,Standby,18.0,17.7,19.4,16.6,No,0.0,NONE
2025-08-14 09:00:00,19.97,21.89,26.5,20.89,5.34,3.97,98.25,20.1,21.3,23.3,21.4,35.6,37.8,43.0,36.1,50.0,9.2,20.5,143.6,31.2,151.77,1.5448,6.9,Standby,17.2,17.2,20.8,18.9,No,0.0,NONE
2025-08-14 10:00:00,18.67,21.92,25.47,19.78,4.95,3.83,94.84,20.7,21.9,23.3,20.1,34.5,37.1,41.2,36.3,57.6,8.7,19.1,137.8,28.2,147.72,1.5576,6.7,Standby,16.7,16.2,20.1,19.0,No,0.0,NONE
2025-08-14 11:00:00,18.75,20.53,25.6,20.32,5.07,3.76,94.2,20.5,21.4,22.5,19.5,32.1,34.7,41.9,36.4,57.3,8.4,18.8,147.2,28.0,143.49,1.5233,6.5,Standby,15.4,16.2,19.2,19.2,No,0.0,NONE
2025-08-14 12:00:00,17.75,21.06,25.66,20.17,5.16,3.89,93.65,20.7,22.0,22.5,20.1,35.4,37.3,38.6,36.5,60.6,8.8,19.9,141.0,30.4,144.73,1.5455,6.6,Standby,17.3,17.2,17.2,19.0,No,0.0,NONE
2025-08-14 13:00:00,18.81,22.56,23.97,20.54,5.37,3.77,94.88,19.1,20.0,23.5,19.5,33.0,35.9,35.7,35.2,54.8,8.1,17.5,138.0,24.9,147.67,1.5564,6.7,Standby,16.9,18.0,21.2,18.4,No,0.0,NONE
2025-08-14 14:00:00,18.46,22.8,25.14,20.02,5.12,3.71,95.42,19.4,21.7,21.7,20.4,33.4,34.2,37.2,32.7,56.1,7.5,16.8,132.1,24.3,147.68,1.5477,6.7,Standby,16.2,16.6,17.9,16.5,No,0.0,NONE
2025-08-14 15:00:00,18.49,21.89,25.79,20.16,5.29,3.93,95.32,19.0,20.8,22.1,20.9,34.7,38.6,38.3,34.6,39.7,8.6,19.2,153.4,28.4,142.85,1.4986,6.5,Standby,19.1,15.4,18.8,17.3,No,0.0,NONE
2025-08-14 16:00:00,18.05,21.31,26.15,20.83,5.36,3.84,95.34,18.6,19.4,22.4,19.3,33.6,36.7,34.3,33.3,44.6,6.6,14.6,138.6,19.6,146.64,1.5381,6.7,Standby,17.2,16.6,20.2,17.8,No,0.0,NONE
2025-08-14 17:00:00,17.44,19.88,24.47,20.06,5.23,3.72,90.85,19.7,22.1,23.5,19.8,35.0,35.2,39.2,34.9,53.1,7.5,17.3,143.3,25.8,135.31,1.4894,6.2,Standby,17.6,15.1,17.1,16.4,No,0.0,NONE
2025-08-14 18:00:00,18.77,20.94,24.88,18.85,4.97,3.84,92.43,19.4,21.2,21.2,19.7,30.7,36.2,37.0,35.5,48.2,7.2,16.2,146.7,23.5,143.44,1.5518,6.5,Standby,18.0,14.5,19.9,15.3,No,0.0,NONE
2025-08-14 19:00:00,18.03,21.87,23.17,19.75,5.37,3.75,91.82,19.9,20.5,22.7,19.9,33.6,35.4,39.0,33.5,42.5,8.0,16.9,126.7,23.2,139.33,1.5174,6.3,Standby,17.7,15.3,17.7,18.7,No,0.0,NONE
2025-08-14 20:00:00,17.78,22.22,24.88,20.88,5.18,3.95,94.75,18.9,21.3,22.6,19.2,30.3,32.3,36.8,31.2,50.5,6.8,14.8,135.6,18.4,146.15,1.5425,6.6,Standby,18.8,17.5,20.8,15.9,No,0.0,NONE
2025-08-14 21:00:00,17.9,22.55,24.79,19.59,5.28,3.86,93.83,18.8,20.8,22.7,19.9,30.5,34.3,36.4,32.9,42.3,7.4,15.4,130.8,18.6,143.03,1.5243,6.5,Standby,17.4,17.0,17.9,18.8,No,0.0,NONE
2025-08-14 22:00:00,17.07,23.05,25.27,20.55,4.92,3.71,94.94,18.6,21.4,23.0,20.6,31.7,35.0,39.4,35.5,59.0,7.5,17.2,138.5,25.5,146.82,1.5465,6.7,Standby,17.2,15.5,18.9,16.3,No,0.0,NONE
2025-08-14 23:00:00,18.67,20.58,24.46,19.87,5.31,3.99,92.58,27.6,21.2,23.4,20.1,33.9,35.8,42.3,33.4,57.6,8.0,18.3,144.3,27.7,137.06,1.4804,6.2,Standby,14.8,14.2,18.6,15.7,No,0.0,NONE
2025-08-15 00:00:00,17.98,21.76,23.7,20.2,5.12,3.67,92.64,18.9,21.8,22.4,20.3,31.4,36.1,36.6,32.5,49.6,7.5,17.0,144.4,25.0,139.14,1.5019,6.3,Standby,17.1,14.8,18.8,18.0,No,0.0,NONE
2025-08-15 01:00:00,19.53,22.54,23.37,20.14,5.03,3.84,94.59,19.8,21.9,21.7,18.9,34.6,33.1,36.5,33.9,39.0,7.8,16.9,144.7,23.6,143.11,1.5131,6.5,Standby,18.9,16.0,18.1,16.6,No,0.0,NONE
2025-08-15 02:00:00,18.48,21.15,26.14,20.02,5.35,3.71,94.79,21.0,22.3,23.4,20.6,35.0,39.3,43.0,36.5,40.9,8.4,19.5,148.4,30.2,141.63,1.4941,6.4,Standby,18.9,16.5,18.9,15.7,No,0.0,NONE
2025-08-15 03:00:00,18.4,20.94,29.26,20.6,5.16,3.75,98.2,20.3,23.1,23.2,22.0,34.6,38.4,40.0,34.9,47.0,9.9,23.0,165.6,37.0,149.65,1.5239,6.8,Standby,18.9,17.2,20.3,19.4,No,0.0,NONE
2025-08-15 04:00:00,17.86,22.77,26.21,19.38,5.05,3.72,95.22,19.2,21.2,24.4,19.9,36.0,37.0,41.7,33.5,61.7,8.4,19.6,143.9,30.4,146.7,1.5408,6.7,Standby,17.9,14.7,19.1,18.3,No,0.0,NONE
2025-08-15 05:00:00,17.11,21.14,28.04,18.68,5.01,3.8,93.97,20.5,21.9,24.6,21.0,33.5,38.4,43.2,37.9,45.6,9.6,22.2,170.0,35.5,142.38,1.5151,6.5,Standby,17.6,15.1,17.4,17.5,No,0.0,NONE
2025-08-15 06:00:00,18.36,21.84,27.39,20.77,4.97,3.92,97.36,19.8,22.0,22.0,20.2,33.8,39.6,41.1,36.0,59.9,9.0,20.2,152.2,30.9,149.08,1.5312,6.8,Standby,17.9,15.0,18.6,16.9,No,0.0,NONE
2025-08-15 07:00:00,18.74,22.51,25.3,20.23,5.17,3.83,95.77,20.1,23.0,22.4,20.7,36.4,36.4,42.0,36.1,64.6,9.2,21.4,150.5,34.0,142.94,1.4925,6.5,Standby,18.7,17.4,18.9,15.9,No,0.0,NONE
2025-08-15 08:00:00,18.1,20.48,26.45,20.79,5.31,3.66,94.82,19.6,21.1,22.9,21.6,35.9,37.0,41.8,36.4,66.4,8.6,20.6,149.0,33.5,147.23,1.5527,6.7,Standby,16.0,15.6,20.9,17.8,No,0.0,NONE
2025-08-15 09:00:00,17.95,22.72,27.77,19.78,5.04,3.72,97.22,28.3,21.2,24.1,20.5,35.2,37.5,39.6,36.4,59.2,9.4,21.5,151.5,33.6,149.13,1.5338,6.8,Standby,18.9,17.7,18.5,17.4,No,0.0,NONE
2025-08-15 10:00:00,19.41,21.03,27.59,19.86,5.1,3.69,96.89,19.6,22.8,23.9,21.4,35.9,36.4,40.0,34.1,64.5,8.9,21.2,150.1,34.5,147.72,1.5246,6.7,Standby,18.9,15.4,18.4,18.1,No,0.0,NONE
2025-08-15 11:00:00,19.3,22.26,24.89,20.77,4.95,3.97,96.23,19.9,21.1,22.7,20.2,31.6,37.4,35.9,35.5,41.7,8.1,17.9,144.9,26.2,143.3,1.4893,6.5,Standby,16.4,15.2,18.4,17.1,No,0.0,NONE
2025-08-15 12:00:00,20.2,21.54,25.1,19.23,5.19,3.85,95.07,20.1,20.5,23.5,20.0,33.7,33.6,38.3,33.3,38.8,7.6,17.3,149.0,25.8,143.08,1.505,6.5,Standby,16.6,17.1,20.2,17.5,No,0.0,NONE
2025-08-15 13:00:00,17.65,22.6,24.91,19.43,4.93,3.92,93.6,19.5,20.6,22.7,19.9,33.2,36.0,38.9,35.8,44.5,7.2,16.5,146.6,24.3,141.57,1.5126,6.4,Standby,16.2,15.0,20.0,17.2,No,0.0,NONE
2025-08-15 14:00:00,18.54,22.44,22.8,20.08,5.02,3.9,92.86,19.5,21.9,21.8,20.6,31.2,36.2,40.8,35.4,51.9,7.7,17.4,142.7,25.6,138.85,1.4953,6.3,Standby,17.1,16.3,18.2,17.9,No,0.0,NONE
2025-08-15 15:00:00,17.63,22.32,23.7,20.88,5.08,3.67,93.53,19.1,21.1,22.3,20.4,30.5,36.3,38.3,35.3,56.8,7.2,15.8,128.9,22.0,145.03,1.5507,6.6,Standby,16.5,17.4,20.4,18.7,No,0.0,NONE
2025-08-15 16:00:00,18.57,20.91,23.58,19.87,5.15,3.9,91.93,19.3,20.7,21.6,19.7,31.9,36.9,41.2,33.6,46.2,7.9,18.1,152.4,27.2,140.84,1.5321,6.4,Standby,18.5,13.9,16.7,18.0,No,0.0,NONE
2025-08-15 17:00:00,18.66,20.35,27.18,18.8,5.03,3.66,94.0,19.2,21.8,23.3,20.5,31.7,36.3,40.8,34.4,52.0,7.4,16.4,139.5,23.3,139.76,1.4868,6.4,Standby,15.2,16.4,19.2,15.5,No,0.0,NONE
2025-08-15 18:00:00,16.92,21.98,23.57,20.05,5.36,3.73,91.52,20.7,22.1,22.5,20.3,34.3,35.2,39.1,33.8,49.1,8.0,18.0,145.1,27.0,138.54,1.5138,6.3,Standby,17.8,15.3,19.3,15.4,No,0.0,NONE
2025-08-15 19:00:00,19.2,22.4,25.39,19.05,5.29,3.67,95.04,20.8,20.0,22.9,19.7,35.5,37.4,41.8,34.4,57.6,8.7,19.2,152.0,28.3,147.54,1.5524,6.7,Standby,18.5,17.7,17.4,17.9,No,0.0,NONE
2025-08-15 20:00:00,19.78,20.0,24.97,20.41,5.43,3.8,94.17,18.9,20.0,21.2,20.4,34.1,35.8,36.9,36.0,48.4,8.2,18.0,138.3,25.9,145.31,1.5431,6.6,Standby,15.7,15.0,19.3,17.3,No,0.0,NONE
2025-08-15 21:00:00,17.08,22.03,24.66,20.46,5.03,3.63,93.22,20.1,19.8,22.9,20.3,31.7,37.4,40.2,32.6,41.5,7.0,15.6,142.2,21.9,139.2,1.4932,6.3,Standby,14.9,17.0,19.6,17.4,No,0.0,NONE
2025-08-15 22:00:00,18.88,22.21,24.15,19.32,5.15,3.76,93.55,20.2,21.3,22.9,19.5,32.8,36.2,37.0,35.9,48.6,7.7,17.1,144.2,24.8,142.65,1.5249,6.5,Standby,16.6,17.1,17.5,18.3,No,0.0,NONE
2025-08-15 23:00:00,18.57,22.18,24.62,20.0,5.36,3.82,94.37,20.5,20.8,21.5,21.5,32.6,38.8,37.4,35.5,41.2,8.8,19.7,147.6,29.7,144.96,1.536,6.6,Standby,18.1,14.4,19.3,16.8,No,0.0,NONE
2025-08-16 00:00:00,18.53,23.2,24.07,20.47,5.31,3.74,95.27,28.9,21.4,22.3,21.1,31.6,36.1,41.2,34.0,53.4,8.1,17.9,139.0,26.1,148.24,1.556,6.7,Standby,17.4,18.1,21.2,16.5,No,0.0,NONE
2025-08-16 01:00:00,18.52,22.75,27.6,20.08,5.29,3.63,97.95,28.4,22.9,23.5,20.9,33.7,38.0,43.5,34.7,65.6,9.0,20.9,163.1,32.8,150.73,1.5389,6.9,Standby,18.9,15.5,20.4,17.8,No,0.0,NONE
2025-08-16 02:00:00,18.7,21.73,25.36,21.28,5.23,3.62,96.07,20.3,22.2,22.5,20.8,35.7,35.9,41.8,35.3,53.1,8.7,20.8,156.2,33.7,142.71,1.4855,6.5,Standby,16.6,14.0,18.9,16.8,No,0.0,NONE
2025-08-16 03:00:00,18.9,22.73,24.15,20.31,4.97,3.69,95.09,28.4,21.4,24.4,21.2,32.9,39.4,39.9,36.4,51.8,8.7,19.7,141.9,29.8,144.42,1.5188,6.6,Standby,19.1,16.9,18.9,18.1,No,0.0,NONE
2025-08-16 04:00:00,18.18,22.64,25.3,20.37,5.31,3.98,95.49,20.2,21.9,24.2,21.7,35.8,40.3,42.6,34.9,64.3,9.3,21.5,148.2,33.9,146.19,1.5309,6.6,Standby,17.6,17.8,17.3,18.1,No,0.0,NONE
2025-08-16 05:00:00,19.35,21.12,24.25,18.54,5.49,3.81,92.27,19.1,20.5,24.1,20.7,32.7,37.2,40.7,36.4,56.5,8.9,19.9,159.4,30.1,138.74,1.5036,6.3,Standby,16.6,15.7,16.6,15.6,No,0.0,NONE
2025-08-16 06:00:00,18.62,22.03,25.94,19.28,5.23,3.62,94.87,19.0,20.8,23.2,20.7,32.5,38.6,39.7,35.0,59.0,8.1,18.7,151.6,28.6,144.43,1.5223,6.6,Standby,15.8,16.0,19.6,16.1,No,0.0,NONE
2025-08-16 07:00:00,17.52,21.62,23.76,19.31,5.04,3.91,91.21,20.0,20.1,21.2,19.5,33.2,38.1,38.4,33.6,46.1,8.5,18.7,136.0,27.1,142.28,1.5599,6.5,Standby,17.6,15.1,18.3,16.7,No,0.0,NONE
2025-08-16 08:00:00,18.19,21.36,25.86,19.62,5.29,3.82,94.04,19.5,22.2,23.9,19.8,35.7,35.1,38.3,35.7,57.6,8.2,18.9,151.9,29.0,140.66,1.4957,6.4,Standby,15.8,15.5,16.4,17.2,No,0.0,NONE
2025-08-16 09:00:00,18.45,22.13,25.43,20.69,4.94,3.95,95.69,19.5,20.0,22.2,21.0,32.1,37.5,41.7,33.9,50.2,8.1,18.6,155.7,28.5,147.68,1.5433,6.7,Standby,15.8,15.1,18.0,19.1,No,0.0,NONE
2025-08-16 10:00:00,19.28,21.3,26.39,18.86,5.21,3.65,94.84,27.9,21.0,24.2,19.9,34.8,38.7,37.7,35.4,46.3,8.6,19.8,153.2,30.8,143.26,1.5105,6.5,Standby,15.9,14.7,18.0,18.5,No,0.0,NONE
2025-08-16 11:00:00,18.85,21.44,27.56,21.22,5.45,3.69,98.08,20.8,22.1,21.8,20.6,34.9,35.0,39.3,36.1,51.3,8.8,19.9,150.7,30.4,146.81,1.4969,6.7,Standby,16.5,14.8,20.4,15.9,No,0.0,NONE
2025-08-16 12:00:00,19.09,22.58,26.12,20.53,5.28,3.6,97.32,18.9,21.9,22.6,20.8,31.5,35.9,36.9,35.8,56.4,8.0,17.3,141.6,24.6,144.63,1.4862,6.6,Standby,19.2,14.0,17.7,19.0,No,0.0,NONE
2025-08-16 13:00:00,18.87,21.08,27.67,20.53,5.43,3.71,97.15,19.5,21.4,23.4,19.8,32.6,35.9,37.6,33.6,53.9,8.2,18.1,143.6,26.3,149.81,1.542,6.8,Standby,16.9,16.5,21.3,19.6,No,0.0,NONE
2025-08-16 14:00:00,17.95,23.81,23.54,19.02,5.01,3.78,93.32,28.0,20.8,20.7,20.4,30.9,34.9,38.2,32.7,55.5,6.8,15.1,126.9,21.1,140.38,1.5043,6.4,Standby,15.4,15.5,17.6,14.9,No,0.0,NONE
2025-08-16 15:00:00,16.59,21.27,23.98,19.19,5.27,3.71,90.03,18.7,21.1,22.8,18.9,32.7,35.1,37.5,31.7,50.0,7.4,16.2,134.1,22.8,134.45,1.4934,6.1,Standby,16.7,16.1,18.6,15.0,No,0.0,NONE
2025-08-16 16:00:00,18.72,22.98,25.18,19.59,5.38,3.74,95.47,18.8,20.7,21.9,20.2,31.8,36.4,39.9,32.4,39.1,6.9,14.9,120.2,19.2,144.41,1.5127,6.6,Standby,16.0,15.4,18.4,19.2,No,0.0,NONE
2025-08-16 17:00:00,18.1,22.08,25.73,19.72,5.48,3.81,94.63,20.0,19.9,22.2,20.8,34.0,35.8,40.1,32.6,57.9,8.0,17.6,143.5,25.6,144.13,1.523,6.6,Standby,18.5,17.0,18.9,15.4,No,0.0,NONE
2025-08-16 18:00:00,18.76,23.04,26.32,19.0,5.32,3.77,96.12,19.8,19.6,23.5,19.9,34.2,35.2,36.5,32.9,59.1,7.2,16.2,128.6,23.3,147.57,1.5353,6.7,Standby,18.5,15.0,18.6,15.8,No,0.0,NONE
2025-08-16 19:00:00,17.45,23.46,26.69,19.7,5.28,3.82,96.3,20.6,21.2,22.5,21.0,33.1,34.5,38.2,33.4,50.7,7.9,17.7,134.1,26.0,147.15,1.528,6.7,Standby,19.2,14.2,19.2,17.9,No,0.0,NONE
2025-08-16 20:00:00,17.08,22.1,22.8,20.54,5.14,3.7,91.53,19.1,21.4,21.9,19.1,31.1,34.2,36.7,35.7,51.8,7.7,17.1,137.2,24.6,137.25,1.4995,6.2,Standby,17.7,13.5,16.3,14.8,No,0.0,NONE
2025-08-16 21:00:00,19.39,23.86,24.59,19.87,5.11,3.93,96.7,20.6,20.6,22.1,19.9,34.1,35.9,40.4,32.6,54.5,8.1,18.5,138.2,28.1,146.48,1.5148,6.7,Standby,17.1,16.6,20.7,19.4,No,0.0,NONE
2025-08-16 22:00:00,18.66,21.96,25.45,19.33,5.18,3.94,94.41,19.6,20.4,22.7,19.6,33.5,37.2,38.5,35.1,49.2,7.7,16.2,142.6,21.6,146.62,1.5531,6.7,Standby,16.5,16.4,19.2,16.6,No,0.0,NONE
2025-08-16 23:00:00,17.8,22.47,22.7,19.94,5.46,3.74,91.91,18.6,21.5,21.3,20.3,31.9,33.5,35.9,34.7,58.5,7.5,17.2,150.2,25.6,143.24,1.5584,6.5,Standby,18.7,16.2,18.0,17.5,No,0.0,NONE
2025-08-17 00:00:00,19.73,22.58,24.72,19.13,4.9,3.94,95.16,20.5,22.6,22.5,21.6,34.0,39.4,41.2,34.4,49.0,8.8,20.2,146.5,31.2,146.12,1.5356,6.6,Standby,18.1,16.8,19.2,19.3,No,0.0,NONE
2025-08-17 01:00:00,17.7,22.46,23.41,20.72,5.0,3.97,93.29,18.3,21.1,23.0,19.3,33.4,33.1,35.7,35.4,41.9,6.9,15.7,135.2,22.6,145.17,1.5561,6.6,Standby,16.6,17.5,18.0,17.5,No,0.0,NONE
2025-08-17 02:00:00,17.7,22.32,28.72,21.55,4.92,3.76,99.28,21.2,22.1,23.2,20.0,36.6,36.6,42.1,36.1,46.0,9.3,21.4,157.4,33.7,153.47,1.5457,7.0,Standby,17.3,18.6,21.9,17.9,No,0.0,NONE
2025-08-17 03:00:00,21.38,22.06,26.47,18.73,4.94,3.65,97.65,20.2,21.8,23.5,20.0,32.9,38.6,39.1,36.4,45.7,9.3,21.4,153.6,33.9,151.4,1.5505,6.9,Standby,18.4,15.8,18.5,17.1,No,0.0,NONE
2025-08-17 04:00:00,16.63,22.55,28.82,19.78,5.35,3.65,96.78,20.6,23.2,23.0,20.3,34.3,36.6,39.2,35.1,52.3,9.5,22.4,166.6,36.3,143.48,1.4825,6.5,Standby,18.2,14.1,20.5,15.3,No,0.0,NONE
2025-08-17 05:00:00,18.56,21.96,23.29,19.44,5.45,3.88,92.25,18.9,20.8,22.2,20.0,32.1,34.4,38.0,35.1,39.4,8.6,19.1,155.5,28.6,141.37,1.5326,6.4,Standby,18.5,17.2,18.8,15.2,No,0.0,NONE
2025-08-17 06:00:00,18.67,20.07,30.02,20.2,5.07,3.97,97.96,20.2,22.9,22.8,21.8,36.5,38.8,42.5,33.7,47.3,8.5,20.4,149.4,33.2,148.87,1.5196,6.8,Standby,16.6,18.2,19.0,18.3,No,0.0,NONE
2025-08-17 07:00:00,17.77,21.14,24.42,19.46,5.22,3.96,91.78,19.3,22.3,22.5,20.9,36.1,36.5,43.3,34.1,64.8,8.9,20.4,157.4,31.7,141.36,1.5401,6.4,Standby,15.1,14.9,19.2,18.3,No,0.0,NONE
2025-08-17 08:00:00,18.93,21.93,27.95,19.52,5.41,3.62,97.33,20.5,21.9,23.7,20.1,36.2,38.6,42.7,37.1,64.0,8.9,20.9,147.9,33.3,144.15,1.481,6.6,Standby,18.2,16.8,17.3,16.0,No,0.0,NONE
2025-08-17 09:00:00,17.87,22.71,24.53,20.27,5.41,3.66,94.38,20.7,21.6,22.4,20.4,34.1,36.4,42.4,34.8,53.2,8.7,20.3,147.0,31.9,141.61,1.5004,6.4,Standby,15.1,14.5,16.7,18.6,No,0.0,NONE
2025-08-17 10:00:00,19.06,19.96,25.6,19.5,5.43,3.71,93.12,20.7,20.4,23.3,20.0,33.1,38.5,40.2,33.7,63.2,8.1,18.8,144.3,29.2,143.87,1.545,6.5,Standby,16.9,17.3,20.4,16.9,No,0.0,NONE
2025-08-17 11:00:00,19.55,19.84,25.84,20.11,5.29,3.68,94.35,19.8,21.4,22.6,20.4,32.8,35.0,38.6,34.4,60.5,8.5,19.9,151.6,31.5,140.15,1.4854,6.4,Standby,17.8,16.3,20.1,16.5,No,0.0,NONE
2025-08-17 12:00:00,18.21,21.79,26.59,20.32,5.42,3.9,95.91,19.8,20.9,23.7,19.7,32.8,34.8,38.9,34.3,62.6,9.0,20.1,156.1,30.5,145.01,1.5119,6.6,Standby,18.4,16.7,20.0,18.0,No,0.0,NONE
2025-08-17 13:00:00,18.95,21.58,22.44,19.19,5.0,3.74,91.17,19.4,20.3,21.4,20.8,33.4,35.4,36.3,33.3,56.4,8.4,18.4,148.5,26.5,136.99,1.5027,6.2,Standby,18.0,16.6,17.1,17.3,No,0.0,NONE
2025-08-17 14:00:00,17.9,23.54,24.61,19.85,4.93,3.92,94.9,20.1,21.7,23.2,20.4,32.5,33.9,36.0,34.7,56.5,7.9,17.1,138.4,24.1,145.59,1.5341,6.6,Standby,18.1,16.3,19.3,15.7,No,0.0,NONE
2025-08-17 15:00:00,17.85,21.46,23.54,19.94,5.24,3.7,91.79,18.8,19.8,20.3,18.7,32.0,36.4,39.8,32.1,57.9,7.5,15.7,123.6,20.8,138.28,1.5065,6.3,Standby,14.8,16.6,18.2,14.9,No,0.0,NONE
2025-08-17 16:00:00,18.39,23.09,24.95,21.84,5.17,3.93,97.27,19.7,19.6,23.5,19.4,32.6,35.3,39.0,35.2,44.0,7.6,16.8,134.0,23.9,145.08,1.4915,6.6,Standby,16.6,14.8,19.9,18.0,No,0.0,NONE
2025-08-17 17:00:00,18.29,20.57,25.62,18.36,5.26,3.92,91.84,18.5,20.1,20.8,19.4,30.5,34.9,40.5,34.9,48.6,7.7,16.2,128.0,21.8,141.95,1.5457,6.5,Standby,17.4,16.7,17.4,17.2,No,0.0,NONE
2025-08-17 18:00:00,18.22,23.53,24.2,20.5,5.26,3.68,95.45,18.2,20.3,22.8,19.1,31.6,35.4,39.3,31.4,49.8,7.5,15.5,113.0,15.8,148.13,1.5518,6.7,Standby,16.7,17.4,18.3,18.7,No,0.0,NONE
2025-08-17 19:00:00,17.51,21.98,25.3,20.55,5.48,3.61,94.34,19.6,20.5,21.6,19.4,33.4,33.2,36.1,32.8,41.3,7.4,16.2,138.3,22.6,146.04,1.5481,6.6,Standby,16.1,16.0,17.5,16.8,No,0.0,NONE
2025-08-17 20:00:00,19.21,23.37,24.6,19.29,5.08,3.91,95.48,19.8,21.6,22.4,20.1,32.8,34.5,38.1,32.3,61.8,7.8,17.0,130.2,24.0,142.33,1.4908,6.5,Standby,16.5,17.1,20.1,15.2,No,0.0,NONE
2025-08-17 21:00:00,19.36,22.29,24.79,19.93,5.3,3.7,95.38,20.5,21.3,23.9,21.0,34.4,34.8,40.2,35.2,59.8,8.1,18.7,155.2,28.7,144.08,1.5106,6.5,Standby,16.0,16.3,20.0,15.4,No,0.0,NONE
2025-08-17 22:00:00,18.84,20.65,25.47,19.95,5.44,3.97,93.9,19.2,21.6,21.5,20.8,34.9,36.6,39.3,35.0,46.9,7.9,18.6,147.6,29.1,142.98,1.5227,6.5,Standby,17.1,17.2,17.0,17.4,No,0.0,NONE
2025-08-17 23:00:00,19.38,21.23,26.38,19.58,5.09,3.77,95.56,20.4,20.9,22.4,20.4,34.5,34.1,39.7,35.8,46.9,8.1,18.2,147.7,26.9,144.46,1.5117,6.6,Standby,18.1,14.9,17.2,16.0,No,0.0,NONE
2025-08-18 00:00:00,19.77,22.54,27.03,19.01,5.03,3.95,97.35,20.1,22.6,21.9,21.5,32.8,35.0,40.4,35.7,49.4,8.4,19.4,158.4,29.9,151.59,1.5572,6.9,Standby,19.0,18.5,20.9,19.7,No,0.0,NONE
2025-08-18 01:00:00,18.26,22.61,26.79,20.59,5.07,3.86,97.25,19.0,21.5,21.6,20.7,34.3,37.3,38.1,35.4,49.7,8.3,18.8,150.3,28.6,144.88,1.4897,6.6,Standby,17.5,16.7,18.3,19.4,No,0.0,NONE
2025-08-18 02:00:00,18.35,23.48,26.43,20.21,5.3,3.7,97.47,20.9,22.2,24.3,20.3,34.0,36.1,39.3,34.2,58.6,8.7,19.9,158.6,30.8,151.78,1.5572,6.9,Standby,17.7,17.6,20.4,18.4,No,0.0,NONE
2025-08-18 03:00:00,18.98,23.93,25.12,20.84,5.13,3.61,97.87,20.0,22.7,23.5,19.8,32.6,37.0,38.6,35.6,63.8,8.4,19.7,161.3,30.8,150.96,1.5425,6.9,Standby,20.0,18.3,18.8,20.0,No,0.0,NONE
2025-08-18 04:00:00,17.32,22.31,28.49,19.8,5.21,3.67,96.92,20.0,22.8,24.3,20.7,36.2,36.1,39.0,34.4,60.2,9.7,22.3,159.8,35.2,144.87,1.4947,6.6,Standby,17.8,17.4,20.7,16.7,No,0.0,NONE
2025-08-18 05:00:00,19.24,22.32,26.15,19.86,4.91,3.69,96.58,28.7,21.3,23.5,19.8,34.5,35.6,38.1,35.3,53.7,9.2,20.7,155.6,31.7,150.53,1.5586,6.8,Standby,19.7,18.5,18.0,17.3,No,0.0,NONE
2025-08-18 06:00:00,19.5,21.9,24.46,21.34,5.35,3.85,96.2,19.6,22.0,23.4,20.6,33.3,40.8,40.3,35.9,45.1,9.5,22.2,153.4,35.5,146.09,1.5186,6.6,Standby,18.7,14.2,19.4,16.6,No,0.0,NONE
2025-08-18 07:00:00,18.77,19.87,24.82,19.4,5.01,3.66,91.87,19.7,22.0,22.9,21.8,34.9,39.1,40.6,35.2,63.3,9.4,22.2,158.3,35.8,140.58,1.5301,6.4,Standby,16.3,13.8,17.6,15.3,No,0.0,NONE
2025-08-18 08:00:00,18.24,21.59,25.23,20.89,5.45,3.97,94.95,19.2,21.4,23.7,19.4,32.1,37.6,39.4,32.6,51.8,7.9,18.0,147.1,26.8,143.1,1.5071,6.5,Standby,18.9,14.5,16.9,19.0,No,0.0,NONE
2025-08-18 09:00:00,19.54,21.43,24.83,20.29,4.91,3.8,95.1,20.9,21.6,21.7,20.6,32.4,37.0,41.7,33.7,49.0,8.9,20.2,154.6,31.0,142.28,1.4961,6.5,Standby,15.9,15.2,17.1,16.2,No,0.0,NONE
2025-08-18 10:00:00,17.67,24.48,24.96,19.72,5.13,3.75,95.82,27.9,20.5,21.6,19.5,35.4,37.5,37.0,36.7,42.6,8.7,19.6,141.7,29.8,148.47,1.5495,6.7,Standby,18.8,17.8,19.9,16.1,No,0.0,NONE
2025-08-18 11:00:00,17.26,24.2,25.06,20.63,5.06,3.99,96.15,20.9,21.5,23.6,21.1,34.7,38.6,38.9,33.5,43.1,8.2,19.2,154.3,30.1,147.65,1.5356,6.7,Standby,18.3,16.1,20.5,16.0,No,0.0,NONE
2025-08-18 12:00:00,18.63,20.98,25.93,21.74,5.29,3.84,96.28,19.8,21.8,23.6,20.1,33.2,37.2,35.4,32.6,41.6,8.1,17.5,140.0,24.4,147.87,1.5359,6.7,Standby,16.0,15.7,20.2,18.1,No,0.0,NONE
2025-08-18 13:00:00,18.92,21.69,25.56,18.63,5.43,3.76,93.8,19.1,20.7,23.9,21.2,31.8,34.6,41.2,33.2,48.4,8.5,18.7,154.7,27.6,139.14,1.4834,6.3,Standby,14.8,14.1,16.8,18.0,No,0.0,NONE
2025-08-18 14:00:00,18.0,22.59,24.91,20.19,4.97,3.85,94.68,27.6,20.0,22.3,20.3,32.5,36.1,38.0,35.9,52.9,7.4,17.2,144.8,25.9,145.88,1.5408,6.6,Standby,16.8,14.9,19.3,19.4,No,0.0,NONE
2025-08-18 15:00:00,19.2,21.96,26.18,20.1,5.31,3.8,96.43,19.9,21.6,21.8,19.2,32.2,36.1,37.7,33.0,36.8,7.4,16.1,132.8,22.2,147.27,1.5272,6.7,Standby,16.4,17.6,20.2,16.0,No,0.0,NONE
2025-08-18 16:00:00,19.55,24.12,25.05,19.66,5.19,3.83,97.38,19.8,20.9,23.1,19.1,32.4,34.5,39.6,33.4,59.2,7.2,16.0,141.6,22.4,146.67,1.5062,6.7,Standby,16.7,15.1,19.4,15.8,No,0.0,NONE
2025-08-18 17:00:00,19.45,22.71,23.55,19.08,5.24,3.8,93.78,18.5,20.5,22.5,20.6,34.4,35.0,39.6,32.3,46.4,7.8,17.2,142.0,24.7,143.79,1.5332,6.5,Standby,15.9,15.7,19.3,19.0,No,0.0,NONE
2025-08-18 18:00:00,18.73,22.44,26.28,19.93,5.02,3.84,96.38,19.5,20.4,21.7,20.4,31.0,33.1,35.1,33.3,55.6,6.9,15.6,129.7,22.2,144.2,1.4961,6.6,Standby,18.0,14.2,18.8,15.5,No,0.0,NONE
2025-08-18 19:00:00,18.27,21.63,22.84,19.28,5.26,3.7,91.01,19.7,21.5,21.6,20.0,32.7,37.0,36.7,35.7,41.0,8.3,18.5,152.5,27.2,139.65,1.5345,6.3,Standby,18.1,13.9,19.3,18.2,No,0.0,NONE
2025-08-18 20:00:00,18.63,21.01,23.38,20.28,5.19,3.69,92.3,19.6,21.1,22.4,20.0,32.8,35.2,37.8,33.1,48.1,7.4,17.3,133.5,26.3,137.13,1.4857,6.2,Standby,16.7,16.8,18.7,18.1,No,0.0,NONE
2025-08-18 21:00:00,17.93,21.21,26.08,20.08,5.21,3.84,94.3,19.4,21.6,23.4,19.4,31.1,36.7,38.3,35.6,54.8,8.0,17.2,132.4,24.1,145.71,1.5451,6.6,Standby,16.7,16.2,20.5,18.9,No,0.0,NONE
2025-08-18 22:00:00,18.36,23.73,23.95,20.36,5.42,3.97,95.4,18.9,20.0,22.0,19.2,32.5,34.3,37.1,34.4,38.2,7.3,15.6,131.7,21.0,143.51,1.5044,6.5,Standby,15.8,14.2,19.1,18.7,No,0.0,NONE
2025-08-18 23:00:00,18.54,22.93,26.12,20.73,5.28,3.8,97.32,18.7,21.6,21.4,19.1,34.1,37.3,35.5,35.5,38.7,7.7,16.9,134.9,23.9,147.63,1.5169,6.7,Standby,16.6,14.3,17.2,16.1,No,0.0,NONE
2025-08-19 00:00:00,19.76,22.54,26.38,19.2,5.21,3.9,96.88,19.6,22.6,23.1,19.6,32.6,35.8,37.7,36.5,51.1,8.8,19.6,149.6,29.4,143.4,1.4801,6.5,Standby,16.9,16.8,19.9,16.3,No,0.0,NONE
2025-08-19 01:00:00,18.3,23.07,26.32,19.59,5.4,3.97,96.28,19.4,20.2,21.4,20.1,32.3,36.0,41.9,33.6,53.8,7.9,18.5,150.7,28.5,150.2,1.56,6.8,Standby,19.9,16.0,18.4,19.8,No,0.0,NONE
2025-08-19 02:00:00,18.59,22.22,24.36,18.02,5.47,3.73,92.19,20.2,21.0,21.8,19.8,32.7,36.6,38.2,34.8,39.3,8.2,18.7,153.9,28.6,140.47,1.5238,6.4,Standby,16.1,15.0,18.8,15.0,No,0.0,NONE
2025-08-19 03:00:00,18.32,22.5,27.97,19.96,5.18,3.67,97.76,28.2,20.6,23.7,19.6,31.9,36.2,36.7,34.2,58.9,8.5,19.1,147.5,28.8,147.56,1.5095,6.7,Standby,18.9,15.7,19.7,18.2,No,0.0,NONE
2025-08-19 04:00:00,16.63,21.02,30.43,20.4,4.97,3.75,97.48,21.5,21.3,24.0,20.6,33.9,40.5,43.1,36.9,57.6,9.8,22.8,155.5,36.6,149.66,1.5353,6.8,Standby,18.8,17.5,18.9,17.5,No,0.0,NONE
2025-08-19 05:00:00,18.79,21.7,28.61,19.23,5.46,3.94,97.33,21.3,21.6,24.5,20.6,33.9,36.6,40.8,37.6,56.1,9.7,23.2,173.4,38.1,144.28,1.4824,6.6,Standby,16.0,14.9,17.8,18.6,No,0.0,NONE
2025-08-19 06:00:00,17.95,22.97,25.86,20.57,4.93,3.64,96.35,19.8,21.1,24.1,21.5,35.9,37.9,39.5,34.5,40.8,8.8,19.9,147.3,30.3,149.68,1.5535,6.8,Standby,19.4,18.1,18.3,17.4,No,0.0,NONE
2025-08-19 07:00:00,17.31,22.86,27.23,18.52,5.0,3.94,94.93,20.3,21.6,24.6,21.7,34.5,40.6,42.9,34.8,46.8,9.1,22.0,167.3,36.4,143.25,1.5091,6.5,Standby,16.1,16.9,20.4,18.3,No,0.0,NONE
2025-08-19 08:00:00,19.29,21.58,30.19,19.92,5.37,3.74,99.97,20.2,22.7,23.4,22.1,35.3,39.4,45.2,36.6,47.3,9.8,23.7,164.5,39.8,149.51,1.4955,6.8,Standby,19.4,15.0,20.4,17.7,No,0.0,NONE
2025-08-19 09:00:00,18.23,22.23,27.34,21.02,5.22,3.65,97.82,20.7,20.7,22.8,19.9,34.0,39.3,42.2,37.0,54.4,8.7,20.3,161.0,31.9,146.54,1.498,6.7,Standby,18.2,16.6,17.2,18.0,No,0.0,NONE
2025-08-19 10:00:00,18.14,20.72,24.53,20.57,5.44,3.85,92.96,19.1,20.8,21.6,19.1,31.8,33.0,39.8,35.7,44.6,7.7,16.9,129.1,23.9,139.73,1.5031,6.4,Standby,17.6,15.5,16.2,18.7,No,0.0,NONE
2025-08-19 11:00:00,17.86,21.6,27.8,19.39,5.48,3.98,95.65,20.7,21.7,22.8,21.6,35.1,38.7,42.3,36.7,53.3,9.1,20.6,143.4,31.5,145.22,1.5182,6.6,Standby,19.3,15.2,20.0,15.9,No,0.0,NONE
2025-08-19 12:00:00,16.85,21.22,24.73,18.88,5.31,3.74,90.68,19.2,20.7,23.4,19.2,33.4,37.0,39.4,34.2,53.2,8.0,17.7,133.8,25.4,137.56,1.517,6.3,Standby,15.9,14.8,17.4,16.8,No,0.0,NONE
2025-08-19 13:00:00,18.44,23.02,26.52,19.37,5.11,3.68,96.35,19.7,21.9,23.2,19.1,31.9,36.4,38.5,32.6,58.7,8.0,17.2,143.2,24.0,144.12,1.4959,6.6,Standby,19.2,15.4,19.1,16.7,No,0.0,NONE
2025-08-19 14:00:00,18.4,21.59,24.72,19.33,5.42,3.84,93.04,20.2,21.4,23.2,19.9,33.6,35.4,40.1,33.4,46.4,8.1,17.9,135.5,26.0,138.97,1.4936,6.3,Standby,18.0,14.0,17.7,17.0,No,0.0,NONE
2025-08-19 15:00:00,18.74,21.02,22.99,19.61,5.36,3.76,91.36,18.4,20.9,22.6,19.2,30.2,35.1,34.6,31.7,35.1,7.1,15.1,138.6,19.6,135.64,1.4846,6.2,Standby,15.3,16.0,18.9,18.1,No,0.0,NONE
2025-08-19 16:00:00,18.95,24.53,25.32,19.87,5.07,3.64,97.67,19.1,19.7,20.6,20.0,33.8,33.5,35.4,34.1,37.2,7.6,16.2,125.9,22.2,146.94,1.5044,6.7,Standby,16.6,15.4,20.8,17.0,No,0.0,NONE
2025-08-19 17:00:00,19.73,22.18,25.48,20.57,5.08,3.77,96.96,18.2,19.3,22.4,18.8,33.6,33.1,37.0,31.9,58.6,7.3,15.3,122.7,20.0,150.31,1.5503,6.8,Standby,18.2,16.8,21.0,16.6,No,0.0,NONE
2025-08-19 18:00:00,18.73,23.66,25.45,19.6,5.22,3.73,96.44,20.2,20.9,22.9,19.1,31.0,34.0,39.6,32.3,42.4,7.1,15.8,130.9,22.5,147.05,1.5248,6.7,Standby,18.6,17.4,19.3,16.2,No,0.0,NONE
2025-08-19 19:00:00,18.73,23.18,24.01,19.63,5.39,3.86,94.56,20.3,20.7,21.5,20.8,31.0,37.8,39.2,32.6,44.7,8.0,17.4,131.3,24.7,141.39,1.4952,6.4,Standby,17.3,13.9,16.6,17.0,No,0.0,NONE
2025-08-19 20:00:00,18.66,21.42,23.81,21.21,4.92,3.61,94.1,20.0,20.3,23.0,19.6,33.3,37.6,36.6,34.9,57.8,7.5,17.0,148.3,25.0,142.76,1.517,6.5,Standby,19.0,14.5,18.6,16.3,No,0.0,NONE
2025-08-19 21:00:00,17.93,21.89,24.12,20.48,5.2,3.66,93.43,19.7,21.0,22.5,19.3,31.4,36.8,37.4,34.6,41.5,6.9,14.9,123.1,18.0,145.66,1.5591,6.6,Standby,17.7,16.7,17.3,19.0,No,0.0,NONE
2025-08-19 22:00:00,18.28,22.62,27.13,20.73,5.07,3.75,97.76,28.2,22.6,23.6,21.5,32.3,39.3,38.3,33.0,45.2,8.1,19.0,155.7,29.7,150.99,1.5445,6.9,Standby,16.9,17.6,20.3,17.5,No,0.0,NONE
2025-08-19 23:00:00,18.1,20.89,23.18,20.88,4.92,3.89,92.04,18.6,20.7,21.3,19.2,31.5,32.7,35.0,31.6,52.1,7.2,15.3,134.5,20.6,142.16,1.5445,6.5,Standby,16.2,17.5,19.8,16.4,No,0.0,NONE
2025-08-20 00:00:00,18.57,21.7,26.34,20.3,5.43,3.97,95.91,20.7,20.8,23.9,20.8,35.9,37.0,43.6,36.7,46.3,8.8,20.6,148.9,32.5,142.92,1.4902,6.5,Standby,17.8,15.8,19.5,16.7,No,0.0,NONE
2025-08-20 01:00:00,18.49,21.93,23.45,20.26,4.97,3.61,93.13,19.3,20.5,23.3,20.4,33.3,35.8,40.4,35.0,38.6,7.2,15.9,136.4,22.3,144.82,1.5551,6.6,Standby,16.6,14.8,19.5,18.8,No,0.0,NONE
2025-08-20 02:00:00,19.21,21.35,24.78,20.7,5.44,3.63,95.03,19.7,20.3,23.7,19.5,35.7,38.5,37.1,36.1,42.4,8.2,19.0,150.0,29.3,147.04,1.5472,6.7,Standby,18.4,17.0,21.0,17.5,No,0.0,NONE
2025-08-20 03:00:00,18.83,23.56,27.68,20.28,5.13,3.78,99.35,20.9,22.4,22.9,20.3,35.2,36.2,42.4,36.6,47.8,9.2,21.9,154.9,35.6,154.51,1.5553,7.0,Standby,20.3,17.3,22.1,16.7,No,0.0,NONE
2025-08-20 04:00:00,19.18,21.03,26.03,19.69,4.98,3.98,94.93,20.4,20.5,21.7,20.3,32.4,38.0,38.1,35.0,49.1,8.8,19.8,143.4,29.9,146.41,1.5423,6.7,Standby,18.1,17.8,18.7,17.5,No,0.0,NONE
2025-08-20 05:00:00,18.77,22.94,25.91,20.59,5.48,3.86,97.22,20.6,20.4,21.6,21.0,34.1,38.6,38.1,36.3,56.7,9.0,20.1,150.8,30.2,147.45,1.5166,6.7,Standby,16.7,17.9,21.0,17.5,No,0.0,NONE
2025-08-20 06:00:00,17.31,22.99,30.15,20.58,5.34,3.76,100.03,20.6,21.5,24.1,21.0,37.2,39.3,43.3,37.9,52.2,9.6,23.5,173.6,39.6,149.34,1.493,6.8,Standby,19.5,16.0,17.8,19.4,No,0.0,NONE
2025-08-20 07:00:00,19.56,23.07,26.39,18.93,5.31,3.64,96.94,19.9,20.7,23.6,20.6,36.5,36.8,39.6,35.0,53.5,9.1,21.0,155.8,33.0,146.56,1.5118,6.7,Standby,18.0,15.6,19.7,18.5,No,0.0,NONE
2025-08-20 08:00:00,18.88,22.47,26.52,20.73,5.26,3.98,97.6,19.9,22.0,23.6,21.3,33.8,40.2,44.3,37.4,59.8,8.9,21.2,158.4,34.4,144.68,1.4824,6.6,Standby,18.1,16.9,19.0,16.3,No,0.0,NONE
2025-08-20 09:00:00,18.75,22.77,25.61,19.42,5.02,3.62,95.55,18.9,20.7,21.6,21.1,35.6,36.5,40.2,36.5,58.1,7.9,18.5,144.7,28.7,144.84,1.5158,6.6,Standby,17.4,15.6,19.8,16.7,No,0.0,NONE
2025-08-20 10:00:00,18.58,20.66,26.08,20.9,5.41,3.99,95.21,20.5,21.6,23.9,20.0,35.5,38.4,38.0,36.4,60.8,8.6,19.6,155.6,30.0,142.16,1.4931,6.5,Standby,18.8,17.2,17.8,17.1,No,0.0,NONE
2025-08-20 11:00:00,18.98,22.68,25.87,20.48,4.93,3.78,97.0,19.7,21.7,23.9,19.8,33.4,35.7,38.7,35.7,42.6,8.4,20.0,153.6,31.9,149.73,1.5435,6.8,Standby,18.8,15.4,21.3,19.7,No,0.0,NONE
2025-08-20 12:00:00,19.05,22.98,27.31,20.23,5.18,3.63,98.56,21.0,20.7,24.0,21.5,33.3,35.1,42.0,33.4,53.5,8.9,20.0,159.3,30.6,147.18,1.4933,6.7,Standby,18.6,16.8,19.4,16.7,No,0.0,NONE
2025-08-20 13:00:00,17.65,20.61,27.79,20.79,5.31,3.64,95.83,19.7,21.7,23.3,20.6,35.8,36.9,38.2,33.4,53.2,8.1,19.4,142.9,30.7,143.17,1.494,6.5,Standby,17.6,16.1,17.4,15.4,No,0.0,NONE
2025-08-20 14:00:00,19.33,22.3,23.62,20.82,4.97,3.75,95.07,20.3,21.7,23.5,20.4,33.5,37.2,36.7,32.5,60.8,8.1,17.6,131.9,25.0,142.47,1.4986,6.5,Standby,18.4,15.4,19.6,17.1,No,0.0,NONE
2025-08-20 15:00:00,20.5,21.22,26.17,20.85,5.11,3.97,97.74,19.7,20.7,22.7,21.0,34.9,36.0,37.5,36.7,45.4,8.9,19.6,138.5,29.2,149.29,1.5275,6.8,Standby,19.6,16.0,21.4,16.9,No,0.0,NONE
2025-08-20 16:00:00,18.92,20.91,24.66,19.87,5.29,3.88,93.37,19.9,19.9,22.7,20.0,32.0,37.0,38.6,33.4,56.6,8.4,18.4,147.5,26.7,138.6,1.4844,6.3,Standby,14.9,14.7,17.1,15.1,No,0.0,NONE
2025-08-20 17:00:00,18.24,21.58,24.57,19.8,5.49,3.61,93.2,19.2,19.7,21.8,19.1,30.8,36.7,37.3,34.2,39.0,7.7,16.4,140.7,22.4,141.74,1.5209,6.4,Standby,17.3,16.9,20.0,16.2,No,0.0,NONE
2025-08-20 18:00:00,19.21,22.32,22.59,19.62,5.44,3.69,92.73,18.7,20.9,21.8,19.6,33.1,34.6,40.6,35.2,44.2,7.7,16.6,134.5,22.9,142.39,1.5355,6.5,Standby,15.9,14.4,19.6,17.5,No,0.0,NONE
2025-08-20 19:00:00,20.15,22.54,23.48,20.52,5.4,3.81,95.68,18.4,21.0,22.4,20.2,33.2,34.3,41.2,33.7,46.7,7.4,16.6,129.4,23.9,149.11,1.5584,6.8,Standby,15.9,16.7,19.3,19.7,No,0.0,NONE
2025-08-20 20:00:00,17.57,23.23,25.8,20.1,5.25,3.97,95.7,20.3,21.4,21.8,20.2,34.9,35.3,37.0,33.0,57.9,8.5,18.6,143.4,27.1,148.3,1.5496,6.7,Standby,16.5,14.5,20.7,19.5,No,0.0,NONE
2025-08-20 21:00:00,19.5,21.21,22.62,21.12,4.95,3.9,93.45,18.3,21.4,20.2,18.9,33.1,32.1,39.3,32.0,56.5,7.5,15.5,136.3,19.6,138.88,1.4862,6.3,Standby,16.6,13.5,18.2,17.6,No,0.0,NONE
2025-08-20 22:00:00,18.57,21.48,25.91,19.91,4.94,3.92,94.86,19.4,22.3,22.7,19.6,35.6,35.1,38.1,34.8,39.8,8.6,19.1,153.8,28.3,145.73,1.5363,6.6,Standby,18.8,15.8,18.3,17.2,No,0.0,NONE
2025-08-20 23:00:00,18.49,22.5,24.2,20.15,5.07,3.92,94.35,20.1,21.6,23.2,19.7,34.9,37.8,36.4,32.2,60.6,8.2,17.8,135.5,25.4,145.63,1.5435,6.6,Standby,16.3,17.0,19.6,18.4,No,0.0,NONE
2025-08-21 00:00:00,19.15,22.82,27.39,19.27,5.16,3.65,97.63,18.4,19.6,20.7,19.2,34.3,33.6,36.2,34.2,50.2,7.9,16.9,139.0,23.5,149.55,1.5318,6.8,Standby,19.3,15.4,19.4,16.4,No,0.0,NONE
2025-08-21 01:00:00,19.9,23.49,24.06,20.64,5.07,3.84,97.08,18.8,20.6,22.2,20.8,34.0,35.3,38.4,35.8,58.6,8.3,17.8,139.6,25.3,146.0,1.5038,6.6,Standby,16.0,15.5,18.8,16.3,No,0.0,NONE
2025-08-21 02:00:00,17.87,22.31,25.94,19.71,5.18,3.61,94.84,19.6,22.5,23.1,20.6,33.8,39.2,37.8,36.8,51.3,7.9,18.7,140.7,29.3,140.48,1.4813,6.4,Standby,18.6,16.0,17.1,18.0,No,0.0,NONE
2025-08-21 03:00:00,18.7,21.7,25.96,19.87,4.96,3.6,95.24,21.2,20.8,24.3,21.0,35.7,38.0,40.0,35.5,54.4,8.8,20.4,156.7,32.1,147.18,1.5455,6.7,Standby,16.4,16.7,17.8,17.8,No,0.0,NONE
2025-08-21 04:00:00,18.95,24.22,28.63,19.42,5.36,3.93,100.22,28.7,22.4,23.7,21.9,36.8,39.1,43.3,34.9,55.6,9.1,21.7,153.2,35.4,148.7,1.4837,6.8,Standby,17.2,17.7,20.9,17.4,No,0.0,NONE
2025-08-21 05:00:00,17.25,21.88,28.32,20.51,5.26,3.92,96.96,21.0,21.4,24.2,21.8,36.8,40.0,41.3,38.3,63.9,9.5,22.5,155.9,36.9,145.4,1.4996,6.6,Standby,18.8,17.4,19.8,17.5,No,0.0,NONE
2025-08-21 06:00:00,18.24,22.94,28.26,20.5,5.2,3.81,98.94,20.1,21.9,23.3,21.1,36.1,37.1,41.7,36.7,63.8,9.6,22.9,157.0,37.7,148.33,1.4991,6.7,Standby,18.3,17.6,17.6,16.5,No,0.0,NONE
2025-08-21 07:00:00,18.67,22.57,24.09,19.2,4.98,3.95,93.53,19.9,22.5,23.9,20.2,32.6,37.2,37.7,36.5,41.8,9.0,20.2,152.2,30.7,144.02,1.5398,6.5,Standby,19.1,15.8,18.7,18.7,No,0.0,NONE
2025-08-21 08:00:00,19.58,22.66,23.67,22.94,5.38,3.85,97.85,19.3,20.4,20.9,19.1,33.0,34.7,41.3,34.4,60.4,7.5,17.2,137.6,25.6,146.81,1.5004,6.7,Standby,16.4,14.6,20.4,18.1,No,0.0,NONE
2025-08-21 09:00:00,18.85,23.78,24.9,19.36,5.08,3.83,95.9,20.6,22.1,24.4,21.1,33.9,36.7,37.9,35.6,57.9,8.3,19.9,152.6,31.8,142.66,1.4876,6.5,Standby,16.4,17.1,18.0,16.5,No,0.0,NONE
2025-08-21 10:00:00,18.28,21.99,25.86,20.08,5.47,3.9,95.21,19.2,21.7,22.3,20.2,35.2,38.4,38.7,36.4,51.2,8.4,19.0,150.2,28.6,147.52,1.5495,6.7,Standby,16.8,14.4,18.4,18.8,No,0.0,NONE
2025-08-21 11:00:00,17.3,21.9,27.46,19.96,5.42,3.8,95.62,19.7,22.5,22.1,20.3,32.9,39.2,40.0,34.4,62.0,8.9,20.3,145.2,31.3,143.77,1.5034,6.5,Standby,18.9,14.2,19.1,17.5,No,0.0,NONE
2025-08-21 12:00:00,19.52,24.11,26.3,19.8,4.91,3.65,98.73,20.0,21.2,23.4,20.8,33.3,37.4,41.6,35.0,63.2,7.9,18.3,147.0,28.1,148.38,1.503,6.7,Standby,19.8,16.4,18.3,19.0,No,0.0,NONE
2025-08-21 13:00:00,18.91,21.39,27.27,19.79,5.1,3.76,96.36,20.0,21.6,21.8,20.6,33.6,38.0,40.4,34.7,60.7,8.2,18.7,153.4,28.3,144.91,1.5038,6.6,Standby,17.8,15.8,17.6,16.2,No,0.0,NONE
2025-08-21 14:00:00,18.24,21.07,25.18,20.17,5.19,3.8,93.65,20.4,20.1,23.6,21.0,31.3,37.0,37.6,34.5,54.4,7.8,17.7,149.7,26.4,141.37,1.5094,6.4,Standby,17.3,16.3,18.6,17.9,No,0.0,NONE
2025-08-21 15:00:00,17.36,22.18,25.19,19.21,5.49,3.85,92.94,19.9,21.3,22.8,19.4,31.5,37.2,37.0,32.0,45.0,7.6,17.1,141.5,25.1,141.34,1.5207,6.4,Standby,16.8,14.6,16.7,16.0,No,0.0,NONE
2025-08-21 16:00:00,17.84,23.14,25.69,20.6,5.2,4.0,96.27,18.5,19.7,21.4,20.0,34.5,37.8,40.9,35.6,58.5,7.7,16.8,141.3,23.9,146.39,1.5206,6.7,Standby,17.7,16.8,17.1,15.7,No,0.0,NONE
2025-08-21 17:00:00,18.24,22.91,23.3,19.66,5.13,3.87,93.12,28.6,21.0,22.1,20.3,33.4,35.0,37.7,32.9,52.1,8.1,17.8,148.7,25.7,139.75,1.5008,6.4,Standby,18.5,14.7,18.9,18.1,No,0.0,NONE
2025-08-21 18:00:00,19.24,22.26,25.21,21.15,5.01,3.67,96.87,18.6,21.8,22.6,20.0,34.2,35.1,40.2,35.6,53.4,8.3,18.1,141.0,26.0,148.11,1.529,6.7,Standby,19.7,17.2,19.0,18.3,No,0.0,NONE
2025-08-21 19:00:00,17.66,23.76,26.63,20.15,5.42,3.7,97.21,19.5,22.1,22.6,20.2,33.4,34.3,39.8,32.2,45.8,7.3,17.0,135.3,25.4,149.35,1.5363,6.8,Standby,17.2,14.7,18.8,18.3,No,0.0,NONE
2025-08-21 20:00:00,18.46,20.53,25.64,18.39,5.2,3.73,92.02,19.4,20.1,21.6,19.0,32.4,33.5,37.5,34.7,42.4,7.0,15.9,142.1,23.1,136.71,1.4856,6.2,Standby,15.3,15.9,17.9,16.1,No,0.0,NONE
2025-08-21 21:00:00,18.47,21.37,23.12,19.78,5.48,3.79,91.73,19.6,20.4,22.9,19.5,32.6,35.1,37.7,34.3,56.6,7.5,16.6,127.6,23.8,142.59,1.5544,6.5,Standby,16.7,16.2,16.8,15.4,No,0.0,NONE
2025-08-21 22:00:00,18.22,21.91,22.92,20.63,5.25,3.95,92.68,19.4,20.4,22.3,19.7,32.2,33.7,38.3,34.5,57.3,7.6,17.1,147.3,24.8,142.95,1.5424,6.5,Standby,18.6,14.4,18.1,17.6,No,0.0,NONE
2025-08-21 23:00:00,19.23,22.34,27.9,20.8,5.34,3.81,99.27,18.9,19.9,22.3,18.9,34.5,34.5,41.0,33.9,44.4,8.0,17.0,131.0,23.4,149.77,1.5087,6.8,Standby,16.9,17.5,17.7,19.1,No,0.0,NONE
2025-08-22 00:00:00,19.5,22.97,24.71,21.82,5.19,3.68,98.0,19.2,21.2,21.8,20.7,33.3,35.8,37.7,33.1,59.2,8.0,17.1,128.7,23.7,146.47,1.4946,6.7,Standby,17.2,16.4,19.0,18.0,No,0.0,NONE
2025-08-22 01:00:00,17.35,21.27,24.58,20.69,5.16,3.85,92.9,20.8,21.2,22.1,19.6,33.9,35.7,38.5,33.5,44.1,8.6,19.7,149.5,30.6,140.26,1.5098,6.4,Standby,16.6,16.2,18.0,17.7,No,0.0,NONE
2025-08-22 02:00:00,19.43,22.05,26.26,20.5,5.13,3.79,97.24,21.2,20.9,23.7,21.0,35.9,35.9,43.2,36.2,66.1,8.8,20.6,160.1,32.6,150.94,1.5524,6.9,Standby,18.3,17.1,18.4,17.7,No,0.0,NONE
2025-08-22 03:00:00,17.95,22.99,26.39,18.92,4.94,3.94,95.25,19.4,20.9,24.0,20.2,34.6,37.5,41.8,35.7,49.8,8.4,19.5,146.0,30.3,145.52,1.5278,6.6,Standby,18.8,16.6,18.7,16.9,No,0.0,NONE
2025-08-22 04:00:00,18.54,22.84,27.55,18.37,4.92,3.96,96.31,21.1,22.2,24.0,20.4,35.8,36.4,40.9,36.3,55.4,8.4,19.9,158.0,31.6,148.72,1.5442,6.8,Standby,17.8,15.3,20.0,18.9,No,0.0,NONE
2025-08-22 05:00:00,19.52,22.28,28.06,20.41,5.44,3.79,99.27,19.1,20.4,21.9,20.4,33.7,37.8,38.6,34.9,57.7,8.4,19.7,150.9,31.0,154.32,1.5546,7.0,Standby,20.5,16.9,18.1,19.0,No,0.0,NONE
2025-08-22 06:00:00,18.74,23.23,23.86,19.9,5.24,3.64,94.73,20.0,21.4,22.7,19.9,32.8,38.0,36.1,35.3,43.0,7.6,17.5,140.1,26.5,143.84,1.5185,6.5,Standby,18.3,15.8,18.1,16.4,No,0.0,NONE
2025-08-22 07:00:00,19.99,21.86,30.01,20.55,5.13,3.73,101.4,20.6,20.8,24.0,20.7,36.1,36.5,42.9,35.8,53.1,9.4,21.9,162.0,35.1,157.66,1.5548,7.2,Standby,17.1,16.7,22.2,17.0,No,0.0,NONE
2025-08-22 08:00:00,18.13,20.91,26.69,18.78,5.26,3.93,93.51,19.8,22.0,22.8,20.3,33.4,37.4,42.2,35.7,66.0,8.9,20.9,163.2,33.5,142.28,1.5215,6.5,Standby,16.1,16.4,18.0,16.5,No,0.0,NONE
2025-08-22 09:00:00,17.28,21.6,26.17,20.44,5.34,3.76,94.49,20.2,22.4,22.1,20.8,32.4,36.8,42.5,36.2,60.3,8.8,20.2,145.8,31.3,141.83,1.5011,6.4,Standby,16.7,15.5,19.8,17.0,No,0.0,NONE
2025-08-22 10:00:00,18.75,21.43,28.01,19.06,5.43,3.79,96.25,19.6,21.0,23.9,21.6,34.1,38.2,43.5,34.3,45.9,8.7,20.9,157.2,33.9,142.76,1.4832,6.5,Standby,16.6,15.5,17.5,17.3,No,0.0,NONE
2025-08-22 11:00:00,18.62,21.37,26.92,19.21,5.18,3.76,95.13,20.6,21.0,23.3,20.0,32.3,37.1,38.1,34.5,52.1,8.3,19.4,159.8,30.5,145.11,1.5255,6.6,Standby,15.4,15.4,18.6,17.6,No,0.0,NONE
2025-08-22 12:00:00,19.24,21.77,25.68,19.45,4.91,3.97,95.14,18.7,20.5,23.7,19.4,34.8,38.4,39.7,33.6,46.0,8.3,18.2,139.1,26.6,143.87,1.5122,6.5,Standby,15.8,17.4,19.9,16.2,No,0.0,NONE
2025-08-22 13:00:00,19.25,23.71,24.63,19.61,5.49,3.71,96.21,20.2,20.7,22.1,19.8,31.8,38.4,40.8,33.4,46.2,8.1,18.2,138.0,27.1,143.43,1.4908,6.5,Standby,17.0,16.9,20.2,18.3,No,0.0,NONE
2025-08-22 14:00:00,17.46,21.43,24.95,19.29,5.15,3.92,92.12,19.7,20.8,21.3,20.0,32.9,33.5,38.1,34.2,55.2,8.0,17.2,137.5,23.8,137.02,1.4874,6.2,Standby,16.7,15.3,18.1,15.5,No,0.0,NONE
2025-08-22 15:00:00,18.73,22.93,24.84,21.4,5.42,3.65,96.91,19.6,19.8,23.5,19.6,32.6,34.3,37.7,33.8,42.0,7.6,17.4,141.2,26.0,144.57,1.4917,6.6,Standby,16.5,16.6,20.3,17.9,No,0.0,NONE
2025-08-22 16:00:00,17.59,23.82,24.81,20.39,5.1,3.87,95.61,18.9,19.7,21.3,20.0,32.7,35.8,35.9,34.1,45.1,7.0,15.0,135.6,19.4,144.09,1.5071,6.5,Standby,17.4,17.4,19.6,18.2,No,0.0,NONE
2025-08-22 17:00:00,20.67,21.98,22.5,19.49,4.93,3.99,93.64,18.5,20.3,22.1,19.8,32.1,33.9,37.9,34.8,41.8,7.6,16.1,132.9,21.7,140.5,1.5004,6.4,Standby,15.1,14.9,19.3,18.8,No,0.0,NONE
2025-08-22 18:00:00,20.25,21.78,23.79,19.92,5.16,3.99,94.73,19.0,20.2,21.0,20.0,32.8,34.8,40.4,32.1,59.7,7.3,16.3,128.2,23.4,143.92,1.5192,6.5,Standby,16.9,14.4,19.0,18.0,No,0.0,NONE
2025-08-22 19:00:00,19.12,21.49,24.93,20.54,5.18,3.93,95.08,18.2,19.8,20.3,20.6,30.9,33.7,39.5,33.3,59.2,7.1,15.5,127.9,21.3,142.43,1.4979,6.5,Standby,17.5,16.6,19.0,18.0,No,0.0,NONE
2025-08-22 20:00:00,17.53,23.03,24.85,19.24,5.16,3.98,93.65,18.8,19.3,21.2,19.3,33.4,35.8,38.0,32.0,55.5,7.6,15.9,138.5,21.0,145.14,1.5498,6.6,Standby,15.5,14.8,19.1,17.3,No,0.0,NONE
2025-08-22 21:00:00,19.3,22.65,27.06,20.99,5.2,3.87,99.01,19.0,19.9,20.7,19.7,32.3,36.8,38.2,32.5,39.4,8.0,17.2,143.4,24.0,150.98,1.5249,6.9,Standby,16.4,14.7,17.9,19.1,No,0.0,NONE
2025-08-22 22:00:00,19.48,22.43,24.51,21.19,5.01,3.63,96.61,20.1,21.4,21.3,20.4,34.0,37.1,37.7,35.6,59.1,7.7,16.7,128.4,23.6,146.01,1.5114,6.6,Standby,18.4,14.2,19.9,18.0,No,0.0,NONE
2025-08-22 23:00:00,18.45,22.66,26.3,21.35,5.11,3.71,97.76,18.9,19.5,20.8,19.8,32.5,33.1,38.4,35.4,46.1,7.1,15.8,128.7,22.5,144.87,1.4819,6.6,Standby,16.0,17.9,18.9,16.4,No,0.0,NONE
2025-08-23 00:00:00,17.94,21.86,26.93,20.13,5.31,3.79,95.85,20.5,20.2,23.3,21.2,34.7,37.3,38.3,35.2,60.2,8.5,19.4,147.3,29.7,147.72,1.5412,6.7,Standby,19.2,16.8,21.1,16.2,No,0.0,NONE
2025-08-23 01:00:00,18.31,22.09,25.69,20.36,5.03,3.96,95.46,19.8,20.4,21.3,20.1,32.0,35.6,37.0,34.6,40.3,8.0,18.2,139.0,27.4,147.5,1.5452,6.7,Standby,15.9,17.5,17.5,19.6,No,0.0,NONE
2025-08-23 02:00:00,19.01,22.89,23.15,20.05,5.15,3.64,94.1,19.9,21.8,20.9,20.3,31.4,38.1,38.1,32.8,42.8,8.2,17.9,142.9,25.4,145.02,1.5412,6.6,Standby,15.8,16.6,20.4,16.9,No,0.0,NONE
2025-08-23 03:00:00,17.15,22.22,28.25,20.84,5.41,3.62,97.46,19.8,21.8,22.8,20.6,35.8,38.5,40.9,36.6,42.5,9.6,22.1,152.6,34.9,152.02,1.5599,6.9,Standby,19.8,16.3,19.7,16.7,No,0.0,NONE
2025-08-23 04:00:00,18.81,22.14,27.08,19.84,4.99,3.91,96.87,19.6,21.7,24.1,20.3,33.9,35.4,39.7,36.4,62.4,8.1,19.4,160.4,30.7,145.53,1.5023,6.6,Standby,18.0,15.9,17.7,17.3,No,0.0,NONE
2025-08-23 05:00:00,18.02,22.97,28.09,20.49,4.92,3.71,98.57,21.6,22.4,24.6,21.6,34.8,40.7,39.8,37.4,56.8,9.6,22.4,171.6,36.0,149.76,1.5194,6.8,Standby,17.1,16.4,19.6,17.4,No,0.0,NONE
2025-08-23 06:00:00,17.04,22.51,27.39,20.07,5.45,3.67,96.01,19.9,21.6,22.3,21.0,33.9,35.5,40.6,34.4,64.2,9.2,20.6,151.0,31.4,149.23,1.5543,6.8,Standby,19.2,17.7,20.0,16.3,No,0.0,NONE
2025-08-23 07:00:00,20.11,21.26,26.22,19.1,5.11,3.89,95.69,19.9,20.7,24.2,20.5,36.4,37.6,38.1,36.5,50.6,9.2,20.9,152.4,32.4,145.31,1.5185,6.6,Standby,15.9,16.2,17.9,19.2,No,0.0,NONE
2025-08-23 08:00:00,19.84,21.79,27.91,20.15,5.07,3.74,98.7,19.5,22.3,24.2,19.9,35.5,39.4,40.2,34.0,63.4,8.4,19.4,157.0,30.2,153.81,1.5583,7.0,Standby,20.2,15.4,21.8,17.7,No,0.0,NONE
2025-08-23 09:00:00,19.98,20.0,26.27,19.87,5.16,3.89,95.12,21.3,22.9,23.6,21.4,33.4,37.1,43.6,35.8,54.9,9.2,21.1,156.3,32.8,146.24,1.5374,6.6,Standby,16.5,16.1,17.7,18.5,No,0.0,NONE
2025-08-23 10:00:00,18.86,22.17,25.21,18.99,5.14,3.82,94.23,19.8,21.4,23.8,20.2,36.3,39.0,38.2,34.2,57.6,8.7,20.2,159.9,31.5,145.47,1.5437,6.6,Standby,16.2,14.0,19.5,16.4,No,0.0,NONE
2025-08-23 11:00:00,18.92,21.04,25.55,19.91,5.2,3.64,94.42,19.8,21.6,21.5,19.6,31.5,34.4,38.1,34.9,50.7,7.6,17.4,143.3,26.0,141.75,1.5013,6.4,Standby,15.8,14.1,18.4,18.8,No,0.0,NONE
2025-08-23 12:00:00,18.12,21.46,25.61,19.57,5.34,3.64,93.76,19.9,20.9,22.2,20.1,33.6,33.8,39.1,34.0,46.9,8.3,17.9,144.3,25.4,140.21,1.4955,6.4,Standby,17.0,14.9,16.8,15.1,No,0.0,NONE
2025-08-23 13:00:00,18.77,21.17,25.47,20.82,4.94,3.63,95.23,18.5,19.5,20.7,20.3,32.6,37.6,38.3,35.5,44.1,7.5,16.5,126.7,23.2,141.0,1.4806,6.4,Standby,16.6,16.1,18.8,14.9,No,0.0,NONE
2025-08-23 14:00:00,18.58,22.69,23.48,20.36,5.28,3.91,94.1,18.3,19.9,21.3,19.9,30.4,33.3,37.9,34.9,53.9,6.8,14.8,116.3,16.7,142.36,1.5128,6.5,Standby,18.0,14.6,17.8,16.2,No,0.0,NONE
2025-08-23 15:00:00,19.65,21.57,24.13,20.1,5.17,3.84,94.45,20.2,21.2,21.4,20.5,32.0,34.5,37.0,36.5,56.4,8.6,19.1,138.3,28.4,145.55,1.5411,6.6,Standby,17.9,16.9,17.9,16.7,No,0.0,NONE
2025-08-23 16:00:00,19.07,24.2,22.89,20.61,5.22,3.66,95.76,19.9,19.7,23.0,20.8,34.1,34.1,37.2,32.7,43.0,7.9,17.2,140.3,24.5,145.21,1.5163,6.6,Standby,18.7,14.2,18.8,17.8,No,0.0,NONE
2025-08-23 17:00:00,18.62,22.43,24.98,21.28,5.12,3.87,96.31,19.3,20.6,21.2,19.1,30.5,33.7,37.9,34.7,55.9,7.1,15.6,137.4,21.7,145.39,1.5096,6.6,Standby,18.5,14.7,19.6,16.4,No,0.0,NONE
2025-08-23 18:00:00,17.83,22.93,23.22,20.08,5.22,3.75,93.06,19.9,21.3,23.0,21.0,31.9,37.7,39.6,35.8,38.7,7.7,17.6,142.3,26.6,138.92,1.4928,6.3,Standby,18.0,14.1,19.9,15.9,No,0.0,NONE
2025-08-23 19:00:00,19.19,22.6,24.03,20.07,5.29,3.79,94.89,19.5,20.9,23.0,20.6,32.2,33.2,36.4,32.0,56.5,7.4,16.4,140.5,23.3,140.89,1.4847,6.4,Standby,15.1,15.4,18.5,18.2,No,0.0,NONE
2025-08-23 20:00:00,19.79,21.11,27.81,20.07,4.96,3.63,97.78,19.7,21.3,21.9,20.5,32.3,35.2,37.2,34.7,50.3,8.1,17.9,139.5,26.0,146.57,1.499,6.7,Standby,16.2,18.0,20.6,18.7,No,0.0,NONE
2025-08-23 21:00:00,18.39,21.11,25.56,20.02,5.39,3.64,94.08,27.6,21.3,21.2,20.6,32.5,33.8,38.4,32.9,44.7,8.0,17.8,142.7,25.8,141.96,1.5089,6.5,Standby,19.0,14.2,18.0,17.7,No,0.0,NONE
2025-08-23 22:00:00,18.71,21.56,22.97,21.47,5.37,3.83,93.7,18.9,21.3,21.5,19.5,34.5,35.8,38.8,35.1,49.6,7.6,17.1,132.5,25.3,141.36,1.5086,6.4,Standby,15.9,16.5,19.8,17.5,No,0.0,NONE
2025-08-23 23:00:00,16.39,21.61,26.91,19.52,5.48,3.66,93.42,28.2,19.9,23.3,19.7,32.8,34.8,40.6,34.0,54.7,8.1,17.8,144.9,25.7,141.16,1.5109,6.4,Standby,18.7,15.0,18.3,15.2,No,0.0,NONE
2025-08-24 00:00:00,19.21,20.45,25.55,19.77,5.39,3.7,93.98,19.0,20.7,21.7,20.4,32.9,36.3,39.2,31.9,60.9,7.1,16.1,129.7,23.1,145.26,1.5457,6.6,Standby,15.7,17.8,20.8,16.5,No,0.0,NONE
2025-08-24 01:00:00,18.12,22.15,24.01,20.4,5.47,3.94,93.68,19.7,20.3,22.1,20.4,34.4,35.1,38.9,33.9,50.5,8.3,18.4,149.9,27.3,145.69,1.5553,6.6,Standby,16.8,14.7,18.9,19.3,No,0.0,NONE
2025-08-24 02:00:00,19.45,20.92,22.97,20.61,5.1,3.97,92.96,20.0,21.7,23.1,19.6,34.2,36.7,41.3,36.5,54.5,8.4,18.8,140.7,27.9,139.26,1.4982,6.3,Standby,16.0,16.8,19.5,18.1,No,0.0,NONE
2025-08-24 03:00:00,17.62,20.21,25.55,21.02,5.19,3.96,93.4,21.0,20.6,21.8,20.9,33.1,36.7,37.1,34.7,64.4,8.0,19.1,158.1,30.2,141.9,1.5192,6.4,Standby,15.4,16.4,18.6,18.4,No,0.0,NONE
2025-08-24 04:00:00,18.93,22.92,28.7,20.18,5.3,3.71,99.74,21.2,21.7,24.9,20.4,33.8,38.5,40.8,37.9,60.5,9.3,21.9,169.6,35.3,152.95,1.5335,7.0,Standby,18.3,18.7,21.6,17.2,No,0.0,NONE
2025-08-24 05:00:00,19.07,21.39,26.31,19.84,5.49,3.85,95.61,20.6,22.2,23.4,20.7,37.0,40.3,40.4,37.8,44.8,9.6,22.3,158.8,35.6,148.54,1.5535,6.8,Standby,17.0,18.0,17.6,19.5,No,0.0,NONE
2025-08-24 06:00:00,18.11,21.7,24.53,20.69,5.14,3.68,94.03,20.5,21.1,22.5,20.7,33.0,36.5,37.4,33.5,52.9,8.4,19.3,144.6,29.7,141.56,1.5056,6.4,Standby,19.0,15.8,18.2,15.9,No,0.0,NONE
2025-08-24 07:00:00,19.47,21.45,30.37,19.74,5.11,3.64,100.03,20.4,22.1,24.7,21.0,37.1,39.4,44.3,35.2,64.0,9.2,22.3,164.4,36.9,150.7,1.5065,6.8,Standby,16.4,17.5,18.9,17.3,No,0.0,NONE
2025-08-24 08:00:00,18.66,22.56,27.4,21.11,5.47,3.66,98.73,20.1,20.9,22.8,20.2,36.1,35.3,38.1,37.0,43.7,8.8,20.0,141.5,30.7,148.95,1.5086,6.8,Standby,16.2,16.4,18.2,16.7,No,0.0,NONE
2025-08-24 09:00:00,18.06,22.67,27.28,19.13,5.2,3.67,96.14,19.8,21.7,21.6,19.8,35.2,34.8,37.9,33.9,41.2,8.4,19.3,152.3,29.5,149.89,1.5591,6.8,Standby,19.2,16.6,18.3,16.4,No,0.0,NONE
2025-08-24 10:00:00,19.55,23.07,28.75,19.89,4.93,3.89,100.26,21.1,23.0,24.4,21.2,34.4,36.4,39.5,36.0,47.6,9.8,22.7,167.7,36.3,149.14,1.4876,6.8,Standby,16.0,16.2,21.4,19.8,No,0.0,NONE
2025-08-24 11:00:00,17.85,22.84,26.38,20.86,5.25,3.84,96.94,19.5,21.9,23.4,20.0,34.7,38.0,41.7,34.5,62.9,7.9,18.6,147.8,29.0,146.01,1.5063,6.6,Standby,19.4,16.9,19.6,18.8,No,0.0,NONE
2025-08-24 12:00:00,18.12,22.83,25.58,20.19,4.92,3.89,95.71,19.5,21.1,21.4,20.8,35.2,34.8,40.5,33.8,64.1,8.8,19.5,157.0,29.1,146.16,1.5271,6.6,Standby,15.8,16.2,20.4,18.5,No,0.0,NONE
2025-08-24 13:00:00,19.4,22.15,25.55,19.76,5.45,3.9,95.86,18.7,22.3,21.6,20.1,32.2,35.0,36.4,34.9,51.6,7.7,17.6,139.4,26.5,144.52,1.5077,6.6,Standby,18.0,15.4,20.2,17.5,No,0.0,NONE
2025-08-24 14:00:00,18.53,22.44,23.29,19.65,4.99,3.91,92.91,19.9,20.2,22.9,19.2,31.5,34.8,38.3,32.9,58.1,7.7,17.7,147.1,26.7,141.33,1.5212,6.4,Standby,15.4,13.7,16.4,17.2,No,0.0,NONE
2025-08-24 15:00:00,17.47,22.31,25.57,19.5,4.94,3.94,93.85,19.8,19.8,22.5,19.2,34.0,33.9,38.4,34.9,42.1,7.6,17.2,139.1,25.2,145.6,1.5515,6.6,Standby,15.9,17.0,19.9,16.8,No,0.0,NONE
2025-08-24 16:00:00,20.21,21.19,22.91,20.26,5.21,3.94,93.56,20.5,20.4,21.4,20.3,32.3,33.8,36.8,32.1,59.7,7.7,17.3,131.2,25.2,139.5,1.491,6.3,Standby,16.2,16.5,18.8,15.5,No,0.0,NONE
2025-08-24 17:00:00,17.61,19.87,25.21,20.15,5.39,3.89,91.84,19.9,21.3,20.5,19.3,32.0,36.7,39.9,33.4,61.0,7.3,16.2,129.6,22.8,137.32,1.4952,6.2,Standby,16.6,15.1,18.0,17.4,No,0.0,NONE
2025-08-24 18:00:00,18.31,19.83,26.44,19.52,5.22,3.72,93.1,20.4,21.2,23.3,19.2,34.1,34.6,41.3,32.6,40.3,8.3,17.9,142.3,25.3,142.7,1.5328,6.5,Standby,16.5,14.9,20.5,17.6,No,0.0,NONE
2025-08-24 19:00:00,18.11,22.38,25.46,19.73,5.01,3.61,94.68,28.8,20.7,21.9,18.9,31.9,35.4,37.4,33.9,46.0,6.5,14.5,137.2,19.2,142.96,1.5098,6.5,Standby,16.7,14.0,20.2,18.7,No,0.0,NONE
2025-08-24 20:00:00,18.29,20.63,26.05,19.12,5.27,3.97,93.09,20.4,20.5,21.9,19.3,33.4,36.1,37.7,36.3,52.3,8.5,18.7,149.2,27.4,144.45,1.5518,6.6,Standby,15.9,17.3,18.6,18.4,No,0.0,NONE
2025-08-24 21:00:00,18.0,21.8,25.86,19.67,4.99,3.81,94.33,20.1,21.1,22.4,20.2,35.3,38.4,41.8,33.7,39.3,8.4,18.6,139.5,27.3,145.71,1.5448,6.6,Standby,19.4,14.3,20.7,17.5,No,0.0,NONE
2025-08-24 22:00:00,18.62,21.82,24.77,19.74,5.38,3.89,93.96,19.1,21.5,22.6,20.8,33.3,35.9,35.6,35.2,52.2,7.6,16.6,126.2,23.1,140.24,1.4926,6.4,Standby,16.7,13.5,18.2,17.2,No,0.0,NONE
2025-08-24 23:00:00,17.84,22.53,24.9,19.39,5.12,3.68,93.66,19.1,20.2,23.6,20.9,33.5,36.6,41.0,33.4,44.5,8.0,17.7,146.8,25.7,144.92,1.5474,6.6,Standby,19.0,14.7,20.8,18.6,No,0.0,NONE
2025-08-25 00:00:00,18.94,21.61,26.28,21.33,5.44,3.69,97.15,19.7,22.0,23.5,19.3,31.6,38.1,37.6,33.8,55.4,8.1,18.2,146.1,27.0,151.22,1.5566,6.9,Standby,18.8,17.5,18.0,18.5,No,0.0,NONE
2025-08-25 01:00:00,19.62,21.91,25.52,19.43,5.06,3.94,95.48,20.2,19.9,23.2,20.5,32.3,36.6,39.1,33.4,49.9,8.5,18.4,145.2,26.5,147.14,1.5411,6.7,Standby,16.4,14.8,20.9,18.0,No,0.0,NONE
2025-08-25 02:00:00,19.35,22.0,23.1,19.97,4.99,3.78,93.42,28.5,21.8,22.6,20.9,34.1,35.6,37.5,35.4,43.8,8.4,19.0,146.7,28.9,144.81,1.55,6.6,Standby,16.2,15.0,20.6,18.1,No,0.0,NONE
2025-08-25 03:00:00,18.44,22.12,27.77,20.73,5.43,3.66,98.05,20.8,21.0,22.7,20.5,34.8,35.2,41.0,33.3,49.4,8.4,19.3,152.2,29.7,152.58,1.556,6.9,Standby,18.8,15.3,20.5,20.1,No,0.0,NONE
2025-08-25 04:00:00,18.93,19.28,27.74,21.58,5.31,3.95,96.53,19.3,22.9,24.1,19.8,32.9,39.8,41.8,33.8,49.8,8.8,20.6,151.0,32.6,146.22,1.5148,6.6,Standby,19.1,17.5,17.8,17.2,No,0.0,NONE
2025-08-25 05:00:00,19.15,23.1,25.77,19.4,4.93,3.94,96.41,19.7,21.0,21.6,20.3,32.0,34.9,41.5,35.4,54.1,8.1,18.6,147.2,28.4,142.88,1.482,6.5,Standby,17.2,15.6,20.4,19.1,No,0.0,NONE
2025-08-25 06:00:00,18.49,21.73,27.59,20.04,5.45,3.89,96.86,28.2,20.7,23.8,21.1,33.1,36.7,43.2,34.5,60.9,8.9,20.8,154.3,32.9,150.82,1.5572,6.9,Standby,16.2,15.3,17.8,17.7,No,0.0,NONE
2025-08-25 07:00:00,17.98,21.19,31.69,20.79,5.13,3.96,100.64,20.4,21.4,22.5,21.4,33.8,39.8,43.9,36.1,57.2,9.6,22.2,157.2,35.2,150.67,1.497,6.8,Standby,16.4,17.2,21.2,16.1,No,0.0,NONE
2025-08-25 08:00:00,17.62,20.68,25.81,20.36,5.42,3.92,93.48,20.9,20.9,24.0,21.2,32.5,37.1,42.9,36.4,56.6,8.5,19.6,147.0,30.4,138.95,1.4865,6.3,Standby,16.7,16.1,19.3,16.7,No,0.0,NONE
2025-08-25 09:00:00,17.96,22.47,24.07,19.9,5.16,3.81,93.41,18.9,20.6,22.6,19.3,32.5,34.8,40.1,32.9,50.3,7.6,17.4,135.2,25.9,143.97,1.5413,6.5,Standby,16.6,16.7,20.6,18.7,No,0.0,NONE
2025-08-25 10:00:00,18.54,21.1,27.93,20.53,5.36,3.99,97.1,21.4,21.9,23.6,21.6,35.3,35.9,42.3,35.7,43.5,9.6,21.8,164.3,34.0,145.3,1.4963,6.6,Standby,19.1,14.9,20.7,17.4,No,0.0,NONE
2025-08-25 11:00:00,17.45,22.8,28.85,18.83,5.45,3.63,96.93,19.7,21.2,24.0,20.6,35.1,39.5,41.9,37.5,44.7,9.0,21.3,151.4,34.4,150.07,1.5483,6.8,Standby,19.7,16.5,17.7,19.6,No,0.0,NONE
2025-08-25 12:00:00,17.9,21.43,25.33,19.83,5.37,3.8,93.49,19.7,22.0,22.0,21.3,33.0,34.4,40.0,34.0,43.5,8.6,19.3,149.0,29.0,143.0,1.5296,6.5,Standby,18.3,16.1,19.0,17.2,No,0.0,NONE
2025-08-25 13:00:00,19.01,22.22,27.43,19.0,5.13,3.94,96.66,19.6,22.0,23.1,21.0,35.3,35.2,38.6,34.1,41.2,8.2,19.3,155.1,30.2,149.11,1.5427,6.8,Standby,19.7,16.6,18.3,18.2,No,0.0,NONE
2025-08-25 14:00:00,18.76,21.04,24.99,19.69,5.31,3.62,93.48,18.9,21.9,22.6,19.5,33.6,38.1,38.0,33.9,50.6,7.2,16.5,129.0,24.5,142.88,1.5284,6.5,Standby,15.8,15.9,19.1,17.1,No,0.0,NONE
2025-08-25 15:00:00,17.3,21.79,26.46,21.55,5.37,3.92,96.1,19.8,21.3,23.3,19.2,32.1,36.2,40.3,33.0,59.8,7.8,17.7,146.5,26.2,149.38,1.5544,6.8,Standby,18.0,15.9,18.0,18.2,No,0.0,NONE
2025-08-25 16:00:00,19.32,20.68,24.48,20.61,5.43,3.67,94.09,19.8,21.3,22.3,18.7,34.0,35.4,35.8,33.3,50.0,7.4,15.9,136.0,21.7,146.53,1.5573,6.7,Standby,15.9,16.5,19.5,18.8,No,0.0,NONE
2025-08-25 17:00:00,18.44,22.81,25.64,19.18,5.42,3.93,95.07,28.3,19.7,21.9,19.7,30.2,32.1,39.3,31.1,53.2,6.6,14.6,135.4,19.9,141.84,1.4919,6.4,Standby,16.7,13.8,19.8,16.6,No,0.0,NONE
2025-08-25 18:00:00,19.89,22.01,25.82,20.4,5.12,3.64,97.11,20.1,20.0,22.8,19.8,34.2,36.4,39.5,33.6,46.2,7.1,16.0,133.1,23.0,149.8,1.5425,6.8,Standby,17.8,16.4,17.7,16.4,No,0.0,NONE
2025-08-25 19:00:00,17.96,20.36,25.21,19.47,5.39,3.89,92.0,20.2,22.0,24.0,20.5,35.0,34.5,37.7,34.0,40.7,8.6,18.8,137.1,27.5,140.43,1.5265,6.4,Standby,15.7,17.4,19.2,17.7,No,0.0,NONE
2025-08-25 20:00:00,18.65,22.07,23.24,20.53,5.21,3.71,93.49,27.5,20.7,22.9,19.5,30.3,36.6,36.7,35.0,47.6,6.5,14.5,130.1,19.1,141.81,1.5168,6.4,Standby,16.7,13.9,16.9,15.5,No,0.0,NONE
2025-08-25 21:00:00,18.89,24.18,26.03,20.19,5.39,3.65,98.29,21.0,21.1,22.6,20.1,35.1,39.3,41.4,33.4,59.4,8.3,19.4,156.5,30.2,146.73,1.4927,6.7,Standby,18.7,16.7,17.8,17.6,No,0.0,NONE
2025-08-25 22:00:00,19.63,21.22,25.64,19.06,5.39,3.71,94.55,18.9,20.4,22.4,20.4,34.2,32.8,39.7,31.9,60.6,7.5,16.2,134.1,22.1,141.0,1.4913,6.4,Standby,15.1,14.8,20.3,15.9,No,0.0,NONE
2025-08-25 23:00:00,18.67,22.23,24.54,18.79,5.44,3.86,93.22,19.5,21.7,22.8,20.8,32.4,33.7,37.4,33.3,55.9,7.1,16.0,133.1,22.9,138.54,1.4861,6.3,Standby,15.7,15.4,17.6,16.4,No,0.0,NONE
2025-08-26 00:00:00,17.78,21.53,25.7,18.92,5.11,3.82,92.93,19.1,22.0,22.9,19.4,33.7,37.2,37.4,34.2,46.1,8.7,19.2,147.4,28.4,143.03,1.5391,6.5,Standby,17.1,15.6,20.1,18.7,No,0.0,NONE
2025-08-26 01:00:00,19.25,21.13,24.89,19.34,5.21,3.77,93.6,20.0,22.1,21.4,21.2,34.2,37.7,38.7,36.3,47.1,8.5,18.8,136.7,27.6,141.3,1.5095,6.4,Standby,18.1,16.8,19.1,18.0,No,0.0,NONE
2025-08-26 02:00:00,19.08,21.62,25.1,19.18,5.39,4.0,93.98,19.5,19.9,23.1,19.2,31.9,37.9,36.7,34.2,60.0,7.4,16.8,135.1,24.7,140.35,1.4935,6.4,Standby,17.7,16.5,17.2,18.2,No,0.0,NONE
2025-08-26 03:00:00,18.57,20.07,25.33,17.81,5.45,3.95,90.78,21.2,21.2,24.4,20.8,36.0,37.4,41.8,34.2,54.7,9.0,21.1,164.4,33.8,140.25,1.545,6.4,Standby,16.0,15.4,19.4,16.0,No,0.0,NONE
2025-08-26 04:00:00,18.92,21.88,26.47,19.82,4.96,3.98,96.09,20.7,22.6,22.6,21.1,33.4,37.9,40.7,36.8,51.2,9.2,21.4,167.6,34.0,144.27,1.5014,6.6,Standby,15.6,17.6,17.3,16.8,No,0.0,NONE
2025-08-26 05:00:00,19.3,22.05,27.58,19.54,5.03,3.85,97.48,20.5,22.1,24.7,20.5,34.0,39.1,41.3,36.2,61.5,9.4,21.6,165.6,34.1,147.62,1.5144,6.7,Standby,17.2,15.5,18.8,15.8,No,0.0,NONE
2025-08-26 06:00:00,19.44,23.38,26.05,19.68,4.99,3.93,97.56,21.0,22.5,23.0,19.9,33.9,35.0,40.6,33.4,54.9,9.2,20.7,159.4,31.8,151.49,1.5528,6.9,Standby,18.0,16.0,18.9,19.5,No,0.0,NONE
2025-08-26 07:00:00,17.02,22.1,27.59,21.15,5.31,3.64,96.86,19.4,21.8,24.5,20.6,32.9,37.6,43.2,35.6,61.9,9.2,20.7,158.9,31.7,145.82,1.5055,6.6,Standby,18.9,14.9,19.1,15.8,No,0.0,NONE
2025-08-26 08:00:00,17.66,22.73,25.32,20.19,5.38,3.79,94.91,19.2,22.5,23.3,20.5,34.9,36.8,40.3,34.6,47.7,9.2,20.7,144.5,31.5,144.71,1.5248,6.6,Standby,17.2,15.6,17.2,16.5,No,0.0,NONE
2025-08-26 09:00:00,18.14,21.13,29.49,20.26,5.18,3.98,98.02,20.8,22.0,22.8,20.1,33.9,37.9,42.4,36.9,59.5,8.5,19.7,144.8,30.4,151.59,1.5465,6.9,Standby,18.7,14.9,20.2,19.2,No,0.0,NONE
2025-08-26 10:00:00,19.44,23.51,24.77,21.54,5.39,3.88,98.26,19.1,22.6,21.7,20.2,35.2,36.0,40.7,36.5,60.3,8.9,19.9,155.4,29.8,149.91,1.5256,6.8,Standby,18.2,16.6,18.3,18.4,No,0.0,NONE
2025-08-26 11:00:00,19.21,23.57,26.53,19.73,5.42,3.72,98.04,20.1,21.3,23.0,20.9,35.0,39.3,41.1,34.2,56.1,8.0,18.9,142.2,29.6,149.31,1.523,6.8,Standby,18.3,16.6,17.4,19.1,No,0.0,NONE
2025-08-26 12:00:00,18.71,20.59,24.34,19.8,5.49,3.7,92.45,20.0,20.5,22.6,20.9,33.5,38.1,39.7,36.4,52.2,7.8,18.1,149.7,27.6,139.55,1.5095,6.3,Standby,17.7,14.2,17.0,16.2,No,0.0,NONE
2025-08-26 13:00:00,18.46,20.49,25.26,21.35,5.37,3.7,94.57,19.3,21.0,22.5,19.7,32.5,35.1,38.2,33.4,48.5,7.0,15.9,142.0,22.7,141.4,1.4952,6.4,Standby,18.2,14.4,18.2,17.7,No,0.0,NONE
2025-08-26 14:00:00,18.85,22.29,23.66,19.78,5.49,3.84,93.58,20.0,20.4,22.0,19.9,33.0,35.9,37.4,34.1,41.3,7.3,15.3,138.0,20.0,143.91,1.5379,6.5,Standby,17.3,14.5,18.4,16.8,No,0.0,NONE
2025-08-26 15:00:00,18.16,23.82,24.3,20.51,5.45,3.8,95.8,20.0,21.4,21.7,21.0,31.1,37.9,36.1,33.2,60.0,8.0,17.5,131.6,24.9,145.3,1.5167,6.6,Standby,16.3,14.2,19.8,16.6,No,0.0,NONE
2025-08-26 16:00:00,16.77,23.16,25.56,20.48,5.21,3.99,94.97,19.0,21.2,20.2,19.3,30.9,36.4,36.7,33.2,51.8,7.3,15.4,135.2,20.3,142.18,1.4972,6.5,Standby,16.7,15.1,17.8,18.1,No,0.0,NONE
2025-08-26 17:00:00,19.12,22.36,24.55,20.19,5.19,3.72,95.23,18.9,21.3,23.2,20.1,32.3,34.2,35.7,32.7,36.6,7.4,16.1,137.8,22.3,142.33,1.4946,6.5,Standby,16.4,14.4,16.6,15.6,No,0.0,NONE
2025-08-26 18:00:00,18.89,20.37,24.8,19.31,4.96,3.83,92.37,19.7,20.4,23.2,19.1,30.8,33.0,36.6,32.0,36.3,7.0,15.7,135.2,22.2,140.03,1.5159,6.4,Standby,15.7,14.3,16.7,16.4,No,0.0,NONE
2025-08-26 19:00:00,18.66,20.48,24.93,19.98,5.0,3.8,93.06,18.7,19.8,22.8,20.2,31.3,35.7,41.0,32.5,41.4,7.8,17.2,147.7,24.5,142.21,1.5282,6.5,Standby,17.7,14.6,19.5,18.7,No,0.0,NONE
2025-08-26 20:00:00,20.61,23.88,25.07,19.57,5.4,3.97,98.13,19.8,20.4,22.7,19.4,33.8,37.7,41.3,32.8,53.0,7.3,16.9,144.3,25.1,151.12,1.54,6.9,Standby,20.1,17.1,21.4,17.9,No,0.0,NONE
2025-08-26 21:00:00,18.25,21.76,25.01,19.54,5.36,3.71,93.56,19.9,20.2,22.3,20.3,35.4,38.0,36.2,35.0,54.6,7.8,18.0,138.8,27.1,144.85,1.5483,6.6,Standby,17.6,14.0,17.9,16.2,No,0.0,NONE
2025-08-26 22:00:00,18.95,21.27,23.6,19.67,5.48,3.62,92.49,27.5,19.2,21.1,20.5,31.6,35.7,37.5,33.5,60.3,6.9,15.1,138.4,20.9,142.31,1.5386,6.5,Standby,18.4,17.3,19.2,16.7,No,0.0,NONE
2025-08-26 23:00:00,18.77,21.91,23.48,19.59,5.19,3.96,92.76,20.0,20.1,23.6,20.3,31.7,35.5,38.3,34.6,61.5,7.8,17.4,144.6,25.2,138.25,1.4904,6.3,Standby,16.1,15.6,17.5,18.2,No,0.0,NONE
2025-08-27 00:00:00,17.36,22.47,24.16,20.96,5.06,3.89,93.96,19.5,21.1,23.4,19.8,33.0,36.9,37.7,33.6,56.8,8.0,19.1,158.5,30.1,145.8,1.5517,6.6,Standby,19.5,18.0,18.9,18.5,No,0.0,NONE
2025-08-27 01:00:00,18.61,22.2,23.57,18.9,4.91,3.73,92.28,27.8,20.8,23.7,19.8,32.2,38.5,37.6,34.4,47.2,8.3,18.6,148.6,27.6,141.49,1.5333,6.4,Standby,15.3,14.5,18.9,15.3,No,0.0,NONE
2025-08-27 02:00:00,17.69,21.47,22.53,20.87,5.24,3.9,91.56,27.9,22.1,23.0,21.3,33.4,38.3,41.2,36.6,58.5,9.1,21.2,166.3,33.6,135.82,1.4834,6.2,Standby,17.3,16.6,17.9,15.9,No,0.0,NONE
2025-08-27 03:00:00,20.06,21.99,25.12,19.58,4.97,3.95,95.75,20.2,22.6,22.6,20.2,35.4,37.4,40.4,35.2,60.2,8.4,19.3,141.3,29.9,142.39,1.4871,6.5,Standby,17.8,14.4,19.3,17.3,No,0.0,NONE
2025-08-27 04:00:00,17.91,23.82,26.11,20.01,5.18,3.66,96.85,20.1,22.0,23.9,20.0,35.3,39.6,38.4,35.2,62.3,9.2,20.6,162.5,31.3,147.25,1.5204,6.7,Standby,16.9,14.5,21.0,18.5,No,0.0,NONE
2025-08-27 05:00:00,18.38,20.83,27.2,20.11,5.43,3.9,95.53,21.0,21.3,24.5,21.2,32.8,35.9,42.1,35.0,59.5,9.0,20.2,141.8,30.9,143.61,1.5033,6.5,Standby,17.1,16.3,18.0,17.1,No,0.0,NONE
2025-08-27 06:00:00,19.47,20.99,27.67,19.54,5.4,3.83,96.67,19.8,21.8,24.3,21.5,33.8,35.6,39.4,37.2,58.1,9.0,20.9,154.4,33.0,147.8,1.5289,6.7,Standby,19.6,14.4,18.6,17.4,No,0.0,NONE
2025-08-27 07:00:00,17.55,21.19,29.47,19.68,5.48,3.91,96.89,27.6,22.1,23.2,21.9,34.7,38.8,42.0,35.0,51.5,9.4,21.5,151.8,33.8,144.8,1.4945,6.6,Standby,17.4,14.9,17.6,19.2,No,0.0,NONE
2025-08-27 08:00:00,17.47,22.52,26.57,19.82,5.34,3.75,95.38,20.1,21.9,21.5,21.1,35.0,38.1,42.7,32.9,60.4,8.5,19.4,155.6,29.6,142.46,1.4935,6.5,Standby,17.0,16.7,16.6,15.3,No,0.0,NONE
2025-08-27 09:00:00,18.35,21.77,25.74,19.37,5.3,3.79,94.23,21.0,22.3,23.9,19.7,35.8,39.6,37.7,36.5,50.9,8.3,19.6,144.5,30.7,141.79,1.5047,6.4,Standby,16.3,16.3,17.7,15.5,No,0.0,NONE
2025-08-27 10:00:00,19.54,22.3,28.78,19.76,5.29,3.66,99.37,19.9,21.5,24.8,21.4,34.7,39.2,39.7,34.3,56.5,9.4,21.5,162.7,33.6,151.62,1.5258,6.9,Standby,17.9,16.5,18.4,17.7,No,0.0,NONE
2025-08-27 11:00:00,18.53,22.18,25.09,18.54,4.97,3.94,93.34,20.7,20.8,22.3,21.8,36.2,39.9,38.7,34.3,66.6,9.4,21.6,155.1,33.8,139.91,1.4989,6.4,Standby,18.8,15.3,19.1,17.7,No,0.0,NONE
2025-08-27 12:00:00,17.47,19.2,25.47,20.66,5.1,3.88,91.79,19.4,22.5,24.2,20.1,32.7,35.5,42.8,35.2,59.4,8.9,20.3,162.3,31.4,138.35,1.5072,6.3,Standby,16.6,16.7,17.8,18.1,No,0.0,NONE
2025-08-27 13:00:00,18.33,21.89,25.94,18.96,5.16,3.97,94.12,19.5,20.6,23.1,20.0,34.1,34.2,38.7,32.6,55.7,7.8,17.7,134.6,26.5,145.8,1.549,6.6,Standby,18.5,14.6,17.2,17.1,No,0.0,NONE
2025-08-27 14:00:00,18.98,20.71,24.87,19.23,5.16,3.74,92.8,20.2,19.9,22.0,19.9,32.1,37.3,35.3,35.2,43.2,7.8,17.0,141.0,24.0,140.02,1.5089,6.4,Standby,14.9,15.5,17.3,16.6,No,0.0,NONE
2025-08-27 15:00:00,17.59,20.91,25.73,20.41,5.48,3.72,93.64,18.8,21.6,21.9,19.8,35.0,34.9,36.0,32.6,57.7,7.9,17.8,144.8,26.1,144.07,1.5386,6.5,Standby,18.6,15.6,17.6,18.3,No,0.0,NONE
2025-08-27 16:00:00,18.32,22.26,22.44,18.78,5.45,3.61,90.8,19.3,21.1,20.1,19.9,33.1,32.3,34.3,32.9,52.7,6.6,14.6,131.0,19.3,141.45,1.5577,6.4,Standby,16.6,16.9,19.7,15.6,No,0.0,NONE
2025-08-27 17:00:00,18.34,21.54,25.16,19.61,5.42,3.83,93.64,19.4,20.9,22.2,20.5,30.7,33.9,34.8,34.9,48.3,7.5,16.0,139.1,22.0,142.58,1.5226,6.5,Standby,18.4,16.0,17.0,15.4,No,0.0,NONE
2025-08-27 18:00:00,18.67,20.97,22.85,20.7,5.49,3.7,92.2,19.0,21.0,23.0,19.5,33.4,37.5,38.3,33.9,54.3,7.9,16.9,127.1,23.4,142.08,1.5411,6.5,Standby,15.6,16.5,17.1,18.9,No,0.0,NONE
2025-08-27 19:00:00,18.36,20.69,23.73,20.72,4.96,3.89,92.5,18.6,19.8,22.7,19.5,31.9,34.4,38.7,33.8,38.9,7.1,16.3,142.3,23.8,140.78,1.5219,6.4,Standby,17.5,16.5,16.9,15.8,No,0.0,NONE
2025-08-27 20:00:00,19.65,20.8,23.08,19.94,5.45,3.63,92.48,18.5,21.1,20.7,19.7,32.5,34.0,38.4,34.1,38.8,7.2,16.2,136.0,23.3,142.24,1.538,6.5,Standby,17.7,17.1,18.1,15.1,No,0.0,NONE
2025-08-27 21:00:00,18.17,22.01,24.58,20.61,5.44,3.69,94.38,19.7,21.0,21.2,21.0,32.4,37.1,40.4,34.9,40.8,7.8,17.6,143.0,25.8,139.81,1.4815,6.4,Standby,16.3,16.7,19.5,15.8,No,0.0,NONE
2025-08-27 22:00:00,18.63,20.7,26.44,20.35,5.18,4.0,95.12,20.9,21.3,23.7,20.1,32.7,38.9,37.1,35.9,60.8,8.8,19.6,151.6,29.4,147.78,1.5535,6.7,Standby,18.6,17.8,18.3,18.9,No,0.0,NONE
2025-08-27 23:00:00,17.86,22.22,24.15,18.92,5.32,3.94,92.15,28.8,22.4,23.6,20.3,31.9,34.3,41.0,33.6,49.2,8.3,18.7,155.1,28.1,136.92,1.4858,6.2,Standby,17.6,15.5,19.0,16.6,No,0.0,NONE
2025-08-28 00:00:00,17.98,22.05,28.22,19.54,5.17,3.61,96.79,20.3,22.1,22.6,20.3,32.7,37.7,41.6,35.4,56.0,8.7,19.7,153.0,29.9,148.75,1.5368,6.8,Standby,19.3,18.0,20.0,16.5,No,0.0,NONE
2025-08-28 01:00:00,17.56,22.63,24.61,20.01,4.9,3.75,93.81,19.0,20.3,21.7,20.0,35.0,37.1,37.7,34.5,62.6,8.1,19.0,153.7,29.5,141.73,1.5108,6.4,Standby,16.7,17.4,20.1,16.6,No,0.0,NONE
2025-08-28 02:00:00,18.98,22.13,25.62,20.01,5.29,3.7,95.73,20.6,22.6,23.0,21.8,34.3,37.3,40.5,37.4,49.7,9.4,21.6,160.3,34.0,142.66,1.4903,6.5,Standby,17.6,14.7,19.6,19.1,No,0.0,NONE
2025-08-28 03:00:00,18.92,23.1,24.84,20.96,5.0,3.97,96.82,19.9,21.7,21.6,21.0,32.1,37.6,40.4,36.7,61.2,8.2,18.8,157.2,28.7,145.98,1.5078,6.6,Standby,17.1,17.7,17.3,16.6,No,0.0,NONE
2025-08-28 04:00:00,19.11,21.07,26.05,20.5,5.16,3.82,95.73,20.7,22.8,24.9,20.6,36.0,39.3,41.2,35.8,65.8,9.0,20.7,146.8,32.5,148.82,1.5545,6.8,Standby,17.4,16.1,19.4,18.7,No,0.0,NONE
2025-08-28 05:00:00,20.46,22.59,25.98,19.89,5.27,3.85,97.9,20.0,22.3,23.6,19.9,34.4,39.5,42.3,34.0,65.0,9.0,20.7,150.9,32.4,149.66,1.5287,6.8,Standby,17.0,15.8,18.3,18.9,No,0.0,NONE
2025-08-28 06:00:00,19.81,22.78,30.73,20.41,5.12,3.91,102.73,20.6,23.1,24.3,22.0,36.8,38.0,40.6,36.3,51.1,10.1,23.8,161.2,39.0,156.78,1.5262,7.1,Standby,18.2,15.5,20.2,19.5,No,0.0,NONE
2025-08-28 07:00:00,19.56,20.9,26.0,20.15,5.43,3.97,95.61,20.0,20.5,23.5,21.7,35.1,36.1,40.9,35.7,60.0,8.4,20.1,154.5,32.2,147.73,1.5452,6.7,Standby,19.1,17.6,20.7,19.3,No,0.0,NONE
2025-08-28 08:00:00,17.31,23.82,25.04,19.95,4.94,3.64,95.14,20.6,22.1,23.5,19.9,33.6,38.7,41.7,35.4,58.9,8.4,18.8,142.3,28.1,141.43,1.4866,6.4,Standby,15.1,16.5,18.3,15.7,No,0.0,NONE
2025-08-28 09:00:00,18.26,23.13,26.97,19.17,5.46,3.98,96.53,20.7,21.0,22.1,20.4,33.9,38.8,37.3,33.5,48.8,8.8,20.0,149.5,30.6,146.73,1.52,6.7,Standby,16.1,15.7,17.9,19.5,No,0.0,NONE
2025-08-28 10:00:00,18.78,22.05,29.8,21.53,5.46,3.9,101.15,20.3,23.1,22.9,20.5,37.1,37.1,39.7,38.4,54.0,9.9,23.1,167.4,37.4,150.96,1.4924,6.9,Standby,19.1,17.6,18.7,16.5,No,0.0,NONE
2025-08-28 11:00:00,18.24,20.88,24.49,20.33,4.97,3.89,92.93,19.9,20.8,22.2,19.1,32.5,35.5,36.7,32.9,44.4,8.1,17.8,141.6,25.4,144.21,1.5518,6.6,Standby,17.3,14.2,18.7,16.7,No,0.0,NONE
2025-08-28 12:00:00,19.16,21.57,29.27,21.0,5.05,3.72,100.0,20.4,22.5,24.2,20.3,35.4,40.0,42.9,36.9,45.6,9.3,22.2,159.8,36.6,155.71,1.5571,7.1,Standby,18.8,16.2,21.3,16.9,No,0.0,NONE
2025-08-28 13:00:00,17.7,22.3,24.62,20.01,5.47,3.77,93.63,27.5,21.9,21.8,20.9,35.0,35.2,40.4,34.3,53.0,8.3,18.6,142.1,27.6,142.37,1.5206,6.5,Standby,17.4,14.5,19.9,19.0,No,0.0,NONE
2025-08-28 14:00:00,18.54,21.27,25.11,19.97,5.19,3.67,93.9,20.0,20.3,21.3,20.3,32.6,33.2,35.3,32.5,55.2,7.3,16.0,128.3,22.2,144.07,1.5344,6.5,Standby,17.1,14.6,16.9,16.8,No,0.0,NONE
2025-08-28 15:00:00,19.01,21.06,24.28,20.2,5.36,3.68,93.55,18.4,19.7,21.9,19.6,31.0,33.3,38.2,35.5,59.5,7.2,16.0,139.7,22.7,142.59,1.5242,6.5,Standby,18.7,14.0,17.0,17.9,No,0.0,NONE
2025-08-28 16:00:00,19.02,19.53,24.45,19.84,5.37,3.67,91.84,19.5,19.9,22.7,19.8,32.0,37.0,40.0,35.2,50.7,7.5,16.3,140.4,22.7,139.03,1.5138,6.3,Standby,17.4,15.0,19.7,16.6,No,0.0,NONE
2025-08-28 17:00:00,19.06,22.48,25.93,19.83,5.47,3.62,96.3,18.9,21.0,21.5,20.0,33.4,33.0,35.3,34.0,43.9,6.5,14.5,128.7,20.0,149.36,1.5509,6.8,Standby,17.1,16.9,21.3,16.7,No,0.0,NONE
2025-08-28 18:00:00,19.47,22.23,26.69,19.27,5.31,3.99,96.66,20.5,20.5,21.5,20.4,33.1,34.0,36.4,33.4,62.9,8.1,17.9,140.6,25.9,147.84,1.5294,6.7,Standby,17.1,14.6,18.6,16.6,No,0.0,NONE
2025-08-28 19:00:00,18.62,19.78,24.26,19.37,4.93,3.93,91.04,19.0,19.9,20.7,20.6,32.4,36.8,38.4,34.1,61.0,7.6,16.8,140.6,23.8,140.93,1.548,6.4,Standby,17.6,15.9,18.5,17.1,No,0.0,NONE
2025-08-28 20:00:00,18.72,21.7,23.43,20.41,5.38,3.9,93.26,19.9,20.8,21.8,19.2,34.5,37.2,36.5,33.0,38.2,7.6,16.6,128.5,23.4,143.9,1.543,6.5,Standby,18.2,16.5,19.9,15.7,No,0.0,NONE
2025-08-28 21:00:00,17.6,23.06,21.95,19.01,5.11,3.76,90.61,19.7,19.0,22.3,19.0,32.3,33.3,39.2,34.7,39.6,6.9,14.9,133.3,17.1,137.61,1.5187,6.3,Standby,18.0,13.7,17.6,14.6,No,0.0,NONE
2025-08-28 22:00:00,18.35,23.29,25.91,20.14,5.4,3.8,96.68,20.0,20.5,21.7,19.7,32.6,34.7,37.8,33.6,61.4,7.3,16.3,128.8,23.3,144.79,1.4976,6.6,Standby,17.9,17.4,18.8,17.7,No,0.0,NONE
2025-08-28 23:00:00,18.03,23.08,25.09,20.02,5.07,3.77,95.22,28.0,21.5,21.4,19.8,34.6,33.5,40.7,32.4,57.4,8.1,17.9,141.5,25.9,146.37,1.5371,6.7,Standby,19.5,17.1,19.2,16.1,No,0.0,NONE
2025-08-29 00:00:00,18.01,20.55,24.7,18.89,5.32,3.82,91.16,20.6,20.8,21.8,19.4,33.1,34.2,39.2,36.1,52.2,8.1,18.4,144.9,27.6,135.32,1.4845,6.2,Standby,16.9,16.4,16.1,16.4,No,0.0,NONE
2025-08-29 01:00:00,19.38,20.2,24.7,19.37,5.17,3.67,92.66,19.2,21.8,22.1,20.0,34.7,34.9,41.0,32.9,42.2,8.1,18.2,149.0,27.0,142.36,1.5364,6.5,Standby,16.5,16.9,19.4,18.1,No,0.0,NONE
2025-08-29 02:00:00,16.75,22.77,28.02,20.16,5.19,3.65,96.7,20.6,22.2,24.1,20.4,35.1,38.7,39.9,35.0,53.3,8.8,20.3,159.2,31.9,143.68,1.4858,6.5,Standby,17.7,15.0,17.3,16.2,No,0.0,NONE
2025-08-29 03:00:00,19.82,22.23,28.56,20.15,4.98,3.87,99.77,19.9,22.1,22.4,20.3,34.1,37.5,39.8,36.7,43.7,9.1,21.4,153.0,34.3,149.75,1.5009,6.8,Standby,18.2,14.6,21.1,18.5,No,0.0,NONE
2025-08-29 04:00:00,19.34,21.01,27.85,21.07,5.49,3.83,98.27,21.2,22.4,23.7,21.4,36.6,39.9,44.0,38.0,61.5,9.2,21.9,164.3,35.8,153.16,1.5586,7.0,Standby,19.7,15.9,18.5,17.9,No,0.0,NONE
2025-08-29 05:00:00,17.88,20.29,26.12,19.24,5.14,3.83,92.53,20.0,20.4,23.6,21.1,32.7,34.9,40.7,36.7,59.4,8.3,19.7,147.8,31.3,143.02,1.5456,6.5,Standby,17.2,15.1,16.7,18.3,No,0.0,NONE
2025-08-29 06:00:00,18.3,20.5,26.82,19.92,5.33,3.96,94.55,19.9,23.0,23.5,21.4,36.0,39.7,40.9,34.8,63.8,9.5,21.7,163.1,34.2,147.29,1.5578,6.7,Standby,15.9,16.5,20.2,19.2,No,0.0,NONE
2025-08-29 07:00:00,18.42,20.96,27.75,20.19,5.15,3.67,96.33,20.8,21.9,22.8,21.1,33.1,38.5,42.1,33.8,58.5,8.8,20.8,149.8,33.5,147.43,1.5305,6.7,Standby,17.0,14.4,18.9,17.1,No,0.0,NONE
2025-08-29 08:00:00,19.38,23.91,26.67,19.92,5.47,3.69,98.89,21.2,23.4,24.2,20.4,35.1,39.3,39.5,38.0,66.7,9.3,22.0,154.6,35.5,153.01,1.5473,7.0,Standby,18.4,18.1,21.9,19.0,No,0.0,NONE
2025-08-29 09:00:00,19.91,23.42,26.49,20.05,5.43,3.73,98.87,19.7,21.6,21.6,20.8,33.6,34.3,37.3,35.0,49.8,8.2,18.6,136.3,28.0,147.42,1.4911,6.7,Standby,19.3,16.9,19.5,18.6,No,0.0,NONE
2025-08-29 10:00:00,20.15,21.5,23.85,20.63,5.09,3.74,95.14,19.3,19.5,23.1,18.7,30.4,37.4,37.0,32.4,42.9,6.9,15.5,144.0,22.0,147.92,1.5549,6.7,Standby,17.7,17.9,20.2,16.4,No,0.0,NONE
2025-08-29 11:00:00,17.79,20.15,22.98,19.95,5.22,3.67,89.87,20.1,22.1,22.6,19.9,34.1,37.1,40.9,36.0,46.8,7.6,17.6,139.7,26.5,134.14,1.4925,6.1,Standby,14.6,16.4,16.2,15.5,No,0.0,NONE
2025-08-29 12:00:00,18.31,23.76,28.2,19.12,5.11,3.66,98.39,20.4,22.5,24.5,21.3,33.8,38.7,37.5,34.0,55.0,8.5,19.9,161.5,31.2,153.43,1.5594,7.0,Standby,17.5,17.6,20.7,18.9,No,0.0,NONE
2025-08-29 13:00:00,17.68,23.12,27.66,21.25,5.11,3.72,98.7,21.1,21.7,23.5,19.7,35.6,38.7,40.6,36.4,44.9,8.6,20.1,147.5,31.7,148.7,1.5066,6.8,Standby,17.6,15.3,19.7,18.3,No,0.0,NONE
2025-08-29 14:00:00,18.38,22.07,25.62,18.68,5.11,3.82,93.75,19.4,20.9,22.9,20.6,31.4,34.8,37.2,34.1,40.5,7.6,17.7,141.5,26.9,140.35,1.497,6.4,Standby,18.4,15.1,19.6,18.5,No,0.0,NONE
2025-08-29 15:00:00,18.48,20.55,27.42,20.99,5.41,3.9,96.45,19.8,22.3,22.9,20.5,34.2,36.2,38.6,35.6,43.7,8.2,19.1,148.7,29.5,149.13,1.5462,6.8,Standby,17.9,15.7,18.9,17.7,No,0.0,NONE
2025-08-29 16:00:00,17.35,21.12,25.43,19.85,5.39,3.61,92.75,18.9,19.5,22.9,19.1,32.3,35.9,40.9,35.7,58.5,7.7,16.8,135.2,23.5,142.8,1.5396,6.5,Standby,17.3,14.2,18.0,18.6,No,0.0,NONE
2025-08-29 17:00:00,18.6,22.35,25.63,20.4,5.19,3.7,95.97,19.0,20.7,23.0,20.3,34.3,38.1,36.3,33.3,57.8,8.3,18.3,140.4,26.6,149.43,1.557,6.8,Standby,19.6,18.2,18.2,16.3,No,0.0,NONE
2025-08-29 18:00:00,19.83,21.03,23.37,19.06,5.28,3.76,92.29,19.1,21.3,22.5,20.3,32.8,35.2,35.5,32.4,36.4,7.0,15.0,138.6,19.9,142.61,1.5452,6.5,Standby,17.4,16.2,19.5,18.5,No,0.0,NONE
2025-08-29 19:00:00,17.8,21.45,24.64,19.29,5.26,3.66,92.17,19.0,19.2,22.4,19.7,32.4,35.6,35.3,31.7,42.8,6.7,14.7,129.2,19.0,138.38,1.5014,6.3,Standby,16.9,16.5,19.9,17.9,No,0.0,NONE
2025-08-29 20:00:00,18.29,21.07,25.68,20.04,5.13,3.69,94.07,19.6,21.0,24.4,19.9,33.7,36.9,39.2,34.9,56.7,8.3,19.9,147.3,31.9,140.56,1.4941,6.4,Standby,15.4,14.9,16.8,17.8,No,0.0,NONE
2025-08-29 21:00:00,18.63,23.1,24.4,19.52,5.48,3.69,94.65,19.7,21.1,22.5,18.9,30.5,34.5,38.7,33.9,54.9,7.4,15.8,123.1,21.0,143.27,1.5136,6.5,Standby,15.7,15.5,18.5,16.2,No,0.0,NONE
2025-08-29 22:00:00,18.57,21.31,25.31,19.83,5.43,3.78,94.01,18.9,20.2,22.5,20.4,30.9,35.5,37.7,33.3,47.2,7.3,16.5,135.6,23.9,142.88,1.5198,6.5,Standby,18.0,17.7,20.5,18.0,No,0.0,NONE
2025-08-29 23:00:00,18.42,23.53,24.43,18.85,5.13,3.68,94.23,20.5,21.7,23.3,20.6,32.7,33.9,39.7,33.7,45.5,7.6,17.8,144.4,27.1,145.08,1.5397,6.6,Standby,18.1,15.4,20.8,19.0,No,0.0,NONE
2025-08-30 00:00:00,18.54,19.86,23.54,19.47,5.05,3.94,90.41,20.7,21.8,22.0,20.1,33.1,38.3,39.6,35.2,46.2,7.7,17.7,141.0,26.7,134.89,1.492,6.1,Standby,14.4,13.7,16.1,16.0,No,0.0,NONE
2025-08-30 01:00:00,17.46,22.24,28.17,18.25,5.14,3.85,95.12,20.5,22.2,24.6,22.0,34.7,36.7,44.4,35.2,49.1,9.2,21.7,150.6,35.2,142.93,1.5027,6.5,Standby,18.6,17.3,17.9,17.7,No,0.0,NONE
2025-08-30 02:00:00,20.06,20.3,27.77,20.43,5.36,3.67,97.56,20.7,21.2,22.1,21.1,34.1,37.6,42.5,34.7,47.6,9.0,20.4,145.5,31.2,151.14,1.5492,6.9,Standby,17.7,17.2,18.5,19.3,No,0.0,NONE
2025-08-30 03:00:00,18.98,22.16,26.97,19.24,5.14,3.67,96.35,20.0,22.7,22.6,20.7,33.3,40.0,38.2,36.9,64.6,9.4,21.1,146.8,32.5,146.05,1.5158,6.6,Standby,18.6,15.5,18.6,15.6,No,0.0,NONE
2025-08-30 04:00:00,19.86,22.38,29.91,20.81,5.28,3.61,101.96,19.9,21.9,22.9,20.9,33.6,39.7,38.7,34.6,53.3,9.0,21.0,151.5,33.5,154.84,1.5186,7.0,Standby,18.3,17.7,21.0,19.2,No,0.0,NONE
2025-08-30 05:00:00,17.89,24.08,25.72,19.92,5.44,3.68,96.61,20.4,22.8,23.0,21.4,34.8,37.3,38.7,34.2,49.0,9.2,21.0,145.2,32.5,143.01,1.4802,6.5,Standby,18.7,14.5,19.7,15.6,No,0.0,NONE
2025-08-30 06:00:00,17.92,22.33,27.73,20.77,5.07,3.92,97.75,19.1,20.3,22.2,20.1,32.8,35.1,41.2,33.8,56.3,8.1,19.4,148.1,30.9,150.63,1.541,6.8,Standby,17.9,18.0,18.7,20.0,No,0.0,NONE
2025-08-30 07:00:00,18.9,22.06,25.8,20.49,5.1,3.7,96.25,19.8,22.8,24.7,21.0,35.3,37.7,42.0,37.0,54.4,8.8,21.1,157.1,34.3,144.77,1.504,6.6,Standby,18.5,17.5,20.8,19.2,No,0.0,NONE
2025-08-30 08:00:00,17.37,23.37,26.08,19.55,5.14,3.74,95.37,19.9,20.9,25.1,20.7,35.0,37.6,42.5,36.8,64.6,9.2,21.5,152.4,34.2,148.55,1.5576,6.8,Standby,17.1,18.3,20.5,16.6,No,0.0,NONE
2025-08-30 09:00:00,16.79,22.03,23.33,20.09,5.23,3.77,91.24,20.7,20.2,23.7,21.0,33.4,34.6,41.4,34.6,55.0,8.6,19.3,148.2,28.9,136.81,1.4994,6.2,Standby,17.6,13.7,17.2,17.2,No,0.0,NONE
2025-08-30 10:00:00,17.34,22.87,26.09,18.94,4.93,3.97,94.23,18.9,21.4,21.8,20.5,34.2,37.6,36.6,32.8,58.6,7.8,17.9,135.3,26.9,142.39,1.5111,6.5,Standby,18.8,14.7,17.7,18.8,No,0.0,NONE
2025-08-30 11:00:00,17.97,22.73,25.26,20.54,4.94,4.0,95.51,20.3,22.6,25.2,20.0,34.7,35.7,42.2,34.6,65.7,9.4,21.7,153.9,34.5,144.73,1.5154,6.6,Standby,18.9,16.5,17.5,16.7,No,0.0,NONE
2025-08-30 12:00:00,18.59,20.41,27.66,19.25,4.94,3.62,94.91,19.3,22.2,23.6,21.0,35.6,38.0,40.3,36.6,56.4,8.5,20.0,146.6,31.5,141.11,1.4869,6.4,Standby,17.7,15.3,18.1,16.7,No,0.0,NONE
2025-08-30 13:00:00,19.15,20.52,23.97,19.94,4.93,3.68,92.59,19.6,19.8,22.7,19.6,35.0,37.4,36.4,35.0,58.6,7.8,17.5,135.0,25.6,142.21,1.536,6.5,Standby,18.5,15.8,19.9,18.1,No,0.0,NONE
2025-08-30 14:00:00,19.81,21.21,23.61,20.3,5.36,3.66,93.93,18.5,21.4,23.0,19.5,31.8,32.4,38.0,32.9,48.5,6.9,14.9,128.9,19.7,144.12,1.5343,6.6,Standby,19.0,17.5,20.4,15.7,No,0.0,NONE
2025-08-30 15:00:00,19.75,20.9,26.73,21.03,5.03,3.93,97.4,18.3,19.7,22.6,18.7,31.4,36.1,38.8,32.2,55.8,6.8,15.4,136.8,22.0,145.14,1.4901,6.6,Standby,17.1,16.8,18.7,15.5,No,0.0,NONE
2025-08-30 16:00:00,18.22,21.73,22.68,18.56,5.24,3.74,90.2,19.0,19.9,22.7,20.4,34.3,37.3,41.4,32.9,51.6,7.8,17.2,132.4,24.9,137.6,1.5256,6.3,Standby,16.8,15.3,17.3,15.2,No,0.0,NONE
2025-08-30 17:00:00,17.6,22.24,25.31,19.95,4.94,3.87,94.1,19.8,21.0,21.4,19.2,31.4,37.3,40.9,35.4,41.5,8.3,18.0,131.3,25.6,141.85,1.5074,6.4,Standby,18.1,17.5,18.9,16.6,No,0.0,NONE
2025-08-30 18:00:00,18.04,20.35,26.59,21.4,5.15,3.95,95.37,19.6,19.8,21.8,19.2,31.0,36.4,37.2,31.7,56.5,7.0,15.7,125.9,22.2,144.44,1.5146,6.6,Standby,19.1,15.3,18.8,18.4,No,0.0,NONE
2025-08-30 19:00:00,18.5,22.12,26.38,21.95,5.29,3.81,97.95,20.2,21.6,20.8,19.7,33.1,36.8,37.2,34.2,47.7,7.6,16.6,140.3,23.6,151.43,1.5459,6.9,Standby,16.7,18.6,20.4,17.3,No,0.0,NONE
2025-08-30 20:00:00,19.2,21.06,25.44,20.03,5.4,3.62,94.73,18.6,20.4,22.5,20.3,31.6,35.8,37.9,34.7,56.7,7.2,15.2,137.1,19.9,146.3,1.5444,6.7,Standby,16.5,15.5,18.1,17.6,No,0.0,NONE
2025-08-30 21:00:00,18.35,21.41,23.97,18.66,5.49,4.0,91.39,19.0,19.8,23.4,20.9,33.0,33.8,36.8,32.6,42.4,8.3,18.1,147.3,25.9,140.46,1.5369,6.4,Standby,15.2,13.9,19.1,15.0,No,0.0,NONE
2025-08-30 22:00:00,18.63,22.72,25.04,19.85,5.4,3.94,95.24,19.2,20.1,23.2,19.8,33.8,33.9,38.7,33.4,54.9,7.5,17.3,144.4,26.0,144.62,1.5184,6.6,Standby,17.8,15.7,20.5,17.5,No,0.0,NONE
2025-08-30 23:00:00,18.51,21.67,25.51,19.99,5.36,3.86,94.68,20.4,20.3,23.1,20.3,35.0,36.8,38.3,32.6,53.7,7.6,17.3,144.7,25.6,146.18,1.5439,6.6,Standby,19.4,15.4,19.6,18.7,No,0.0,NONE
2025-08-31 00:00:00,18.88,21.91,25.68,20.89,5.45,3.72,96.36,19.1,20.6,23.1,21.0,32.4,37.7,37.6,35.7,56.7,8.5,19.2,138.8,29.0,145.88,1.5138,6.6,Standby,18.9,16.7,17.2,18.9,No,0.0,NONE
2025-08-31 01:00:00,17.58,22.61,29.95,18.93,5.31,3.88,98.07,20.3,22.0,23.6,20.9,35.3,36.2,44.7,35.4,56.4,9.7,22.4,158.7,35.8,150.39,1.5336,6.8,Standby,17.2,18.3,21.5,20.0,No,0.0,NONE
2025-08-31 02:00:00,17.51,21.66,28.34,18.94,4.97,3.68,95.45,27.6,21.5,22.6,21.9,36.7,38.9,43.6,38.3,57.8,9.8,22.7,165.6,36.5,144.98,1.519,6.6,Standby,17.9,17.4,19.0,15.6,No,0.0,NONE
2025-08-31 03:00:00,19.53,21.08,25.35,20.09,5.05,3.7,95.06,20.0,20.1,22.2,19.8,33.4,34.4,38.6,33.5,44.5,7.8,18.5,150.4,28.8,147.95,1.5564,6.7,Standby,19.1,18.3,19.0,16.1,No,0.0,NONE
2025-08-31 04:00:00,18.88,21.58,25.06,20.14,5.27,3.79,94.66,20.8,22.8,24.9,20.8,35.4,39.2,41.3,37.1,42.5,8.9,21.1,161.5,34.1,146.5,1.5476,6.7,Standby,18.4,14.8,18.6,18.9,No,0.0,NONE
2025-08-31 05:00:00,18.34,23.38,26.69,19.76,5.09,3.76,97.17,20.7,21.9,23.6,21.5,36.1,37.2,42.9,36.8,47.0,8.6,20.4,147.9,32.6,146.46,1.5073,6.7,Standby,15.8,17.8,21.0,18.0,No,0.0,NONE
2025-08-31 06:00:00,17.5,21.93,27.99,20.09,5.02,3.68,96.51,21.1,23.1,25.3,21.8,35.5,39.8,42.3,37.0,45.3,9.6,22.7,173.6,36.8,146.62,1.5192,6.7,Standby,18.2,15.4,19.2,16.1,No,0.0,NONE
2025-08-31 07:00:00,20.08,22.59,26.7,18.48,5.45,3.77,96.86,19.9,23.0,23.6,21.3,36.6,39.0,43.7,36.7,63.1,9.0,21.7,160.5,35.6,148.3,1.5311,6.7,Standby,17.6,18.2,19.4,18.5,No,0.0,NONE
2025-08-31 08:00:00,17.47,23.29,26.21,20.16,5.47,3.94,96.14,19.6,21.2,22.1,20.5,33.6,38.7,42.2,35.1,53.4,9.0,20.4,155.7,31.2,148.48,1.5444,6.7,Standby,19.3,16.5,21.0,19.2,No,0.0,NONE
2025-08-31 09:00:00,19.08,21.92,28.62,19.3,4.97,3.76,97.92,28.0,22.1,22.7,20.5,34.6,40.4,40.0,37.0,64.3,8.9,21.7,154.1,36.1,152.13,1.5537,6.9,Standby,18.3,17.2,19.9,19.3,No,0.0,NONE
2025-08-31 10:00:00,18.53,22.39,27.47,20.71,5.11,3.64,98.1,19.9,22.8,23.7,20.2,35.7,39.7,41.1,35.2,50.3,8.8,20.6,156.0,32.6,146.19,1.4903,6.6,Standby,16.2,14.3,17.9,17.5,No,0.0,NONE
2025-08-31 11:00:00,17.67,23.3,24.76,19.98,5.02,3.84,94.71,19.2,20.2,21.5,20.9,32.4,37.8,38.6,34.1,39.3,7.3,16.6,137.4,24.4,142.84,1.5083,6.5,Standby,19.1,15.8,20.0,17.9,No,0.0,NONE
2025-08-31 12:00:00,18.39,20.88,26.53,19.76,5.33,3.6,94.56,28.8,23.1,22.8,20.2,34.8,40.2,40.0,35.0,57.4,9.5,21.7,149.0,33.9,144.96,1.5329,6.6,Standby,18.3,16.1,17.7,19.0,No,0.0,NONE
2025-08-31 13:00:00,19.04,22.03,24.26,19.95,5.14,3.64,94.28,20.7,22.4,22.7,21.2,32.5,34.5,38.6,33.7,45.2,8.3,19.0,141.3,28.7,142.3,1.5093,6.5,Standby,18.2,16.9,18.8,18.0,No,0.0,NONE
2025-08-31 14:00:00,17.64,21.75,24.11,19.81,5.29,3.75,92.31,20.8,21.8,22.8,20.4,32.0,36.0,37.4,35.6,61.1,8.7,19.3,152.6,28.5,139.57,1.5119,6.3,Standby,18.5,17.3,17.0,16.8,No,0.0,NONE
2025-08-31 15:00:00,19.15,23.31,22.61,20.42,5.28,3.67,94.49,18.7,20.5,22.5,19.1,31.7,33.3,35.4,33.3,42.0,7.2,16.0,140.0,22.7,144.91,1.5337,6.6,Standby,16.6,16.5,19.5,15.5,No,0.0,NONE
2025-08-31 16:00:00,17.39,21.86,25.74,19.28,5.43,3.91,93.28,19.0,20.8,21.8,20.0,32.8,34.3,36.8,33.6,56.6,7.4,15.4,139.4,20.0,144.34,1.5475,6.6,Standby,17.1,15.4,20.2,16.5,No,0.0,NONE
2025-08-31 17:00:00,18.57,22.84,23.04,18.82,5.49,3.93,92.27,18.4,20.0,21.8,20.4,32.2,34.0,39.2,34.3,39.4,7.1,15.6,138.8,21.7,140.58,1.5236,6.4,Standby,15.5,15.5,19.7,16.0,No,0.0,NONE
2025-08-31 18:00:00,20.04,21.97,23.98,20.65,5.26,3.96,95.65,19.2,20.5,22.2,20.0,32.0,35.2,38.2,31.6,42.6,7.1,15.1,138.3,19.9,143.76,1.503,6.5,Standby,18.8,14.8,19.2,15.5,No,0.0,NONE
2025-08-31 19:00:00,18.78,23.21,26.55,20.02,5.45,3.68,97.56,19.1,20.4,23.0,19.6,33.5,36.3,38.7,34.3,42.8,7.4,16.6,147.9,24.2,150.34,1.541,6.8,Standby,16.7,15.9,19.5,18.2,No,0.0,NONE
2025-08-31 20:00:00,17.8,22.14,24.71,20.43,5.3,3.68,94.07,19.3,21.4,21.3,19.7,32.4,35.4,35.6,33.3,42.9,7.8,17.4,147.3,25.3,146.63,1.5587,6.7,Standby,19.4,17.5,19.2,16.0,No,0.0,NONE
2025-08-31 21:00:00,18.39,22.56,23.62,20.5,5.02,3.95,94.08,19.8,20.5,21.7,19.0,32.4,34.2,40.3,33.1,51.7,7.6,16.9,138.8,24.3,143.98,1.5304,6.5,Standby,17.9,16.3,19.2,18.4,No,0.0,NONE
2025-08-31 22:00:00,18.34,21.66,24.5,19.66,5.36,3.95,93.16,20.2,20.7,20.7,19.7,33.8,34.0,38.0,32.0,39.8,7.1,15.7,141.0,22.0,139.98,1.5026,6.4,Standby,17.2,17.2,17.2,17.5,No,0.0,NONE
2025-08-31 23:00:00,17.94,22.83,26.12,19.57,5.06,3.64,95.45,20.5,21.0,21.6,21.2,35.1,35.3,36.5,33.8,41.3,8.0,18.2,145.5,27.5,141.81,1.4857,6.4,Standby,16.8,15.9,16.7,18.9,No,0.0,NONE
2025-09-01 04:00:00,17.21,24.05,26.14,19.81,5.1,3.71,96.2,19.2,22.0,22.2,19.8,33.3,38.3,38.9,33.2,55.5,8.3,19.4,155.1,30.5,136.28,1.4166,6.2,Standby,16.7,16.5,16.4,18.1,No,0.0,NONE
2025-09-03 02:00:00,19.31,23.87,24.49,21.34,5.06,3.71,98.0,18.6,21.7,20.9,20.6,31.8,38.0,40.5,32.5,57.8,7.5,17.1,138.8,25.4,138.3,1.4111,6.3,Standby,16.0,16.9,18.0,17.5,No,0.0,NONE
2025-09-03 05:00:00,18.61,24.53,25.31,20.85,5.48,3.74,98.3,21.0,20.8,22.3,21.7,36.2,35.7,43.2,35.4,62.2,8.9,20.7,162.3,32.5,137.12,1.395,6.2,Standby,15.6,15.9,19.3,17.6,No,0.0,NONE
2025-09-03 11:00:00,16.66,24.16,24.14,20.61,5.26,3.65,94.56,18.4,21.3,21.3,19.8,34.0,34.8,40.5,34.3,38.0,7.8,16.7,136.9,22.9,133.0,1.4065,6.0,Standby,14.4,15.9,19.3,14.6,No,0.0,NONE
2025-09-04 04:00:00,19.21,23.77,24.28,20.05,5.01,3.89,96.32,18.7,21.0,20.1,18.5,32.0,32.6,39.0,31.3,58.7,7.2,15.2,126.0,19.3,138.39,1.4369,6.3,Standby,15.7,16.7,17.1,16.2,No,0.0,NONE
2025-09-04 11:00:00,16.92,23.7,25.88,21.18,5.49,3.85,96.67,18.3,21.5,21.9,20.5,32.1,32.2,39.6,34.5,47.2,7.0,15.0,127.3,16.1,139.54,1.4434,6.3,Standby,16.1,13.9,19.9,16.8,No,0.0,NONE
2025-09-04 12:00:00,19.54,23.72,25.35,20.17,5.02,3.85,97.78,19.1,19.7,23.1,19.1,32.7,34.3,40.8,34.2,52.7,7.4,16.5,140.8,23.6,137.0,1.4011,6.2,Standby,16.6,16.7,17.0,16.7,No,0.0,NONE
2025-09-06 07:00:00,18.85,24.72,25.15,17.75,5.43,3.81,95.47,19.0,20.2,22.7,20.6,34.5,35.9,40.5,33.1,52.0,7.3,16.9,140.1,25.4,137.5,1.4402,6.2,Standby,17.7,16.8,19.0,18.0,No,0.0,NONE
2025-09-07 07:00:00,17.78,24.52,25.41,20.04,5.37,3.94,96.76,20.1,22.2,23.2,19.3,34.2,35.4,38.9,34.0,52.5,8.0,17.9,147.6,26.4,135.13,1.3965,6.1,Standby,17.8,13.6,18.7,18.1,No,0.0,NONE
2025-09-08 13:00:00,19.8,24.28,23.6,20.51,5.35,3.73,97.19,18.1,19.6,20.2,18.7,33.2,36.6,39.8,32.6,42.1,7.5,15.5,122.1,17.0,134.25,1.3814,6.1,Standby,17.3,14.6,18.7,17.5,No,0.0,NONE
2025-09-08 18:00:00,18.24,23.95,23.97,19.65,5.08,3.94,94.81,19.7,20.6,22.5,19.8,30.8,32.1,37.6,31.8,50.3,6.9,14.9,130.3,17.0,131.37,1.3855,6.0,Standby,14.6,13.0,16.8,16.8,No,0.0,NONE
2025-09-08 20:00:00,17.84,23.83,28.04,20.63,5.17,3.92,99.34,19.7,21.0,22.8,19.1,32.4,37.3,35.2,35.2,39.7,7.4,16.1,132.8,22.1,137.42,1.3833,6.2,Standby,14.7,13.9,17.7,15.6,No,0.0,NONE
2025-09-08 23:00:00,18.43,24.27,25.62,19.7,5.01,3.8,97.02,18.7,19.8,21.3,19.6,31.3,34.1,37.8,32.4,56.8,6.9,14.9,135.0,20.2,133.43,1.3753,6.1,Standby,17.2,13.2,18.7,14.7,No,0.0,NONE
2025-09-10 22:00:00,18.69,24.15,23.96,19.91,5.25,3.93,95.71,19.8,20.2,21.3,20.1,30.5,33.3,34.7,32.2,48.6,6.8,14.8,130.5,18.9,138.26,1.4446,6.3,Standby,17.3,14.3,18.8,16.3,No,0.0,NONE
2025-09-11 03:00:00,17.2,23.95,24.27,21.61,5.25,3.69,96.02,20.2,21.5,22.7,20.3,33.1,36.3,35.0,33.9,42.9,7.1,15.9,130.7,22.6,137.62,1.4332,6.3,Standby,14.9,17.0,19.7,18.1,No,0.0,NONE
2025-09-11 18:00:00,18.07,23.83,24.88,20.45,4.97,3.66,96.24,19.6,20.6,20.1,18.8,33.5,34.8,34.7,31.2,60.0,7.4,15.4,132.5,19.5,138.17,1.4357,6.3,Standby,15.8,15.8,17.3,17.6,No,0.0,NONE
2025-09-13 08:00:00,19.41,22.17,25.62,19.26,4.9,3.9,95.47,20.1,21.9,23.5,19.7,35.0,34.3,39.4,33.8,54.0,8.3,19.0,154.0,28.7,137.34,1.4386,6.2,Standby,17.4,16.8,16.2,16.8,No,0.0,NONE
2025-09-14 14:00:00,18.91,24.9,25.55,19.91,5.41,3.77,98.27,18.8,19.5,21.5,19.2,31.6,33.0,37.7,32.7,57.7,6.9,14.9,133.3,17.8,137.89,1.4032,6.3,Standby,16.3,16.3,18.3,18.1,No,0.0,NONE
2025-09-14 23:00:00,18.39,24.03,23.35,18.95,5.24,3.62,93.73,18.5,20.9,20.9,20.4,33.4,33.9,39.4,31.7,40.0,6.9,14.9,123.1,20.1,132.21,1.4106,6.0,Standby,17.2,15.8,18.2,17.0,No,0.0,NONE
2025-09-15 23:00:00,19.02,23.84,24.85,19.58,5.28,3.68,96.28,19.0,20.8,22.4,19.3,31.6,34.6,36.0,34.5,51.5,6.8,14.8,123.8,19.6,135.98,1.4123,6.2,Standby,15.8,13.7,19.6,18.2,No,0.0,NONE
2025-09-16 18:00:00,18.96,24.09,24.88,21.48,5.5,3.85,98.42,18.2,20.1,21.2,20.4,31.2,34.3,38.3,31.4,39.7,7.4,15.4,115.6,14.0,138.44,1.4067,6.3,Standby,17.2,13.6,17.1,16.3,No,0.0,NONE
2025-09-17 15:00:00,19.19,23.75,24.74,20.15,4.91,3.75,96.83,19.7,19.1,20.3,19.2,31.4,34.7,37.2,31.2,48.7,7.3,15.4,126.1,20.2,136.79,1.4127,6.2,Standby,14.9,15.9,19.6,18.4,No,0.0,NONE
2025-09-18 05:00:00,18.28,24.81,23.99,20.63,5.43,3.96,96.71,20.2,22.2,21.2,20.2,33.0,36.5,39.4,34.7,45.7,7.6,17.4,137.5,26.0,138.64,1.4336,6.3,Standby,14.8,14.6,18.9,16.1,No,0.0,NONE
2025-09-18 10:00:00,18.66,25.38,24.39,21.15,5.03,3.77,98.58,20.6,21.7,23.6,20.6,34.9,36.7,37.0,34.7,63.9,8.5,18.9,145.1,28.0,140.23,1.4225,6.4,Standby,15.2,17.0,17.7,15.2,No,0.0,NONE
2025-09-19 04:00:00,19.84,24.1,27.04,18.38,5.38,3.89,98.35,19.9,20.4,23.4,20.3,31.2,36.4,39.6,35.5,59.3,7.7,17.2,139.7,25.1,135.87,1.3814,6.2,Standby,15.7,13.1,17.3,16.8,No,0.0,NONE
2025-09-19 07:00:00,18.68,24.31,23.5,20.29,5.23,3.79,95.78,19.2,21.0,23.7,19.2,33.5,38.1,40.3,35.3,53.9,8.3,18.0,147.9,25.6,132.17,1.38,6.0,Standby,17.6,16.3,17.3,16.8,No,0.0,NONE
2025-09-19 14:00:00,17.69,24.13,22.62,19.79,5.46,3.99,93.23,18.2,19.9,22.0,20.4,32.5,37.1,38.4,31.2,47.7,7.2,15.4,131.0,20.9,134.73,1.4452,6.1,Standby,18.0,13.5,19.3,15.2,No,0.0,NONE
2025-09-20 03:00:00,18.67,23.81,26.6,19.35,5.07,3.66,97.43,19.0,21.2,23.4,19.6,33.8,33.9,38.7,32.8,62.9,7.8,17.8,149.7,26.8,135.96,1.3955,6.2,Standby,16.0,13.7,18.7,15.1,No,0.0,NONE
2025-09-20 07:00:00,19.11,24.55,26.86,19.41,5.17,3.88,98.94,19.0,21.2,22.4,21.1,34.1,37.3,37.5,33.6,58.7,8.7,19.7,142.2,29.9,141.06,1.4258,6.4,Standby,16.9,14.2,16.4,16.4,No,0.0,NONE
2025-09-21 04:00:00,17.97,23.78,25.42,20.89,4.9,3.86,97.05,18.8,21.0,23.7,19.9,34.1,38.2,40.6,34.5,48.3,8.3,18.4,138.4,27.2,133.46,1.3751,6.1,Standby,17.6,13.7,17.6,17.4,No,0.0,NONE
2025-09-23 04:00:00,17.82,23.81,26.24,19.31,5.14,3.9,96.17,19.1,22.3,23.2,20.6,33.1,37.7,41.0,34.9,63.0,8.6,18.7,149.2,27.3,138.0,1.4349,6.3,Standby,16.7,14.7,16.6,16.7,No,0.0,NONE
2025-09-23 20:00:00,18.4,23.69,23.78,21.03,5.14,3.9,95.91,19.1,20.2,21.2,20.4,32.7,35.7,37.1,33.2,42.3,6.9,14.9,116.4,16.2,139.05,1.4498,6.3,Standby,15.6,16.2,16.3,18.6,No,0.0,NONE
2025-09-23 22:00:00,17.32,24.06,24.36,19.85,5.43,3.92,94.59,18.9,20.3,20.6,18.7,31.9,34.9,37.6,35.2,43.9,7.2,15.6,133.2,21.2,135.07,1.4279,6.1,Standby,16.5,14.9,17.9,17.5,No,0.0,NONE
2025-09-24 04:00:00,17.51,24.61,24.49,20.35,5.29,3.65,95.95,19.1,20.3,22.5,19.9,35.4,38.9,39.5,35.0,44.5,8.5,19.4,154.4,29.5,135.49,1.412,6.2,Standby,14.6,14.0,16.6,16.6,No,0.0,NONE
2025-09-25 02:00:00,17.85,24.17,23.43,20.15,5.05,3.64,94.6,19.3,19.5,20.5,20.2,33.0,36.6,37.6,32.2,53.8,7.6,15.8,125.1,20.8,131.51,1.3901,6.0,Standby,15.7,14.4,15.9,16.8,No,0.0,NONE
2025-09-26 09:00:00,19.06,24.02,24.71,19.56,5.5,3.89,96.34,19.6,21.6,22.7,20.4,31.1,33.2,40.2,35.2,41.8,6.9,15.8,140.0,22.7,135.47,1.4061,6.2,Standby,17.6,16.7,16.7,14.9,No,0.0,NONE
2025-09-26 11:00:00,19.35,23.69,25.4,20.01,5.15,3.98,97.44,18.9,21.1,22.8,20.0,30.5,36.3,34.7,34.6,59.2,7.3,15.3,137.2,20.0,141.0,1.4471,6.4,Standby,17.8,16.9,16.6,16.0,No,0.0,NONE
2025-09-27 18:00:00,17.76,23.74,23.25,20.03,5.49,3.91,93.79,18.7,20.7,22.9,19.2,31.8,36.2,36.7,31.5,51.3,7.4,15.4,114.3,16.7,130.56,1.392,5.9,Standby,15.1,16.1,15.4,15.6,No,0.0,NONE
2025-09-29 08:00:00,18.5,23.69,24.48,18.65,5.26,3.89,94.32,20.3,20.7,22.4,20.4,33.2,34.1,41.8,35.8,58.6,8.2,18.0,148.4,26.1,135.11,1.4325,6.1,Standby,17.8,13.9,18.7,15.3,No,0.0,NONE
2025-10-01 06:00:00,17.32,23.94,22.93,19.75,5.29,3.64,92.93,19.2,19.3,22.9,19.4,33.2,34.5,35.1,31.5,43.6,6.6,14.6,129.7,18.3,133.9,1.4409,6.1,Standby,17.8,12.9,16.8,16.1,No,0.0,NONE
2025-10-01 13:00:00,18.3,23.93,24.89,20.06,5.39,3.6,96.18,19.2,20.9,21.0,19.1,30.9,35.8,39.9,33.8,54.3,6.7,14.7,116.5,13.2,136.86,1.4231,6.2,Standby,15.7,15.9,18.3,15.0,No,0.0,NONE
2025-10-04 13:00:00,17.83,24.95,24.6,19.96,5.13,3.8,96.34,19.3,20.1,20.8,20.2,31.1,35.1,38.3,33.5,53.8,7.2,15.2,117.0,9.8,137.35,1.4257,6.2,Standby,15.3,14.7,18.1,18.0,Yes,0.3,NONE
2025-10-04 16:00:00,18.04,24.46,23.6,19.86,5.18,3.7,94.95,18.5,20.6,20.0,19.4,32.3,33.7,37.2,34.3,46.1,6.6,14.6,112.6,10.3,133.45,1.4055,6.1,Standby,16.0,16.1,17.2,17.8,No,0.0,NONE
2025-10-05 03:00:00,18.96,23.79,24.21,20.69,5.33,3.84,96.65,19.8,19.5,21.5,18.6,33.9,35.0,35.1,34.4,37.8,6.7,14.7,126.0,19.0,137.66,1.4243,6.3,Standby,18.1,13.3,19.7,15.7,No,0.0,NONE
2025-10-06 00:00:00,18.76,24.41,25.57,20.38,5.23,3.92,98.13,18.7,20.7,20.6,19.8,31.5,32.1,39.3,31.4,47.4,7.2,15.2,121.9,8.8,138.27,1.4091,6.3,Standby,17.6,13.6,17.8,15.2,Yes,2.4,NONE
2025-10-06 19:00:00,18.91,23.75,23.51,20.28,5.06,3.84,95.46,19.0,20.0,20.1,20.1,30.3,35.3,36.2,33.9,41.9,6.7,14.7,121.3,11.4,131.71,1.3798,6.0,Standby,15.2,16.4,16.7,16.3,No,0.0,NONE
2025-10-07 00:00:00,19.72,24.17,26.58,20.12,4.96,3.66,99.6,19.1,19.3,22.0,19.6,32.1,33.6,37.7,31.4,52.5,6.9,14.9,115.9,15.2,142.19,1.4277,6.5,Standby,18.6,16.4,19.8,15.9,No,0.0,NONE
2025-10-07 02:00:00,19.2,24.14,23.15,21.39,5.35,3.78,96.88,19.0,19.1,22.4,19.1,32.6,33.6,38.1,34.9,58.1,6.9,14.9,116.0,16.6,136.74,1.4115,6.2,Standby,15.8,13.1,16.7,15.6,No,0.0,NONE
2025-10-07 21:00:00,19.61,23.93,23.29,21.7,4.99,3.74,97.52,19.3,20.4,20.1,19.9,32.4,34.0,37.6,31.2,53.8,6.8,14.8,118.9,10.1,138.32,1.4184,6.3,Standby,17.0,14.2,16.1,17.1,No,0.0,NONE
2025-10-08 05:00:00,17.05,24.03,26.44,19.6,5.46,3.78,96.12,19.8,20.6,22.0,18.9,30.3,33.1,37.2,31.1,57.0,7.2,15.2,112.7,16.0,135.33,1.408,6.2,Standby,15.9,14.8,16.2,17.7,No,0.0,NONE
2025-10-08 16:00:00,17.56,23.81,25.25,20.46,5.04,4.0,96.07,19.6,19.3,21.2,18.5,31.8,35.4,36.2,31.6,58.9,7.4,15.4,128.2,10.9,133.38,1.3883,6.1,Standby,14.6,16.6,18.0,14.6,No,0.0,NONE
2025-10-08 20:00:00,18.22,23.69,24.94,18.48,5.26,3.74,94.33,19.9,21.4,22.1,19.3,31.1,36.8,36.3,32.4,58.6,7.1,15.1,122.3,3.5,136.03,1.442,6.2,Standby,15.4,14.1,17.3,18.1,Yes,13.1,NONE
2025-10-10 09:00:00,18.87,23.74,25.22,20.48,5.22,3.78,97.31,19.4,21.2,20.1,19.7,31.8,33.0,35.8,34.7,53.4,6.6,14.6,115.8,16.8,137.72,1.4153,6.3,Standby,18.2,14.5,17.0,15.6,No,0.0,NONE
2025-10-10 18:00:00,18.65,21.47,24.89,19.3,4.97,3.74,93.31,18.6,19.5,20.9,20.1,32.2,35.8,36.7,32.4,55.2,6.8,14.8,125.3,7.3,134.83,1.445,6.1,Standby,16.9,14.8,18.8,14.6,Yes,5.3,NONE
2025-10-12 05:00:00,19.19,24.91,22.84,20.14,5.45,3.82,96.09,18.5,19.8,21.9,20.3,31.4,32.2,34.9,31.0,54.1,7.1,15.1,123.2,19.0,135.04,1.4053,6.1,Standby,15.2,15.9,19.2,15.2,No,0.0,NONE
2025-10-12 11:00:00,19.32,34.14,24.48,18.65,5.47,3.91,105.59,20.0,19.5,20.8,19.1,30.3,35.8,35.7,32.8,48.4,7.1,15.1,110.5,13.9,146.77,1.39,6.7,Standby,18.2,16.2,17.5,17.9,No,0.0,NONE
2025-10-13 06:00:00,19.08,24.47,25.15,20.44,5.3,3.91,98.15,19.3,20.3,22.4,20.5,31.6,36.9,39.5,35.4,62.1,8.0,17.8,151.5,26.0,140.4,1.4305,6.4,Standby,16.7,13.6,19.2,15.2,No,0.0,NONE
2025-10-13 10:00:00,18.81,23.82,24.09,20.9,5.36,3.92,96.62,19.4,20.5,21.9,20.3,33.6,35.3,36.2,31.6,51.3,7.2,15.2,126.0,19.9,133.46,1.3813,6.1,Standby,15.6,14.4,17.1,15.6,No,0.0,NONE
2025-10-14 09:00:00,18.29,24.94,24.43,19.65,5.4,3.6,96.31,18.8,19.7,22.5,20.4,32.1,35.8,39.4,32.9,48.0,7.1,15.1,125.4,16.7,135.28,1.4046,6.1,Standby,17.1,16.9,18.5,16.4,No,0.0,NONE
2025-10-15 00:00:00,19.06,23.94,26.54,20.32,5.23,3.76,98.85,18.3,20.6,21.5,20.4,32.8,32.7,35.7,32.8,49.0,6.6,14.6,119.0,10.2,141.14,1.4278,6.4,Standby,17.2,15.3,19.9,16.5,No,0.0,NONE
2025-10-17 23:00:00,19.49,24.48,26.32,18.99,5.07,3.88,98.28,18.2,20.5,21.8,18.7,31.2,33.0,38.4,34.6,55.5,7.1,15.1,113.9,11.6,140.97,1.4344,6.4,Standby,16.8,14.4,18.7,16.3,No,0.0,NONE
2025-10-18 16:00:00,18.99,23.96,24.18,20.0,5.31,3.76,96.12,19.7,19.9,21.1,18.9,33.2,36.7,36.2,32.7,42.9,6.7,14.7,113.0,8.0,136.35,1.4185,6.2,Standby,14.4,16.2,17.2,18.2,Yes,4.0,NONE
2025-10-18 19:00:00,18.0,24.48,24.9,20.74,5.21,3.96,97.13,18.5,20.4,20.3,18.9,31.6,34.7,37.4,31.1,52.3,7.0,15.0,123.4,5.4,138.43,1.4253,6.3,Standby,17.9,13.9,18.5,18.3,Yes,9.3,NONE
2025-10-19 10:00:00,18.7,23.85,25.1,20.86,5.24,3.87,97.51,18.9,21.4,21.3,19.5,32.3,35.3,34.1,33.1,55.0,6.7,14.7,120.8,12.5,133.86,1.3727,6.1,Standby,15.2,14.1,17.4,15.5,No,0.0,NONE
2025-10-21 20:00:00,18.57,24.13,24.83,20.64,5.47,3.82,97.16,18.2,19.2,22.2,20.3,32.6,32.7,40.0,32.2,57.4,7.1,15.1,121.9,2.7,137.77,1.418,6.3,Standby,15.0,16.1,17.7,17.7,Yes,14.7,NONE
2025-10-22 07:00:00,19.68,23.82,23.73,20.06,5.46,3.94,96.29,18.0,19.4,22.0,18.9,33.1,33.5,39.2,31.3,45.3,7.2,15.2,112.9,15.2,136.11,1.4135,6.2,Standby,18.1,13.8,17.9,15.3,No,0.0,NONE
2025-10-23 17:00:00,17.81,24.34,23.24,19.71,5.04,4.0,94.1,19.9,19.4,20.8,18.7,32.5,34.1,39.6,32.3,46.9,6.7,14.7,117.5,10.4,136.19,1.4473,6.2,Standby,17.4,14.1,16.0,16.4,No,0.0,NONE
2025-10-25 09:00:00,17.52,24.43,24.88,20.24,5.25,3.91,96.07,19.1,20.0,21.5,19.1,33.8,34.5,36.6,35.1,39.1,7.5,16.0,141.3,21.6,139.2,1.449,6.3,Standby,16.4,17.2,17.6,17.8,No,0.0,NONE
2025-10-27 13:00:00,18.43,24.07,26.36,19.51,5.36,3.99,97.37,19.0,20.9,21.6,20.4,32.3,34.2,36.1,31.8,44.1,7.2,15.2,117.6,9.4,134.73,1.3837,6.1,Standby,16.6,13.0,17.4,15.4,Yes,1.2,NONE
2025-10-28 10:00:00,19.16,31.27,25.27,19.55,4.98,3.96,104.25,19.3,20.5,20.3,18.7,33.8,35.4,39.0,31.3,58.7,7.5,15.5,118.8,13.6,148.05,1.4201,6.7,Standby,18.2,17.1,19.0,16.0,No,0.0,NONE
2025-10-28 11:00:00,18.94,23.74,24.03,19.07,5.25,4.0,94.78,18.9,19.3,21.2,20.3,31.7,33.9,34.1,33.1,59.9,7.4,15.4,114.5,12.0,135.46,1.4292,6.2,Standby,15.2,15.9,16.2,15.7,No,0.0,NONE
2025-10-30 06:00:00,18.51,24.2,24.65,19.17,4.99,3.97,95.53,19.4,20.0,21.8,19.3,31.2,35.9,35.9,32.5,45.0,7.8,16.6,137.0,22.8,138.26,1.4472,6.3,Standby,18.1,16.8,17.1,15.5,No,0.0,NONE
2025-10-30 07:00:00,18.94,23.75,25.0,20.06,5.26,3.97,96.75,18.8,20.6,21.6,19.9,30.2,34.7,37.8,34.6,55.3,7.0,15.0,133.9,19.6,139.3,1.4398,6.3,Standby,17.3,16.5,18.5,17.1,No,0.0,NONE
2025-10-30 11:00:00,17.89,24.05,24.44,19.26,5.23,3.98,94.64,18.8,21.3,21.6,18.5,32.2,33.9,39.5,34.5,51.1,6.5,14.5,137.7,20.1,133.04,1.4057,6.0,Standby,15.6,16.3,15.9,14.2,No,0.0,NONE
2025-10-30 17:00:00,17.85,23.95,23.71,18.63,5.35,3.93,93.14,18.7,20.1,21.2,19.4,33.3,34.4,34.5,34.4,48.4,7.1,15.1,117.7,8.6,128.03,1.3746,5.8,Standby,13.9,13.3,17.1,16.1,Yes,2.7,NONE
2025-10-30 19:00:00,18.16,24.29,23.76,18.95,5.49,3.65,94.16,19.5,20.9,21.6,20.0,32.8,35.7,37.6,31.8,59.1,6.9,14.9,118.7,10.5,131.16,1.393,6.0,Standby,16.3,16.3,15.3,15.7,No,0.0,NONE
2025-11-01 02:00:00,16.87,24.16,24.05,22.14,5.2,3.65,96.23,18.0,20.0,20.2,19.3,31.0,32.9,35.9,33.6,57.6,7.1,15.1,115.1,12.6,137.47,1.4286,6.2,Standby,18.2,15.7,17.7,18.2,No,0.0,NONE
2025-11-01 10:00:00,17.88,25.57,26.11,19.4,5.01,4.0,97.96,18.3,21.4,21.5,19.0,32.0,36.3,39.5,33.2,56.8,7.1,15.1,116.0,5.1,135.97,1.388,6.2,Standby,16.9,14.2,19.4,16.6,Yes,9.8,NONE
2025-11-02 03:00:00,18.29,24.16,24.64,20.37,5.45,3.71,96.45,18.7,20.7,21.2,20.3,30.8,34.9,36.5,33.0,52.8,6.7,14.7,115.5,8.6,138.51,1.4361,6.3,Standby,16.6,16.4,16.5,15.8,Yes,2.8,NONE
2025-11-02 18:00:00,18.16,23.82,23.18,19.15,5.04,3.78,93.32,19.9,19.2,22.5,20.2,32.2,35.7,38.7,34.2,42.4,6.9,14.9,111.9,0.7,131.02,1.404,6.0,Standby,16.5,12.5,16.5,17.5,Yes,18.6,NONE
2025-11-03 11:00:00,19.05,23.76,25.33,19.82,5.04,3.61,96.96,19.7,20.9,21.0,19.3,30.8,35.1,36.3,32.5,45.8,7.3,15.3,119.7,1.6,139.24,1.436,6.3,Standby,17.4,16.5,17.1,15.6,Yes,16.8,NONE
2025-11-04 07:00:00,18.47,23.91,25.71,19.34,4.95,3.99,96.43,19.2,20.9,20.6,19.7,32.7,34.2,36.0,33.7,59.1,7.2,15.2,120.8,9.9,136.44,1.4149,6.2,Standby,16.9,15.5,17.0,15.2,Yes,0.2,NONE
2025-11-04 23:00:00,18.45,24.25,25.33,20.55,5.4,3.8,97.58,19.6,19.6,20.0,18.6,33.6,33.1,36.5,33.1,35.1,7.1,15.1,125.2,2.9,136.72,1.4011,6.2,Standby,18.2,14.2,18.6,17.0,Yes,14.3,NONE
2025-11-05 11:00:00,18.62,23.79,24.44,19.68,5.14,3.69,95.53,18.8,19.3,21.6,18.9,33.3,35.6,34.2,33.7,35.3,7.1,15.1,114.1,14.8,134.18,1.4046,6.1,Standby,14.4,16.5,18.3,15.9,No,0.0,NONE
2025-11-06 06:00:00,19.53,24.05,25.01,20.74,5.08,3.84,98.33,19.7,21.2,22.0,18.8,32.4,34.0,34.3,35.0,42.7,6.6,14.6,126.4,11.1,136.13,1.3844,6.2,Standby,16.4,16.2,17.7,15.3,No,0.0,NONE
2025-11-06 19:00:00,18.12,24.18,24.35,20.29,5.03,3.96,95.95,19.0,21.3,21.1,19.9,33.2,32.2,39.5,31.2,35.4,6.9,14.9,113.2,-0.8,131.9,1.3747,6.0,Standby,17.0,13.6,17.0,14.9,Yes,21.7,NONE
2025-11-06 22:00:00,18.14,24.28,25.41,20.65,5.27,3.93,97.49,19.6,20.2,20.1,20.1,32.9,36.6,36.6,33.5,49.6,7.4,15.4,121.9,3.4,138.14,1.4171,6.3,Standby,16.3,15.5,17.7,15.3,Yes,13.3,NONE
2025-11-07 01:00:00,17.92,23.66,21.74,19.98,5.28,3.71,92.3,19.2,19.5,22.2,19.0,33.5,35.0,35.9,34.8,38.3,6.6,14.6,113.4,4.5,127.51,1.3815,5.8,Standby,17.2,12.2,16.9,16.5,Yes,11.0,NONE
2025-11-07 04:00:00,18.45,24.2,23.87,19.35,5.1,3.61,94.87,18.4,20.1,20.8,18.9,32.5,34.8,39.3,33.1,48.8,7.1,15.1,115.7,11.2,137.17,1.4459,6.2,Standby,15.5,16.7,19.7,16.4,No,0.0,NONE
2025-11-10 10:00:00,17.51,31.18,25.09,19.83,5.12,3.79,102.61,19.6,21.4,21.2,19.7,32.6,33.2,38.0,34.9,41.4,6.5,14.5,129.9,4.5,147.35,1.436,6.7,Standby,17.4,17.7,20.0,18.0,Yes,11.0,NONE
2025-11-10 12:00:00,17.47,23.7,22.48,20.78,5.32,3.85,93.43,18.4,19.9,21.3,19.8,32.7,35.6,37.7,32.6,41.5,7.0,15.0,121.7,6.2,128.11,1.3712,5.8,Standby,14.1,13.5,16.1,16.0,Yes,7.5,NONE
2025-11-12 15:00:00,19.76,23.73,24.62,19.68,4.92,3.7,96.79,18.1,20.7,20.7,19.8,33.3,34.8,38.9,34.7,39.6,6.7,14.7,117.5,4.2,134.87,1.3934,6.1,Standby,15.2,13.0,16.9,14.3,Yes,11.6,NONE
2025-11-12 18:00:00,18.57,24.47,22.73,20.67,4.91,3.93,95.44,19.0,20.2,21.1,20.1,33.1,36.6,39.1,33.7,39.5,6.5,14.5,126.3,0.5,133.72,1.401,6.1,Standby,14.1,14.5,17.7,15.3,Yes,18.9,NONE
2025-11-14 02:00:00,19.2,24.14,24.99,19.95,5.3,3.71,97.28,18.3,19.4,20.5,20.1,31.1,32.1,37.0,34.4,48.9,6.5,14.5,124.6,9.7,140.44,1.4436,6.4,Standby,15.0,13.5,17.3,15.8,Yes,0.6,NONE
2025-11-15 07:00:00,18.07,23.86,25.54,19.99,5.15,3.74,96.46,18.5,20.9,21.5,20.2,33.6,33.3,38.5,34.2,54.6,7.1,15.1,115.3,12.0,136.64,1.4166,6.2,Standby,16.0,13.9,15.8,15.0,No,0.0,NONE
2025-11-15 14:00:00,17.24,24.08,23.82,21.51,5.14,3.73,95.65,19.6,19.1,21.9,19.2,33.2,35.1,38.3,34.9,39.1,7.4,15.4,118.4,8.0,137.84,1.4412,6.3,Standby,16.7,13.2,17.5,17.8,Yes,4.0,NONE
2025-11-15 18:00:00,18.36,31.29,22.44,20.08,5.11,3.67,101.16,19.8,20.6,21.9,19.8,32.4,35.3,39.5,31.0,50.9,7.2,15.2,111.1,-1.0,138.65,1.3705,6.3,Standby,17.6,13.5,19.3,16.7,Yes,21.9,NONE
2025-11-15 22:00:00,19.49,23.95,26.83,19.89,5.46,3.8,99.17,19.7,19.9,22.7,18.7,31.9,36.4,37.5,32.8,49.8,6.8,14.8,118.2,1.4,142.88,1.4408,6.5,Standby,17.4,14.6,19.7,16.6,Yes,17.2,NONE
2025-11-16 08:00:00,17.62,23.86,25.25,20.52,5.43,3.86,96.25,19.7,19.0,20.1,19.6,32.2,35.0,37.4,32.2,37.6,7.3,15.3,111.3,6.6,136.67,1.4199,6.2,Standby,18.1,16.2,18.2,16.5,Yes,6.7,NONE
2025-11-17 04:00:00,17.89,23.81,24.48,21.67,5.38,3.69,96.85,18.6,20.0,20.1,19.4,33.7,33.6,35.5,33.8,42.5,6.7,14.7,114.0,10.7,134.02,1.3838,6.1,Standby,15.6,16.2,17.2,14.5,No,0.0,NONE
2025-11-18 09:00:00,19.09,23.77,25.48,20.14,5.41,3.6,97.48,18.5,20.7,21.3,19.2,31.4,36.4,38.9,32.1,59.5,6.8,14.8,111.5,3.9,139.41,1.4301,6.3,Standby,17.3,16.0,18.9,18.6,Yes,12.2,NONE
2025-11-19 06:00:00,18.61,24.2,21.08,20.27,5.32,3.92,93.16,18.7,19.5,21.6,20.1,31.3,36.7,36.3,33.8,53.4,6.8,14.8,130.5,15.9,132.31,1.4203,6.0,Standby,16.8,14.7,18.4,16.8,No,0.0,NONE
2025-11-20 01:00:00,19.48,24.26,23.82,20.25,4.96,3.64,96.81,19.9,19.1,21.5,18.9,31.4,37.0,35.9,32.7,56.0,7.1,15.1,118.4,9.7,137.99,1.4254,6.3,Standby,15.3,14.5,18.8,16.7,Yes,0.7,NONE
2025-11-20 03:00:00,18.81,23.81,24.99,19.53,5.41,3.8,96.14,19.1,20.2,21.7,19.8,30.6,36.0,36.4,31.7,53.2,7.0,15.0,121.0,8.9,131.93,1.3722,6.0,Standby,16.8,14.6,16.4,16.4,Yes,2.2,NONE
2025-11-20 08:00:00,17.69,24.23,23.3,20.25,5.35,3.83,94.46,18.9,19.1,22.4,19.8,31.6,32.7,39.8,31.7,35.4,6.9,14.9,129.5,11.6,134.14,1.4201,6.1,Standby,17.2,14.1,16.6,16.3,No,0.0,NONE
2025-11-20 17:00:00,18.17,24.14,25.46,20.26,5.4,3.8,97.03,18.0,21.4,22.7,19.3,32.6,33.7,39.3,32.3,41.7,6.5,14.5,121.9,0.2,139.74,1.4402,6.4,Standby,18.4,15.5,18.7,17.0,Yes,19.7,NONE
2025-11-21 08:00:00,18.88,24.11,24.85,22.03,5.15,3.74,98.87,18.1,21.0,21.3,18.8,33.7,34.9,35.8,34.3,50.1,6.9,14.9,119.8,8.1,138.7,1.4028,6.3,Standby,17.5,15.5,18.8,15.5,Yes,3.8,NONE
2025-11-21 23:00:00,17.56,23.97,25.88,19.66,5.31,3.62,96.07,19.3,19.3,21.6,19.7,30.1,35.6,37.3,33.7,44.7,7.0,15.0,126.5,3.1,138.65,1.4431,6.3,Standby,16.2,15.3,17.9,18.0,Yes,13.8,NONE
2025-11-22 23:00:00,20.05,24.01,24.75,20.63,5.36,3.77,98.43,19.7,20.8,22.2,18.7,31.8,37.0,37.8,32.7,52.1,7.1,15.1,110.9,-0.3,135.14,1.3729,6.1,Standby,17.5,16.3,17.0,14.4,Yes,20.6,NONE
2025-11-23 16:00:00,18.18,24.59,25.82,19.82,5.23,3.65,97.41,19.9,19.5,20.1,19.5,32.6,35.3,38.9,33.9,40.1,7.5,15.5,121.9,-2.8,140.97,1.4472,6.4,Standby,18.7,14.3,17.8,17.3,Yes,25.5,NONE
2025-11-24 02:00:00,19.01,23.86,25.28,20.13,4.92,4.0,97.28,18.4,19.6,22.3,20.0,31.6,35.5,38.2,34.5,59.3,7.4,15.4,122.1,10.4,135.57,1.3937,6.2,Standby,14.7,13.9,16.5,17.5,No,0.0,NONE
2025-11-25 09:00:00,17.83,23.75,22.85,21.02,5.14,3.88,94.44,18.2,20.4,20.9,19.9,33.2,36.5,38.6,31.9,47.5,6.9,14.9,128.1,11.7,136.07,1.4407,6.2,Standby,15.3,13.0,19.3,17.9,No,0.0,NONE
2025-11-25 10:00:00,19.55,23.78,23.51,20.38,5.38,3.93,96.22,18.2,21.1,20.0,19.7,33.2,32.2,36.9,31.1,46.7,6.9,14.9,123.1,11.3,135.64,1.4096,6.2,Standby,14.4,16.4,16.0,17.2,No,0.0,NONE
2025-11-28 01:00:00,18.59,24.08,24.34,19.51,5.32,3.76,95.51,19.4,20.0,21.4,20.2,32.5,32.6,38.6,34.3,58.1,6.9,14.9,110.7,1.1,133.05,1.3931,6.0,Standby,17.7,15.3,15.6,16.1,Yes,17.8,NONE
2025-11-28 05:00:00,19.95,24.41,23.05,20.23,5.43,3.98,96.64,18.6,21.0,20.6,20.1,32.4,36.4,34.7,33.0,46.3,6.7,14.7,116.6,10.4,133.0,1.3762,6.0,Standby,16.5,13.4,19.0,16.3,No,0.0,NONE
2025-11-28 16:00:00,19.23,24.15,23.55,19.64,4.91,3.96,95.57,18.8,20.4,22.5,18.9,33.3,32.5,38.4,31.2,57.0,7.0,15.0,112.0,1.0,132.32,1.3845,6.0,Standby,14.2,14.7,17.4,17.4,Yes,18.0,NONE
2025-11-29 13:00:00,18.87,24.03,24.79,20.2,5.3,3.97,96.88,19.7,19.6,22.8,19.4,31.3,33.0,38.0,32.8,47.7,6.8,14.8,114.9,10.4,135.92,1.4029,6.2,Standby,15.3,15.6,16.1,17.9,No,0.0,NONE
2025-11-29 20:00:00,16.97,24.14,24.53,21.17,5.23,3.98,95.81,18.9,21.1,20.7,20.1,32.5,36.4,37.8,32.0,36.5,7.2,15.2,124.5,3.2,136.89,1.4288,6.2,Standby,17.2,14.0,19.4,18.3,Yes,13.6,NONE
2025-11-30 07:00:00,17.63,23.69,24.56,20.56,5.0,3.92,95.44,18.2,19.9,23.0,19.8,30.4,35.5,38.5,34.6,36.6,6.7,14.7,119.8,17.6,135.93,1.4243,6.2,Standby,15.0,14.5,18.0,14.9,No,0.0,NONE
2025-11-30 21:00:00,18.32,25.13,24.65,20.12,5.43,3.64,97.22,19.3,19.5,21.1,19.7,31.7,35.2,37.6,31.3,50.3,7.0,15.0,113.1,3.0,136.37,1.4027,6.2,Standby,16.1,14.6,16.9,17.4,Yes,14.1,NONE
2025-12-02 15:00:00,17.95,24.09,23.35,19.89,5.42,3.92,94.27,20.0,20.8,22.6,19.8,34.0,33.8,35.6,33.2,48.4,6.7,14.7,127.1,-8.0,129.35,1.372,5.9,Standby,15.6,12.9,16.0,14.2,Yes,35.9,NONE
2025-12-03 23:00:00,17.99,24.18,24.66,19.79,5.01,3.71,95.62,19.4,20.0,20.6,18.5,32.8,34.5,38.7,32.5,57.6,6.5,14.5,118.4,-10.3,129.22,1.3513,5.9,Standby,17.5,15.1,16.2,15.5,Yes,40.7,NONE
2025-12-04 09:00:00,18.36,22.52,24.93,19.47,5.32,3.92,94.28,18.6,21.0,20.5,19.1,33.9,36.0,34.3,35.0,45.3,6.8,14.8,110.8,6.3,128.47,1.3627,5.8,Standby,14.0,13.2,16.7,13.8,Yes,7.4,NONE
2025-12-05 05:00:00,17.51,23.72,24.8,20.29,5.26,3.74,95.32,19.8,20.8,21.6,18.9,30.8,36.4,36.1,34.8,39.5,7.1,15.1,123.3,4.3,128.61,1.3492,5.8,Standby,13.5,13.9,16.1,17.3,Yes,11.4,NONE
2025-12-06 02:00:00,20.21,23.85,25.7,19.39,5.38,3.66,98.16,19.2,19.4,21.6,18.6,32.4,34.8,34.1,31.2,54.9,6.9,14.9,111.2,6.8,133.21,1.3571,6.1,Standby,16.0,13.5,17.5,14.7,Yes,6.4,NONE
2025-12-06 04:00:00,19.12,24.19,24.29,20.52,5.49,3.96,97.12,18.5,20.9,20.5,19.5,33.7,32.1,38.2,34.8,44.3,6.8,14.8,125.6,7.0,133.04,1.3699,6.0,Standby,16.7,13.1,16.8,17.0,Yes,6.0,NONE
2025-12-07 10:00:00,17.98,23.87,25.6,20.54,5.15,3.77,96.99,19.5,20.7,22.0,19.1,31.3,32.6,38.2,32.7,43.8,7.1,15.1,123.8,0.6,132.23,1.3634,6.0,Standby,14.8,13.2,18.0,15.9,Yes,18.7,NONE
2025-12-07 20:00:00,18.59,24.0,23.38,21.09,5.43,3.8,96.06,18.6,20.8,22.8,20.0,33.6,32.6,39.5,33.8,55.6,7.2,15.2,125.6,-2.1,128.76,1.3404,5.9,Standby,15.1,14.4,17.2,15.5,Yes,24.2,NONE
2025-12-09 10:00:00,18.84,23.87,21.86,19.77,5.5,3.69,93.34,18.1,21.4,22.1,19.0,33.9,32.5,35.9,32.6,46.0,7.0,15.0,122.7,6.1,127.23,1.363,5.8,Standby,14.9,13.5,15.7,15.9,Yes,7.8,NONE
2025-12-09 16:00:00,18.3,23.85,24.5,19.89,4.94,3.89,95.53,19.9,20.8,20.4,20.0,31.6,34.7,38.6,31.3,54.5,7.0,15.0,125.9,-7.6,131.58,1.3773,6.0,Standby,15.4,15.9,15.2,15.7,Yes,35.1,NONE
2025-12-10 19:00:00,19.59,23.69,24.08,21.13,5.48,3.71,97.49,19.6,20.9,21.5,19.5,30.4,34.2,39.7,34.0,42.7,6.9,14.9,124.0,-3.9,133.14,1.3657,6.1,Standby,14.6,13.4,15.8,17.7,Yes,27.7,NONE
2025-12-11 00:00:00,18.84,23.8,24.02,19.23,5.14,3.7,94.89,19.6,19.4,21.5,19.7,31.6,35.2,38.0,34.3,47.3,6.7,14.7,115.3,-0.8,128.62,1.3554,5.8,Standby,13.6,15.9,15.2,14.0,Yes,21.6,NONE
2025-12-11 12:00:00,18.54,23.73,26.99,20.41,5.19,3.65,98.67,18.3,21.1,23.0,18.8,31.5,32.8,34.9,32.4,43.7,7.3,15.3,113.3,2.2,132.3,1.3408,6.0,Standby,15.3,15.4,15.3,14.7,Yes,15.7,NONE
2025-12-12 10:00:00,18.15,24.63,22.94,19.51,5.08,3.61,94.23,18.4,21.0,20.8,19.7,31.6,35.5,35.4,32.3,41.0,7.0,15.0,127.9,-1.3,129.85,1.3779,5.9,Standby,14.6,14.0,15.5,13.7,Yes,22.6,NONE
2025-12-13 10:00:00,17.54,23.91,23.22,19.31,4.9,3.86,92.97,18.8,21.5,22.0,20.0,33.9,32.6,39.3,32.2,44.5,7.1,15.1,129.9,-3.1,126.95,1.3656,5.8,Standby,16.7,14.3,16.8,14.9,Yes,26.2,NONE
2025-12-14 06:00:00,18.42,23.71,25.74,20.03,5.39,3.79,96.9,18.7,20.1,22.9,20.1,33.2,35.0,36.7,34.8,35.4,7.1,15.1,126.8,-2.3,132.5,1.3674,6.0,Standby,14.6,15.1,15.9,13.9,Yes,24.6,NONE
2025-12-14 15:00:00,18.87,23.85,25.0,18.95,5.18,4.0,95.67,19.6,20.1,21.5,18.8,31.8,35.9,37.3,33.3,48.0,7.3,15.3,111.0,-3.7,129.68,1.3555,5.9,Standby,17.0,15.3,14.9,15.8,Yes,27.5,NONE
2025-12-15 01:00:00,18.42,23.84,25.88,20.45,5.39,3.65,97.58,18.7,21.2,22.4,20.3,30.8,34.8,36.9,31.8,47.5,6.7,14.7,127.1,3.9,132.86,1.3614,6.0,Standby,15.0,15.8,19.1,17.2,Yes,12.1,NONE
2025-12-15 08:00:00,18.43,24.63,23.1,19.47,5.29,3.9,94.63,19.1,20.6,22.4,18.8,30.7,35.2,39.8,31.0,42.3,6.9,14.9,119.0,3.6,129.51,1.3685,5.9,Standby,14.7,12.9,16.8,16.1,Yes,12.9,NONE
2025-12-15 19:00:00,18.11,23.86,23.03,19.52,5.29,3.8,93.52,19.9,21.1,22.3,19.8,30.8,35.4,37.4,34.7,43.4,6.6,14.6,120.6,-2.3,128.57,1.3748,5.8,Standby,14.4,15.6,16.1,16.4,Yes,24.6,NONE
2025-12-15 20:00:00,17.87,24.26,23.3,19.86,5.41,3.85,94.29,19.0,19.2,21.7,19.0,31.7,35.8,34.2,34.7,55.0,7.1,15.1,128.4,-9.2,127.84,1.3559,5.8,Standby,14.5,14.2,15.0,13.7,Yes,38.3,NONE
2025-12-15 22:00:00,17.94,25.01,24.5,19.9,5.03,3.87,96.35,18.8,20.6,20.0,19.4,32.8,35.8,39.7,32.9,58.2,7.4,15.4,122.1,-0.9,130.84,1.358,5.9,Standby,16.9,14.2,17.6,17.4,Yes,21.8,NONE
2025-12-16 15:00:00,17.76,24.1,24.43,18.86,4.95,3.68,94.14,19.7,19.5,22.9,18.8,31.4,35.0,36.8,33.9,47.7,7.3,15.3,119.4,-10.2,129.85,1.3792,5.9,Standby,15.3,15.7,18.1,16.1,Yes,40.4,NONE
2025-12-18 12:00:00,19.15,24.06,26.22,20.05,5.12,3.8,98.47,19.3,19.8,20.0,19.3,33.0,36.0,34.0,33.7,35.1,7.2,15.2,128.3,0.7,134.17,1.3625,6.1,Standby,17.2,16.7,19.2,17.3,Yes,18.6,NONE
2025-12-18 19:00:00,18.86,23.99,26.52,21.17,5.12,3.63,99.54,18.4,19.4,21.2,20.0,33.2,35.1,35.0,34.6,54.5,7.2,15.2,125.4,-5.0,135.51,1.3615,6.2,Standby,17.2,15.4,16.6,17.3,Yes,30.0,NONE
2025-12-19 06:00:00,19.16,24.21,23.39,19.84,5.31,3.85,95.6,20.0,19.1,20.3,20.0,30.3,34.4,39.7,31.3,44.9,7.0,15.0,119.5,3.2,131.79,1.3786,6.0,Standby,15.3,15.8,16.2,17.4,Yes,13.5,NONE
2025-12-19 14:00:00,18.16,23.89,23.03,20.44,5.06,3.73,94.52,19.6,19.3,22.5,20.2,33.6,35.2,38.5,32.3,40.2,6.7,14.7,110.9,-5.7,127.18,1.3456,5.8,Standby,13.6,14.0,17.1,16.7,Yes,31.4,NONE
2025-12-19 21:00:00,18.62,23.96,25.25,20.95,4.99,3.79,97.77,19.7,20.0,20.9,19.4,32.1,34.1,34.7,31.3,51.0,7.1,15.1,120.1,-1.5,132.19,1.3521,6.0,Standby,14.3,16.0,17.2,16.9,Yes,23.0,NONE
2025-12-20 02:00:00,18.91,23.9,24.7,20.38,5.41,3.78,96.89,19.7,21.2,22.4,18.6,32.7,34.8,39.3,31.4,45.9,6.6,14.6,115.7,6.9,131.3,1.3552,6.0,Standby,14.2,13.6,18.7,17.5,Yes,6.2,NONE
2025-12-20 07:00:00,19.27,23.87,26.86,20.67,4.96,3.78,99.67,19.4,21.3,21.4,19.2,32.6,32.7,36.7,31.9,40.9,7.2,15.2,119.5,4.9,136.51,1.3696,6.2,Standby,16.1,15.1,19.2,16.3,Yes,10.1,NONE
2025-12-22 00:00:00,18.81,23.83,26.12,19.54,4.98,3.95,97.3,19.6,21.0,21.6,20.1,32.2,34.2,39.8,34.9,40.5,7.2,15.2,110.5,0.9,131.24,1.3488,6.0,Standby,14.9,13.6,15.1,16.4,Yes,18.2,NONE
2025-12-22 03:00:00,19.43,24.02,22.57,19.95,5.11,3.94,94.97,19.6,21.1,20.5,18.9,33.3,34.8,37.8,32.9,52.7,7.1,15.1,126.5,0.4,129.51,1.3637,5.9,Standby,15.8,12.7,15.9,17.2,Yes,19.2,NONE
2025-12-22 16:00:00,18.81,23.7,23.05,20.26,5.29,3.6,94.81,18.9,20.2,20.2,18.6,33.4,35.4,37.8,32.5,37.7,7.1,15.1,116.7,-3.0,129.49,1.3658,5.9,Standby,15.1,15.5,15.2,17.1,Yes,25.9,NONE
2025-12-24 08:00:00,17.81,23.71,25.11,20.33,5.3,3.76,95.96,19.7,20.4,20.7,18.9,33.2,35.0,39.4,31.6,39.1,6.6,14.6,127.4,-0.6,131.01,1.3653,6.0,Standby,16.7,14.2,15.4,15.8,Yes,21.2,NONE
2025-12-26 00:00:00,19.77,23.81,23.15,19.03,5.32,3.69,94.76,18.8,21.0,22.6,18.6,32.4,33.9,37.2,32.6,44.9,7.4,15.4,117.9,-0.9,130.41,1.3762,5.9,Standby,16.4,15.3,15.7,14.3,Yes,21.7,NONE
2025-12-27 05:00:00,16.57,25.55,23.79,19.35,5.33,3.69,94.26,19.0,20.4,21.6,20.1,31.2,32.1,39.6,31.8,37.3,7.2,15.2,126.7,2.4,127.48,1.3524,5.8,Standby,14.7,14.7,17.9,16.1,Yes,15.1,NONE
2025-12-27 14:00:00,19.49,24.38,22.06,18.78,5.3,3.97,93.71,18.1,21.0,22.7,18.6,33.3,34.2,35.7,31.2,58.3,7.3,15.3,115.2,-2.6,126.33,1.3481,5.7,Standby,15.7,12.6,17.2,15.9,Yes,25.2,NONE
2025-12-28 00:00:00,18.77,24.01,26.34,18.85,5.02,3.89,96.98,18.7,19.9,21.0,19.2,32.5,35.9,34.8,34.3,59.7,6.5,14.5,129.5,-0.8,133.53,1.3768,6.1,Standby,16.8,14.3,16.9,17.7,Yes,21.7,NONE
2025-12-28 10:00:00,18.87,24.66,25.35,19.94,5.46,3.88,97.82,19.5,20.9,20.3,19.9,31.1,36.1,37.1,31.9,53.5,7.2,15.2,113.7,4.5,134.96,1.3797,6.1,Standby,15.4,15.5,17.6,16.2,Yes,11.0,NONE
2025-12-29 12:00:00,17.4,24.34,25.62,20.53,5.49,3.83,96.89,18.8,20.5,20.4,19.4,33.2,32.9,38.9,31.6,53.6,6.6,14.6,116.8,1.0,130.76,1.3496,5.9,Standby,13.9,14.0,17.9,15.2,Yes,18.1,NONE
2025-12-29 16:00:00,19.15,23.94,24.39,19.53,4.99,3.96,96.01,19.1,20.4,21.9,19.9,30.7,33.4,35.3,32.2,54.3,7.4,15.4,126.9,1.2,130.6,1.3602,5.9,Standby,16.4,16.1,18.7,17.4,Yes,17.6,NONE
2025-12-29 20:00:00,18.96,23.79,24.32,20.45,5.02,3.85,96.52,19.3,20.0,21.9,19.5,32.7,34.6,34.6,31.1,46.5,7.3,15.3,116.4,-0.4,129.5,1.3417,5.9,Standby,13.8,12.7,17.2,17.0,Yes,20.7,NONE
2025-12-31 00:00:00,18.85,23.89,24.59,18.21,5.32,3.96,94.54,18.5,19.7,20.7,18.7,32.3,34.0,37.6,33.1,49.4,7.2,15.2,127.6,3.0,129.04,1.3648,5.9,Standby,14.9,13.0,17.5,16.3,Yes,14.0,NONE
